{"Lat": {"0": 21.04814588409672, "1": 21.048659589490182, "2": 21.04862248882773, "3": 21.04980929713669, "4": 21.049908045906196, "5": 21.049901659419305, "6": 21.04991384120861, "7": 21.050216125039963, "8": 21.05034142126527, "9": 21.050789463999205, "10": 21.05077310959049, "11": 21.050560795656644, "12": 21.049966741069703, "13": 21.049659513568606, "14": 21.049247149038287, "15": 21.047306916430788, "16": 21.045504339753922, "17": 21.04481580702334, "18": 21.04422958171992, "19": 21.043673394004937, "20": 21.043428931635376, "21": 21.04230047032372, "22": 21.04166285660842, "23": 21.04137328791363, "24": 21.041271271447965, "25": 21.040830686382925, "26": 21.040500248676853, "27": 21.040235926817417, "28": 21.039587118870607, "29": 21.03656797770569, "30": 21.035686048768365, "31": 21.03550777517477, "32": 21.035517944391184, "33": 21.03560943723508, "34": 21.035743411124848, "35": 21.035912433266375, "36": 21.036171579461644, "37": 21.036627284441764, "38": 21.03690758128603, "39": 21.037215415368085, "40": 21.037927286382473, "41": 21.038191665746147, "42": 21.038471065112503, "43": 21.03925516832537, "44": 21.04008676806252, "45": 21.040920866527493, "46": 21.042097318776626, "47": 21.041857412319352, "48": 21.041747347745783, "49": 21.04160974614318, "50": 21.04155596545509, "51": 21.04131911598203, "52": 21.041100394777725, "53": 21.04099883978258, "54": 21.040904794831263, "55": 21.040743555953362, "56": 21.04067744517301, "57": 21.04064387824642, "58": 21.0400559581849, "59": 21.040344700373396, "60": 21.04027452142104, "61": 21.039893838367508, "62": 21.03919720582622, "63": 21.037190622661004, "64": 21.035239242860992, "65": 21.034537025723438, "66": 21.033322859498615, "67": 21.03211369041732, "68": 21.032022637667136, "69": 21.03197483926277, "70": 21.031917026755423, "71": 21.03184396157432, "72": 21.031037875996695, "73": 21.02991020495062, "74": 21.02971710899745, "75": 21.029565607227696, "76": 21.02825902806154, "77": 21.027186095191833, "78": 21.027062667120493, "79": 21.02658497833135, "80": 21.025850848852674, "81": 21.026149462124383, "82": 21.02719503999389, "83": 21.027606988725424, "84": 21.027636318548332, "85": 21.02764812321054, "86": 21.027647409903757, "87": 21.027639542468975, "88": 21.02759787651118, "89": 21.025551369488234, "90": 21.023287015501808, "91": 21.01884401306237, "92": 21.01880195513657, "93": 21.018860046884367, "94": 21.01902034750973, "95": 21.0192770739977, "96": 21.01942722585526, "97": 21.01943213874798, "98": 21.019418508377154, "99": 21.019343536554853, "100": 21.01925127327791, "101": 21.018952638998062, "102": 21.01896910074554, "103": 21.018809674709452, "104": 21.018775029003343, "105": 21.018762916977202, "106": 21.018756219124324, "107": 21.01874974051887, "108": 21.018773306829207, "109": 21.019234744542967, "110": 21.019068995831905, "111": 21.018666018179818, "112": 21.018366256806463, "113": 21.01818667500387, "114": 21.017849168430644, "115": 21.016808977068155, "116": 21.01581885430572, "117": 21.012910407838884, "118": 21.012134787161145, "119": 21.011105007743055, "120": 21.00941714813043, "121": 21.008336530932603, "122": 21.007987829864405, "123": 21.007497983923077, "124": 21.00710328607253, "125": 21.006122955262917, "126": 21.005007957908322, "127": 21.004787563361806, "128": 21.004629768006783, "129": 21.004404132410944, "130": 21.004208544323642, "131": 21.00384365931248, "132": 21.002071268740853, "133": 21.000505280381038, "134": 20.999847805021883, "135": 20.999025046054523, "136": 20.99802671264691, "137": 20.99586697397814, "138": 20.993545770846563, "139": 20.99040155699137, "140": 20.98936951779288, "141": 20.989274282420133, "142": 20.989194072421842, "143": 20.988125905708145, "144": 20.986391586674987, "145": 20.985827848941028, "146": 20.984453763216543, "147": 20.983403281302362, "148": 20.98037167621427, "149": 20.979244991188345, "150": 20.977222671098104, "151": 20.976590299608475, "152": 20.975929126358633, "153": 20.975438251998394, "154": 20.97464848130212, "155": 20.973861757685455, "156": 20.97348412594469, "157": 20.97326091114516, "158": 20.972492409781342, "159": 20.971846626479213, "160": 20.971112496867576, "161": 20.97089736654425, "162": 20.969488394166056, "163": 20.968168583677507, "164": 20.96752244937734, "165": 20.966347396122885, "166": 20.964738249659394, "167": 20.96307772269038, "168": 20.9619920058728, "169": 20.960119848780668, "170": 20.958351382826727, "171": 20.95803246667243, "172": 20.95706491071682, "173": 20.95634782765651, "174": 20.955893476381153, "175": 20.954050740503007, "176": 20.95203717543116, "177": 20.94999811723233, "178": 20.95022734606043, "179": 20.950246291632503, "180": 20.950202614907493, "181": 20.950095222267656, "182": 20.949812804503512}, "Lng": {"0": 105.87849714806043, "1": 105.8782324732856, "2": 105.87808986163509, "3": 105.87747288571973, "4": 105.8790429385939, "5": 105.88107433141863, "6": 105.8813580233633, "7": 105.88240689320583, "8": 105.88283969579743, "9": 105.88435848193467, "10": 105.884498471803, "11": 105.88435063920167, "12": 105.88381925071121, "13": 105.88347431797968, "14": 105.88292912122392, "15": 105.87913954077544, "16": 105.87528022289257, "17": 105.87380246098826, "18": 105.87277284210518, "19": 105.87190415576288, "20": 105.87163755771314, "21": 105.870464747715, "22": 105.86982772060242, "23": 105.86946351458243, "24": 105.86934395904564, "25": 105.86851814743704, "26": 105.86761723397603, "27": 105.86687086124448, "28": 105.86539957345349, "29": 105.85770641801628, "30": 105.85542634578042, "31": 105.85497879695913, "32": 105.85483692584853, "33": 105.85464737403618, "34": 105.85448584243477, "35": 105.8543585089983, "36": 105.85414534487347, "37": 105.85385580928346, "38": 105.8535979394145, "39": 105.85332129408243, "40": 105.85272701467602, "41": 105.8524659809475, "42": 105.85222372268208, "43": 105.85173920615148, "44": 105.85112521602616, "45": 105.85026178046246, "46": 105.84894269016013, "47": 105.84866789223759, "48": 105.84873738715135, "49": 105.84889003054468, "50": 105.8490790050198, "51": 105.8493789862082, "52": 105.84959655009936, "53": 105.8496846102878, "54": 105.84974584838574, "55": 105.84983312910026, "56": 105.84985335458941, "57": 105.84982932362982, "58": 105.84768178076615, "59": 105.8475857561989, "60": 105.84713290707305, "61": 105.8472088973208, "62": 105.84715223352737, "63": 105.84712088201786, "64": 105.84702222127135, "65": 105.8469808105151, "66": 105.84693063698614, "67": 105.84683754811294, "68": 105.84676250520556, "69": 105.84671558128389, "70": 105.84669011503456, "71": 105.84673842426935, "72": 105.84713830919259, "73": 105.84771516592514, "74": 105.84777043155054, "75": 105.84778228174866, "76": 105.84775630068009, "77": 105.84777319991326, "78": 105.84777003514262, "79": 105.84763544213024, "80": 105.84738949372013, "81": 105.84637106911373, "82": 105.84291332353473, "83": 105.84176074167499, "84": 105.84170197415858, "85": 105.84162443117907, "86": 105.84154152378153, "87": 105.84149403511242, "88": 105.84149214399667, "89": 105.84148352578472, "90": 105.84149368303588, "91": 105.84142973810822, "92": 105.84094173926508, "93": 105.84050738460223, "94": 105.83794061226831, "95": 105.83411398445799, "96": 105.83201686847235, "97": 105.83178066902587, "98": 105.83152887923939, "99": 105.83127440724388, "100": 105.83104994246173, "101": 105.8302961617868, "102": 105.83002299685495, "103": 105.82989936507556, "104": 105.82982648507368, "105": 105.82974019402673, "106": 105.8295649297238, "107": 105.82941728314563, "108": 105.82926695435856, "109": 105.82861283580473, "110": 105.8284938179495, "111": 105.82911873267904, "112": 105.8292226482929, "113": 105.8293158350707, "114": 105.82940342725124, "115": 105.82886732589407, "116": 105.82824539384842, "117": 105.82648173357029, "118": 105.82602771715449, "119": 105.82529175909326, "120": 105.82440499471, "121": 105.82384553340262, "122": 105.82367919965554, "123": 105.82341431312125,