{"Lat": {"0": 21.0422727981, "1": 21.0418392539, "2": 21.041639419000003, "3": 21.0415672553, "4": 21.0414204243, "5": 21.0409780349, "6": 21.040641841, "7": 21.0400479677, "8": 21.040357975899997, "9": 21.040274255699998, "10": 21.0399126597, "11": 21.038703411300002, "12": 21.0371962449, "13": 21.036551009100002, "14": 21.0355315035, "15": 21.0332033174, "16": 21.0320595646, "17": 21.0319591236, "18": 21.0310291136, "19": 21.0297897122, "20": 21.0270457149, "21": 21.0265849783, "22": 21.0258550819, "23": 21.0250100146, "24": 21.0246858801, "25": 21.0233470943, "26": 21.0220133038, "27": 21.0206191771, "28": 21.0191749626, "29": 21.0184637662, "30": 21.0160449924, "31": 21.0142183487, "32": 21.0112899845, "33": 21.0106401832, "34": 21.0086163399, "35": 21.0086081791, "36": 21.0062794985, "37": 21.0039833333, "38": 21.0021777582, "39": 21.0010896637, "40": 21.0000666667, "41": 20.9984700825, "42": 20.997619198, "43": 20.996783333299998, "44": 20.9942474958, "45": 20.9929764719, "46": 20.9926487884, "47": 20.992266376099998, "48": 20.991899432100002, "49": 20.9914076502, "50": 20.9904991371, "51": 20.990111024100003, "52": 20.988525421600002, "53": 20.9866167913, "54": 20.9858993949, "55": 20.985223316099997, "56": 20.9842028412, "57": 20.9817807793, "58": 20.9812758202, "59": 20.9788501534, "60": 20.978186755, "61": 20.9774732649, "62": 20.9768465559, "63": 20.977039779200002, "64": 20.9762616578, "65": 20.9729229631, "66": 20.9718284149, "67": 20.9702495483, "68": 20.970158130399998, "69": 20.9701523696, "70": 20.9701969977, "71": 20.9706403819, "72": 20.971037070599998, "73": 20.9710858153, "74": 20.9709823773, "75": 20.9708715627, "76": 20.9701480775, "77": 20.969599908699998, "78": 20.9694715567, "79": 20.969476369000002, "80": 20.9691641418, "81": 20.968666575, "82": 20.9683915949, "83": 20.967996757799998, "84": 20.967298498599998, "85": 20.9671737124, "86": 20.967001338499998, "87": 20.966815906199997, "88": 20.9659341884, "89": 20.964844488900003, "90": 20.9649167596, "91": 20.9650952882, "92": 20.9652663028, "93": 20.9653505576, "94": 20.9634808986, "95": 20.9635869375, "96": 20.963516666700002}, "Lng": {"0": 105.84854672600001, "1": 105.848670848, "2": 105.848841024, "3": 105.84905143299999, "4": 105.84923219299999, "5": 105.84970844200001, "6": 105.849850282, "7": 105.84770690299999, "8": 105.84761832, "9": 105.84713279399999, "10": 105.847210531, "11": 105.84712701, "12": 105.847103838, "13": 105.847103956, "14": 105.847043725, "15": 105.846931308, "16": 105.84680676200001, "17": 105.84670355600001, "18": 105.847143674, "19": 105.847748974, "20": 105.84777803899999, "21": 105.84762739600001, "22": 105.84739710299999, "23": 105.85013601600001, "24": 105.85125372, "25": 105.850880504, "26": 105.85042145799999, "27": 105.84997807100001, "28": 105.84948640399999, "29": 105.849289845, "30": 105.849227396, "31": 105.84914406200001, "32": 105.849106326, "33": 105.849095509, "34": 105.851109715, "35": 105.851423489, "36": 105.851243737, "37": 105.851021069, "38": 105.850802109, "39": 105.850637643, "40": 105.850486589, "41": 105.850264845, "42": 105.85015933700001, "43": 105.8500431, "44": 105.849687551, "45": 105.849532039, "46": 105.84950791799999, "47": 105.849406032, "48": 105.84925652700001, "49": 105.848816149, "50": 105.84778869799999, "51": 105.847475414, "52": 105.847125374, "53": 105.846698085, "54": 105.84652615200001, "55": 105.846351535, "56": 105.846079774, "57": 105.84559643899999, "58": 105.845273178, "59": 105.843170413, "60": 105.84253072799999, "61": 105.841907136, "62": 105.841310371, "63": 105.840810145, "64": 105.840802109, "65": 105.840769492, "66": 105.840812264, "67": 105.841256155, "68": 105.840645272, "69": 105.840242268, "70": 105.840041898, "71": 105.839140215, "72": 105.838618776, "73": 105.838488772, "74": 105.83639195299999, "75": 105.834941227, "76": 105.83279196, "77": 105.830986016, "78": 105.83048829299999, "79": 105.82956666700001, "80": 105.828903931, "81": 105.828155364, "82": 105.82779670299999, "83": 105.827187548, "84": 105.826453377, "85": 105.826336555, "86": 105.826241189, "87": 105.82615595600001, "88": 105.825920519, "89": 105.825669586, "90": 105.82635862, "91": 105.827783556, "92": 105.829101203, "93": 105.829257113, "94": 105.829609296, "95": 105.830370301, "96": 105.830366667}}