{"Lat": {"0": 20.9497666667, "1": 20.9489593216, "2": 20.9482865596, "3": 20.9478743076, "4": 20.9454240821, "5": 20.9433762983, "6": 20.9419888652, "7": 20.9415664652, "8": 20.938481979000002, "9": 20.9366714311, "10": 20.9358231408, "11": 20.9349598147, "12": 20.9342875708, "13": 20.9332355953, "14": 20.93225, "15": 20.9304666667, "16": 20.928055348399997, "17": 20.9265415245, "18": 20.925341168, "19": 20.925193036, "20": 20.925050426, "21": 20.9247780211, "22": 20.924585448800002, "23": 20.9245181424, "24": 20.9243922981, "25": 20.9242915069, "26": 20.9240755167, "27": 20.9239701598, "28": 20.9239800481, "29": 20.924216735199998, "30": 20.9245060337, "31": 20.924814055, "32": 20.925028264, "33": 20.9258703613, "34": 20.9268226863, "35": 20.927667121600003, "36": 20.928070626500002, "37": 20.9283840983, "38": 20.928761097, "39": 20.9290454006, "40": 20.929129284200002, "41": 20.9290033746, "42": 20.9289215497, "43": 20.9289159534, "44": 20.928815471300002, "45": 20.92855742, "46": 20.9281972867, "47": 20.927877236700002, "48": 20.9266458884, "49": 20.9262879439, "50": 20.9258798925, "51": 20.9253944874, "52": 20.925069420899998, "53": 20.922494561, "54": 20.9180718976, "55": 20.9171544479, "56": 20.9152748928, "57": 20.9148858022, "58": 20.9145768862, "59": 20.914141953599998, "60": 20.9139751083, "61": 20.9139285268, "62": 20.9138900253, "63": 20.9138465127, "64": 20.9138110323, "65": 20.9137053978, "66": 20.913641953499997, "67": 20.9135252458, "68": 20.9133584279, "69": 20.912282350799998, "70": 20.9119595167, "71": 20.911518921600003, "72": 20.909410000999998, "73": 20.907878098199998, "74": 20.9066313117, "75": 20.9052842893, "76": 20.9042040251, "77": 20.9037421395, "78": 20.902875163399997, "79": 20.901887908800003, "80": 20.900282999999998, "81": 20.899801558900002, "82": 20.898398, "83": 20.896322, "84": 20.8936690558, "85": 20.8919650456, "86": 20.8901056506, "87": 20.8890339081, "88": 20.8866749635, "89": 20.8862447616, "90": 20.885932338900002, "91": 20.8856615811, "92": 20.8844899785, "93": 20.8842625314, "94": 20.8839959419, "95": 20.884}, "Lng": {"0": 105.74733333299999, "1": 105.747138581, "2": 105.74623963200001, "3": 105.745941499, "4": 105.74272471299999, "5": 105.73983583100001, "6": 105.737657769, "7": 105.736823566, "8": 105.730676054, "9": 105.72714492200001, "10": 105.725397461, "11": 105.72370096200001, "12": 105.722470858, "13": 105.720886187, "14": 105.7195, "15": 105.716783333, "16": 105.71327944, "17": 105.711019215, "18": 105.709281582, "19": 105.708992342, "20": 105.708675532, "21": 105.707794349, "22": 105.706915216, "23": 105.70601999, "24": 105.70419332799999, "25": 105.702377396, "26": 105.69640239600001, "27": 105.694613603, "28": 105.69284626700001, "29": 105.691857993, "30": 105.690963597, "31": 105.69040862, "32": 105.69006077799999, "33": 105.689089359, "34": 105.68816622, "35": 105.687300978, "36": 105.686714685, "37": 105.686094636, "38": 105.68523102700001, "39": 105.684131384, "40": 105.683093431, "41": 105.680270437, "42": 105.676667169, "43": 105.674920199, "44": 105.671826116, "45": 105.66153797700001, "46": 105.659689468, "47": 105.658669762, "48": 105.654956651, "49": 105.65385134700001, "50": 105.65281041700001, "51": 105.651779981, "52": 105.651200157, "53": 105.647868387, "54": 105.642104587, "55": 105.64091189999999, "56": 105.638439799, "57": 105.63778757600001, "58": 105.637119259, "59": 105.63593014700001, "60": 105.63494756600001, "61": 105.634029357, "62": 105.630785676, "63": 105.624650573, "64": 105.623566667, "65": 105.62198386899999, "66": 105.62152194, "67": 105.620757364, "68": 105.619971329, "69": 105.615888124, "70": 105.61473862, "71": 105.613138505, "72": 105.605762076, "73": 105.60026552, "74": 105.595882945, "75": 105.59102561899999, "76": 105.587327396, "77": 105.585643071, "78": 105.583677167, "79": 105.581789047, "80": 105.578748, "81": 105.57808961100001, "82": 105.57653, "83": 105.57435100000001, "84": 105.571630078, "85": 105.569856225, "86": 105.56816283799999, "87": 105.567346431, "88": 105.56577280799999, "89": 105.56527835700001, "90": 105.56483218700001, "91": 105.564106368, "92": 105.560390697, "93": 105.55956283, "94": 105.558132339, "95": 105.557533333}}