{"Lat": {"0": 20.949716666700002, "1": 20.950231306400003, "2": 20.949974438399998, "3": 20.9532580885, "4": 20.9552892681, "5": 20.956382496099998, "6": 20.9563229492, "7": 20.9571, "8": 20.9577624098, "9": 20.9584899402, "10": 20.95995, "11": 20.9610744419, "12": 20.9616967724, "13": 20.962135676099997, "14": 20.9623100431, "15": 20.9624393254, "16": 20.962665815, "17": 20.9627720796, "18": 20.9630230815, "19": 20.9633091485, "20": 20.9638261781, "21": 20.9646072624, "22": 20.9653833333, "23": 20.9676666667, "24": 20.9681731124, "25": 20.9684288392, "26": 20.9688448588, "27": 20.9694539879, "28": 20.9701833333, "29": 20.9717810176, "30": 20.9731833333, "31": 20.9764, "32": 20.979366666700002, "33": 20.980845216400002, "34": 20.9816045207, "35": 20.9820833333, "36": 20.9827859504, "37": 20.9834384775, "38": 20.9846333333, "39": 20.9863317871, "40": 20.9879, "41": 20.9892431877, "42": 20.9907666667, "43": 20.9917160166, "44": 20.9925351431, "45": 20.9936622776, "46": 20.99515, "47": 20.9977, "48": 20.9999121748, "49": 21.000491505899998, "50": 21.0013162305, "51": 21.00255, "52": 21.00585, "53": 21.0073085416, "54": 21.0080503267, "55": 21.0084763041, "56": 21.0088897606, "57": 21.0133666667, "58": 21.0156991586, "59": 21.0168628871, "60": 21.0180666667, "61": 21.0186050223, "62": 21.0197092193, "63": 21.0205855705, "64": 21.021033759, "65": 21.0214544055, "66": 21.0223858275, "67": 21.023329762, "68": 21.0238230328, "69": 21.0245666667, "70": 21.0288333333, "71": 21.0293852453, "72": 21.0294936202, "73": 21.0293466317, "74": 21.02952761, "75": 21.0296279329, "76": 21.0297082272, "77": 21.0301442068, "78": 21.0304385655, "79": 21.0307905051, "80": 21.031561977, "81": 21.0320205053, "82": 21.032146448, "83": 21.0322244404, "84": 21.032322460899998, "85": 21.0324266384, "86": 21.0320531294, "87": 21.03195}, "Lng": {"0": 105.74755, "1": 105.748119503, "2": 105.748506615, "3": 105.752875, "4": 105.755569687, "5": 105.75709942, "6": 105.75742708700001, "7": 105.7582, "8": 105.759150194, "9": 105.760062838, "10": 105.761866667, "11": 105.76341899799999, "12": 105.764213939, "13": 105.764785753, "14": 105.765047521, "15": 105.764767481, "16": 105.764412566, "17": 105.76415421, "18": 105.763834595, "19": 105.76335941200001, "20": 105.762360767, "21": 105.76099111200001, "22": 105.7596, "23": 105.75545, "24": 105.75472696899999, "25": 105.754354725, "26": 105.754105862, "27": 105.754192859, "28": 105.75465, "29": 105.756164743, "30": 105.757883333, "31": 105.762116667, "32": 105.7658, "33": 105.76777979100001, "34": 105.76878578, "35": 105.76971666700001, "36": 105.77080439299999, "37": 105.77202623, "38": 105.774716667, "39": 105.777169839, "40": 105.779333333, "41": 105.78144224, "42": 105.783583333, "43": 105.784960404, "44": 105.786503772, "45": 105.788784748, "46": 105.790883333, "47": 105.79461666700001, "48": 105.79784062200001, "49": 105.798590284, "50": 105.799318489, "51": 105.80085, "52": 105.80566666700001, "53": 105.807668119, "54": 105.80867421, "55": 105.80927649700001, "56": 105.809637385, "57": 105.8129, "58": 105.814462264, "59": 105.815224621, "60": 105.81593333299999, "61": 105.816458324, "62": 105.817262264, "63": 105.817886497, "64": 105.81823348100001, "65": 105.81853486899999, "66": 105.819196652, "67": 105.81982356600001, "68": 105.82027882, "69": 105.82106666700001, "70": 105.8263, "71": 105.82720272799999, "72": 105.827387656, "73": 105.827459931, "74": 105.827481245, "75": 105.82743024700001, "76": 105.827304147, "77": 105.827068041, "78": 105.826965828, "79": 105.82700309100001, "80": 105.826978375, "81": 105.826991209, "82": 105.82767133700001, "83": 105.828038224, "84": 105.82842120299999, "85": 105.828958021, "86": 105.82888310700001, "87": 105.82935}}