{"Lat": {"0": 21.0422666667, "1": 21.0420451692, "2": 21.0418787452, "3": 21.041640975299998, "4": 21.041560254300002, "5": 21.0414214772, "6": 21.0409622691, "7": 21.0406484149, "8": 21.0399143105, "9": 21.0387121335, "10": 21.0371924897, "11": 21.0365694847, "12": 21.0359665048, "13": 21.0342573384, "14": 21.0320780041, "15": 21.0319349154, "16": 21.031486396400002, "17": 21.0310353725, "18": 21.029999938099998, "19": 21.0296919643, "20": 21.027886243, "21": 21.0270290649, "22": 21.026593741, "23": 21.0258525783, "24": 21.025023784600002, "25": 21.0246758656, "26": 21.0233032801, "27": 21.0220183112, "28": 21.020559088, "29": 21.0191762145, "30": 21.0184650181, "31": 21.017252506400002, "32": 21.0160449924, "33": 21.0151379329, "34": 21.013484727799998, "35": 21.0113025039, "36": 21.0106564123, "37": 21.0086116105, "38": 21.0085962625, "39": 21.0039883413, "40": 21.0000666667, "41": 20.9984300172, "42": 20.996783333299998, "43": 20.99425, "44": 20.9925654225, "45": 20.9922156446, "46": 20.9919059329, "47": 20.991647556700002, "48": 20.9904916245, "49": 20.9901188245, "50": 20.987608483800003, "51": 20.9852208118, "52": 20.984079305599998, "53": 20.9818058229, "54": 20.9812783246, "55": 20.9787249328, "56": 20.9770262224, "57": 20.9762591533, "58": 20.9732285132, "59": 20.9718133877, "60": 20.9702545574, "61": 20.9701861827, "62": 20.9701578809, "63": 20.9701972021, "64": 20.9706075732, "65": 20.9710154385, "66": 20.971074795899998, "67": 20.9709673501, "68": 20.9708866131, "69": 20.970163116400002, "70": 20.9696124315, "71": 20.9694792815, "72": 20.969478465599998, "73": 20.969142649000002, "74": 20.968689116300002, "75": 20.9685305995, "76": 20.9680640178, "77": 20.9675022599, "78": 20.967018506800002, "79": 20.964836792899998, "80": 20.964914254900002, "81": 20.9652772242, "82": 20.9653589744, "83": 20.9643338456, "84": 20.963488696600002, "85": 20.963598348599998, "86": 20.963616666700002}, "Lng": {"0": 105.84855, "1": 105.848546199, "2": 105.848722106, "3": 105.84883632299999, "4": 105.84906034299999, "5": 105.849230007, "6": 105.849718853, "7": 105.84985030899999, "8": 105.847204366, "9": 105.847126924, "10": 105.84710249700001, "11": 105.84710200399999, "12": 105.84706932299999, "13": 105.84698787, "14": 105.846818914, "15": 105.84670409700001, "16": 105.84690645100001, "17": 105.84713562700001, "18": 105.84766806799999, "19": 105.847768431, "20": 105.847750887, "21": 105.847770949, "22": 105.847623372, "23": 105.84739844399999, "24": 105.850134674, "25": 105.85126176600001, "26": 105.85087514, "27": 105.85042816299999, "28": 105.849955272, "29": 105.849494451, "30": 105.84928716200001, "31": 105.84923582100001, "32": 105.849224713, "33": 105.849158907, "34": 105.84913065100001, "35": 105.849109009, "36": 105.849092738, "37": 105.85112306, "38": 105.851436856, "39": 105.851031798, "40": 105.8505, "41": 105.85024875100001, "42": 105.85005382899999, "43": 105.849692915, "44": 105.849489105, "45": 105.849387191, "46": 105.849236996, "47": 105.849046569, "48": 105.847804791, "49": 105.847479153, "50": 105.84693814299999, "51": 105.84635421799999, "52": 105.846057136, "53": 105.84559643899999, "54": 105.84527586, "55": 105.84305507799999, "56": 105.8414753, "57": 105.840807473, "58": 105.84075205799999, "59": 105.84082299299999, "60": 105.841244085, "61": 105.84083974, "62": 105.840459535, "63": 105.84007128299999, "64": 105.83919185299999, "65": 105.83861819399999, "66": 105.83845793100001, "67": 105.83639195299999, "68": 105.83500361600001, "69": 105.832821813, "70": 105.830986016, "71": 105.83052712799999, "72": 105.829577165, "73": 105.82886224200001, "74": 105.828158047, "75": 105.82802335, "76": 105.82727845, "77": 105.826673025, "78": 105.826211392, "79": 105.82565468700001, "80": 105.826366667, "81": 105.82910354399999, "82": 105.829259454, "83": 105.829429616, "84": 105.82960882399999, "85": 105.830386006, "86": 105.83046666700001}}