{"Lat": {"0": 20.963516666700002, "1": 20.963650424, "2": 20.9640045917, "3": 20.9651161724, "4": 20.9649065552, "5": 20.964616379200002, "6": 20.9653592112, "7": 20.9652697728, "8": 20.9649661873, "9": 20.9648510099, "10": 20.9668215462, "11": 20.9669859204, "12": 20.9672617496, "13": 20.9678453971, "14": 20.9682932334, "15": 20.9685958026, "16": 20.9686263623, "17": 20.969150361700002, "18": 20.969379810699998, "19": 20.9693675684, "20": 20.969634585599998, "21": 20.9700220299, "22": 20.970535884500002, "23": 20.970783766500002, "24": 20.9708650273, "25": 20.9709862781, "26": 20.9710334226, "27": 20.9705679454, "28": 20.9702289469, "29": 20.9701667382, "30": 20.9701521161, "31": 20.970256460399998, "32": 20.9683821934, "33": 20.9684162275, "34": 20.9710274591, "35": 20.9718431352, "36": 20.9723846799, "37": 20.9764339638, "38": 20.9771625222, "39": 20.978799156500003, "40": 20.979759587100002, "41": 20.980970035, "42": 20.9812221676, "43": 20.981764806199998, "44": 20.9837299094, "45": 20.984713298800003, "46": 20.9871648337, "47": 20.9898166667, "48": 20.990236665, "49": 20.9916980561, "50": 20.992153463599998, "51": 20.9926263989, "52": 20.9934974958, "53": 20.996325821, "54": 20.9988569545, "55": 21.0000260989, "56": 21.0010224556, "57": 21.0036777507, "58": 21.0043074323, "59": 21.008552329100002, "60": 21.0100690928, "61": 21.0122700842, "62": 21.0136121875, "63": 21.0142444478, "64": 21.0168838035, "65": 21.017648255799998, "66": 21.0188183109, "67": 21.020989252, "68": 21.0219420152, "69": 21.0230449927, "70": 21.0241952152, "71": 21.0249573654, "72": 21.0258506387, "73": 21.027044601, "74": 21.029700770199998, "75": 21.0300118208, "76": 21.0313321022, "77": 21.032271838, "78": 21.0336324601, "79": 21.0344792479, "80": 21.0351733195, "81": 21.036594760899998, "82": 21.0373277468, "83": 21.03738131, "84": 21.0382735196, "85": 21.0397234854, "86": 21.0397868199, "87": 21.0399302628, "88": 21.0400769587, "89": 21.0406687474, "90": 21.0395979855, "91": 21.0398893478, "92": 21.0404456439, "93": 21.0409871598, "94": 21.040974547, "95": 21.0411158914, "96": 21.0414570249, "97": 21.0416158465, "98": 21.0419248693, "99": 21.042086052000002, "100": 21.0422660096}, "Lng": {"0": 105.830366667, "1": 105.83057557299999, "2": 105.832914154, "3": 105.83268823700001, "4": 105.831262351, "5": 105.82938605700001, "6": 105.82926793799999, "7": 105.82911231899999, "8": 105.82664597700001, "9": 105.825673778, "10": 105.826145897, "11": 105.82621767200001, "12": 105.82643160399999, "13": 105.82701165200001, "14": 105.827610191, "15": 105.828132287, "16": 105.828263817, "17": 105.829125924, "18": 105.82964038, "19": 105.83040159999999, "20": 105.831359961, "21": 105.832646888, "22": 105.834219873, "23": 105.835018234, "24": 105.836448659, "25": 105.838439298, "26": 105.838585825, "27": 105.83925573, "28": 105.839967209, "29": 105.84015983100001, "30": 105.840677, "31": 105.841259884, "32": 105.841735479, "33": 105.841904551, "34": 105.84120458700001, "35": 105.84096177100001, "36": 105.84090944200001, "37": 105.84095483600001, "38": 105.841619922, "39": 105.843125137, "40": 105.843938341, "41": 105.84500976700001, "42": 105.845242712, "43": 105.845593674, "44": 105.845990233, "45": 105.846220496, "46": 105.846830364, "47": 105.8474, "48": 105.8475572, "49": 105.849099235, "50": 105.84937363600001, "51": 105.84950588, "52": 105.84959252700001, "53": 105.84997164299999, "54": 105.850318489, "55": 105.85049861700001, "56": 105.85063314799999, "57": 105.85100819899999, "58": 105.851076443, "59": 105.85141346200001, "60": 105.85155173, "61": 105.851711506, "62": 105.85173976200001, "63": 105.851680845, "64": 105.85142584100001, "65": 105.851482741, "66": 105.85173007799999, "67": 105.852160054, "68": 105.85242868600001, "69": 105.852681225, "70": 105.852891391, "71": 105.85038448, "72": 105.847392184, "73": 105.84776687600001, "74": 105.84776915, "75": 105.84766482799999, "76": 105.846973244, "77": 105.84656061, "78": 105.845855758, "79": 105.845699133, "80": 105.84582414, "81": 105.84607475899999, "82": 105.84622881799999, "83": 105.846014828, "84": 105.84640969899999, "85": 105.84670771799999, "86": 105.846955225, "87": 105.84721346100001, "88": 105.847837221, "89": 105.84989238, "90": 105.851042976, "91": 105.851291045, "92": 105.850795419, "93": 105.850169421, "94": 105.85011704799999, "95": 105.849807182, "96": 105.84944734, "97": 105.849271089, "98": 105.84911361299999, "99": 105.8489435, "100": 105.848552105}}