{"Lat": {"0": 21.0453083811, "1": 21.043388586099997, "2": 21.0425263097, "3": 21.0417954546, "4": 21.041309864200002, "5": 21.041204753699997, "6": 21.0410495757, "7": 21.0403650258, "8": 21.0402342848, "9": 21.0403739089, "10": 21.0406281229, "11": 21.041657249100002, "12": 21.043445120999998, "13": 21.0468330551, "14": 21.0497678296, "15": 21.0508076326, "16": 21.050195720799998, "17": 21.0491052032, "18": 21.0482633069, "19": 21.0477046779, "20": 21.0473513144, "21": 21.0470902957, "22": 21.046787060499998, "23": 21.0465939688, "24": 21.046362308800003, "25": 21.0461914065, "26": 21.0461860603, "27": 21.0462808454, "28": 21.046407717, "29": 21.046794929100002, "30": 21.0466731807, "31": 21.045972718399998, "32": 21.0454324637, "33": 21.0442463532, "34": 21.043798913499998, "35": 21.0435451533, "36": 21.0434115524, "37": 21.0431875613, "38": 21.0429198185, "39": 21.0427147727, "40": 21.0425838361, "41": 21.0424883276, "42": 21.0423978258, "43": 21.0422518688, "44": 21.0402459104, "45": 21.037415699, "46": 21.034679995599998, "47": 21.033372209, "48": 21.0323448048, "49": 21.0310973122, "50": 21.0299925118, "51": 21.027197912200002, "52": 21.023468448, "53": 21.0215736366, "54": 21.0197789502, "55": 21.0143345371, "56": 21.003381224600002, "57": 21.0013648832, "58": 20.9996155011, "59": 20.9978210248, "60": 20.9967767425, "61": 20.9961712475, "62": 20.9956609071, "63": 20.995159424300002, "64": 20.9950388977, "65": 20.9952113555, "66": 20.9957415694, "67": 20.9959984256, "68": 20.996116837, "69": 20.996320388399997, "70": 20.997019196, "71": 20.9974049081, "72": 20.9977004717, "73": 20.9931770729, "74": 20.9875897591, "75": 20.9867631251, "76": 20.984230829, "77": 20.9803777032, "78": 20.9762615104, "79": 20.973201572, "80": 20.972478036600002, "81": 20.971804588399998, "82": 20.970215645499998, "83": 20.9690379679, "84": 20.9680005384, "85": 20.965590037200002, "86": 20.9648563676, "87": 20.963130219900002, "88": 20.9623310082, "89": 20.9615969144, "90": 20.961056088099998, "91": 20.9600744285, "92": 20.9584199358, "93": 20.9575686971, "94": 20.957542666, "95": 20.9592475323, "96": 20.9608431109, "97": 20.9617052334, "98": 20.9622516176, "99": 20.9642195899, "100": 20.9645809814, "101": 20.964652554100002}, "Lng": {"0": 105.924485376, "1": 105.925312443, "2": 105.925772245, "3": 105.926203883, "4": 105.92513257799999, "5": 105.92490470799999, "6": 105.924706343, "7": 105.924097955, "8": 105.923962155, "9": 105.923788803, "10": 105.92357084700001, "11": 105.922855984, "12": 105.921823225, "13": 105.919902546, "14": 105.91824472399999, "15": 105.917611506, "16": 105.91637145799999, "17": 105.91417828799999, "18": 105.912451384, "19": 105.91141358799999, "20": 105.910703022, "21": 105.91088834799999, "22": 105.910924685, "23": 105.910853733, "24": 105.910634299, "25": 105.910371696, "26": 105.91011701299999, "27": 105.909905245, "28": 105.909671286, "29": 105.909480242, "30": 105.909264451, "31": 105.90811988200001, "32": 105.907597585, "33": 105.906734648, "34": 105.90639003, "35": 105.906818536, "36": 105.90689299, "37": 105.906944043, "38": 105.906928134, "39": 105.90683194100001, "40": 105.90668034299999, "41": 105.90645434, "42": 105.906013761, "43": 105.905717324, "44": 105.904326545, "45": 105.902519237, "46": 105.901615583, "47": 105.901228129, "48": 105.90064755600001, "49": 105.89964960399999, "50": 105.898691885, "51": 105.896329669, "52": 105.894026056, "53": 105.892884979, "54": 105.891615155, "55": 105.886316729, "56": 105.874859951, "57": 105.873117325, "58": 105.87090490700001, "59": 105.866713019, "60": 105.863728493, "61": 105.86203154399999, "62": 105.860345324, "63": 105.85829169799999, "64": 105.857179054, "65": 105.85586256200001, "66": 105.85094684799999, "67": 105.84861625, "68": 105.84750191399999, "69": 105.846417081, "70": 105.843566855, "71": 105.842262441, "72": 105.84113505399999, "73": 105.841099427, "74": 105.841015427, "75": 105.841000389, "76": 105.84096897, "77": 105.84088905799999, "78": 105.840823898, "79": 105.84079333, "80": 105.840775364, "81": 105.840827135, "82": 105.84127717700001, "83": 105.84157059399999, "84": 105.841831825, "85": 105.84188758200001, "86": 105.84187896600001, "87": 105.841854256, "88": 105.841844584, "89": 105.84189392, "90": 105.84200063899999, "91": 105.842177096, "92": 105.84254248299999, "93": 105.84271434700001, "94": 105.842908275, "95": 105.842516875, "96": 105.842192865, "97": 105.84205516799999, "98": 105.842032226, "99": 105.842032856, "100": 105.842072804, "101": 105.842546986}}