{"Lat": {"0": 20.9526333333, "1": 20.955613, "2": 20.95765, "3": 20.9579, "4": 20.9647666667, "5": 20.9655166667, "6": 20.965452, "7": 20.964241, "8": 20.96365, "9": 20.9655, "10": 20.9706666667, "11": 20.9733, "12": 20.9790333333, "13": 20.9837666667, "14": 20.9836833333, "15": 20.9838166667, "16": 20.9847333333, "17": 20.9888166667, "18": 20.99235, "19": 20.99643, "20": 21.000966666700002, "21": 21.0042833333, "22": 21.0044666667, "23": 21.00785, "24": 21.008133333299998, "25": 21.0121, "26": 21.0150166667, "27": 21.016968, "28": 21.020322, "29": 21.0228666667, "30": 21.02775, "31": 21.031983333299998}, "BusStopCode": {"0": 3270, "1": 3271, "2": 3272, "3": 447, "4": 3287, "5": 117, "6": 114, "7": 3273, "8": 115, "9": 3274, "10": 3275, "11": 3276, "12": 3277, "13": 3278, "14": 3279, "15": 3280, "16": 820, "17": 3281, "18": 3282, "19": 3283, "20": 169, "21": 635, "22": 387, "23": 592, "24": 3284, "25": 3285, "26": 851, "27": 852, "28": 85, "29": 2858, "30": 3286, "31": 3289}, "FleetOver": {"0": "99", "1": "60A,99", "2": "60A,99", "3": "06A,06B,06C,06D,06E,08A,08ACT,101,12,60A,94,99", "4": "06A,06B,06C,06D,06E,08A,08B,08BCT,106,12,21B,37,60A,94,99", "5": "08B,08BCT,21B,99", "6": "04,48,99", "7": "04,48,99", "8": "04,48,99", "9": "99", "10": "99", "11": "99", "12": "99", "13": "42,99", "14": "106,42,99", "15": "106,42,99", "16": "36,36CT,99", "17": "99", "18": "99", "19": "16,21A,21B,99", "20": "03,18,21A,21B,25,28,32,41,47B,99", "21": "18,23,99", "22": "18,23,99", "23": "21A,21B,26,35A,44,51,99", "24": "99", "25": "99", "26": "25,28,99", "27": "25,28,99", "28": "28,30,49,99", "29": "50,99", "30": "50,99", "31": "99"}, "Lng": {"0": 105.84971666700001, "1": 105.846924, "2": 105.84425, "3": 105.84291666700001, "4": 105.84211666700001, "5": 105.843016667, "6": 105.850495, "7": 105.85821399999999, "8": 105.86383333299999, "9": 105.868433333, "10": 105.86696666700001, "11": 105.866316667, "12": 105.864933333, "13": 105.86171666700001, "14": 105.853283333, "15": 105.84885, "16": 105.84625, "17": 105.84633333299999, "18": 105.843933333, "19": 105.842858, "20": 105.84145, "21": 105.839183333, "22": 105.835783333, "23": 105.83316666700001, "24": 105.83221666700001, "25": 105.83213333299999, "26": 105.8335, "27": 105.83153999999999, "28": 105.82681200000002, "29": 105.826816667, "30": 105.82765, "31": 105.829733333}, "Name": {"0": "(B) BV N\u1ed9i Ti\u1ebft TW c\u01a1 s\u1edf 2 - Tuy\u1ebfn 99", "1": "\u0110\u1ed1i di\u1ec7n nh\u00e0 No9 K\u0110T Ph\u00e1p V\u00e2n", "2": "\u0110\u1ed1i di\u1ec7n t\u1eadp th\u1ec3 810 Ng\u00f5 83", "3": "C\u00f4ng ty bi\u1ebfn th\u1ebf ABB - Ng\u1ecdc H\u1ed3i", "4": "B\u1ebfn xe N\u01b0\u1edbc Ng\u1ea7m", "5": "C\u1ed5ng C b\u1ebfn xe N\u01b0\u1edbc ng\u1ea7m", "6": "Bi\u1ec3n b\u00e1o K\u0110T Eco Park - \u0110\u01b0\u1eddng d\u1eabn c\u1ea7u Thanh Tr\u00ec", "7": "\u0110\u01b0\u1eddng v\u00e0o K\u0110T Gamuda", "8": "Qua \u0111\u01b0\u1eddng v\u00e0o khu t\u00e1i \u0111\u1ecbnh c\u01b0 X2A 30m - \u0111\u01b0\u1eddng d\u1eabn c\u1ea7u Thanh Tr\u00ec", "9": "Ng\u00e3 3 Ph\u1ed1 Y\u00ean S\u1edf - Tam Trinh", "10": "Metro Ho\u00e0ng Mai", "11": "887 Nguy\u1ec5n Tam Trinh - \u0110\u01b0\u1eddng v\u00e0o Ch\u00f9a \u0110\u1ea1i Bi", "12": "595 Tam Trinh", "13": "Ch\u1ee3 \u0110\u1ea7u m\u1ed1i ( G\u1ea7n C\u1ea7u \u0110\u1ec1n L\u1eeb)", "14": "C\u00f4ng vi\u00ean h\u1ed3 \u0110\u1ec1n L\u1eeb", "15": "Tr\u01b0\u1eddng THCS T\u00e2n Mai", "16": "463 Tr\u01b0\u01a1ng \u0110\u1ecbnh", "17": "22 Nguy\u1ec5n An Ninh", "18": "134 Nguy\u1ec5n An Ninh", "19": "191 Ph\u1ed1 V\u1ecdng", "20": "175-177 Gi\u1ea3i Ph\u00f3ng (Ng\u00e3 3 L\u00ea Thanh Ngh\u1ecb)", "21": "114 + 115 E8 Ph\u01b0\u01a1ng Mai", "22": "116 - C2 L\u01b0\u01a1ng \u0110\u1ecbnh C\u1ee7a", "23": "104 C1 T\u1eadp th\u1ec3 Trung T\u1ef1 - Ph\u1ea1m Ng\u1ecdc Th\u1ea1ch", "24": "101 \u0110\u1eb7ng V\u0103n Ng\u1eef", "25": "106D1 \u0110\u1eb7ng V\u0103n Ng\u1eef", "26": "398 X\u00e3 \u0110\u00e0n - Platform", "27": "490 X\u00e3 \u0110\u00e0n - Platform", "28": "Qua \u0111i\u1ec3m quay \u0111\u1ea7u 100m v\u1ec1 ph\u00eda Ho\u00e0ng C\u1ea7u - \u0110\u01b0\u1eddng V\u00e0nh \u0111ai 1 (chi\u1ec1u \u00d4 Ch\u1ee3 D\u1eeba \u0111i Ho\u00e0ng C\u1ea7u)", "29": "H\u00e8 \u0111\u1ed1i di\u1ec7n H\u1ecdc vi\u1ec7n \u00c2m nh\u1ea1c Qu\u1ed1c gia Vi\u1ec7t Nam - qua ng\u00f5 Quan Th\u1ed5 1", "30": "188 H\u00e0o Nam", "31": "(A) Kim M\u00e3 -- Tuy\u1ebfn 99"}}