{"Lat": {"0": 21.067283, "1": 21.062196, "2": 21.0547333333, "3": 21.051595000000002, "4": 21.04035, "5": 21.0344833333, "6": 21.0305, "7": 21.0229833333, "8": 21.018608, "9": 21.0147333333, "10": 21.0112666667, "11": 21.0067666667, "12": 21.00679, "13": 21.00985, "14": 21.012598, "15": 21.0182, "16": 21.019182999999998, "17": 21.017232999999997, "18": 21.0158, "19": 21.0145166667, "20": 21.0099833333, "21": 21.0087333333, "22": 21.006912, "23": 21.007683333299997, "24": 21.009096, "25": 21.0079, "26": 21.010077, "27": 21.014253, "28": 21.018833333299998, "29": 21.02365, "30": 21.0231833333}, "BusStopCode": {"0": 1775, "1": 600, "2": 602, "3": 603, "4": 604, "5": 581, "6": 582, "7": 584, "8": 585, "9": 586, "10": 587, "11": 588, "12": 742, "13": 737, "14": 738, "15": 471, "16": 249, "17": 250, "18": 669, "19": 670, "20": 671, "21": 67, "22": 68, "23": 589, "24": 590, "25": 79, "26": 627, "27": 628, "28": 629, "29": 606, "30": 1730}, "FleetOver": {"0": "35A", "1": "07,14,14CT,27,28,35A,38,45,46,53A,53B,60A,60B,61", "2": "07,14,14CT,27,35A,38,45,46,53A,53B,60A,60B,61", "3": "07,14,14CT,27,35A,38,45,46,53A,53B,60A,60B,61", "4": "13,33,35A,46,53B,60A,60B,61", "5": "16,29,33,34,35A,46,53B,60A,60B,61,97", "6": "16,29,33,34,35A,46,53B,60A,60B,97", "7": "104,22B,30,33,35A,39,46,60A,60B,74,84,87,88", "8": "103,104,21B,22B,29,30,33,35A,39,44,60A,60B,74,84,87,88", "9": "103,21B,22B,33,35A,39,50,60A,60B,87", "10": "103,21B,22B,35A,39,50,60A,60B,87", "11": "103,21B,22B,35A,39,50,60A,60B,87", "12": "107,35A,50,60A,60B", "13": "105,107,22A,35A,50,60A,60B", "14": "105,107,22A,35A,50,51,84", "15": "09,09CT,107,12,22A,26,27,35A", "16": "09,09CT,12,26,35A", "17": "09,09CT,12,26,35A", "18": "12,26,30,35A,50", "19": "12,26,30,35A,50", "20": "12,26,35A,84", "21": "12,18,21A,21B,23,26,35A,44,51", "22": "12,18,21A,21B,23,26,35A,44,51", "23": "18,21A,21B,23,26,35A,44,51", "24": "21A,21B,26,35A,44,51", "25": "35A,44,51", "26": "08A,08ACT,08B,08BCT,31,35A,36,36CT,38,52A,52B", "27": "08A,08ACT,08B,08BCT,31,35A,36,36CT,38,52A,52B", "28": "08A,08ACT,08B,08BCT,09,09CT,31,35A,36,36CT", "29": "02,04,08ACT,08BCT,09CT,11,31,34,35A,40,49,86CT", "30": "35A"}, "Lng": {"0": 105.787067, "1": 105.783753, "2": 105.781916667, "3": 105.781554, "4": 105.7807, "5": 105.78001666700001, "6": 105.779266667, "7": 105.778566667, "8": 105.78126100000001, "9": 105.78423333299999, "10": 105.78705, "11": 105.79068333299999, "12": 105.794976, "13": 105.798983333, "14": 105.802057, "15": 105.80741666700001, "16": 105.80961200000002, "17": 105.813565, "18": 105.81605, "19": 105.817783333, "20": 105.822983333, "21": 105.825616667, "22": 105.82948400000001, "23": 105.83301666700001, "24": 105.834791, "25": 105.846166667, "26": 105.85162, "27": 105.85172, "28": 105.851716667, "29": 105.856816667, "30": 105.86083333299999}, "Name": {"0": "(B) Nam Th\u0103ng Long - Tuy\u1ebfn 35A", "1": "Tr\u01b0\u1edbc 100m ng\u00f5 218 Ph\u1ea1m V\u0103n \u0110\u1ed3ng (\u0111\u1ed1i di\u1ec7n c\u00f4ng vi\u00ean H\u00f2a B\u00ecnh)", "2": "Si\u00eau th\u1ecb Metro Th\u0103ng Long - \u0110\u1ed1i di\u1ec7n ng\u00f5 599 Ph\u1ea1m V\u0103n \u0110\u1ed3ng", "3": "B\u1ed9 c\u00f4ng an - \u0111\u1ed1i di\u1ec7n 36A Ph\u1ea1m V\u0103n \u0110\u1ed3ng", "4": "S\u1ed1 9 Ph\u1ea1m V\u0103n \u0110\u1ed3ng", "5": "B\u1ec7nh vi\u1ec7n \u0111a khoa y h\u1ecdc c\u1ed5 truy\u1ec1n - 6 Ph\u1ea1m H\u00f9ng", "6": "\u0110\u1ed1i di\u1ec7n B\u01b0u c\u1ee5c Th\u0103ng Long - \u0111\u01b0\u1eddng Ph\u1ea1m H\u00f9ng", "7": "G\u1ea7n ng\u00e3 4 Ph\u1ea1m H\u00f9ng - \u0110\u00ecnh Th\u00f4n (H\u01b0\u1edbng \u0111i Khu\u1ea5t Duy Ti\u1ebfn)-c\u1ed9t sau", "8": "Nh\u00e0 CT5 K\u0110T S\u00f4ng \u0110\u00e0 M\u1ef9 \u0110\u00ecnh - Ph\u1ea1m H\u00f9ng", "9": "Nh\u00e0 CT5-D K\u0110T M\u1ef9 \u0110\u00ecnh - Ph\u1ea1m H\u00f9ng", "10": "B\u1ea3o t\u00e0ng H\u00e0 N\u1ed9i - Ph\u1ea1m H\u00f9ng", "11": "Ng\u00e3 4 Ph\u1ea1m H\u00f9ng - Khu\u1ea5t Duy Ti\u1ebfn (Trung t\u00e2m H\u1ed9i ngh\u1ecb Qu\u1ed1c Gia)", "12": "\u0110\u1ed1i di\u1ec7n 220 Tr\u1ea7n Duy H\u01b0ng (\u0111\u1ed1i di\u1ec7n Big C, C\u00e1ch Ng\u00e3 3 Ho\u00e0ng Minh Gi\u00e1m)", "13": "113 Tr\u1ea7n Duy H\u01b0ng - B\u1ed9 KHCN", "14": "\u0110\u1ea1i h\u1ecdc Lao \u0111\u1ed9ng & X\u00e3 h\u1ed9i - 43 Tr\u1ea7n Duy H\u01b0ng", "15": "KTX \u0110\u1ea1i h\u1ecdc Giao th\u00f4ng V\u1eadn t\u1ea3i - 99 Nguy\u1ec5n Ch\u00ed Thanh", "16": "57A Hu\u1ef3nh Th\u00fac Kh\u00e1ng", "17": "7 Hu\u1ef3nh Th\u00fac Kh\u00e1ng - C\u1ea1nh \u0110\u00e0i Truy\u1ec1n h\u00ecnh H\u00e0 N\u1ed9i", "18": "Tr\u1ea1m bi\u1ebfn \u00e1p F3 Th\u00e0nh C\u00f4ng - 171 Th\u00e1i H\u00e0", "19": "161-163 Th\u00e1i H\u00e0", "20": "3 Th\u00e1i H\u00e0 - B\u1ec3 b\u01a1i Th\u00e1i H\u00e0", "21": "251 Ch\u00f9a B\u1ed9c", "22": "49E Ch\u00f9a B\u1ed9c", "23": "Si\u00eau th\u1ecb Uni mart - 8 Ph\u1ea1m Ng\u1ecdc Th\u1ea1ch", "24": "B10 T\u1eadp th\u1ec3 Kim Li\u00ean (\u0110\u1ed1i di\u1ec7n ng\u00f5 46B Ph\u1ea1m Ng\u1ecdc Th\u1ea1ch)", "25": "65 \u0110\u1ea1i C\u1ed3 Vi\u1ec7t", "26": "319 Ph\u1ed1 Hu\u1ebf", "27": "149 Ph\u1ed1 Hu\u1ebf", "28": "25A-25B Ph\u1ed1 Hu\u1ebf", "29": "\u0110\u1ed1i di\u1ec7n 6C Phan Chu Trinh", "30": "(A) Tr\u1ea7n Kh\u00e1nh D\u01b0 - Tuy\u1ebfn 35A"}}