{"Lat": {"0": 20.97985, "1": 20.9803833333, "2": 20.9762666667, "3": 20.9717833333, "4": 20.97105, "5": 20.96965, "6": 20.970537, "7": 20.9723, "8": 20.9763833333, "9": 20.98145, "10": 20.9853833333, "11": 20.9905333333, "12": 20.9904666667, "13": 20.988163, "14": 20.985882999999998, "15": 20.983446, "16": 20.980401, "17": 20.979275, "18": 20.975483333299998, "19": 20.974116666700002, "20": 20.9797, "21": 20.98205, "22": 20.9808666667, "23": 20.9769333333, "24": 20.97475, "25": 20.9723666667, "26": 20.9706, "27": 20.96625, "28": 20.96245}, "BusStopCode": {"0": 3165, "1": 162, "2": 163, "3": 164, "4": 490, "5": 491, "6": 56, "7": 567, "8": 568, "9": 569, "10": 565, "11": 566, "12": 544, "13": 536, "14": 537, "15": 797, "16": 798, "17": 799, "18": 800, "19": 2644, "20": 2645, "21": 2646, "22": 710, "23": 711, "24": 712, "25": 713, "26": 3300, "27": 2847, "28": 2848}, "FleetOver": {"0": "22C", "1": "03B,06A,06B,06C,06D,06E,08A,08ACT,08B,08BCT,106,12,16,21B,22C", "2": "03B,06A,06B,06C,06D,06E,08A,08ACT,08B,08BCT,101,106,12,16,21B,22C,29,36,36CT,37,94", "3": "03B,06A,06B,06C,06D,06E,08A,08ACT,08B,08BCT,101,106,12,16,21B,22C,29,36,36CT,37,94", "4": "22C,29,36,36CT,60B", "5": "104,22C,29,36,36CT,60B,84", "6": "05,22C,29,37,60A,60B", "7": "22C,29,60A", "8": "22C,29,60A", "9": "22C,29,60A", "10": "22C,29,60A", "11": "22C,29,60A", "12": "01,02,105,19,21A,22B,22C,27,39", "13": "01,02,105,19,21A,22B,22C,27,39", "14": "01,02,105,19,21A,22B,22C,27,39", "15": "01,02,105,19,21A,22B,22C,27,39", "16": "01,02,103,105,19,21A,22B,22C,27,33,39,85", "17": "01,02,103,105,106,19,21A,22B,22C,27,33,85", "18": "01,02,103,105,106,19,21A,22B,22C,27,33", "19": "19,22C,57,89", "20": "19,22C,57,89", "21": "19,22C,57,89", "22": "19,22C", "23": "19,22C", "24": "19,22C", "25": "19,22C", "26": "19,22C", "27": "105,22C", "28": "22C"}, "Lng": {"0": 105.841916667, "1": 105.84085, "2": 105.84078333299999, "3": 105.84076666700001, "4": 105.8364, "5": 105.83098333299999, "6": 105.826017, "7": 105.82071666700001, "8": 105.81466666700001, "9": 105.810966667, "10": 105.808066667, "11": 105.80436666700001, "12": 105.80138333299999, "13": 105.798207, "14": 105.794981, "15": 105.79166200000002, "16": 105.7879, "17": 105.786454, "18": 105.78155, "19": 105.7783, "20": 105.7725, "21": 105.770833333, "22": 105.7674, "23": 105.7624, "24": 105.75955, "25": 105.75651666700001, "26": 105.75476666700001, "27": 105.751883333, "28": 105.746733}, "Name": {"0": "(A) BX Gi\u00e1p B\u00e1t - Tuy\u1ebfn 22C", "1": "\u0110\u1ed1i di\u1ec7n B\u1ebfn xe Gi\u00e1p B\u00e1t - Gi\u1ea3i Ph\u00f3ng", "2": "Ga Gi\u00e1p B\u00e1t - \u0110\u1ed1i di\u1ec7n 1035 Gi\u1ea3i Ph\u00f3ng", "3": "\u0110\u1ed1i di\u1ec7n 1251 Gi\u1ea3i Ph\u00f3ng", "4": "G\u1ea7n \u0111\u01b0\u1eddng v\u00e0o K\u0110T \u0110\u1ea1i Kim - 45 Nguy\u1ec5n H\u1eefu Th\u1ecd", "5": "\u0110\u1ed1i di\u1ec7n \u0111\u00e0i t\u01b0\u1edfng ni\u1ec7m ch\u1ee7 t\u1ecbch HCM - \u0111\u01b0\u1eddng Nguy\u1ec5n H\u1eefu Th\u1ecd", "6": "\u0110i\u1ec3m x\u00e9n h\u00e8 (To\u00e0 nh\u00e0 CT2 - K\u0110T B\u1eafc Linh \u0110\u00e0m) - C\u1ea7u D\u1eadu", "7": "\u0110\u1ed1i di\u1ec7n kh\u00e1n \u0111\u00e0i A (Trung t\u00e2m thi \u0111\u1ea5u v\u00e0 hu\u1ea5n luy\u1ec7n th\u1ec3 thao CAND) - Nghi\u00eam Xu\u00e2n Y\u00eam", "8": "Tr\u01b0\u1eddng \u0110\u1ea1i h\u1ecdc Th\u0103ng Long - Nghi\u00eam Xu\u00e2n Y\u00eam", "9": "Tr\u01b0\u1edbc ng\u00e3 3 Nguy\u1ec5n Xi\u1ec3n - Ho\u00e0ng \u0110\u1ea1o Th\u00e0nh (h\u01b0\u1edbng \u0111i Nguy\u1ec5n Tr\u00e3i)", "10": "\u0110i\u1ec3m x\u00e9n h\u00e8 h\u1ea7m \u0111\u01b0\u1eddng b\u1ed9 s\u1ed1 4 - Nguy\u1ec5n Xi\u1ec3n", "11": "\u0110i\u1ec3m x\u00e9n h\u00e8 h\u1ea7m \u0111\u01b0\u1eddng b\u1ed9 (Vi\u1ec7n C\u00f4ng ngh\u1ec7 th\u1ef1c ph\u1ea9m TW) - Nguy\u1ec5n Xi\u1ec3n", "12": "B\u00e1ch h\u00f3a Thanh Xu\u00e2n - \u0111\u01b0\u1eddng Nguy\u1ec5n Tr\u00e3i", "13": "204-206 Nguy\u1ec5n Tr\u00e3i (G\u1ea7n ng\u00e3 3 Nguy\u1ec5n Tr\u00e3i - L\u01b0\u01a1ng Th\u1ebf Vinh )", "14": "C\u00f4ng ty CP C\u00f4ng tr\u00ecnh GT 873 - Nguy\u1ec5n Tr\u00e3i", "15": "S\u1ed1 10 Tr\u1ea7n Ph\u00fa - Si\u00eau Th\u1ecb Vi\u1ec7t Long", "16": "H\u1ecdc vi\u1ec7n c\u00f4ng ngh\u1ec7 b\u01b0u ch\u00ednh vi\u1ec5n th\u00f4ng - Tr\u1ea7n Ph\u00fa (H\u00e0 \u0110\u00f4ng)", "17": "100 Tr\u1ea7n Ph\u00fa (H\u00e0 \u0110\u00f4ng)", "18": "Kh\u00e1ch s\u1ea1n S\u00f4ng Nhu\u1ec7 (148 Tr\u1ea7n Ph\u00fa- H\u00e0 \u0110\u00f4ng)", "19": "S\u1ed1 2 Chu V\u0103n An - H\u00e0 \u0110\u00f4ng", "20": "Ch\u00f9a V\u1ea1n Ph\u00fac - H\u00e0 \u0110\u00f4ng", "21": "S\u1ed1 170 - 172 V\u1ea1n Ph\u00fac - H\u00e0 \u0110\u00f4ng", "22": "\u0110i\u1ec3m x\u00e9n h\u00e8 qua ng\u00e3 4 V\u1ea1n Ph\u00fac - T\u1ed1 H\u1eefu", "23": "\u0110i\u1ec3m x\u00e9n h\u00e8 g\u1ea7n \u0111\u01b0\u1eddng v\u00e0o K\u0110T D\u01b0\u01a1ng N\u1ed9i - \u0111\u01b0\u1eddng T\u1ed1 H\u1eefu", "24": "Nh\u00e0 ch\u1edd g\u1ea7n Nam C\u01b0\u1eddng Building - \u0111\u01b0\u1eddng T\u1ed1 H\u1eefu", "25": "Nh\u00e0 ch\u1edd g\u1ea7n \u0111\u01b0\u1eddng v\u00e0o K\u0110T An H\u01b0ng - \u0111\u01b0\u1eddng T\u1ed1 H\u1eefu", "26": "Qua 100m c\u1ea7u La Kh\u00ea - \u0111\u01b0\u1eddng T\u1ed1 H\u1eefu", "27": "Ngh\u0129a trang La Kh\u00ea - \u0110\u01b0\u1eddng Y\u00ean L\u1ed9", "28": "(B) K\u0110T D\u01b0\u01a1ng N\u1ed9i - Tuy\u1ebfn 22C"}}