{"Lat": {"0": 21.0281, "1": 21.028914999999998, "2": 21.026866666700002, "3": 21.0230666667, "4": 21.0179333333, "5": 21.01405, "6": 21.0124, "7": 21.0101, "8": 21.0079166667, "9": 21.003633333299998, "10": 21.0022, "11": 21.0003166667, "12": 20.998417, "13": 20.9970333333, "14": 20.9955833333, "15": 20.99505, "16": 20.995765, "17": 20.99665, "18": 20.997633333299998, "19": 21.0009, "20": 21.006283, "21": 21.0106333333, "22": 21.0172, "23": 21.0221166667, "24": 21.028166666700002, "25": 21.031999999999996, "26": 21.0413833333, "27": 21.042267000000002}, "BusStopCode": {"0": 1753, "1": 61, "2": 138, "3": 139, "4": 140, "5": 141, "6": 142, "7": 143, "8": 144, "9": 145, "10": 811, "11": 812, "12": 815, "13": 81, "14": 405, "15": 406, "16": 407, "17": 408, "18": 409, "19": 410, "20": 515, "21": 516, "22": 517, "23": 764, "24": 777, "25": 778, "26": 856, "27": 1689}, "FleetOver": {"0": "24", "1": "07,24,49,55,55B", "2": "09,09CT,105,16,24", "3": "09,09CT,16,24", "4": "16,24", "5": "16,24,27,50,51", "6": "16,24,27,50,51", "7": "09,09CT,16,24,27,51,84", "8": "16,24,27,51", "9": "16,19,24,27,51", "10": "16,19,24", "11": "16,19,24", "12": "16,19,24", "13": "03B,08A,08ACT,08B,08BCT,19,24", "14": "03B,19,24,38,52A,52B", "15": "03B,19,24,38,52A,52B", "16": "03B,19,24,38,52A,52B", "17": "03B,19,24,52A,52B", "18": "03B,19,24,52A,52B", "19": "19,24,45,55", "20": "24,40,45,47B,48,51,55,55B", "21": "19,24,40,45,48,51,55,55B", "22": "24,48,51,55,55B", "23": "03,19,24,42,43,44,48,51,55,55B", "24": "03,24,42,43,48,55,55B", "25": "03,24,42,43,48,55,55B", "26": "18,23,24,31,58", "27": "24"}, "Lng": {"0": 105.80518300000001, "1": 105.80348799999999, "2": 105.79886666700001, "3": 105.79931666700001, "4": 105.80285, "5": 105.806366667, "6": 105.80858333299999, "7": 105.81196666700001, "8": 105.81498333299999, "9": 105.81855, "10": 105.823066667, "11": 105.830266667, "12": 105.83826699999999, "13": 105.84345, "14": 105.85231666700001, "15": 105.856833333, "16": 105.86086100000001, "17": 105.86341666700001, "18": 105.86653333299999, "19": 105.87061666700001, "20": 105.86838300000001, "21": 105.864516667, "22": 105.862433333, "23": 105.861483333, "24": 105.85833333299999, "25": 105.85643300000001, "26": 105.849583333, "27": 105.84855}, "Name": {"0": "(B) C\u1ea7u Gi\u1ea5y - Tuy\u1ebfn 24", "1": "\u0110i\u1ec3m trung chuy\u1ec3n C\u1ea7u Gi\u1ea5y - Th\u1ee7 L\u1ec7 01", "2": "C\u1ea7u Y\u00ean H\u00f2a - \u0110\u1ed1i di\u1ec7n 1166 \u0111\u01b0\u1eddng L\u00e1ng", "3": "\u0110\u1ed1i di\u1ec7n 1014 \u0110\u01b0\u1eddng L\u00e1ng - C\u1ea7u C\u00f3t", "4": "\u0110\u1ed1i di\u1ec7n 794 \u0110\u01b0\u1eddng L\u00e1ng", "5": "\u0110\u1ed1i di\u1ec7n 608 \u0110\u01b0\u1eddng L\u00e1ng", "6": "\u0110\u1ed1i di\u1ec7n Ch\u1ee3 L\u00e1ng H\u1ea1 B - 564 \u0110\u01b0\u1eddng L\u00e1ng", "7": "\u0110\u1ed1i di\u1ec7n 498 \u0110\u01b0\u1eddng L\u00e1ng", "8": "\u0110\u1ed1i di\u1ec7n 310 \u0110\u01b0\u1eddng L\u00e1ng", "9": "Flatfom d\u00e0nh ri\u00eang cho xe bu\u00fdt tr\u01b0\u1edbc nh\u00e0 45 \u0110\u01b0\u1eddng L\u00e1ng", "10": "315 Tr\u01b0\u1eddng Chinh", "11": "\u0110\u1ed1i di\u1ec7n 196 Tr\u01b0\u1eddng Chinh", "12": "83A Tr\u01b0\u1eddng Chinh", "13": "197 \u0110\u1ea1i La - Qua Ph\u1ed1 V\u1ecdng", "14": "110 Minh Khai", "15": "248-250 Minh Khai (C\u00f4ng ty May Th\u0103ng Long )", "16": "308 Minh Khai (G\u1ea7n c\u1ea7u Mai \u0110\u1ed9ng)", "17": "376 - 378 Minh Khai - Nh\u00e0 m\u00e1y ch\u1ec9 kh\u00e2u", "18": "Vi\u1ec7n kinh t\u1ebf v\u00e0 k\u1ef9 thu\u1eadt d\u1ec7t may - 478 Minh Khai", "19": "690 - 692 Minh Khai", "20": "287 Nguy\u1ec5n Kho\u00e1i (Ng\u00e3 3 D\u1ed1c Minh Khai)", "21": "\u0110\u1ed1i di\u1ec7n BX L\u01b0\u01a1ng Y\u00ean (Tr\u01b0\u1edbc nh\u00e0 17B1 \u0110\u1ea7m Tr\u1ea5u) - Nguy\u1ec5n Kho\u00e1i", "22": "K9 B\u1ed9 \u0111\u1ed9i bi\u00ean ph\u00f2ng - Ng\u00f5 49 Nguy\u1ec5n Kho\u00e1i", "23": "\u0110\u1ed1i di\u1ec7n khu t\u1eadp th\u1ec3 15C Tr\u1ea7n Kh\u00e1nh D\u01b0 (chi\u1ec1u Tr\u1ea7n Kh\u00e1nh D\u01b0 \u0111i c\u1ea7u Ch\u01b0\u01a1ng D\u01b0\u01a1ng)", "24": "Tr\u01b0\u1edbc ph\u1ed1 Ch\u01b0\u01a1ng D\u01b0\u01a1ng \u0110\u1ed9 (\u0110\u1ed1i di\u1ec7n 198 Tr\u1ea7n Quang Kh\u1ea3i)", "25": "C\u1ea1nh ph\u1ed1 H\u00e0m T\u1eed Quan (\u0110\u1ed1i di\u1ec7n 162 Tr\u1ea7n Quang Kh\u1ea3i)", "26": "E1.3 \u0110i\u1ec3m trung chuy\u1ec3n Long Bi\u00ean", "27": "(A) Long Bi\u00ean - Tuy\u1ebfn 24"}}