{"Lat": {"0": 21.0719, "1": 21.0748333333, "2": 21.07805, "3": 21.083367000000003, "4": 21.081999999999997, "5": 21.076966666700002, "6": 21.0711666667, "7": 21.062196, "8": 21.0564833333, "9": 21.0535666667, "10": 21.05014, "11": 21.042816666700002, "12": 21.0416833333, "13": 21.0325666667, "14": 21.0287166667, "15": 21.029424, "16": 21.0278833333, "17": 21.0241666667, "18": 21.0229, "19": 21.020017000000003, "20": 21.0168833333, "21": 21.0146333333, "22": 21.012295, "23": 21.007917000000003, "24": 21.0049166667, "25": 21.00095, "26": 20.9931833333, "27": 20.9876, "28": 20.9842333333, "29": 20.97985}, "BusStopCode": {"0": 1763, "1": 1065, "2": 1066, "3": 1067, "4": 202, "5": 599, "6": 601, "7": 600, "8": 731, "9": 732, "10": 733, "11": 521, "12": 697, "13": 58, "14": 64, "15": 282, "16": 449, "17": 450, "18": 92, "19": 93, "20": 847, "21": 848, "22": 849, "23": 78, "24": 157, "25": 158, "26": 159, "27": 160, "28": 161, "29": 1677}, "FleetOver": {"0": "28", "1": "28,31", "2": "28,31", "3": "28,31", "4": "28,57", "5": "07,14,14CT,28,35B,46,53A,53B,56A,56C,57,60A,60B,61,93,95", "6": "07,14,14CT,28,35B,46,53A,53B,56A,56C,57,60A,60B,61,93,95", "7": "07,14,14CT,27,28,35A,38,45,46,53A,53B,60A,60B,61", "8": "28", "9": "28", "10": "28", "11": "28", "12": "13,28,97", "13": "07,16,20A,20B,26,27,28,32,34,49", "14": "105,26,27,28,32,34,38,49", "15": "09,09CT,27,28,32,34,38", "16": "28", "17": "28", "18": "18,23,28,49", "19": "28,30,49,99", "20": "25,28,99", "21": "25,28,99", "22": "25,28", "23": "21A,21B,25,26,28", "24": "03,21A,21B,25,28,32,41", "25": "03,18,21A,21B,23,25,28,32,41,99", "26": "03,03B,08A,08ACT,08B,08BCT,16,21A,21B,25,28,32,41", "27": "03,03B,08A,08ACT,08B,08BCT,16,21A,21B,25,28,32,41", "28": "03,03B,08A,08ACT,08B,08BCT,12,16,21A,21B,25,28,32,41", "29": "28"}, "Lng": {"0": 105.7772, "1": 105.77731666700001, "2": 105.777683333, "3": 105.778151, "4": 105.784066667, "5": 105.7864, "6": 105.7855, "7": 105.783753, "8": 105.784416667, "9": 105.787916667, "10": 105.789846, "11": 105.79031666700001, "12": 105.7939, "13": 105.7986, "14": 105.803666667, "15": 105.80879399999999, "16": 105.81765, "17": 105.8197, "18": 105.821666667, "19": 105.82666, "20": 105.83115, "21": 105.833616667, "22": 105.835743, "23": 105.83921699999999, "24": 105.8412, "25": 105.84118333299999, "26": 105.84108333299999, "27": 105.84095, "28": 105.840916667, "29": 105.841916667}, "Name": {"0": "(B) \u0110H M\u1ecf  - Tuy\u1ebfn 28", "1": "\u0110\u1ed1i di\u1ec7n H\u1ecdc vi\u1ec7n T\u00e0i Ch\u00ednh - \u0110\u01b0\u1eddng \u0110\u00f4ng Ng\u1ea1c", "2": "\u0110\u1ed1i di\u1ec7n C\u00f4ng ty CP c\u01a1 \u0111i\u1ec7n HN- \u0110\u01b0\u1eddng \u0110\u00f4ng Ng\u1ea1c", "3": "Ng\u00e3 3 nh\u00e0 m\u00e1y b\u00ea t\u00f4ng Ch\u00e8m, X\u00f3m 7 \u0110\u00f4ng Ng\u1ea1c - \u0110\u01b0\u1eddng \u0110\u00f4ng Ng\u1ea1c", "4": "H\u00e0ng r\u00e0o s\u1ed1 nh\u00e0 51 Ho\u00e0ng T\u0103ng B\u00ed - x\u00e3 \u0110\u00f4ng Ng\u1ea1c", "5": "96 Ph\u1ea1m V\u0103n \u0110\u1ed3ng (Ng\u00e3 4 Ph\u1ea1m V\u0103n \u0110\u1ed3ng - Xu\u00e2n \u0110\u1ec9nh)", "6": "Showroom \u00f4 t\u00f4 Trung S\u01a1n (\u0111\u1ed1i di\u1ec7n 315 Ph\u1ea1m V\u0103n \u0110\u1ed3ng)", "7": "Tr\u01b0\u1edbc 100m ng\u00f5 218 Ph\u1ea1m V\u0103n \u0110\u1ed3ng (\u0111\u1ed1i di\u1ec7n c\u00f4ng vi\u00ean H\u00f2a B\u00ecnh)", "8": "229 Tr\u1ea7n Cung - C\u1ea7u \u0110\u00ecnh Ho\u00e0ng", "9": "Doanh tr\u1ea1i Qu\u00e2n \u0111\u1ed9i nh\u00e2n d\u00e2n - 121 Tr\u1ea7n Cung", "10": "B\u1ec7nh Vi\u1ec7n E - 87 Tr\u1ea7n Cung", "11": "B\u00e3i \u0111\u1ed7 xe D\u1ecbch V\u1ecdng - 131 Nguy\u1ec5n Phong S\u1eafc", "12": "Gi\u1eefa nh\u00e0 181 T\u00f4 Hi\u1ec7u (\u0110\u1ed1i di\u1ec7n THCS Ngh\u0129a T\u00e2n)", "13": "165 C\u1ea7u Gi\u1ea5y - B\u01b0u \u0111i\u1ec7n C\u1ea7u Gi\u1ea5y", "14": "\u0110i\u1ec3m trung chuy\u1ec3n C\u1ea7u Gi\u1ea5y - GTVT 02", "15": "593 - 595 Kim M\u00e3", "16": "104 Nh\u00e0 B T\u1eadp th\u1ec3 Ng\u1ecdc Kh\u00e1nh - \u0110\u1ed1i di\u1ec7n Kh\u00e1ch s\u1ea1n Lake Side", "17": "172 Ng\u1ecdc Kh\u00e1nh - T\u1eadp \u0111o\u00e0n kinh t\u1ebf Vinashin", "18": "339-341 \u0110\u00ea La Th\u00e0nh (\u0110\u1ed1i di\u1ec7n \u0110H V\u0103n H\u00f3a)", "19": "144 \u00d4 Ch\u1ee3 D\u1eeba", "20": "253 X\u00e3 \u0110\u00e0n - Platform", "21": "165 X\u00e3 \u0110\u00e0n - Platform", "22": "71 X\u00e3 \u0110\u00e0n - Platform", "23": "Ng\u00e2n h\u00e0ng GP Bank - s\u1ed1 7 \u0110\u00e0o Duy Anh", "24": "\u0110\u1ed1i di\u1ec7n c\u1ed5ng Parabol \u0110H B\u00e1ch Khoa - 64 Gi\u1ea3i Ph\u00f3ng", "25": "B\u1ec7nh vi\u1ec7n B\u1ea1ch Mai - 78 Gi\u1ea3i Ph\u00f3ng", "26": "196 Gi\u1ea3i Ph\u00f3ng - Ng\u00e2n h\u00e0ng N\u00f4ng nghi\u1ec7p & PTNT Chi nh\u00e1nh Nam H\u00e0 N\u1ed9i", "27": "352 Gi\u1ea3i Ph\u00f3ng", "28": "\u0110\u1ed1i di\u1ec7n 807 Gi\u1ea3i Ph\u00f3ng", "29": "(A) BX Gi\u00e1p B\u00e1t - Tuy\u1ebfn 28"}}