{"Lat": {"0": 21.0656833333, "1": 21.0652166667, "2": 21.06385, "3": 21.0606833333, "4": 21.0514666667, "5": 21.0446666667, "6": 21.040003, "7": 21.037467000000003, "8": 21.036483333299998, "9": 21.038632999999997, "10": 21.0417166667, "11": 21.0415833333, "12": 21.0416833333, "13": 21.046083, "14": 21.0498166667, "15": 21.0528333333, "16": 21.0594, "17": 21.0620666667, "18": 21.065642999999998, "19": 21.0687666667, "20": 21.0736, "21": 21.0761166667, "22": 21.0758666667}, "BusStopCode": {"0": 1757, "1": 137, "2": 132, "3": 133, "4": 134, "5": 135, "6": 239, "7": 241, "8": 242, "9": 2137, "10": 783, "11": 784, "12": 697, "13": 232, "14": 311, "15": 305, "16": 306, "17": 307, "18": 308, "19": 309, "20": 314, "21": 310, "22": 1701}, "FleetOver": {"0": "13", "1": "13", "2": "13", "3": "13", "4": "13", "5": "13", "6": "05,13,20A,20B,29,32", "7": "13,26,49", "8": "13,20A,20B,26,29,32,49", "9": "13,35A,53B", "10": "13", "11": "13,27", "12": "13,28,97", "13": "13,14,14CT,33,45,96", "14": "13,25,33,55,55B,90", "15": "13,25,33,55,55B,90", "16": "13,25,33,55,55B,90", "17": "13,25,55,55B,90", "18": "13,25,55,55B,90", "19": "13,25,55,55B,90", "20": "13,55,55B,60A", "21": "13,55,55B", "22": "13"}, "Lng": {"0": 105.75941666700001, "1": 105.76135, "2": 105.76466666700001, "3": 105.773233333, "4": 105.771216667, "5": 105.766466667, "6": 105.76603300000001, "7": 105.77458, "8": 105.77818333299999, "9": 105.781067, "10": 105.78343333299999, "11": 105.7886, "12": 105.7939, "13": 105.80113300000001, "14": 105.80725, "15": 105.80916666700001, "16": 105.80898333299999, "17": 105.8093, "18": 105.810392, "19": 105.8115, "20": 105.81293333299999, "21": 105.814433333, "22": 105.81601666700001}, "Name": {"0": "(B) C\u1ed5 Nhu\u1ebf - HV C\u1ea3nh s\u00e1t - Tuy\u1ebfn 13", "1": "G\u1ea7n \u0111\u1ed1i di\u1ec7n ng\u00e3 3 v\u00e0o Th\u00f4n Tr\u00f9 2 - Ph\u01b0\u1eddng C\u1ed5 Nhu\u1ebf 2", "2": "Gi\u1eefa nh\u00e0 59-61 \u0110\u01b0\u1eddng T\u1eadp th\u1ec3 H\u1ecdc vi\u1ec7n C\u1ea3nh s\u00e1t", "3": "Doanh tr\u1ea1i Qu\u00e2n \u0111\u1ed9i nh\u00e2n d\u00e2n Vi\u1ec7t Nam (\u0110\u1ed1i di\u1ec7n c\u1ed9t \u0111i\u1ec7n CN7/4A) \u0110\u01b0\u1eddng K3 C\u1ea7u Di\u1ec5n", "4": "301A (\u0110\u1ed1i di\u1ec7n 336 T\u1ed5 8) - \u0110\u01b0\u1eddng K3 C\u1ea7u Di\u1ec5n", "5": "59 T\u1ed5 9 (\u0110\u1ed1i di\u1ec7n 48 T\u1ed5 9) - \u0110\u01b0\u1eddng K3 C\u1ea7u Di\u1ec5n", "6": "Tr\u1ee5 s\u1edf Huy\u1ec7n u\u1ef7 T\u1eeb Li\u00eam - H\u1ed3 T\u00f9ng M\u1eadu", "7": "\u0110\u1ea1i h\u1ecdc Th\u01b0\u01a1ng M\u1ea1i - H\u1ed3 T\u00f9ng M\u1eadu (c\u1ed9t sau)", "8": "S\u1ed1 9 H\u1ed3 T\u00f9ng M\u1eadu", "9": "H\u00e8 g\u1ea7n h\u1ea7m chui cho ng\u01b0\u1eddi \u0111i b\u1ed9 qua \u0111\u01b0\u1eddng khu v\u1ef1c c\u1ea7u Mai D\u1ecbch (tr\u01b0\u1edbc c\u1ed5ng tr\u01b0\u1eddng \u0110HNN 70m)", "10": "81 Tr\u1ea7n Qu\u1ed1c Ho\u00e0n", "11": "C\u1ed9t \u0111i\u1ec7n gi\u1eefa nh\u00e0 19-21 Tr\u1ea7n Qu\u1ed1c Ho\u00e0n", "12": "Gi\u1eefa nh\u00e0 181 T\u00f4 Hi\u1ec7u (\u0110\u1ed1i di\u1ec7n THCS Ngh\u0129a T\u00e2n)", "13": "G\u1ea7n H\u1ecdc vi\u1ec7n Qu\u1ed1c Ph\u00f2ng - 91 Ho\u00e0ng Qu\u1ed1c Vi\u1ec7t", "14": "50 - 52 L\u1ea1c Long Qu\u00e2n", "15": "196 L\u1ea1c Long Qu\u00e2n - Tr\u01b0\u1eddng m\u1ea7m non Hoa H\u1ed3ng", "16": "G\u1ea7n ng\u00e3 3 Xu\u00e2n La 40m - L\u1ea1c Long Qu\u00e2n (H\u1ed3 T\u00e2y)", "17": "312 L\u1ea1c Long Qu\u00e2n - Ch\u00f9a Thi\u00ean Ni\u00ean (ch\u00f9a S\u00e0i)", "18": "360 L\u1ea1c Long Qu\u00e2n", "19": "\u0110\u1ed1i di\u1ec7n Qu\u1eadn u\u1ef7 T\u00e2y H\u1ed3 - L\u1ea1c Long Qu\u00e2n", "20": "S\u1ed1 442-444 L\u1ea1c Long Qu\u00e2n (g\u1ea7n tr\u01b0\u1eddng THCS Nh\u1eadt T\u00e2n - 474 L\u1ea1c Long Qu\u00e2n)", "21": "596 L\u1ea1c Long Qu\u00e2n - C\u1ea1nh \u0111\u01b0\u1eddng v\u00e0o C\u00f4ng vi\u00ean N\u01b0\u1edbc H\u1ed3 T\u00e2y", "22": "(A) CV N\u01b0\u1edbc H\u1ed3 T\u00e2y - Tuy\u1ebfn 13"}}