{"Lat": {"0": 21.069166, "1": 21.0657833333, "2": 21.06265, "3": 21.0546166667, "4": 21.0499833333, "5": 21.047083333299998, "6": 21.045507999999998, "7": 21.04305, "8": 21.0400333333, "9": 21.03665, "10": 21.0350666667, "11": 21.034883333299998, "12": 21.0359166667, "13": 21.0381333333, "14": 21.0393666667, "15": 21.036683, "16": 21.0293166667, "17": 21.0285166667, "18": 21.0315833333, "19": 21.033122, "20": 21.03085, "21": 21.0288166667, "22": 21.03125, "23": 21.030416666700003, "24": 21.03005, "25": 21.034466666700002, "26": 21.0379333333, "27": 21.0383833333, "28": 21.038452, "29": 21.0416833333, "30": 21.0399833333}, "BusStopCode": {"0": 3182, "1": 3183, "2": 3184, "3": 3185, "4": 3186, "5": 4055, "6": 3187, "7": 3188, "8": 4056, "9": 4057, "10": 3191, "11": 4058, "12": 4059, "13": 4060, "14": 3193, "15": 3194, "16": 1893, "17": 1894, "18": 332, "19": 1810, "20": 1812, "21": 1814, "22": 3195, "23": 3196, "24": 1918, "25": 1932, "26": 3197, "27": 746, "28": 747, "29": 697, "30": 3198}, "FleetOver": {"0": "97", "1": "97", "2": "97", "3": "97", "4": "97", "5": "97", "6": "97", "7": "97", "8": "97", "9": "97", "10": "97", "11": "97", "12": "57,97", "13": "57,97", "14": "97", "15": "97", "16": "84,97", "17": "84,97", "18": "26,97", "19": "05,97", "20": "05,97", "21": "05,84,97", "22": "97", "23": "97", "24": "97", "25": "85,97", "26": "97", "27": "27,39,97", "28": "27,39,97", "29": "13,28,97", "30": "97"}, "Lng": {"0": 105.708606, "1": 105.7075, "2": 105.706616667, "3": 105.70511666700001, "4": 105.704033333, "5": 105.705216667, "6": 105.711147, "7": 105.71876666700001, "8": 105.72556666700001, "9": 105.73, "10": 105.73423333299999, "11": 105.73546666700001, "12": 105.7382, "13": 105.73801666700001, "14": 105.7421, "15": 105.74898300000001, "16": 105.76333333299999, "17": 105.76583333299999, "18": 105.769516667, "19": 105.770829, "20": 105.774533333, "21": 105.77845, "22": 105.78136666700001, "23": 105.786683333, "24": 105.78905, "25": 105.790783333, "26": 105.79198333299999, "27": 105.792683333, "28": 105.79294499999999, "29": 105.7939, "30": 105.79755}, "Name": {"0": "(A) Ho\u00e0i \u0110\u1ee9c (B\u1ebfn xe Ho\u00e0i \u0110\u1ee9c) - Tuy\u1ebfn 97", "1": "S\u1ed1 1 L\u01b0u X\u00e1 - \u0110\u1ee9c Giang - Ho\u00e0i \u0110\u1ee9c", "2": "Tr\u01b0\u1eddng THCS \u0110\u1ee9c Giang", "3": "C\u00f4ng ty CP x\u00e2y d\u1ef1ng kinh doanh T\u1ed5ng h\u1ee3p S\u01a1n H\u00e0", "4": "\u0110\u1ed1i di\u1ec7n tr\u01b0\u1eddng THPT Ho\u00e0i \u0110\u1ee9c A", "5": "Qua ng\u00e3 t\u01b0 S\u01a1n \u0110\u1ed3ng 70m - TL422", "6": "C\u00f4ng ty \u0111i\u1ec7n l\u1ef1c huy\u1ec7n Ho\u00e0i \u0110\u1ee9c", "7": "Tr\u1ea1m bi\u1ebfn \u00e1p Di Tr\u1ea1ch 6", "8": "Qua 30m \u0111\u1ed1i di\u1ec7n tr\u01b0\u1eddng M\u1ea7m non V\u00e2n Canh - TL422", "9": "\u0110\u00e0i t\u01b0\u1edfng ni\u1ec7m V\u00e2n Canh - TL422", "10": "\u0110\u1ed1i di\u1ec7n tr\u01b0\u1eddng THCS V\u00e2n Canh", "11": "Qua 30m c\u1ed5ng l\u00e0ng An Trai - TL422B", "12": "B\u01b0u \u0111i\u1ec7n V\u00e2n Canh - Xu\u00e2n Ph\u01b0\u01a1ng (TL70)", "13": "Tr\u01b0\u1edbc ng\u00e3 3 Xu\u00e2n Ph\u01b0\u01a1ng (TL70) - Tr\u1ea7n H\u1eefu D\u1ef1c 100m", "14": "\u0110\u1ed1i di\u1ec7n tr\u01b0\u1eddng \u0110H C\u00f4ng Ngh\u1ec7 \u0110\u00f4ng \u00c1", "15": "Tr\u01b0\u1edbc c\u1ea7u v\u01b0\u1ee3t Xu\u00e2n Ph\u01b0\u01a1ng 100m", "16": "\u0110\u1ed1i di\u1ec7n nh\u00e0 C6 K\u0110T M\u1ef9 \u0110\u00ecnh I - \u0111\u01b0\u1eddng Tr\u1ea7n H\u1eefu D\u1ef1c", "17": "\u0110\u1ed1i di\u1ec7n nh\u00e0 CT5-\u0110N1 K\u0110T M\u1ef9 \u0110\u00ecnh I - \u0111\u01b0\u1eddng Tr\u1ea7n H\u1eefu D\u1ef1c", "18": "\u0110\u1ed1i di\u1ec7n Nh\u00e0 CT2B K\u0110T M\u1ef9 \u0110\u00ecnh - L\u00ea \u0110\u1ee9c Th\u1ecd", "19": "V\u1ecbnh x\u00e9n h\u00e8 xe bu\u00fdt \u0111\u1ed1i di\u1ec7n t\u00f2a nh\u00e0 Sun Square - \u0111\u01b0\u1eddng Nguy\u1ec5n Ho\u00e0ng", "20": "V\u1ecbnh x\u00e9n h\u00e8 xe bu\u00fdt \u0111\u1ed1i di\u1ec7n t\u00f2a nh\u00e0 PT2 - K\u0110T Ph\u00fa M\u1ef9 - \u0111\u01b0\u1eddng Nguy\u1ec5n Ho\u00e0ng", "21": "Tr\u01b0\u1edbc 100m ng\u00e3 4 Nguy\u1ec5n Ho\u00e0ng - Ph\u1ea1m H\u00f9ng (\u0111\u1ed1i di\u1ec7n c\u00f4ng ty CP S\u00f4ng \u0110\u00e0 9)", "22": "Tr\u01b0\u1edbc ng\u00f5 19 Duy T\u00e2n 50m", "23": "\u0110\u1ed1i di\u1ec7n chi c\u1ee5c thi h\u00e0nh \u00e1n Qu\u1eadn C\u1ea7u Gi\u1ea5y", "24": "\u0110\u1ed1i di\u1ec7n tr\u01b0\u1eddng THCS C\u1ea7u Gi\u1ea5y", "25": "Tr\u01b0\u1edbc s\u1ed1 nh\u00e0 29 Tr\u01b0\u01a1ng C\u00f4ng Giai", "26": "Qua ng\u00f5 38 Tr\u1ea7n Qu\u00fd Ki\u00ean 30m", "27": "171-173 Tr\u1ea7n \u0110\u0103ng Ninh", "28": "B5 L\u00e0ng Qt\u1ebf Th\u0103ng Long (\u0110\u1ed1i di\u1ec7n 161 Tr\u1ea7n \u0110\u0103ng Ninh)", "29": "Gi\u1eefa nh\u00e0 181 T\u00f4 Hi\u1ec7u (\u0110\u1ed1i di\u1ec7n THCS Ngh\u0129a T\u00e2n)", "30": "(B) C\u00f4ng Vi\u00ean Ngh\u0129a \u0110\u00f4 - Tuy\u1ebfn 97"}}