{"Lat": {"0": 21.0424, "1": 21.0414333333, "2": 21.0334666667, "3": 21.0281166667, "4": 21.022683333299998, "5": 21.0229833333, "6": 21.022033333299998, "7": 21.0192, "8": 21.01605, "9": 21.0113, "10": 21.0039833333, "11": 21.0034166667, "12": 21.002883333299998, "13": 20.9996, "14": 20.997476000000002, "15": 20.9931833333, "16": 20.9876, "17": 20.9842333333, "18": 20.9803833333, "19": 20.9762666667, "20": 20.9717833333, "21": 20.964876999999998, "22": 20.960063, "23": 20.9549833333, "24": 20.9521333333, "25": 20.94655, "26": 20.9422833333, "27": 20.9389, "28": 20.9353, "29": 20.9321833333, "30": 20.9268, "31": 20.9248166667, "32": 20.9231833333, "33": 20.9199, "34": 20.9166166667, "35": 20.9155, "36": 20.9186333333}, "BusStopCode": {"0": 1939, "1": 865, "2": 489, "3": 390, "4": 425, "5": 393, "6": 33, "7": 34, "8": 35, "9": 36, "10": 40, "11": 344, "12": 345, "13": 743, "14": 744, "15": 159, "16": 160, "17": 161, "18": 162, "19": 163, "20": 164, "21": 429, "22": 430, "23": 431, "24": 432, "25": 433, "26": 434, "27": 435, "28": 436, "29": 437, "30": 438, "31": 1162, "32": 1163, "33": 1164, "34": 1165, "35": 1166, "36": 1940}, "FleetOver": {"0": "08ACT", "1": "04,08A,08ACT,08B,08BCT,36,36CT,55,55B,65,86,86CT", "2": "04,08A,08ACT,08B,08BCT,11,14,14CT,18,23", "3": "04,08A,08ACT,08B,08BCT,11,14CT,18,23", "4": "08A,08ACT,08B,08BCT,11", "5": "08A,08ACT,08B,08BCT,45,49", "6": "08A,08ACT,08B,08BCT,09,09CT,31,36,36CT", "7": "08A,08ACT,08B,08BCT,09,09CT,31,35A,36,36CT,38", "8": "08A,08ACT,08B,08BCT,31,35A,36,36CT,38,52A,52B", "9": "08A,08ACT,08B,08BCT,23,31,35A,36,36CT,38,52A,52B", "10": "08A,08ACT,08B,08BCT,36,36CT,38,52A,52B", "11": "08A,08ACT,08B,08BCT,18", "12": "08A,08ACT,08B,08BCT,18,23,26,31,47B", "13": "08A,08ACT,08B,08BCT", "14": "08A,08ACT,08B,08BCT,18,47B", "15": "03,03B,08A,08ACT,08B,08BCT,16,21A,21B,25,28,32,41", "16": "03,03B,08A,08ACT,08B,08BCT,16,21A,21B,25,28,32,41", "17": "03,03B,08A,08ACT,08B,08BCT,12,16,21A,21B,25,28,32,41", "18": "03B,06A,06B,06C,06D,06E,08A,08ACT,08B,08BCT,106,12,16,21B,22C", "19": "03B,06A,06B,06C,06D,06E,08A,08ACT,08B,08BCT,101,106,12,16,21B,22C,29,36,36CT,37,94", "20": "03B,06A,06B,06C,06D,06E,08A,08ACT,08B,08BCT,101,106,12,16,21B,22C,29,36,36CT,37,94", "21": "03B,04,06A,06B,06C,06D,06E,08A,08ACT,101,106,12,16,37,60A,60B,94,99", "22": "03B,04,06A,06B,06C,06D,06E,08A,08ACT,101,106,12,16,37,48,60A,60B,94,99", "23": "06A,06B,06C,06D,06E,08A,08ACT,101,12,94", "24": "06A,06B,06C,06D,06E,08A,08ACT,101,12,94", "25": "06A,06B,06C,06D,06E,08A,08ACT,101,12,39,94", "26": "06A,06B,06C,06D,06E,08A,08ACT,101,12,62,94", "27": "06A,06B,06C,06D,06E,08A,08ACT,101,12,62,94", "28": "06A,06B,06C,06D,06E,08A,08ACT,101,12,62,94", "29": "06A,06B,06C,06D,06E,08A,08ACT,101,12,62,94", "30": "06A,06B,06C,06D,06E,08A,08ACT,101,12,62,94", "31": "08A,08ACT", "32": "08A,08ACT", "33": "08A,08ACT", "34": "08A,08ACT", "35": "08A,08ACT", "36": "08ACT"}, "Lng": {"0": 105.84841666700001, "1": 105.84925, "2": 105.85441666700001, "3": 105.85565, "4": 105.85436666700001, "5": 105.85185, "6": 105.8504, "7": 105.84941666700001, "8": 105.84921666700001, "9": 105.84905, "10": 105.85106666700001, "11": 105.84856666700001, "12": 105.84748333299999, "13": 105.845316667, "14": 105.84591100000002, "15": 105.84108333299999, "16": 105.84095, "17": 105.840916667, "18": 105.84085, "19": 105.84078333299999, "20": 105.84076666700001, "21": 105.84183200000001, "22": 105.84218600000001, "23": 105.84321666700001, "24": 105.84381666700001, "25": 105.84416666700001, "26": 105.84386666700001, "27": 105.84428333299999, "28": 105.845733333, "29": 105.846966667, "30": 105.8493, "31": 105.852533333, "32": 105.856416667, "33": 105.86445, "34": 105.86781666700001, "35": 105.87188333299999, "36": 105.8737}, "Name": {"0": "(A) Long Bi\u00ean - Tuy\u1ebfn 08ACT", "1": "E3.4 \u0110i\u1ec3m trung chuy\u1ec3n Long Bi\u00ean", "2": "54 Nguy\u1ec5n H\u1eefu Hu\u00e2n", "3": "36 L\u00fd Th\u00e1i T\u1ed5 - Cung thi\u1ebfu nhi H\u00e0 N\u1ed9i", "4": "40 Ng\u00f4 Quy\u1ec1n - TT Giao D\u1ecbch C\u00f4ng Ngh\u1ec7", "5": "\u0110\u1ed1i di\u1ec7n 39 L\u00fd Th\u01b0\u1eddng Ki\u1ec7t", "6": "58B B\u00e0 Tri\u1ec7u", "7": "92-94 B\u00e0 Tri\u1ec7u", "8": "180 - 182 B\u00e0 Tri\u1ec7u", "9": "\u0110\u1ed1i di\u1ec7n Vincom Tower - B\u00e0 Tri\u1ec7u", "10": "216-218 B\u1ea1ch Mai", "11": "60 L\u00ea Thanh Ngh\u1ecb", "12": "Qua Vi\u1ec7n tin h\u1ecdc ph\u00e1p ng\u1eef 20m - L\u00ea Thanh Ngh\u1ecb", "13": "K\u00ed t\u00fac x\u00e1 \u0110H X\u00e2y D\u1ef1ng", "14": "106 Tr\u1ea7n \u0110\u1ea1i Ngh\u0129a", "15": "196 Gi\u1ea3i Ph\u00f3ng - Ng\u00e2n h\u00e0ng N\u00f4ng nghi\u1ec7p & PTNT Chi nh\u00e1nh Nam H\u00e0 N\u1ed9i", "16": "352 Gi\u1ea3i Ph\u00f3ng", "17": "\u0110\u1ed1i di\u1ec7n 807 Gi\u1ea3i Ph\u00f3ng", "18": "\u0110\u1ed1i di\u1ec7n B\u1ebfn xe Gi\u00e1p B\u00e1t - Gi\u1ea3i Ph\u00f3ng", "19": "Ga Gi\u00e1p B\u00e1t - \u0110\u1ed1i di\u1ec7n 1035 Gi\u1ea3i Ph\u00f3ng", "20": "\u0110\u1ed1i di\u1ec7n 1251 Gi\u1ea3i Ph\u00f3ng", "21": "\u0110\u1ed1i di\u1ec7n T\u1eadp th\u1ec3 B\u1ebfn xe N\u01b0\u1edbc ng\u1ea7m H\u00e0 N\u1ed9i - Ng\u1ecdc H\u1ed3i", "22": "Tr\u01b0\u1eddng PTTH Vi\u1ec7t Nam Balan (\u0110\u1ed1i di\u1ec7n Kh\u00e1ch s\u1ea1n Nam Th\u00e0nh) - Ng\u1ecdc H\u1ed3i", "23": "Qua \u0111\u01b0\u1eddng v\u00e0o B\u1ec7nh vi\u1ec7n \u0111a khoa Th\u0103ng Long 60m - \u0110\u1ed1i di\u1ec7n 171 Ng\u1ecdc H\u1ed3i", "24": "\u0110\u1ed1i di\u1ec7n TCT c\u01a1 \u0111i\u1ec7n n\u00f4ng nghi\u1ec7p & Th\u1ee7y l\u1ee3i (V\u0103n \u0110i\u1ec3n) - 264 Ng\u1ecdc H\u1ed3i", "25": "\u0110\u1ed1i di\u1ec7n Tr\u1ee5 s\u1edf H\u0110ND huy\u1ec7n Thanh Tr\u00ec - Ng\u1ecdc H\u1ed3i", "26": "Qua ng\u00e3 3 Ng\u1ecdc H\u1ed3i - Phan Tr\u1ecdng Tu\u1ec7 100m - Ng\u1ecdc H\u1ed3i", "27": "Qua Khu t\u1eadp th\u1ec3 LIC\u00d4LA 100m - Ng\u1ecdc H\u1ed3i", "28": "G\u1ea7n ng\u00e3 3 \u0111\u01b0\u1eddng Qu\u1ef3nh \u0110\u00f4 - Ng\u1ecdc H\u1ed3i", "29": "Qua C\u00f4ng ty CP V\u1eadn t\u1ea3i & D\u1ecbch v\u1ee5 TS 15m - Ng\u1ecdc H\u1ed3i", "30": "Vi\u1ec7n nghi\u00ean c\u1ee9u tr\u1ed3ng & ph\u00e1t tri\u1ec3n c\u00e2y thu\u1ed1c", "31": "\u0110\u1ed1i di\u1ec7n C\u00f4ng ty CP XNK v\u1eadt t\u01b0 N\u00f4ng Nghi\u1ec7p - Ng\u0169 Hi\u1ec7p", "32": "XN thi\u1ebft b\u1ecb y t\u1ebf 130 - Ng\u0169 Hi\u1ec7p", "33": "\u0110\u1ed1i di\u1ec7n l\u00e0ng T\u01b0\u01a1ng Ch\u00fac - Ng\u0169 Hi\u1ec7p", "34": "C\u1ea7u \u0110\u00f4ng M\u1ef9- Ng\u0169 Hi\u1ec7p (Chi\u1ec1u Long Bi\u00ean - \u0110\u00f4ng M\u1ef9)", "35": "Trung t\u00e2m gi\u00e1o d\u1ee5c th\u01b0\u1eddng xuy\u00ean \u0110\u00f4ng M\u1ef9 - Ng\u0169 Hi\u1ec7p", "36": "(B) SV\u0110 \u0110\u00f4ng M\u1ef9 - Tuy\u1ebfn 08ACT"}}