{"Lat": {"0": 21.0281, "1": 21.0229833333, "2": 21.018608, "3": 21.0147333333, "4": 21.0112666667, "5": 21.0067666667, "6": 21.0026, "7": 20.9980166667, "8": 20.9948333333, "9": 20.9904666667, "10": 20.988163, "11": 20.985882999999998, "12": 20.983446, "13": 20.980401, "14": 20.979275, "15": 20.975483333299998, "16": 20.9724666667, "17": 20.9689833333, "18": 20.9668833333, "19": 20.9644833333, "20": 20.960616666700002, "21": 20.9575666667, "22": 20.955916666700002, "23": 20.9510333333, "24": 20.9465333333, "25": 20.9451}, "BusStopCode": {"0": 2846, "1": 584, "2": 585, "3": 586, "4": 587, "5": 588, "6": 259, "7": 2827, "8": 260, "9": 544, "10": 536, "11": 537, "12": 797, "13": 798, "14": 799, "15": 800, "16": 621, "17": 622, "18": 623, "19": 1058, "20": 2140, "21": 2144, "22": 2145, "23": 2146, "24": 2147, "25": 3164}, "FleetOver": {"0": "22B", "1": "104,22B,30,33,35A,39,46,60A,60B,74,84,87,88", "2": "103,104,21B,22B,29,30,33,35A,39,44,60A,60B,74,84,87,88", "3": "103,21B,22B,33,35A,39,50,60A,60B,87", "4": "103,21B,22B,35A,39,50,60A,60B,87", "5": "103,21B,22B,35A,39,50,60A,60B,87", "6": "103,21B,22B,39", "7": "21B,22B,39", "8": "21B,22B,39", "9": "01,02,105,19,21A,22B,22C,27,39", "10": "01,02,105,19,21A,22B,22C,27,39", "11": "01,02,105,19,21A,22B,22C,27,39", "12": "01,02,105,19,21A,22B,22C,27,39", "13": "01,02,103,105,19,21A,22B,22C,27,33,39,85", "14": "01,02,103,105,106,19,21A,22B,22C,27,33,85", "15": "01,02,103,105,106,19,21A,22B,22C,27,33", "16": "103,105,106,22B", "17": "103,105,106,22B,37,62", "18": "103,105,106,22B,37,39,62", "19": "103,105,106,22B,37,39,62", "20": "103,105,22B", "21": "22B", "22": "22B", "23": "22B", "24": "22B", "25": "22B"}, "Lng": {"0": 105.7785, "1": 105.778566667, "2": 105.78126100000001, "3": 105.78423333299999, "4": 105.78705, "5": 105.79068333299999, "6": 105.7941, "7": 105.7978, "8": 105.800316667, "9": 105.80138333299999, "10": 105.798207, "11": 105.794981, "12": 105.79166200000002, "13": 105.7879, "14": 105.786454, "15": 105.78155, "16": 105.782416667, "17": 105.785383333, "18": 105.78948333299999, "19": 105.79408333299999, "20": 105.79228333299999, "21": 105.79071666700001, "22": 105.79285, "23": 105.7913, "24": 105.78988333299999, "25": 105.792516667}, "Name": {"0": "(B) BX M\u1ef9 \u0110\u00ecnh - Tuy\u1ebfn 22B", "1": "G\u1ea7n ng\u00e3 4 Ph\u1ea1m H\u00f9ng - \u0110\u00ecnh Th\u00f4n (H\u01b0\u1edbng \u0111i Khu\u1ea5t Duy Ti\u1ebfn)-c\u1ed9t sau", "2": "Nh\u00e0 CT5 K\u0110T S\u00f4ng \u0110\u00e0 M\u1ef9 \u0110\u00ecnh - Ph\u1ea1m H\u00f9ng", "3": "Nh\u00e0 CT5-D K\u0110T M\u1ef9 \u0110\u00ecnh - Ph\u1ea1m H\u00f9ng", "4": "B\u1ea3o t\u00e0ng H\u00e0 N\u1ed9i - Ph\u1ea1m H\u00f9ng", "5": "Ng\u00e3 4 Ph\u1ea1m H\u00f9ng - Khu\u1ea5t Duy Ti\u1ebfn (Trung t\u00e2m H\u1ed9i ngh\u1ecb Qu\u1ed1c Gia)", "6": "246 Khu\u1ea5t Duy Ti\u1ebfn", "7": "39 - 41 Khu\u1ea5t Duy Ti\u1ebfn", "8": "Qu\u1eadn u\u1ef7 Thanh Xu\u00e2n - S\u1ed1 9 Khu\u1ea5t Duy Ti\u1ebfn", "9": "B\u00e1ch h\u00f3a Thanh Xu\u00e2n - \u0111\u01b0\u1eddng Nguy\u1ec5n Tr\u00e3i", "10": "204-206 Nguy\u1ec5n Tr\u00e3i (G\u1ea7n ng\u00e3 3 Nguy\u1ec5n Tr\u00e3i - L\u01b0\u01a1ng Th\u1ebf Vinh )", "11": "C\u00f4ng ty CP C\u00f4ng tr\u00ecnh GT 873 - Nguy\u1ec5n Tr\u00e3i", "12": "S\u1ed1 10 Tr\u1ea7n Ph\u00fa - Si\u00eau Th\u1ecb Vi\u1ec7t Long", "13": "H\u1ecdc vi\u1ec7n c\u00f4ng ngh\u1ec7 b\u01b0u ch\u00ednh vi\u1ec5n th\u00f4ng - Tr\u1ea7n Ph\u00fa (H\u00e0 \u0110\u00f4ng)", "14": "100 Tr\u1ea7n Ph\u00fa (H\u00e0 \u0110\u00f4ng)", "15": "Kh\u00e1ch s\u1ea1n S\u00f4ng Nhu\u1ec7 (148 Tr\u1ea7n Ph\u00fa- H\u00e0 \u0110\u00f4ng)", "16": "\u0110\u1ed1i di\u1ec7n Trung t\u00e2m V\u0103n h\u00f3a Th\u00f4ng tin T\u1ec9nh H\u00e0 T\u00e2y - Ph\u00f9ng H\u01b0ng (H\u00e0 \u0110\u00f4ng)", "17": "70 Ph\u00f9ng H\u01b0ng (H\u00e0 \u0110\u00f4ng)", "18": "H\u1ecdc vi\u1ec7n Qu\u00e2n Y - Ph\u00f9ng H\u01b0ng (H\u00e0 \u0110\u00f4ng)", "19": "C\u1ed5ng th\u00f4n Y\u00ean X\u00e1 - 89 C\u1ea7u B\u01b0\u01a1u", "20": "T\u01b0\u1eddng r\u00e0o kh\u00e1ch s\u1ea1n M\u01b0\u1eddng Thanh - K\u0110T Xa La - \u0110\u01b0\u1eddng Ph\u00fac La", "21": "\u0110\u1ed1i di\u1ec7n 17 T\u1ed5 10 Ki\u1ebfn H\u01b0ng - Ph\u1ed1 M\u1eadu L\u01b0\u01a1ng", "22": "\u0110\u1ed1i di\u1ec7n s\u00e2n b\u00f3ng M\u1eadu L\u01b0\u01a1ng - \u0110\u01b0\u1eddng L\u00ea Xu\u00e2n \u0110i\u1ec7p", "23": "\u0110\u1ed1i di\u1ec7n khu chung c\u01b0 v\u00e0 nh\u00e0 \u1edf qu\u00e2n \u0111\u1ed9i - B\u1ed9 Qu\u1ed1c Ph\u00f2ng - \u0110\u01b0\u1eddng L\u00ea Xu\u00e2n \u0110i\u1ec7p", "24": "\u0110\u1ed1i di\u1ec7n 22 DG8 K\u0110T Ki\u1ebfn H\u01b0ng - \u0110\u01b0\u1eddng L\u00ea Xu\u00e2n \u0110i\u1ec7p", "25": "(A) K\u0110T Ki\u1ebfn H\u01b0ng - Tuy\u1ebfn 22B"}}