{"Lat": {"0": 21.0719, "1": 21.0748333333, "2": 21.07805, "3": 21.083367000000003, "4": 21.0903833333, "5": 21.0935, "6": 21.09185, "7": 21.0906166667, "8": 21.089233333299997, "9": 21.0895833333, "10": 21.0897333333, "11": 21.0899, "12": 21.0868666667, "13": 21.0804166667, "14": 21.0765833333, "15": 21.0735333333, "16": 21.06945, "17": 21.066, "18": 21.0630666667, "19": 21.0604833333, "20": 21.0490833333, "21": 21.0462666667, "22": 21.043913, "23": 21.041116666700002, "24": 21.0372666667, "25": 21.03415, "26": 21.02505, "27": 21.022033333299998, "28": 21.0192, "29": 21.01605, "30": 21.0113, "31": 21.0061833333, "32": 21.002883333299998, "33": 21.00665}, "BusStopCode": {"0": 1764, "1": 1065, "2": 1066, "3": 1067, "4": 1068, "5": 9, "6": 10, "7": 11, "8": 12, "9": 13, "10": 14, "11": 15, "12": 16, "13": 24, "14": 25, "15": 26, "16": 27, "17": 28, "18": 29, "19": 30, "20": 862, "21": 863, "22": 864, "23": 868, "24": 187, "25": 184, "26": 32, "27": 33, "28": 34, "29": 35, "30": 36, "31": 660, "32": 345, "33": 1707}, "FleetOver": {"0": "31", "1": "28,31", "2": "28,31", "3": "28,31", "4": "31", "5": "31", "6": "31", "7": "31,58", "8": "31,58", "9": "31,58", "10": "31,58", "11": "31,58", "12": "31,58", "13": "31,55,55B,58,86,86CT", "14": "31,55,55B,58", "15": "31,55,55B,58", "16": "31,55,55B,58", "17": "31,41,55,55B,58", "18": "31,41,55,55B,58", "19": "31,41,55,55B,58,86,86CT", "20": "31,41,50,55,55B,58", "21": "31,41,50,55,55B,58,86,86CT", "22": "31,41,50,55,55B,58", "23": "01,14,14CT,22A,31", "24": "31", "25": "31", "26": "09,31", "27": "08A,08ACT,08B,08BCT,09,09CT,31,36,36CT", "28": "08A,08ACT,08B,08BCT,09,09CT,31,35A,36,36CT,38", "29": "08A,08ACT,08B,08BCT,31,35A,36,36CT,38,52A,52B", "30": "08A,08ACT,08B,08BCT,23,31,35A,36,36CT,38,52A,52B", "31": "23,31,47B", "32": "08A,08ACT,08B,08BCT,18,23,26,31,47B", "33": "31"}, "Lng": {"0": 105.7772, "1": 105.77731666700001, "2": 105.777683333, "3": 105.778151, "4": 105.7777, "5": 105.77858333299999, "6": 105.783083333, "7": 105.7889, "8": 105.797716667, "9": 105.80285, "10": 105.807633333, "11": 105.81158333299999, "12": 105.8157, "13": 105.8185, "14": 105.8213, "15": 105.82491666700001, "16": 105.826016667, "17": 105.82815, "18": 105.83200000000001, "19": 105.8331, "20": 105.84153333299999, "21": 105.84416666700001, "22": 105.84713799999999, "23": 105.849616667, "24": 105.848216667, "25": 105.84981666700001, "26": 105.85141666700001, "27": 105.8504, "28": 105.84941666700001, "29": 105.84921666700001, "30": 105.84905, "31": 105.847283333, "32": 105.84748333299999, "33": 105.845183333}, "Name": {"0": "(B) \u0110H M\u1ecf  - Tuy\u1ebfn 31", "1": "\u0110\u1ed1i di\u1ec7n H\u1ecdc vi\u1ec7n T\u00e0i Ch\u00ednh - \u0110\u01b0\u1eddng \u0110\u00f4ng Ng\u1ea1c", "2": "\u0110\u1ed1i di\u1ec7n C\u00f4ng ty CP c\u01a1 \u0111i\u1ec7n HN- \u0110\u01b0\u1eddng \u0110\u00f4ng Ng\u1ea1c", "3": "Ng\u00e3 3 nh\u00e0 m\u00e1y b\u00ea t\u00f4ng Ch\u00e8m, X\u00f3m 7 \u0110\u00f4ng Ng\u1ea1c - \u0110\u01b0\u1eddng \u0110\u00f4ng Ng\u1ea1c", "4": "\u0110\u00ecnh L\u00e0ng Li\u00ean Ng\u1ea1c - \u0110\u01b0\u1eddng \u0110\u00f4ng Ng\u1ea1c", "5": "Ng\u00e3 3 D\u1ed1c K\u1ebb Ch\u00e8m (C\u1ea1nh B\u01b0u \u0111i\u1ec7n H\u1ed3ng Ng\u1ef1) - An D\u01b0\u01a1ng V\u01b0\u01a1ng", "6": "Tr\u01b0\u1eddng ti\u1ec3u h\u1ecdc \u0110\u00f4ng Ng\u1ea1c A Ch\u00e8m - An D\u01b0\u01a1ng V\u01b0\u01a1ng", "7": "X\u00f3m \u0110\u00ecnh Nh\u1eadt T\u1ea3o (Qua \u0110\u00ecnh Nh\u1eadt T\u1ea3o 100m) - An D\u01b0\u01a1ng V\u01b0\u01a1ng", "8": "L\u00e0ng Th\u01b0\u1ee3ng Th\u1ee5y - 401 An D\u01b0\u01a1ng V\u01b0\u01a1ng", "9": "327-329 An D\u01b0\u01a1ng V\u01b0\u01a1ng", "10": "L\u1ed1i r\u1ebd v\u00e0o UBND x\u00e3 Ph\u00fa Th\u01b0\u1ee3ng - An D\u01b0\u01a1ng V\u01b0\u01a1ng", "11": "Tr\u1ea1m th\u00fa y T\u00e2y H\u1ed3 - 197 An D\u01b0\u01a1ng V\u01b0\u01a1ng", "12": "\u0110\u1ed1i di\u1ec7n ng\u00f5 58 An D\u01b0\u01a1ng V\u01b0\u01a1ng", "13": "523 \u00c2u c\u01a1 (Qua ng\u00e3 3 L\u1ea1c Long Qu\u00e2n)", "14": "\u0110\u00ecnh Nh\u1eadt T\u00e2n - 405 \u00c2u C\u01a1", "15": "S\u1ed1 325 \u00c2u C\u01a1", "16": "251-253 \u00c2u C\u01a1", "17": "215 \u00c2u C\u01a1 (\u0110\u1ed1i di\u1ec7n Ch\u1ee3 \u0111\u1ed3 c\u0169 Qu\u1ea3ng An)", "18": "111 \u00c2u c\u01a1", "19": "33 \u00c2u C\u01a1", "20": "Tr\u01b0\u1eddng M\u1ea1c \u0110\u0129nh Chi - Y\u00ean Ph\u1ee5 (\u0111\u01b0\u1eddng xe bu\u00fdt)", "21": "Qua n\u00fat giao C\u1eeda B\u1eafc 120m - Y\u00ean Ph\u1ee5 (\u0111\u01b0\u1eddng xe bu\u00fdt)", "22": "Tr\u01b0\u1edbc n\u00fat giao H\u00e0ng Than 70m - Y\u00ean Ph\u1ee5 (\u0111\u01b0\u1eddng xe bu\u00fdt)", "23": "E3.1 \u0110i\u1ec3m trung chuy\u1ec3n Long Bi\u00ean", "24": "22C H\u00e0ng L\u01b0\u1ee3c", "25": "56 H\u00e0ng C\u00e2n", "26": "24A B\u00e0 Tri\u1ec7u", "27": "58B B\u00e0 Tri\u1ec7u", "28": "92-94 B\u00e0 Tri\u1ec7u", "29": "180 - 182 B\u00e0 Tri\u1ec7u", "30": "\u0110\u1ed1i di\u1ec7n Vincom Tower - B\u00e0 Tri\u1ec7u", "31": "B13 KTX B\u00e1ch Khoa - T\u1ea1 Quang B\u1eedu", "32": "Qua Vi\u1ec7n tin h\u1ecdc ph\u00e1p ng\u1eef 20m - L\u00ea Thanh Ngh\u1ecb", "33": "(A) \u0110\u1ea1i h\u1ecdc B\u00e1ch Khoa  - Tuy\u1ebfn 31"}}