{"Lat": {"0": 21.0266166667, "1": 21.006283, "2": 21.0106333333, "3": 21.0172, "4": 21.0221166667, "5": 21.028166666700002, "6": 21.031999999999996, "7": 21.0412666667, "8": 21.0440666667, "9": 21.046466666700002, "10": 21.0503333333, "11": 21.061584, "12": 21.06355, "13": 21.0665833333, "14": 21.0699333333, "15": 21.0737166667, "16": 21.077033333299998, "17": 21.0803, "18": 21.0774666667, "19": 21.0715166667, "20": 21.0685333333, "21": 21.066, "22": 21.063788, "23": 21.058726999999998, "24": 21.0530833333, "25": 21.048982000000002, "26": 21.0444833333, "27": 21.0393333333, "28": 21.0355166667, "29": 21.0314333333, "30": 21.0285833333, "31": 21.027516666700002}, "BusStopCode": {"0": 2830, "1": 515, "2": 516, "3": 517, "4": 764, "5": 777, "6": 778, "7": 855, "8": 859, "9": 860, "10": 861, "11": 17, "12": 18, "13": 19, "14": 20, "15": 21, "16": 22, "17": 23, "18": 299, "19": 313, "20": 300, "21": 301, "22": 302, "23": 303, "24": 304, "25": 312, "26": 46, "27": 47, "28": 48, "29": 49, "30": 63, "31": 2831}, "FleetOver": {"0": "55B", "1": "24,40,45,47B,48,51,55,55B", "2": "19,24,40,45,48,51,55,55B", "3": "24,48,51,55,55B", "4": "03,19,24,42,43,44,48,51,55,55B", "5": "03,24,42,43,48,55,55B", "6": "03,24,42,43,48,55,55B", "7": "41,50,55,55B,86,86CT", "8": "31,50,55,55B,58", "9": "31,41,50,55,55B,58,86,86CT", "10": "31,41,55,55B,58", "11": "31,41,55,55B,58", "12": "31,41,55,55B,58", "13": "31,41,55,55B,58", "14": "31,55,55B,58", "15": "31,55,55B,58", "16": "31,55,55B,58", "17": "31,55,55B,58,86,86CT", "18": "55,55B", "19": "13,55,55B,60A", "20": "13,25,55,55B,90", "21": "13,25,55,55B,90", "22": "13,25,55,55B,90", "23": "13,25,33,55,55B,90", "24": "13,25,33,55,55B,90", "25": "13,25,33,55,55B,90", "26": "25,55,55B", "27": "25,55,55B", "28": "25,55,55B", "29": "38,55,55B", "30": "07,09,09CT,20A,20B,24,55,55B", "31": "55B"}, "Lng": {"0": 105.89933333299999, "1": 105.86838300000001, "2": 105.864516667, "3": 105.862433333, "4": 105.861483333, "5": 105.85833333299999, "6": 105.85643300000001, "7": 105.8497, "8": 105.84705, "9": 105.844016667, "10": 105.8406, "11": 105.83260800000001, "12": 105.83195, "13": 105.82781666700001, "14": 105.82616666700001, "15": 105.82488333299999, "16": 105.82103333299999, "17": 105.818733333, "18": 105.81506666700001, "19": 105.81213333299999, "20": 105.81123333299999, "21": 105.81038333299999, "22": 105.80951999999999, "23": 105.80875800000001, "24": 105.809, "25": 105.806513, "26": 105.805783333, "27": 105.80661666700001, "28": 105.80568333299999, "29": 105.80273333299999, "30": 105.80388333299999, "31": 105.805333333}, "Name": {"0": "(A)TTTM Aeon Mall - Tuy\u1ebfn 55B", "1": "287 Nguy\u1ec5n Kho\u00e1i (Ng\u00e3 3 D\u1ed1c Minh Khai)", "2": "\u0110\u1ed1i di\u1ec7n BX L\u01b0\u01a1ng Y\u00ean (Tr\u01b0\u1edbc nh\u00e0 17B1 \u0110\u1ea7m Tr\u1ea5u) - Nguy\u1ec5n Kho\u00e1i", "3": "K9 B\u1ed9 \u0111\u1ed9i bi\u00ean ph\u00f2ng - Ng\u00f5 49 Nguy\u1ec5n Kho\u00e1i", "4": "\u0110\u1ed1i di\u1ec7n khu t\u1eadp th\u1ec3 15C Tr\u1ea7n Kh\u00e1nh D\u01b0 (chi\u1ec1u Tr\u1ea7n Kh\u00e1nh D\u01b0 \u0111i c\u1ea7u Ch\u01b0\u01a1ng D\u01b0\u01a1ng)", "5": "Tr\u01b0\u1edbc ph\u1ed1 Ch\u01b0\u01a1ng D\u01b0\u01a1ng \u0110\u1ed9 (\u0110\u1ed1i di\u1ec7n 198 Tr\u1ea7n Quang Kh\u1ea3i)", "6": "C\u1ea1nh ph\u1ed1 H\u00e0m T\u1eed Quan (\u0110\u1ed1i di\u1ec7n 162 Tr\u1ea7n Quang Kh\u1ea3i)", "7": "E1.4 \u0110i\u1ec3m trung chuy\u1ec3n Long Bi\u00ean", "8": "Qua n\u00fat giao H\u00e0ng Than 50m - Y\u00ean Ph\u1ee5 (\u0111\u01b0\u1eddng xe bu\u00fdt)", "9": "Tr\u01b0\u1edbc n\u00fat giao C\u1eeda B\u1eafc 30m - Y\u00ean Ph\u1ee5 (\u0111\u01b0\u1eddng xe bu\u00fdt)", "10": "\u0110\u01b0\u1eddng v\u00e0o b\u00e3i An D\u01b0\u01a1ng - Y\u00ean Ph\u1ee5 (\u0110\u1ed1i di\u1ec7n Sofitel Plaza)", "11": "S\u1ed1 48-50 \u00c2u C\u01a1", "12": "S\u1ed1 136 \u00c2u C\u01a1", "13": "Ch\u1ee3 \u0111\u1ed3 c\u0169 Qu\u1ea3ng An - \u00c2u C\u01a1", "14": "236 \u00c2u C\u01a1", "15": "S\u1ed1 286 \u00c2u C\u01a1", "16": "\u0110\u1ed1i di\u1ec7n 415 \u00c2u C\u01a1", "17": "\u0110\u1ed1i di\u1ec7n 513 \u00c2u C\u01a1 (G\u1ea7n ng\u00e3 3 L\u1ea1c Long Qu\u00e2n)", "18": "\u0110\u1ed1i di\u1ec7n 634-636 L\u1ea1c Long Qu\u00e2n", "19": "Qua 50m ng\u00f5 677 L\u1ea1c Long Qu\u00e2n (\u0110\u1ed1i di\u1ec7n tr\u01b0\u1eddng THCS Nh\u1eadt T\u00e2n - 474 L\u1ea1c Long Qu\u00e2n)", "20": "Tr\u1ee5 s\u1edf Qu\u1eadn u\u1ef7 T\u00e2y H\u1ed3 - 657 L\u1ea1c Long Qu\u00e2n", "21": "579 L\u1ea1c Long Qu\u00e2n", "22": "545 L\u1ea1c Long Qu\u00e2n", "23": "Qua ng\u00e3 3 Xu\u00e2n La 70m - L\u1ea1c Long Qu\u00e2n (H\u1ed3 T\u00e2y)", "24": "G\u1ea7n ng\u00e3 3 V\u00f5ng Th\u1ecb - S\u1ed1 313 L\u1ea1c Long Qu\u00e2n", "25": "105 - 111 L\u1ea1c Long Qu\u00e2n (G\u1ea7n \u0111\u1ed1i di\u1ec7n ng\u00e3 3 Th\u1ee5y Khu\u00ea)", "26": "\u0110\u1ed1i di\u1ec7n 528 \u0111\u01b0\u1eddng B\u01b0\u1edfi d\u01b0\u1edbi - Ng\u00e3 3 Ho\u00e0ng Qu\u1ed1c Vi\u1ec7t", "27": "\u0110\u1ed1i di\u1ec7n 298 \u0111\u01b0\u1eddng B\u01b0\u1edfi d\u01b0\u1edbi", "28": "\u0110\u1ed1i di\u1ec7n 198 \u0111\u01b0\u1eddng B\u01b0\u1edfi d\u01b0\u1edbi - Ng\u00e3 3 Nguy\u1ec5n Kh\u00e1nh To\u00e0n", "29": "\u0110\u1ed1i di\u1ec7n C\u00f4ng vi\u00ean Th\u1ee7 L\u1ec7 - \u0110\u01b0\u1eddng B\u01b0\u1edfi d\u01b0\u1edbi", "30": "\u0110i\u1ec3m trung chuy\u1ec3n C\u1ea7u Gi\u1ea5y - GTVT 01", "31": "(B) C\u1ea7u Gi\u1ea5y - Tuy\u1ebfn 55B"}}