{"Lat": {"0": 20.9186333333, "1": 20.9162333333, "2": 20.91685, "3": 20.9197666667, "4": 20.9232333333, "5": 20.92495, "6": 20.9267166667, "7": 20.931938, "8": 20.93545, "9": 20.939083333299997, "10": 20.94415, "11": 20.947, "12": 20.951628, "13": 20.9556, "14": 20.9579, "15": 20.9639166667, "16": 20.971045999999998, "17": 20.9805833333, "18": 20.984671, "19": 20.989376999999998, "20": 20.9933833333, "21": 20.9970333333, "22": 20.9999, "23": 21.002753, "24": 21.0033333333, "25": 21.00431, "26": 21.010077, "27": 21.014253, "28": 21.018833333299998, "29": 21.022033, "30": 21.02365, "31": 21.026733333299997, "32": 21.031982, "33": 21.0345833333, "34": 21.041483, "35": 21.0424}, "BusStopCode": {"0": 1940, "1": 1167, "2": 1168, "3": 1169, "4": 1170, "5": 1171, "6": 439, "7": 440, "8": 441, "9": 442, "10": 443, "11": 444, "12": 445, "13": 446, "14": 447, "15": 448, "16": 165, "17": 45, "18": 166, "19": 167, "20": 168, "21": 81, "22": 745, "23": 342, "24": 343, "25": 39, "26": 627, "27": 628, "28": 629, "29": 397, "30": 606, "31": 391, "32": 190, "33": 188, "34": 858, "35": 1939}, "FleetOver": {"0": "08ACT", "1": "08A,08ACT", "2": "08A,08ACT", "3": "08A,08ACT", "4": "08A,08ACT", "5": "08A,08ACT", "6": "06A,06B,06C,06D,06E,08A,08ACT,101,12,62,94", "7": "06A,06B,06C,06D,06E,08A,08ACT,101,12,62,94", "8": "06A,06B,06C,06D,06E,08A,08ACT,101,12,62,94", "9": "06A,06B,06C,06D,06E,08A,08ACT,101,12,62,94", "10": "06A,06B,06C,06D,06E,08A,08ACT,101,12,39,94", "11": "06A,06B,06C,06D,06E,08A,08ACT,101,12,39,94", "12": "06A,06B,06C,06D,06E,08A,08ACT,101,12,94", "13": "06A,06B,06C,06D,06E,08A,08ACT,101,12,94", "14": "06A,06B,06C,06D,06E,08A,08ACT,101,12,60A,94,99", "15": "08ACT,101", "16": "03B,06A,06B,06C,06D,06E,08A,08ACT,08B,08BCT,101,106,12,16,21B,22C,29,36,36CT,37,94", "17": "08A,08ACT,08B,08BCT,12", "18": "03,03B,08A,08ACT,08B,08BCT,12,16,21A,21B,25,28,32,41", "19": "03,03B,08A,08ACT,08B,08BCT,16,21A,21B,25,28,32,41", "20": "03,03B,08A,08ACT,08B,08BCT,25,28,32,41", "21": "03B,08A,08ACT,08B,08BCT,19,24", "22": "08A,08ACT,08B,08BCT", "23": "08A,08ACT,08B,08BCT,23,26,31,47B", "24": "08A,08ACT,08B,08BCT", "25": "08A,08ACT,08B,08BCT,36,36CT,38,52A,52B", "26": "08A,08ACT,08B,08BCT,31,35A,36,36CT,38,52A,52B", "27": "08A,08ACT,08B,08BCT,31,35A,36,36CT,38,52A,52B", "28": "08A,08ACT,08B,08BCT,09,09CT,31,35A,36,36CT", "29": "08ACT,08BCT,09CT,31,36CT,45,49", "30": "02,04,08ACT,08BCT,09CT,11,31,34,35A,40,49,86CT", "31": "04,08ACT,08BCT,09CT,11,14CT,18,23,31,34", "32": "04,08A,08ACT,08B,08BCT,11,14CT,18,23,31,34,86,86CT", "33": "04,08A,08ACT,08B,08BCT,11,14,14CT,18,23,31,34", "34": "04,08A,08ACT,08B,08BCT,36,36CT,47A,65", "35": "08ACT"}, "Lng": {"0": 105.8737, "1": 105.87225, "2": 105.86766666700001, "3": 105.8647, "4": 105.85648333299999, "5": 105.852483333, "6": 105.849566667, "7": 105.84730800000001, "8": 105.84595, "9": 105.8445, "10": 105.84456666700001, "11": 105.844466667, "12": 105.84413799999999, "13": 105.84338333299999, "14": 105.84291666700001, "15": 105.84211666700001, "16": 105.84128, "17": 105.8416, "18": 105.841169, "19": 105.84126100000002, "20": 105.84128333299999, "21": 105.84345, "22": 105.84545, "23": 105.84754199999999, "24": 105.8487, "25": 105.851118, "26": 105.85162, "27": 105.85172, "28": 105.851716667, "29": 105.854867, "30": 105.856816667, "31": 105.85621666700001, "32": 105.855672, "33": 105.8547, "34": 105.84946699999999, "35": 105.84841666700001}, "Name": {"0": "(B) SV\u0110 \u0110\u00f4ng M\u1ef9 - Tuy\u1ebfn 08ACT", "1": "C\u00f4ng ty CP May \u0110\u00f4ng M\u1ef9 - Ng\u0169 Hi\u1ec7p", "2": "C\u1ea7u \u0110\u00f4ng M\u1ef9 - Ng\u0169 Hi\u1ec7p (Chi\u1ec1u \u0110\u00f4ng M\u1ef9 - Long Bi\u00ean)", "3": "\u0110\u00ecnh l\u00e0ng T\u01b0\u01a1ng Ch\u00fac - Ng\u0169 Hi\u1ec7p", "4": "\u0110\u1ed1i di\u1ec7n XN Thi\u1ebft b\u1ecb y t\u1ebf 130 - Ng\u0169 Hi\u1ec7p", "5": "C\u00f4ng ty CP XNK v\u1eadt t\u01b0 N\u00f4ng Nghi\u1ec7p - Ng\u0169 Hi\u1ec7p", "6": "C\u00f4ng ty c\u00f4ng tr\u00ecnh giao th\u00f4ng 124 (Km 12 + 500 Qu\u1ed1c l\u1ed9 1A) - Ng\u1ecdc H\u1ed3i", "7": "C\u00f4ng ty 17 L\u1eef \u0111o\u00e0n 17 Binh \u0111o\u00e0n 12 - Ng\u1ecdc H\u1ed3i", "8": "Qua ng\u00e3 3 \u0111\u01b0\u1eddng Qu\u1ef3nh \u0110\u00f4 - Ng\u1ecdc H\u1ed3i", "9": "\u0110\u1ed1i di\u1ec7n Khu t\u1eadp th\u1ec3 LIC\u00d4LA - Ng\u1ecdc H\u1ed3i", "10": "449 - 451 Ng\u1ecdc H\u1ed3i", "11": "373 Ng\u1ecdc H\u1ed3i", "12": "TCT c\u01a1 \u0111i\u1ec7n n\u00f4ng nghi\u1ec7p & Th\u1ee7y l\u1ee3i (V\u0103n \u0110i\u1ec3n) - Ng\u1ecdc H\u1ed3i", "13": "\u0110\u1ed1i di\u1ec7n 184 Ng\u1ecdc H\u1ed3i", "14": "C\u00f4ng ty bi\u1ebfn th\u1ebf ABB - Ng\u1ecdc H\u1ed3i", "15": "Ph\u00f2ng tr\u01b0ng b\u00e0y s\u1ea3n ph\u1ea9m \u00f4t\u00f4 Ford - Ng\u1ecdc H\u1ed3i", "16": "\u0110\u1ed1i di\u1ec7n Tr\u1ee5 s\u1edf C\u00f4ng an Ph\u01b0\u1eddng Ho\u00e0ng Li\u1ec7t- 1277 Gi\u1ea3i Ph\u00f3ng", "17": "D\u1ea3i \u0111\u1ed7 s\u1ed1 3 b\u1ebfn xe Gi\u00e1p B\u00e1t - Tuy\u1ebfn 06 - 08 - 36", "18": "Toyota Gi\u1ea3i Ph\u00f3ng - 807 Gi\u1ea3i Ph\u00f3ng", "19": "649 Gi\u1ea3i Ph\u00f3ng", "20": "487 Gi\u1ea3i Ph\u00f3ng", "21": "197 \u0110\u1ea1i La - Qua Ph\u1ed1 V\u1ecdng", "22": "T\u01b0\u1eddng r\u00e0o \u0110\u1ea1i h\u1ecdc KTQD - Tr\u1ea7n \u0110\u1ea1i Ngh\u0129a", "23": "S\u00e2n v\u1eadn \u0111\u1ed9ng B\u00e1ch Khoa - L\u00ea Thanh Ngh\u1ecb", "24": "\u0110\u1ed1i di\u1ec7n 58 L\u00ea Thanh Ngh\u1ecb (Qua Ng\u00e3 4 L\u00ea Thanh Ngh\u1ecb - T\u1ea1 Quang B\u1eedu)", "25": "215 B\u1ea1ch Mai", "26": "319 Ph\u1ed1 Hu\u1ebf", "27": "149 Ph\u1ed1 Hu\u1ebf", "28": "25A-25B Ph\u1ed1 Hu\u1ebf", "29": "25 L\u00fd Th\u01b0\u1eddng Ki\u1ec7t", "30": "\u0110\u1ed1i di\u1ec7n 6C Phan Chu Trinh", "31": "51 L\u00fd Th\u00e1i T\u1ed5 - Ng\u00e2n h\u00e0ng Nh\u00e0 n\u01b0\u1edbc Vi\u1ec7t Nam", "32": "23 H\u00e0ng Tre", "33": "S\u1ed1 3 H\u00e0ng Mu\u1ed1i", "34": "E1.1 \u0110i\u1ec3m trung chuy\u1ec3n Long Bi\u00ean", "35": "(A) Long Bi\u00ean - Tuy\u1ebfn 08ACT"}}