{"Lat": {"0": 20.963516666700002, "1": 20.9649333333, "2": 20.965, "3": 20.9672166667, "4": 20.9696333333, "5": 20.97085, "6": 20.971045999999998, "7": 20.97715, "8": 20.98095, "9": 20.9847333333, "10": 20.9898166667, "11": 20.9935, "12": 20.9963333333, "13": 21.00102, "14": 21.00431, "15": 21.010077, "16": 21.014253, "17": 21.018833333299998, "18": 21.02305, "19": 21.024998999999998, "20": 21.0351833333, "21": 21.041483, "22": 21.042267000000002}, "BusStopCode": {"0": 1766, "1": 480, "2": 494, "3": 495, "4": 496, "5": 497, "6": 165, "7": 1934, "8": 1935, "9": 820, "10": 821, "11": 822, "12": 37, "13": 38, "14": 39, "15": 627, "16": 628, "17": 629, "18": 183, "19": 180, "20": 632, "21": 858, "22": 1716}, "FleetOver": {"0": "36", "1": "05,36,36CT,37,60A", "2": "05,106,36,36CT,37,60A,84", "3": "05,104,36,36CT,37,60A,84", "4": "104,22C,29,36,36CT,60B,84", "5": "22C,29,36,36CT,60B", "6": "03B,06A,06B,06C,06D,06E,08A,08ACT,08B,08BCT,101,106,12,16,21B,22C,29,36,36CT,37,94", "7": "36,36CT", "8": "36,36CT", "9": "36,36CT,99", "10": "36,36CT", "11": "36,36CT", "12": "18,36,36CT,38,52A,52B", "13": "18,36,36CT,38,52A,52B", "14": "08A,08ACT,08B,08BCT,36,36CT,38,52A,52B", "15": "08A,08ACT,08B,08BCT,31,35A,36,36CT,38,52A,52B", "16": "08A,08ACT,08B,08BCT,31,35A,36,36CT,38,52A,52B", "17": "08A,08ACT,08B,08BCT,09,09CT,31,35A,36,36CT", "18": "08A,08B,09,36", "19": "02,09CT,34,36,36CT,40", "20": "01,18,23,36,36CT", "21": "04,08A,08ACT,08B,08BCT,36,36CT,47A,65", "22": "36"}, "Lng": {"0": 105.830366667, "1": 105.83126666700001, "2": 105.82665, "3": 105.8265, "4": 105.83136666700001, "5": 105.83645, "6": 105.84128, "7": 105.84163333299999, "8": 105.84505, "9": 105.84625, "10": 105.8474, "11": 105.849616667, "12": 105.850033333, "13": 105.850695, "14": 105.851118, "15": 105.85162, "16": 105.85172, "17": 105.851716667, "18": 105.8527, "19": 105.850397, "20": 105.8458, "21": 105.84946699999999, "22": 105.84855}, "Name": {"0": "(B) K\u0110T Linh \u0110\u00e0m - Tuy\u1ebfn 36", "1": "Nh\u00e0 N\u01a0. 1A K\u0110T Linh \u0110\u00e0m - Nguy\u1ec5n Duy Trinh", "2": "\u0110\u1ed1i di\u1ec7n Tr\u1ea1m c\u1ea5p n\u01b0\u1edbc Linh \u0110\u00e0m (\u0111\u1ed1i di\u1ec7n chung c\u01b0 HH1C) - Nguy\u1ec5n H\u1eefu Th\u1ecd", "3": "C\u00f4ng vi\u00ean B\u1eafc Linh \u0110\u00e0m - \u0110\u1ed1i di\u1ec7n L\u00f4 1 CT1 B\u1eafc Linh \u0110\u00e0m - Nguy\u1ec5n H\u1eefu Th\u1ecd", "4": "\u0110\u1ed1i di\u1ec7n Ao sen L\u00e0ng \u0110\u1ea1i T\u1eeb - Nguy\u1ec5n H\u1eefu Th\u1ecd", "5": "\u0110\u1ed1i di\u1ec7n \u0111\u01b0\u1eddng v\u00e0o K\u0110T \u0110\u1ea1i Kim - 45 Nguy\u1ec5n H\u1eefu Th\u1ecd", "6": "\u0110\u1ed1i di\u1ec7n Tr\u1ee5 s\u1edf C\u00f4ng an Ph\u01b0\u1eddng Ho\u00e0ng Li\u1ec7t- 1277 Gi\u1ea3i Ph\u00f3ng", "7": "773 Tr\u01b0\u01a1ng \u0110\u1ecbnh", "8": "609 Tr\u01b0\u01a1ng \u0110\u1ecbnh - C\u00f4ng ty C\u01a1 kh\u00ed 120", "9": "463 Tr\u01b0\u01a1ng \u0110\u1ecbnh", "10": "Ch\u00f9a Linh \u1ee8ng - 231 Tr\u01b0\u01a1ng \u0110\u1ecbnh", "11": "91 Tr\u01b0\u01a1ng \u0110\u1ecbnh", "12": "Ch\u1ee3 M\u01a1 - 459D B\u1ea1ch Mai", "13": "327 B\u1ea1ch Mai", "14": "215 B\u1ea1ch Mai", "15": "319 Ph\u1ed1 Hu\u1ebf", "16": "149 Ph\u1ed1 Hu\u1ebf", "17": "25A-25B Ph\u1ed1 Hu\u1ebf", "18": "29 H\u00e0ng B\u00e0i", "19": "48 Hai B\u00e0 Tr\u01b0ng - Vi\u1ec7n Ki\u1ec3m Nghi\u1ec7m thu\u1ed1c Trung \u01b0\u01a1ng", "20": "115 Ph\u00f9ng H\u01b0ng", "21": "E1.1 \u0110i\u1ec3m trung chuy\u1ec3n Long Bi\u00ean", "22": "(A) Long Bi\u00ean - Tuy\u1ebfn 36"}}