{"Lat": {"0": 21.1892, "1": 21.1950166667, "2": 21.2114166667, "3": 21.2167333333, "4": 21.22545, "5": 21.229582999999998, "6": 21.229195, "7": 21.230519, "8": 21.23105, "9": 21.2282, "10": 21.2228166667, "11": 21.21835, "12": 21.213209, "13": 21.2093666667, "14": 21.2011166667, "15": 21.1975, "16": 21.18805, "17": 21.1855166667, "18": 21.1792, "19": 21.17565, "20": 21.171896, "21": 21.1676333333, "22": 21.1631666667, "23": 21.1576, "24": 21.1544, "25": 21.1503833333, "26": 21.14565, "27": 21.1351666667, "28": 21.1272, "29": 21.1213166667, "30": 21.1195166667, "31": 21.1246166667, "32": 21.1264666667}, "BusStopCode": {"0": 1793, "1": 1646, "2": 1647, "3": 1648, "4": 1649, "5": 1650, "6": 1651, "7": 1652, "8": 4204, "9": 4205, "10": 3442, "11": 1027, "12": 1655, "13": 1028, "14": 1656, "15": 1029, "16": 1030, "17": 1031, "18": 1032, "19": 1657, "20": 1033, "21": 1034, "22": 1035, "23": 1040, "24": 1658, "25": 1659, "26": 1634, "27": 1660, "28": 1661, "29": 1662, "30": 1663, "31": 1664, "32": 1710}, "FleetOver": {"0": "63", "1": "63", "2": "63", "3": "63", "4": "63", "5": "63", "6": "63", "7": "63", "8": "63", "9": "63", "10": "58,63", "11": "58,63", "12": "35B,58,63", "13": "35B,58,63", "14": "35B,63", "15": "35B,63", "16": "35B,63", "17": "35B,63", "18": "35B,63", "19": "35B,63", "20": "35B,63", "21": "35B,63", "22": "35B,63", "23": "35B,63", "24": "35B,63", "25": "63", "26": "63", "27": "63", "28": "63", "29": "63", "30": "63", "31": "25,60B,63", "32": "63"}, "Lng": {"0": 105.643266667, "1": 105.64765, "2": 105.66268333299999, "3": 105.66885, "4": 105.675766667, "5": 105.6818, "6": 105.68756499999999, "7": 105.691208, "8": 105.70255, "9": 105.705616667, "10": 105.703916667, "11": 105.70295, "12": 105.70551699999999, "13": 105.70516666700001, "14": 105.70878333299999, "15": 105.710416667, "16": 105.719416667, "17": 105.7228, "18": 105.72721666700001, "19": 105.730533333, "20": 105.73700600000001, "21": 105.7417, "22": 105.74555, "23": 105.749383333, "24": 105.751116667, "25": 105.75686666700001, "26": 105.75936666700001, "27": 105.75946666700001, "28": 105.758416667, "29": 105.76333333299999, "30": 105.76958333299999, "31": 105.77901666700001, "32": 105.78043333299999}, "Name": {"0": "(B) Ti\u1ebfn Th\u1ecbnh - M\u00ea Linh - Tuy\u1ebfn 63", "1": "Qua c\u1ea7u Li\u00ean M\u1ea1c 150m ", "2": "\u0110\u1ed1i di\u1ec7n 70m \u0111\u01b0\u1eddng v\u00e0o UBND x\u00e3 T\u1ef1 L\u1eadp ", "3": "\u0110\u1ed1i di\u1ec7n 70m c\u1ed5ng tr\u01b0\u1eddng THPT T\u1ef1 L\u1eadp ", "4": "Tr\u01b0\u1edbc 70m ng\u00e3 r\u1ebd v\u00e0o Tr\u01b0\u1eddng THCS B\u1ea1ch Tr\u1eef ", "5": "\u0110\u1ed1i di\u1ec7n tr\u1ea1m th\u1ee7y s\u1ea3n M\u00ea Linh ", "6": "C\u00f4ng ty TMDV Tr\u01b0\u1eddng To\u00e0n", "7": "C\u00e1ch ng\u00e3 3 Qu\u1ed1c l\u1ed9 2 100m", "8": "Ngh\u0129a trang li\u1ec7t s\u0129 x\u00e3 th\u1ecb x\u00e3 Ph\u00fac Y\u00ean - Hai B\u00e0 Tr\u01b0ng, Ph\u00fac Y\u00ean", "9": "82 - 84 Nguy\u1ec5n Tr\u00e3i, Ph\u00fac Y\u00ean", "10": "202 Nguy\u1ec5n Tr\u00e3i, Ph\u00fac Y\u00ean", "11": "C\u00f4ng ty TNHH Ho\u00e0ng Giang - QL 23B ", "12": "X\u00ed nghi\u1ec7p \u0111o \u0111\u1ea1c v\u00e0 b\u1ea3n \u0111\u1ed3", "13": "Ngh\u0129a trang Thanh T\u01b0\u1edbc", "14": "\u0110\u1ed1i di\u1ec7n chi c\u1ee5c Thu\u1ebf huy\u1ec7n M\u00ea Linh", "15": "Qua \u0111i\u1ec3m cu\u1ed1i BV\u0110K M\u00ea Linh 300m - QL23", "16": "Tr\u01b0\u1edbc c\u1ed5ng l\u00e0ng N\u1ed9i \u0110\u1ed3ng 1 70m - QL23", "17": "Qua l\u1ed1i v\u00e0o khu h\u00e0nh ch\u00ednh huy\u1ec7n M\u00ea Linh 100m - QL23", "18": "Tr\u1ea1m y t\u1ebf x\u00e3 \u0110\u1ea1i Th\u1ecbnh - QL23", "19": "\u0110\u1ed1i di\u1ec7n ng\u00e2n h\u00e0ng Viettinbank - QL23", "20": "\u0110\u1ed1i di\u1ec7n c\u1ed5ng l\u00e0ng Th\u01b0\u1eddng L\u1ec7 - QL23", "21": "C\u00f4ng ty s\u01a1n Alex - QL23", "22": "\u0110\u1ec1n th\u1edd Hai B\u00e0 Tr\u01b0ng - QL23", "23": "\u0110\u1ed1i di\u1ec7n qua c\u1ed5ng tr\u01b0\u1eddng THPT Ti\u1ec1n Phong 60m", "24": "Ch\u00f9a Trung H\u1eadu - QL 23", "25": "Qua Ng\u00e3 3 H\u1ed3 3 g\u00f3c (g\u1ea7n UBND x\u00e3 Ti\u1ec1n Phong) ", "26": "C\u1ed5ng l\u00e0ng Nam th\u00f4n Y\u00ean Nh\u00e2n ", "27": "Nh\u00e0 m\u00e1y bia H\u00e0 N\u1ed9i HABECO ", "28": "UBND x\u00e3 \u0110\u1ea1i M\u1ea1ch ", "29": "Qua ng\u00e3 3 Trung t\u00e2m \u0111i\u1ec1u d\u01b0\u1ee1ng ", "30": "Trung t\u00e2m giao d\u1ecbch Viettel ( \u0110\u1ea1i \u0110\u1ed3ng - \u0110\u1ea1i M\u1ea1ch) ", "31": "C\u1ed5ng KCN B\u1eafc Th\u0103ng Long (G\u1ea7n c\u1ea7u v\u01b0\u1ee3t b\u1ed9 h\u00e0nh) ", "32": "(A) KCN B\u1eafc Th\u0103ng Long - Tuy\u1ebfn 63"}}