{"Lat": {"0": 21.2147166667, "1": 21.2151666667, "2": 21.213917000000002, "3": 21.210033, "4": 21.202083, "5": 21.197132999999997, "6": 21.1919, "7": 21.1871, "8": 21.18095, "9": 21.177833, "10": 21.172183, "11": 21.16625, "12": 21.1637, "13": 21.156217, "14": 21.154583, "15": 21.15425, "16": 21.151767, "17": 21.146082999999997, "18": 21.143233, "19": 21.135567, "20": 21.130817, "21": 21.12445, "22": 21.1181, "23": 21.109282999999998, "24": 21.106066666700002, "25": 21.1043833333, "26": 21.1028166667, "27": 21.101533, "28": 21.0975, "29": 21.093348000000002, "30": 21.091767, "31": 21.088236, "32": 21.08695, "33": 21.0855333333, "34": 21.0850166667, "35": 21.086570000000002, "36": 21.085789000000002, "37": 21.0851, "38": 21.085977, "39": 21.085153, "40": 21.082785, "41": 21.0799833333, "42": 21.0790166667, "43": 21.07685, "44": 21.074663, "45": 21.072324, "46": 21.0694333333, "47": 21.066335000000002, "48": 21.064657999999998, "49": 21.061204, "50": 21.057916666700002, "51": 21.0544833333, "52": 21.0517333333}, "BusStopCode": {"0": 2903, "1": 2902, "2": 2873, "3": 2874, "4": 2875, "5": 2876, "6": 2877, "7": 2878, "8": 2879, "9": 2880, "10": 2881, "11": 2882, "12": 2892, "13": 2893, "14": 2894, "15": 2895, "16": 2896, "17": 2897, "18": 2898, "19": 2899, "20": 1442, "21": 1443, "22": 1444, "23": 1445, "24": 1446, "25": 1447, "26": 1448, "27": 2671, "28": 1449, "29": 1450, "30": 1451, "31": 1452, "32": 2862, "33": 1453, "34": 1454, "35": 1455, "36": 1456, "37": 2861, "38": 1457, "39": 1458, "40": 1459, "41": 1460, "42": 1461, "43": 1462, "44": 1463, "45": 1464, "46": 1465, "47": 1466, "48": 1467, "49": 1468, "50": 1469, "51": 1042, "52": 2900}, "FleetOver": {"0": "92", "1": "92", "2": "92", "3": "92", "4": "92", "5": "92", "6": "92", "7": "92", "8": "92", "9": "92", "10": "92", "11": "92", "12": "92", "13": "92", "14": "92", "15": "92", "16": "92", "17": "92", "18": "92", "19": "92", "20": "20B,89,92", "21": "20B,89,92", "22": "20B,89,92", "23": "20B,89,92", "24": "20B,89,92", "25": "20B,89,92", "26": "20B,89,92", "27": "20B,92", "28": "20B,92", "29": "20B,92", "30": "20B,92", "31": "20B,92", "32": "20B,92", "33": "20B,92", "34": "20B,92", "35": "20B,92", "36": "20B,92", "37": "20B,92", "38": "20B,92", "39": "20B,92", "40": "20A,20B,92", "41": "20A,20B,92", "42": "20A,20B,92", "43": "20A,20B,92", "44": "20A,20B,92", "45": "20A,20B,92", "46": "20A,20B,29,92,97", "47": "20A,20B,29,92", "48": "20A,20B,29,92", "49": "20A,20B,29,92", "50": "20A,20B,29,92", "51": "20A,20B,29,92", "52": "92"}, "Lng": {"0": 105.38965, "1": 105.403866667, "2": 105.41088300000001, "3": 105.41361699999999, "4": 105.41961699999999, "5": 105.42578300000001, "6": 105.43268300000001, "7": 105.438267, "8": 105.4453, "9": 105.448783, "10": 105.455233, "11": 105.46635, "12": 105.470983, "13": 105.477433, "14": 105.48511699999999, "15": 105.4877, "16": 105.491533, "17": 105.499117, "18": 105.50808300000001, "19": 105.51103300000001, "20": 105.51275, "21": 105.51968333299999, "22": 105.52618333299999, "23": 105.5345, "24": 105.539966667, "25": 105.54458333299999, "26": 105.551066667, "27": 105.555067, "28": 105.56713333299999, "29": 105.579269, "30": 105.583688, "31": 105.597902, "32": 105.604767, "33": 105.615433333, "34": 105.62368333299999, "35": 105.63629499999999, "36": 105.653957, "37": 105.65748300000001, "38": 105.662223, "39": 105.66826599999999, "40": 105.673686, "41": 105.6842, "42": 105.688633333, "43": 105.695, "44": 105.698943, "45": 105.703222, "46": 105.70846666700001, "47": 105.71401599999999, "48": 105.71711, "49": 105.722498, "50": 105.7273, "51": 105.7323, "52": 105.73626666700001}, "Name": {"0": "(B) T\u00e2y \u0110\u1eb1ng (Ba V\u00ec) - Tuy\u1ebfn 92", "1": "Ng\u00e3 3 \u0110\u1ed3ng B\u1ea3ng - \u0110\u1ed3ng Th\u00e1i - Ba V\u00ec", "2": "C\u1eeda h\u00e0ng v\u1eadt li\u1ec7u x\u00e2y d\u1ef1ng T\u00fa Nh\u01b0", "3": "C\u00f4ng ty \u0110i\u1ec7n m\u00e1y Th\u1eafng T\u1ea7n", "4": "C\u00f4ng ty \u0110i\u1ec7n l\u1ef1c Ba V\u00ec", "5": "S\u00e2n v\u1eadn \u0111\u1ed9ng Qu\u1ea3ng Oai", "6": "538 Ph\u1ed1 N\u1ea3", "7": "Trung t\u00e2m th\u01b0\u01a1ng m\u1ea1i L\u1ef1c Ti\u1ebfn", "8": "Tr\u1ea1m Y t\u1ebf \u0110\u00f4ng Quang", "9": "\u0110\u1ed1i di\u1ec7n THCS \u0110\u00f4ng Quang", "10": "\u0110\u1ed1i di\u1ec7n Cty h\u00f3a d\u1ec7t H\u00e0 T\u00e2y - Chi nh\u00e1nh 2", "11": "C\u1eeda h\u00e0ng X\u0103ng D\u1ea7u T\u00f9ng L\u00e2m", "12": "Ph\u1ed1 M\u00eda", "13": "Ng\u00e3 3 b\u1ebfn ph\u00e0 \u0110\u01b0\u1eddng L\u00e2m", "14": "V\u0103n Mi\u1ebfu \u0110\u01b0\u1eddng L\u00e2m", "15": "C\u1eeda h\u00e0ng v\u1eadt li\u1ec7u x\u00e2y d\u1ef1ng Thu H\u01b0\u01a1ng", "16": "X\u0103ng d\u1ea7u V\u0103n Mi\u1ebfu", "17": "187 La Th\u00e0nh (S\u01a1n T\u00e2y)", "18": "88 La Th\u00e0nh (S\u01a1n T\u00e2y)", "19": "19 La Th\u00e0nh (S\u01a1n T\u00e2y)", "20": "\u0110\u1ed1i di\u1ec7n c\u1eeda h\u00e0ng x\u0103ng d\u1ea7u s\u1ed1 14 - QL32", "21": "\u0110\u1ed9i qu\u1ea3n l\u00fd giao th\u00f4ng 4 - QL32", "22": "\u0110\u1ed1i di\u1ec7n Tr\u01b0\u1eddng H\u1eefu Ngh\u1ecb T78 - QL32", "23": "Ng\u00e3 t\u01b0 G\u1ea1ch - Th\u1ecb tr\u1ea5n Ph\u00fac Th\u1ecd (Chi\u1ec1u \u0111i Y\u00ean Ngh\u0129a)", "24": "B\u01b0u \u0111i\u1ec7n Trung t\u00e2m Ph\u00fac Th\u1ecd - Qu\u1ed1c l\u1ed9 32", "25": "\u0110\u1ed1i di\u1ec7n tr\u1ea1m y t\u1ebf huy\u1ec7n Ph\u00fac Th\u1ecd - Qu\u1ed1c l\u1ed9 32", "26": "C\u00f4ng an huy\u1ec7n Ph\u00fac Th\u1ecd - Qu\u1ed1c l\u1ed9 32", "27": "\u0110\u1ed1i di\u1ec7n B\u1ec7nh vi\u1ec7n \u0110a khoa Ph\u00fac Th\u1ecd", "28": "Ph\u1ed1 Qu\u1ea1t - \u0110\u1ea1i \u0110\u1ed3ng (Qu\u1ed1c l\u1ed9 32)", "29": "\u0110\u1ed1i di\u1ec7n Chi c\u1ee5c D\u1ef1 tr\u1eef nh\u00e0 n\u01b0\u1edbc S\u01a1n T\u00e2y - Ph\u1ee5ng Th\u01b0\u1ee3ng (Qu\u1ed1c l\u1ed9 32)", "30": "\u0110\u1ed1i di\u1ec7n Tr\u01b0\u1eddng THCS Ph\u1ee5ng Th\u01b0\u1ee3ng - Qu\u1ed1c l\u1ed9 32", "31": "Ngh\u0129a trang x\u00e3 Ng\u1ecdc T\u1ea3o - Qu\u1ed1c l\u1ed9 32", "32": "\u0110\u1ed1i di\u1ec7n Ph\u00f2ng kh\u00e1m \u0111a khoa khu v\u1ef1c Ng\u1ecdc T\u1ea3o", "33": "G\u1ea7n khu sinh th\u00e1i C\u1ea9m \u0110\u00ecnh Hi\u1ec7p Thu\u1eadn 50 - Qu\u1ed1c l\u1ed9 32", "34": "Qua d\u1ed1c Quai Ch\u00e8 (x\u00e3 Tam Hi\u1ec7p) - Qu\u1ed1c l\u1ed9 32", "35": "Qua \u0111\u01b0\u1eddng v\u00e0o th\u00f4n Ngo\u1ea1i x\u00e3 Tam Thu\u1ea5n 70m - Qu\u1ed1c l\u1ed9 32 ", "36": "\u0110\u1ed1i di\u1ec7n Vi\u1ec7n nghi\u00ean c\u1ee9u ng\u00f4 Qu\u1ed1c Gia - \u0110\u01b0\u1eddng d\u1eabn c\u1ea7u Ph\u00f9ng ", "37": "\u0110\u1ed1i di\u1ec7n Tr\u01b0\u1eddng THCS L\u01b0\u01a1ng Th\u1ebf Vinh, th\u1ecb tr\u1ea5n Ph\u00f9ng", "38": "T\u1ed5 \u0110\u00ecnh Th\u1ee5y \u1ee8ng - (Th\u1ecb tr\u1ea5n Ph\u00f9ng) - Qu\u1ed1c l\u1ed9 32 ", "39": "37-39 Phan \u0110\u00ecnh Ph\u00f9ng (Th\u1ecb tr\u1ea5n Ph\u00f9ng) - Qu\u1ed1c l\u1ed9 32 ", "40": "T\u00f2a \u00e1n nh\u00e2n d\u00e2n Huy\u1ec7n \u0110an Ph\u01b0\u1ee3ng - Qu\u1ed1c l\u1ed9 32", "41": "\u0110\u01b0\u1eddng v\u00e0o Ch\u00f9a Di\u00ean Ph\u00fac (C\u1ea1nh Th\u1ea1ch Th\u1ea3o Lisa) - Qu\u1ed1c l\u1ed9 32", "42": "XN May M\u1ef9 Anh (X\u00e3 \u0110\u1ee9c Th\u01b0\u1ee3ng) - Qu\u1ed1c l\u1ed9 32", "43": "\u0110\u1ed1i di\u1ec7n XN thu\u1ed1c th\u00fa y Trung \u01b0\u01a1ng (\u0110\u1ee9c Th\u01b0\u1ee3ng Ho\u00e0i \u0110\u1ee9c - Qu\u1ed1c l\u1ed9 32", "44": "\u0110\u1ed1i di\u1ec7n Tr\u01b0\u1eddng THPT B\u00ecnh Minh - Qu\u1ed1c l\u1ed9 32", "45": "\u0110\u1ed1i di\u1ec7n C\u00f4ng ty \u0110\u00f4ng Th\u00e0nh (Th\u1ecb tr\u1ea5n Tr\u00f4i) - Qu\u1ed1c l\u1ed9 32", "46": "\u0110\u1ed1i di\u1ec7n B\u01b0u \u0111i\u1ec7n Ho\u00e0i \u0110\u1ee9c (Tr\u1ecb tr\u1ea5n Tr\u00f4i) - Qu\u1ed1c l\u1ed9 32", "47": "\u0110\u1ed1i di\u1ec7n l\u1ed1i r\u1ebd H\u1ecdc vi\u1ec7n KH Qu\u00e2n S\u1ef1 - Qu\u1ed1c l\u1ed9 32", "48": "CH x\u00e2y d\u1ef1ng Tu\u1ea5n Loan (Th\u1ecb tr\u1ea5n Lai X\u00e1) - Qu\u1ed1c l\u1ed9 32", "49": "\u0110\u1ed1i di\u1ec7n nh\u00e0 h\u00e0ng Th\u0103ng Long - Qu\u1ed1c l\u1ed9 32",