{"Lat": {"0": 20.97985, "1": 20.984671, "2": 20.989376999999998, "3": 20.9933833333, "4": 21.000966666700002, "5": 21.004917000000003, "6": 21.009385, "7": 21.0141166667, "8": 21.0183833333, "9": 21.023866666700002, "10": 21.02945, "11": 21.031033333299998, "12": 21.0316833333, "13": 21.0327, "14": 21.0317, "15": 21.030818, "16": 21.029975, "17": 21.028795000000002, "18": 21.0319333333, "19": 21.034438, "20": 21.0357833333, "21": 21.036583333299998, "22": 21.0367333333, "23": 21.037538, "24": 21.0401333333, "25": 21.0424166667, "26": 21.0442, "27": 21.0458666667, "28": 21.04745, "29": 21.0496333333, "30": 21.052198999999998, "31": 21.0529666667}, "BusStopCode": {"0": 1676, "1": 166, "2": 167, "3": 168, "4": 169, "5": 171, "6": 323, "7": 324, "8": 730, "9": 636, "10": 95, "11": 773, "12": 774, "13": 3297, "14": 289, "15": 290, "16": 2760, "17": 62, "18": 4054, "19": 60, "20": 65, "21": 2111, "22": 2112, "23": 244, "24": 4185, "25": 1049, "26": 1050, "27": 1051, "28": 1052, "29": 1053, "30": 1054, "31": 1778}, "FleetOver": {"0": "32", "1": "03,03B,08A,08ACT,08B,08BCT,12,16,21A,21B,25,28,32,41", "2": "03,03B,08A,08ACT,08B,08BCT,16,21A,21B,25,28,32,41", "3": "03,03B,08A,08ACT,08B,08BCT,25,28,32,41", "4": "03,18,21A,21B,25,28,32,41,47B,99", "5": "03,25,28,32,41", "6": "03,32,41", "7": "03,32,41", "8": "32,41", "9": "01,32,40", "10": "02,09,09CT,32,34,45", "11": "02,23,32,34", "12": "22A,32,34,50", "13": "22A,32,34", "14": "22A,32,34", "15": "107,22A,25,32,34,38,90", "16": "09,09CT,27,28,32,34,38", "17": "09,09CT,105,20A,20B,26,27,28,32,34,38", "18": "07,16,20A,20B,26,27,28,32,34,49", "19": "16,20A,20B,26,27,28,32,34,49", "20": "16,20A,20B,26,32,34,49", "21": "16,20A,20B,26,32,34,49", "22": "16,20A,20B,26,32,34,49", "23": "20A,20B,29,32", "24": "05,13,20A,20B,29,32", "25": "20A,20B,29,32", "26": "20A,20B,29,32", "27": "20A,20B,29,32", "28": "20A,20B,29,32,57", "29": "20A,20B,29,32,57", "30": "20A,20B,20C,29,32,57,92", "31": "32"}, "Lng": {"0": 105.841917, "1": 105.841169, "2": 105.84126100000002, "3": 105.84128333299999, "4": 105.84145, "5": 105.84151899999999, "6": 105.841366, "7": 105.84145, "8": 105.8439, "9": 105.8448, "10": 105.84238333299999, "11": 105.83936666700001, "12": 105.835783333, "13": 105.82931666700001, "14": 105.82403333299999, "15": 105.817857, "16": 105.811073, "17": 105.803723, "18": 105.79955, "19": 105.796241, "20": 105.79188333299999, "21": 105.78843333299999, "22": 105.784066667, "23": 105.77531499999999, "24": 105.766483333, "25": 105.759616667, "26": 105.754916667, "27": 105.75051666700001, "28": 105.74663333299999, "29": 105.74101666700001, "30": 105.736056, "31": 105.73485}, "Name": {"0": "(A) BX Gi\u00e1p B\u00e1t - Tuy\u1ebfn 32", "1": "Toyota Gi\u1ea3i Ph\u00f3ng - 807 Gi\u1ea3i Ph\u00f3ng", "2": "649 Gi\u1ea3i Ph\u00f3ng", "3": "487 Gi\u1ea3i Ph\u00f3ng", "4": "175-177 Gi\u1ea3i Ph\u00f3ng (Ng\u00e3 3 L\u00ea Thanh Ngh\u1ecb)", "5": "G\u1ea7n c\u1ed5ng Parabol \u0110H B\u00e1ch Khoa - 17 Gi\u1ea3i Ph\u00f3ng (c\u1ed9t sau)", "6": "\u0110\u1ed1i di\u1ec7n 394 L\u00ea Du\u1ea9n", "7": "C\u00f4ng vi\u00ean Th\u1ed1ng Nh\u1ea5t - \u0110\u1ed1i di\u1ec7n 326 L\u00ea Du\u1ea9n", "8": "\u0110\u1ed1i di\u1ec7n 28 Tr\u1ea7n B\u00ecnh Tr\u1ecdng - H\u1ed3 Thi\u1ec1n Quang", "9": "65 Qu\u00e1n S\u1ee9 (\u0110\u1ed1i di\u1ec7n 80 Qu\u00e1n S\u1ee9)", "10": "12A \u0110i\u1ec7n Bi\u00ean Ph\u1ee7", "11": "C\u00f4ng vi\u00ean L\u00ea nin - \u0110\u1ed1i di\u1ec7n 35 Tr\u1ea7n Ph\u00fa", "12": "\u0110\u1ed1i di\u1ec7n B\u1ec7nh vi\u1ec7n Xanh p\u00f4n - 60 Tr\u1ea7n Ph\u00fa (B\u1ed9 T\u01b0 ph\u00e1p)", "13": "140 S\u01a1n T\u00e2y", "14": "240 Kim M\u00e3", "15": "\u0110\u1ed1i di\u1ec7n 311 Kim M\u00e3 (G\u1ea7n ng\u00e3 4 Kim M\u00e3 - V\u1ea1n B\u1ea3o)", "16": "H\u00e8 c\u1ea1nh Kh\u00e1ch s\u1ea1n Daewoo H\u00e0 N\u1ed9i", "17": "\u0110i\u1ec3m trung chuy\u1ec3n C\u1ea7u Gi\u1ea5y - Th\u1ee7 L\u1ec7 02", "18": "S\u1ed1 112 C\u1ea7u Gi\u1ea5y", "19": "250-252 C\u1ea7u Gi\u1ea5y", "20": "370 C\u1ea7u Gi\u1ea5y", "21": "H\u1ecdc vi\u1ec7n B\u00e1o ch\u00ed v\u00e0 Tuy\u00ean truy\u1ec1n - 36 Xu\u00e2n Th\u1ee7y", "22": "G\u1ea7n nh\u00e0 s\u00e1ch S\u01b0 ph\u1ea1m (\u0110\u1ea1i h\u1ecdc S\u01b0 ph\u1ea1m H\u00e0 N\u1ed9i) - 136 Xu\u00e2n Th\u1ee7y", "23": "\u0110\u1ed1i di\u1ec7n \u0110H Th\u01b0\u01a1ng M\u1ea1i - 6 H\u1ed3 T\u00f9ng M\u1eadu (c\u1ed9t tr\u01b0\u1edbc)", "24": "202 H\u1ed3 T\u00f9ng M\u1eadu", "25": "Trung t\u00e2m ki\u1ec3m \u0111\u1ecbnh xe m\u00e1y qu\u00e2n s\u1ef1 (C\u1ea7u Di\u1ec5n) - \u0110\u01b0\u1eddng 32", "26": "C\u1ea1nh Trung \u0111o\u00e0n th\u00f4ng tin 21(C\u1eeda h\u00e0ng D\u1ea7u b\u00f3ng Pupe C\u1ea7u Di\u1ec5n) - \u0110\u01b0\u1eddng 32", "27": "135 T\u1ed5 3 (\u0110\u1ed1i di\u1ec7n tr\u01b0\u1eddng m\u1ea7m non Sao Mai - Ki\u1ec1u Mai) - \u0110\u01b0\u1eddng 32", "28": "\u0110\u1ed1i di\u1ec7n Cty CP ch\u1ebf t\u1ea1o \u0111i\u1ec7n c\u01a1 H\u00e0 N\u1ed9i - \u0110\u01b0\u1eddng 32", "29": "\u0110\u00ecnh v\u00e0 Mi\u1ebfu \u0110\u1ed3ng C\u1ed5 (Th\u00f4n Nguy\u00ean X\u00e1) - \u0110\u01b0\u1eddng 32", "30": "\u0110i\u1ec3m trung chuy\u1ec3n Nh\u1ed5n (c\u1ed9t sau) - Tr\u01b0\u1eddng \u0110\u1ea1i h\u1ecdc c\u00f4ng nghi\u1ec7p H\u00e0 N\u1ed9i - \u0110\u01b0\u1eddng 32", "31": "(B) Nh\u1ed5n - \u0110H C\u00f4ng Nghi\u1ec7p HN - Tuy\u1ebfn 32"}}