{"Lat": {"0": 21.0196, "1": 21.0127833333, "2": 21.0131833333, "3": 21.0164833333, "4": 21.0147333333, "5": 21.0112666667, "6": 21.0067666667, "7": 21.00679, "8": 21.00985, "9": 21.012598, "10": 21.01405, "11": 21.0124, "12": 21.014233333299998, "13": 21.0158, "14": 21.0145166667, "15": 21.0158166667, "16": 21.0175166667, "17": 21.0194333333, "18": 21.0228666667, "19": 21.02775, "20": 21.02915, "21": 21.028266666700002, "22": 21.0286166667, "23": 21.0354166667, "24": 21.038467999999998, "25": 21.04195, "26": 21.042845, "27": 21.0446833333, "28": 21.0488666667, "29": 21.0490833333, "30": 21.0462666667, "31": 21.043913, "32": 21.0413333333, "33": 21.043183}, "BusStopCode": {"0": 1790, "1": 333, "2": 155, "3": 156, "4": 586, "5": 587, "6": 588, "7": 742, "8": 737, "9": 738, "10": 141, "11": 142, "12": 317, "13": 669, "14": 670, "15": 205, "16": 206, "17": 207, "18": 2858, "19": 3286, "20": 52, "21": 53, "22": 716, "23": 212, "24": 213, "25": 458, "26": 640, "27": 686, "28": 687, "29": 862, "30": 863, "31": 864, "32": 866, "33": 1719}, "FleetOver": {"0": "50", "1": "50", "2": "50,74,88", "3": "50,74,88", "4": "103,21B,22B,33,35A,39,50,60A,60B,87", "5": "103,21B,22B,35A,39,50,60A,60B,87", "6": "103,21B,22B,35A,39,50,60A,60B,87", "7": "107,35A,50,60A,60B", "8": "105,107,22A,35A,50,60A,60B", "9": "105,107,22A,35A,50,51,84", "10": "16,24,27,50,51", "11": "16,24,27,50,51", "12": "30,50", "13": "12,26,30,35A,50", "14": "12,26,30,35A,50", "15": "30,50", "16": "23,30,50", "17": "23,30,50", "18": "50,99", "19": "50,99", "20": "23,25,50", "21": "23,25,50", "22": "02,23,41,50", "23": "22A,45,50", "24": "22A,45,50", "25": "45,50", "26": "14,14CT,45,50", "27": "50", "28": "50", "29": "31,41,50,55,55B,58", "30": "31,41,50,55,55B,58,86,86CT", "31": "31,41,50,55,55B,58", "32": "100,10A,10B,17,50,98", "33": "50"}, "Lng": {"0": 105.76718333299999, "1": 105.770383333, "2": 105.77616666700001, "3": 105.78081666700001, "4": 105.78423333299999, "5": 105.78705, "6": 105.79068333299999, "7": 105.794976, "8": 105.798983333, "9": 105.802057, "10": 105.806366667, "11": 105.80858333299999, "12": 105.813583333, "13": 105.81605, "14": 105.817783333, "15": 105.820883333, "16": 105.82411666700001, "17": 105.825133333, "18": 105.826816667, "19": 105.82765, "20": 105.830233333, "21": 105.8328, "22": 105.83486666700001, "23": 105.839333333, "24": 105.839906, "25": 105.84015, "26": 105.837899, "27": 105.83646666700001, "28": 105.83866666700001, "29": 105.84153333299999, "30": 105.84416666700001, "31": 105.84713799999999, "32": 105.84935, "33": 105.84781699999999}, "Name": {"0": "(B) SV\u0110 Qu\u1ed1c Gia - Tuy\u1ebfn 50", "1": "Tr\u01b0\u1eddng TH C\u01a1 s\u1edf Ph\u00fa \u0110\u00f4 - L\u00ea \u0110\u1ee9c Th\u1ecd", "2": "\u0110\u1ed1i di\u1ec7n T\u00f2a nh\u00e0 BITEXCO - \u0110\u01b0\u1eddng M\u1ec5 Tr\u00ec", "3": "Gi\u1eefa nh\u00e0 CT1-1&CT1-2 K\u0110T M\u1ec5 Tr\u00ec H\u1ea1 - \u0110\u01b0\u1eddng M\u1ec5 Tr\u00ec", "4": "Nh\u00e0 CT5-D K\u0110T M\u1ef9 \u0110\u00ecnh - Ph\u1ea1m H\u00f9ng", "5": "B\u1ea3o t\u00e0ng H\u00e0 N\u1ed9i - Ph\u1ea1m H\u00f9ng", "6": "Ng\u00e3 4 Ph\u1ea1m H\u00f9ng - Khu\u1ea5t Duy Ti\u1ebfn (Trung t\u00e2m H\u1ed9i ngh\u1ecb Qu\u1ed1c Gia)", "7": "\u0110\u1ed1i di\u1ec7n 220 Tr\u1ea7n Duy H\u01b0ng (\u0111\u1ed1i di\u1ec7n Big C, C\u00e1ch Ng\u00e3 3 Ho\u00e0ng Minh Gi\u00e1m)", "8": "113 Tr\u1ea7n Duy H\u01b0ng - B\u1ed9 KHCN", "9": "\u0110\u1ea1i h\u1ecdc Lao \u0111\u1ed9ng & X\u00e3 h\u1ed9i - 43 Tr\u1ea7n Duy H\u01b0ng", "10": "\u0110\u1ed1i di\u1ec7n 608 \u0110\u01b0\u1eddng L\u00e1ng", "11": "\u0110\u1ed1i di\u1ec7n Ch\u1ee3 L\u00e1ng H\u1ea1 B - 564 \u0110\u01b0\u1eddng L\u00e1ng", "12": "97 L\u00e1ng H\u1ea1", "13": "Tr\u1ea1m bi\u1ebfn \u00e1p F3 Th\u00e0nh C\u00f4ng - 171 Th\u00e1i H\u00e0", "14": "161-163 Th\u00e1i H\u00e0", "15": "Qua 70m ng\u00e3 ba \u0110\u1eb7ng Ti\u1ebfn \u0110\u00f4ng \u2013 Ho\u00e0ng C\u1ea7u (\u0111i X\u00e3 \u0110\u00e0n)", "16": "Trung t\u00e2m th\u1ec3 thao Ho\u00e0ng C\u1ea7u - 59 Ho\u00e0ng C\u1ea7u", "17": "23-25 Ho\u00e0ng C\u1ea7u", "18": "H\u00e8 \u0111\u1ed1i di\u1ec7n H\u1ecdc vi\u1ec7n \u00c2m nh\u1ea1c Qu\u1ed1c gia Vi\u1ec7t Nam - qua ng\u00f5 Quan Th\u1ed5 1", "19": "188 H\u00e0o Nam", "20": "25B C\u00e1t Linh", "21": "11A C\u00e1t Linh", "22": "\u0110\u1ed1i di\u1ec7n s\u1ed1 40 T\u00f4n \u0110\u1ee9c Th\u1eafng (V\u0103n Mi\u1ebfu)", "23": "\u0110\u1ed1i di\u1ec7n t\u01b0\u1ee3ng \u0111\u00e0i B\u1eafc S\u01a1n - Ho\u00e0ng Di\u1ec7u", "24": "\u0110\u1ed1i di\u1ec7n \u0111\u01b0\u1eddng Ho\u00e0ng V\u0103n Th\u1ee5 - Ho\u00e0ng Di\u1ec7u", "25": "19 Nguy\u1ec5n Bi\u1ec3u", "26": "192A Qu\u00e1n Th\u00e1nh", "27": "Qua ng\u00e3 3 Thanh Ni\u00ean - Tr\u1ea5n v\u0169 50m (H\u1ed3 Tr\u00fac B\u1ea1ch)", "28": "H\u1ed3 Tr\u00fac B\u1ea1ch - \u0110\u1ed1i di\u1ec7n 28C Thanh Ni\u00ean", "29": "Tr\u01b0\u1eddng M\u1ea1c \u0110\u0129nh Chi - Y\u00ean Ph\u1ee5 (\u0111\u01b0\u1eddng xe bu\u00fdt)", "30": "Qua n\u00fat giao C\u1eeda B\u1eafc 120m - Y\u00ean Ph\u1ee5 (\u0111\u01b0\u1eddng xe bu\u00fdt)", "31": "Tr\u01b0\u1edbc n\u00fat giao H\u00e0ng Than 70m - Y\u00ean Ph\u1ee5 (\u0111\u01b0\u1eddng xe bu\u00fdt)", "32": "E3.3 \u0110i\u1ec3m trung chuy\u1ec3n Long Bi\u00ean", "33": "(A) Long Bi\u00ean - Tuy\u1ebfn 50"}}