{"Lat": {"0": 21.1417666667, "1": 21.1446666667, "2": 21.1475166667, "3": 21.15225, "4": 21.1535666667, "5": 21.1546166667, "6": 21.1498166667, "7": 21.1403333333, "8": 21.1405333333, "9": 21.1376333333, "10": 21.138, "11": 21.139397, "12": 21.140966666700002, "13": 21.1426833333, "14": 21.1471833333, "15": 21.150033333299998, "16": 21.1516, "17": 21.1522, "18": 21.15285, "19": 21.154216666700002, "20": 21.15505, "21": 21.1572333333, "22": 21.1607833333, "23": 21.161516666700003, "24": 21.157988, "25": 21.1579333333, "26": 21.151766666700002, "27": 21.1415, "28": 21.1316666667, "29": 21.1265333333, "30": 21.11955, "31": 21.076966666700002, "32": 21.0711666667, "33": 21.062196, "34": 21.0547333333, "35": 21.051595000000002, "36": 21.04035, "37": 21.0344833333, "38": 21.0283, "39": 21.028873, "40": 21.0296}, "BusStopCode": {"0": 3355, "1": 3356, "2": 3357, "3": 3358, "4": 3359, "5": 3360, "6": 3361, "7": 3362, "8": 3363, "9": 3364, "10": 877, "11": 878, "12": 879, "13": 1002, "14": 997, "15": 1003, "16": 1006, "17": 1004, "18": 1000, "19": 2958, "20": 2959, "21": 2960, "22": 2961, "23": 2962, "24": 1009, "25": 909, "26": 910, "27": 911, "28": 912, "29": 884, "30": 913, "31": 599, "32": 601, "33": 600, "34": 602, "35": 603, "36": 604, "37": 581, "38": 722, "39": 792, "40": 3901}, "FleetOver": {"0": "61", "1": "61", "2": "61", "3": "61", "4": "61", "5": "61", "6": "61", "7": "61", "8": "61", "9": "61,65", "10": "43,53A,59,61,65", "11": "43,53A,59,61,65", "12": "43,53A,59,61", "13": "53A,61", "14": "53A,61", "15": "53A,61", "16": "53A,61", "17": "53A,61", "18": "53A,61", "19": "53A,61,96", "20": "53A,61,96", "21": "53A,61,96", "22": "53A,61,96", "23": "53A,61,96", "24": "35B,53A,61", "25": "07,35B,53A,53B,56A,56C,58,61,64,93,95", "26": "07,35B,53A,53B,56A,56C,58,61,64,93,95", "27": "07,35B,53A,53B,56A,56C,58,61,64,93,95", "28": "07,35B,53A,53B,56A,56C,58,61,64,93,95", "29": "07,35B,53A,53B,56A,56C,58,61,64,93,95", "30": "07,35B,53A,53B,56A,56C,58,60B,61,93,95", "31": "07,14,14CT,28,35B,46,53A,53B,56A,56C,57,60A,60B,61,93,95", "32": "07,14,14CT,28,35B,46,53A,53B,56A,56C,57,60A,60B,61,93,95", "33": "07,14,14CT,27,28,35A,38,45,46,53A,53B,60A,60B,61", "34": "07,14,14CT,27,35A,38,45,46,53A,53B,60A,60B,61", "35": "07,14,14CT,27,35A,38,45,46,53A,53B,60A,60B,61", "36": "13,33,35A,46,53B,60A,60B,61", "37": "16,29,33,34,35A,46,53B,60A,60B,61,97", "38": "05,39,61", "39": "39,51,61", "40": "61"}, "Lng": {"0": 105.915866667, "1": 105.91871666700001, "2": 105.91641666700001, "3": 105.901666667, "4": 105.89731666700001, "5": 105.8928, "6": 105.8874, "7": 105.87546666700001, "8": 105.86875, "9": 105.86821666700001, "10": 105.85905, "11": 105.85441100000001, "12": 105.84715, "13": 105.84278333299999, "14": 105.83863333299999, "15": 105.83585, "16": 105.833, "17": 105.8298, "18": 105.82368333299999, "19": 105.8145, "20": 105.8091, "21": 105.803716667, "22": 105.793383333, "23": 105.78683333299999, "24": 105.775599, "25": 105.77918333299999, "26": 105.7789, "27": 105.77845, "28": 105.77908333299999, "29": 105.78071666700001, "30": 105.78315, "31": 105.7864, "32": 105.7855, "33": 105.783753, "34": 105.781916667, "35": 105.781554, "36": 105.7807, "37": 105.78001666700001, "38": 105.78175, "39": 105.78785400000001, "40": 105.7914}, "Name": {"0": "(A) V\u00e2n H\u00e0 (\u0110\u00f4ng Anh) - Tuy\u1ebfn 61", "1": "\u0110\u1ed1i di\u1ec7n ngh\u0129a trang li\u1ec7t s\u0129 x\u00e3 V\u00e2n H\u00e0", "2": "Tr\u01b0\u1eddng THCS V\u00e2n H\u00e0 - Nguy\u1ec5n Th\u1ef1c", "3": "TT y t\u1ebf huy\u1ec7n \u0110\u00f4ng Anh (ph\u00f3ng kh\u00e1m \u0111a khoa Mi\u1ec1n \u0110\u00f4ng) - Li\u00ean H\u00e0", "4": "C\u00f4ng an huy\u1ec7n \u0110\u00f4ng Anh - S\u1ed1 118 Li\u00ean H\u00e0", "5": "\u0110\u1ed1i di\u1ec7n THPT Li\u00ean H\u00e0", "6": "L\u00e0ng L\u1ed7 Kh\u00ea", "7": "Ngh\u0129a trang li\u1ec7t s\u0129 x\u00e3 Vi\u1ec7t H\u00f9ng (qua ng\u00e3 3 tr\u01b0\u1eddng THCS Vi\u1ec7t H\u00f9ng)", "8": "Qua 50m ng\u00e3 3 \u0110\u00e0o Cam M\u1ed9c - Vi\u1ec7t H\u00f9ng (ng\u00e3 3 Gi\u00e0y da), \u0111\u01b0\u1eddng Vi\u1ec7t H\u00f9ng", "9": "Qua ng\u00e3 4 Vi\u1ec7t H\u00f9ng, Cao L\u1ed7 300m - Cao L\u1ed7", "10": "S\u1ed1 25 - 27 Cao L\u1ed7", "11": "17-19 Ph\u1ed1 T\u00f3, Uy N\u1ed7 - Cao L\u1ed7", "12": "9 Uy N\u1ed7 - Cao L\u1ed7", "13": "Qua ng\u00e3 4 Qu\u1ed1c L\u1ed9 23B - Qu\u1ed1c l\u1ed9 3 ", "14": "T\u00f2a \u00e1n Nh\u00e2n d\u00e2n Huy\u1ec7n \u0110\u00f4ng Anh - QL23", "15": "Qua c\u1ed5ng Th\u00f4n L\u01b0\u01a1ng N\u1ed7 150m - QL23", "16": "\u0110\u1ed1i di\u1ec7n tr\u1ee5 s\u1edf c\u00f4ng ty TNHH MTV X\u1ed5 s\u1ed1 ki\u1ebfn thi\u1ebft Th\u1ee7 \u0111\u00f4", "17": "Tr\u01b0\u1edbc ng\u00e3 3 Th\u00f4n C\u1ed5 H\u1ee3p - \u0110\u01b0\u1eddng 23B", "18": "Trung t\u00e2m y t\u1ebf d\u1ef1 ph\u00f2ng Huy\u1ec7n \u0110\u00f4ng Anh - QL 23", "19": "B\u01b0u \u0111i\u1ec7n V\u00e2n Tr\u00ec - \u0110\u01b0\u1eddng 23B", "20": "L\u1ed1i v\u00e0o l\u00e0ng v\u0103n h\u00f3a Th\u00f4n Nh\u00ec - \u0110\u01b0\u1eddng 23B", "21": "C\u00f4ng ty B\u1eafc H\u00e0 - \u0110\u01b0\u1eddng 23B", "22": "S\u1ed1 nh\u00e0 45 - 47 (\u0110\u01b0\u1eddng 23B)", "23": "\u0110\u1ed1i di\u1ec7n cty TNHH B\u1ea3o Y\u1ebfn (th\u00f4n \u0110\u00eca - Nam H\u1ed3ng) - QL 23B", "24": "Tr\u01b0\u1edbc c\u1ea7u v\u01b0\u1ee3t ng\u00e3 4 Nam H\u1ed3ng 200m - QL23", "25": "Qua c\u1ea7u v\u01b0\u1ee3t ng\u00e3 4 Nam H\u1ed3ng 70m Cao t\u1ed1c BTL-NB", "26": "\u0110\u1ea7m V\u00e2n Tr\u00ec- Km 4+400 Cao t\u1ed1c BTL-NB", "27": "Qua c\u1ea7u chui d\u00e2n sinh s\u1ed1 4 - \u0111\u1ed1i di\u1ec7n \u0111\u01b0\u1eddng v\u00e0o th\u00f4n Nhu\u1ebf, Km 11+200 (chi\u1ec1u s\u00e2n bay N\u1ed9i B\u00e0i \u0111i H\u00e0 N\u1ed9i)", "28": "UBND x\u00e3 Kim Chung- Km 2+200 Cao t\u1ed1c BTL-NB", "29": "Tr\u01b0\u1edbc ng\u00e3 t\u01b0 khu CN Th\u0103ng Long 100m (chi\u1ec1u N\u1ed9i B\u00e0i - H\u00e0 N\u1ed9i)", "30": "KCN B\u1eafc Th\u0103ng Long - Km 0+800 Cao t\u1ed1c BTL-NB", "31": "96 Ph\u1ea1m V\u0103n \u0110\u1ed3ng (Ng\u00e3 4 Ph\u1ea1m V\u0103n \u0110\u1ed3ng - Xu\u00e2n \u0110\u1ec9nh)", "32": "Showroom \u00f4 t\u00f4 Trung S\u01a1n (\u0111\u1ed1i di\u1ec7n 315 Ph\u1ea1m V\u0103n \u0110\u1ed3ng)", "33": "Tr\u01b0\u1edbc 100m ng\u00f5 218 Ph\u1ea1m V\u0103n \u0110\u1ed3ng (\u0111\u1ed1i di\u1ec7n c\u00f4ng vi\u00ean H\u00f2a B\u00ecnh)", "34": "Si\u00eau th\u1ecb Metro Th\u0103ng Long - \u0110\u1ed1i di\u1ec7n ng\u00f5 599 Ph\u1ea1m V\u0103n \u0110\u1ed3ng", "35": "B\u1ed9 c\u00f4ng an - \u0111\u1ed1i di\u1ec7n 36A Ph\u1ea1m V\u0103n \u0110\u1ed3ng", "36": "S\u1ed1 9 Ph\u1ea1m V\u0103n \u0110\u1ed3ng", "37": "B\u1ec7nh vi\u1ec7n \u0111a khoa y h\u1ecdc c\u1ed5 truy\u1ec1n - 6 Ph\u1ea1m H\u00f9ng", "38": "B\u1ed9 N\u1ed9i V\u1ee5, B\u1ed9 T\u00e0i Nguy\u00ean M\u00f4i Tr\u01b0\u1eddng - 10 T\u00f4n Th\u1ea5t Thuy\u1ebft", "39": "Qua v\u00f2ng xuy\u1ebfn ng\u00e3 t\u01b0 Tr\u1ea7n Th\u00e1i T\u00f4ng - T\u00f4n Th\u1ea5t Thuy\u1ebft 70m - Tr\u1ea7n Th\u00e1i T\u00f4ng", "40": "(B) CV C\u1ea7u Gi\u1ea5y - Tuy\u1ebfn 61"}}