{"Lat": {"0": 20.98219, "1": 20.98475, "2": 20.9888, "3": 20.9941, "4": 20.9957166667, "5": 20.995279999999998, "6": 20.9957833333, "7": 20.9963333333, "8": 21.00102, "9": 21.00431, "10": 21.010077, "11": 21.014253, "12": 21.0182166667, "13": 21.0207333333, "14": 21.026183, "15": 21.0282833333, "16": 21.0274, "17": 21.028596, "18": 21.0292666667, "19": 21.0284166667, "20": 21.030818, "21": 21.029975, "22": 21.028795000000002, "23": 21.035503, "24": 21.0374, "25": 21.04095, "26": 21.04635, "27": 21.04635, "28": 21.046257999999998, "29": 21.04629, "30": 21.050738, "31": 21.0574666667, "32": 21.0622, "33": 21.067283}, "BusStopCode": {"0": 1772, "1": 525, "2": 526, "3": 527, "4": 402, "5": 403, "6": 404, "7": 37, "8": 38, "9": 39, "10": 627, "11": 628, "12": 641, "13": 642, "14": 181, "15": 518, "16": 658, "17": 54, "18": 55, "19": 174, "20": 290, "21": 2760, "22": 62, "23": 498, "24": 499, "25": 561, "26": 234, "27": 235, "28": 236, "29": 227, "30": 594, "31": 595, "32": 597, "33": 1724}, "FleetOver": {"0": "38", "1": "26,30,38,42", "2": "26,30,38,42", "3": "04,26,30,38,42", "4": "03B,19,24,38,52A,52B", "5": "03B,19,24,38,52A,52B", "6": "03B,19,24,38,52A,52B", "7": "18,36,36CT,38,52A,52B", "8": "18,36,36CT,38,52A,52B", "9": "08A,08ACT,08B,08BCT,36,36CT,38,52A,52B", "10": "08A,08ACT,08B,08BCT,31,35A,36,36CT,38,52A,52B", "11": "08A,08ACT,08B,08BCT,31,35A,36,36CT,38,52A,52B", "12": "09,09CT,11,38,40,43", "13": "38", "14": "01,34,38,40", "15": "38", "16": "38", "17": "23,25,38", "18": "23,25,38", "19": "107,18,23,25,38,90", "20": "107,22A,25,32,34,38,90", "21": "09,09CT,27,28,32,34,38", "22": "09,09CT,105,20A,20B,26,27,28,32,34,38", "23": "12,38", "24": "12,38", "25": "07,38", "26": "07,14,14CT,33,38,45", "27": "07,14,14CT,33,38,45", "28": "07,14,14CT,33,38,45", "29": "38,53A", "30": "07,14,14CT,27,35A,38,45,46,53A,53B,60A,60B,61", "31": "07,14,14CT,27,35A,38,45,46,53A,53B,60A,60B,61", "32": "07,14,14CT,27,28,35A,38,45,46,53A,53B,60A,60B,61", "33": "38"}, "Lng": {"0": 105.86353600000001, "1": 105.86383333299999, "2": 105.86336666700001, "3": 105.8628, "4": 105.86033333299999, "5": 105.855877, "6": 105.85095, "7": 105.850033333, "8": 105.850695, "9": 105.851118, "10": 105.85162, "11": 105.85172, "12": 105.847366667, "13": 105.848266667, "14": 105.846402, "15": 105.83866666700001, "16": 105.8352, "17": 105.83221599999999, "18": 105.8292, "19": 105.825466667, "20": 105.817857, "21": 105.811073, "22": 105.803723, "23": 105.80385, "24": 105.80155, "25": 105.797783333, "26": 105.796866667, "27": 105.7921, "28": 105.787504, "29": 105.78481599999999, "30": 105.781663, "31": 105.782766667, "32": 105.784016667, "33": 105.787067}, "Name": {"0": "(B) Mai \u0110\u1ed9ng - Tuy\u1ebfn 38", "1": "C\u00f4ng ty da gi\u1ea7y H\u00e0 N\u1ed9i - 441 Nguy\u1ec5n Tam Trinh", "2": "251-253 Nguy\u1ec5n Tam Trinh", "3": "89 Nguy\u1ec5n Tam Trinh", "4": "199 Minh Khai", "5": "169C-169D Minh Khai", "6": "Ch\u1ee3 M\u01a1 - 5 Minh Khai", "7": "Ch\u1ee3 M\u01a1 - 459D B\u1ea1ch Mai", "8": "327 B\u1ea1ch Mai", "9": "215 B\u1ea1ch Mai", "10": "319 Ph\u1ed1 Hu\u1ebf", "11": "149 Ph\u1ed1 Hu\u1ebf", "12": "55 Quang Trung - \u0110\u1ed1i di\u1ec7n H\u1ed3 Thi\u1ec1n Quang", "13": "37 Quang Trung ", "14": "\u0110\u1ed1i di\u1ec7n th\u00e1p H\u00e0 N\u1ed9i - Hai B\u00e0 Tr\u01b0ng (c\u1ea1nh 56 Hai B\u00e0 Tr\u01b0ng)", "15": "104 Nguy\u1ec5n Khuy\u1ebfn - Tr\u01b0\u1eddng TH L\u00fd Th\u01b0\u1eddng Ki\u1ec7t", "16": "V\u0103n Mi\u1ebfu - Qu\u1ed1c T\u1eed Gi\u00e1m", "17": "Ch\u00f9a An Qu\u1ed1c - C\u00e1t Linh", "18": "40 C\u00e1t Linh - \u0110\u1ed1i di\u1ec7n THCS C\u00e1t Linh", "19": "B\u1ed9 Y T\u1ebf - 138A Gi\u1ea3ng V\u00f5", "20": "\u0110\u1ed1i di\u1ec7n 311 Kim M\u00e3 (G\u1ea7n ng\u00e3 4 Kim M\u00e3 - V\u1ea1n B\u1ea3o)", "21": "H\u00e8 c\u1ea1nh Kh\u00e1ch s\u1ea1n Daewoo H\u00e0 N\u1ed9i", "22": "\u0110i\u1ec3m trung chuy\u1ec3n C\u1ea7u Gi\u1ea5y - Th\u1ee7 L\u1ec7 02", "23": "H\u00e8 tr\u01b0\u1edbc gi\u1eefa s\u1ed1 nh\u00e0 26 - 28 Nguy\u1ec5n Kh\u00e1nh To\u00e0n", "24": "Qua ng\u00e3 3 Nguy\u1ec5n Kh\u00e1nh To\u00e0n - D\u01b0\u01a1ng Qu\u1ea3ng H\u00e0m", "25": "B\u1ea3o t\u00e0ng d\u00e2n t\u1ed9c h\u1ecdc Vi\u1ec7t Nam - Nguy\u1ec5n V\u0103n Huy\u00ean", "26": "90 Ho\u00e0ng Qu\u1ed1c Vi\u1ec7t - Ng\u00e3 3 Nguy\u1ec5n V\u0103n Huy\u00ean", "27": "122-124 Ho\u00e0ng Qu\u1ed1c Vi\u1ec7t", "28": "212 Ho\u00e0ng Qu\u1ed1c Vi\u1ec7t - \u0110\u1ed1i di\u1ec7n HV Ch\u00ednh tr\u1ecb Qu\u1ed1c Gia H\u1ed3 Ch\u00ed Minh", "29": "Tr\u1ea1m trung chuy\u1ec3n xe bu\u00fdt Ho\u00e0ng Qu\u1ed1c Vi\u1ec7t (c\u1ed9t tr\u01b0\u1edbc) - chi\u1ec1u \u0111i Ph\u1ea1m V\u0103n \u0110\u1ed3ng", "30": "36A Ph\u1ea1m V\u0103n \u0110\u1ed3ng", "31": "527 Ph\u1ea1m V\u0103n \u0110\u1ed3ng", "32": "Qua 70m \u0111\u01b0\u1eddng v\u00e0o c\u00f4ng vi\u00ean H\u00f2a B\u00ecnh - Ph\u1ea1m V\u0103n \u0110\u1ed3ng", "33": "(A) Nam Th\u0103ng Long - Tuy\u1ebfn 38"}}