{"Lat": {"0": 21.067283, "1": 21.07015, "2": 21.0771833333, "3": 21.1171666667, "4": 21.12645, "5": 21.1319, "6": 21.1418, "7": 21.1530833333, "8": 21.1581833333, "9": 21.1652666667, "10": 21.18675, "11": 21.1859333333, "12": 21.187383333299998, "13": 21.1948333333, "14": 21.2017666667, "15": 21.206515, "16": 21.212766666700002, "17": 21.2243833333, "18": 21.22775, "19": 21.2346666667, "20": 21.24375, "21": 21.249366666700002, "22": 21.2583, "23": 21.2641166667, "24": 21.2709666667, "25": 21.2743, "26": 21.2785, "27": 21.2879166667, "28": 21.2945666667, "29": 21.3046666667, "30": 21.3074833333, "31": 21.310679999999998, "32": 21.313482, "33": 21.3149333333, "34": 21.316382, "35": 21.3229666667, "36": 21.331666666700002, "37": 21.3463666667, "38": 21.3534666667, "39": 21.3558166667, "40": 21.3621833333, "41": 21.371579999999998}, "BusStopCode": {"0": 2996, "1": 596, "2": 598, "3": 882, "4": 883, "5": 885, "6": 886, "7": 887, "8": 888, "9": 889, "10": 907, "11": 1818, "12": 1819, "13": 1820, "14": 1821, "15": 2998, "16": 2999, "17": 3000, "18": 3001, "19": 3002, "20": 3003, "21": 3004, "22": 3005, "23": 3006, "24": 3007, "25": 3008, "26": 3009, "27": 3010, "28": 3011, "29": 3012, "30": 3013, "31": 3014, "32": 3015, "33": 3016, "34": 3017, "35": 3018, "36": 3019, "37": 3020, "38": 3021, "39": 3022, "40": 3023, "41": 2997}, "FleetOver": {"0": "93", "1": "07,14,14CT,28,35B,46,53A,53B,56A,56C,57,60A,60B,61,93,95", "2": "07,14,14CT,28,35B,46,53A,53B,56A,56C,57,60A,60B,61,93,95", "3": "07,35B,53A,53B,56A,56C,58,60B,61,93,95", "4": "07,35B,53A,53B,56A,56C,58,61,64,93,95", "5": "07,35B,53A,53B,56A,56C,58,61,64,93,95", "6": "07,35B,53A,53B,56A,56C,58,61,64,93,95", "7": "07,35B,53A,53B,56A,56C,58,61,64,93,95", "8": "07,35B,53A,53B,56A,56C,58,61,64,93,95", "9": "07,53B,56A,56C,58,64,93,95", "10": "07,53B,56A,56C,58,64,93,95", "11": "53B,93", "12": "53B,93", "13": "53B,93", "14": "53B,93", "15": "93", "16": "93", "17": "93", "18": "58,64,93,95", "19": "64,93", "20": "64,93", "21": "64,93", "22": "64,93", "23": "64,93", "24": "64,93", "25": "64,93", "26": "64,93", "27": "64,93", "28": "64,93", "29": "64,93", "30": "64,93", "31": "93", "32": "64,93", "33": "64,93", "34": "64,93", "35": "93", "36": "93", "37": "93", "38": "93", "39": "93", "40": "93", "41": "93"}, "Lng": {"0": 105.787067, "1": 105.78555, "2": 105.7868, "3": 105.78415, "4": 105.78116666700001, "5": 105.7792, "6": 105.77868333299999, "7": 105.7792, "8": 105.77943333299999, "9": 105.779733333, "10": 105.780383, "11": 105.775566667, "12": 105.77133333299999, "13": 105.76241666700001, "14": 105.75426666700001, "15": 105.75228999999999, "16": 105.755416667, "17": 105.76031666700001, "18": 105.76115, "19": 105.76328333299999, "20": 105.76766666700001, "21": 105.77278333299999, "22": 105.78165, "23": 105.78713333299999, "24": 105.79191666700001, "25": 105.79493333299999, "26": 105.798583333, "27": 105.80656666700001, "28": 105.811466667, "29": 105.817016667, "30": 105.82113333299999, "31": 105.82971200000001, "32": 105.84283899999998, "33": 105.8505, "34": 105.855731, "35": 105.85143333299999, "36": 105.84513333299999, "37": 105.83518333299999, "38": 105.82758333299999, "39": 105.824733333, "40": 105.82015, "41": 105.81599399999999}, "Name": {"0": "(A) Nam Th\u0103ng Long - Tuy\u1ebfn 93", "1": "373 Ph\u1ea1m V\u0103n \u0110\u1ed3ng", "2": "113 Ph\u1ea1m V\u0103n \u0110\u1ed3ng", "3": "Qua ng\u00e3 3 H\u1ea3i B\u1ed1i - V\u0129nh Ng\u1ecdc 300m", "4": "Qua ng\u00e3 t\u01b0 khu CN Th\u0103ng Long 100m (chi\u1ec1u H\u00e0 N\u1ed9i - N\u1ed9i B\u00e0i)", "5": "\u0110\u1ed1i di\u1ec7n UBND x\u00e3 Kim Chung- Km 2+230 Cao t\u1ed1c BTL-NB", "6": "Qua c\u1ea7u chui d\u00e2n sinh s\u1ed1 4 - \u0111\u01b0\u1eddng v\u00e0o th\u00f4n Nhu\u1ebf, Km 11+200 (chi\u1ec1u H\u00e0 N\u1ed9i \u0111i s\u00e2n bay N\u1ed9i B\u00e0i)", "7": "C\u1ea7u V\u00e2n Tr\u00ec- Km 4+560 Cao t\u1ed1c BTL-NB", "8": "Tr\u01b0\u1edbc 70m c\u1ea7u v\u01b0\u1ee3t Ng\u00e3 t\u01b0 Nam H\u1ed3ng Cao t\u1ed1c BTL-NB", "9": "C\u00f4ng ty c\u01a1 kh\u00ed Nam H\u1ed3ng- Km 6+120 Cao t\u1ed1c BTL-NB", "10": "KCN Quang Minh - Km 8+150 Cao t\u1ed1c BTL-NB", "11": "C\u00f4ng ty CP thi\u1ebft b\u1ecb x\u00e2y d\u1ef1ng La Th\u00e0nh", "12": "\u0110\u1ed1i di\u1ec7n t\u1ed5ng c\u00f4ng ty LIAMA", "13": "\u0110\u1ed1i di\u1ec7n c\u00f4ng ty C\u1ed5 ph\u1ea7n Th\u00f4ng Minh MK", "14": "\u0110\u1ed1i di\u1ec7n B\u01b0u \u0111i\u1ec7n huy\u1ec7n M\u00ea Linh", "15": "Tr\u01b0\u1eddng THCS Chi \u0110\u00f4ng ( TT Chi \u0110\u00f4ng)", "16": "Tr\u01b0\u1eddng THPT Quang Minh", "17": "\u0110\u1ed1i di\u1ec7n t\u01b0\u1eddng r\u00e0o tr\u01b0\u1eddng THCS Thanh Xu\u00e2n ( s\u1ed1 nh\u00e0 181)", "18": "C\u1ed9t m\u1ed1c Km 10+00 - Qu\u1ed1c l\u1ed9 2", "19": "\u0110\u1ea7u th\u00f4n B\u00e1i Th\u01b0\u1ee3ng - X\u00e3 Thanh Xu\u00e2n, T\u1ec9nh l\u1ed9 35", "20": "\u0110\u1ed1i di\u1ec7n Tr\u01b0\u1eddng Cao \u0111\u1eb3ng ngh\u1ec1 \u0111i\u1ec7n - Xu\u00e2n L\u1ec5 - T\u00e2n D\u00e2n, T\u1ec9nh l\u1ed9 35", "21": "\u0110\u1ed1i di\u1ec7n \u0110\u1ea1i l\u00fd b\u00e1n l\u1ebb x\u0103ng d\u1ea7u s\u1ed1 55 - Nam C\u01b0\u01a1ng, Hi\u1ec1n Ninh - S\u00f3c S\u01a1n,T\u1ec9nh l\u1ed9 35", "22": "Tr\u01b0\u1edbc B\u1ed1t T\u00e9p 100m - X\u00e3 Hi\u1ec1n Ninh - T\u1ec9nh l\u1ed9 35", "23": "Tr\u01b0\u1edbc 100m c\u1ea7u Ph\u00fa H\u1eefu (KM11+229 TL35) - x\u00e3 Minh Ph\u00fa", "24": "Tr\u01b0\u1edbc \u0111\u1ed1i di\u1ec7n 100m Doanh tr\u1ea1i Q\u0110ND Vi\u1ec7t Nam - X\u00f3m Ph\u00fa C\u01b0\u1eddng, Hi\u1ec1n Ninh, T\u1ec9nh l\u1ed9 35", "25": "Tr\u01b0\u1edbc 70m \u0111\u1ed1i di\u1ec7n l\u1ed1i v\u00e0o Ph\u00f2ng kh\u00e1m \u0111a khoa Minh Ph\u00fa - x\u00e3 Minh Ph\u00fa - T\u1ec9nh l\u1ed9 35", "26": "\u0110\u1ed1i di\u1ec7n B\u01b0u \u0111i\u1ec7n - tr\u01b0\u1eddng THPT Minh Ph\u00fa", "27": "Qua 50m \u0111\u1ed1i di\u1ec7n Km8 T\u1ec9nh l\u1ed9 35 - Ti\u1ec3u \u0111o\u00e0n 903 - L\u1eef \u0111o\u00e0n 86 - Binh ch\u1ee7ng Ho\u00e1 H\u1ecdc", "28": "\u0110\u1ed1i di\u1ec7n Tr\u01b0\u1eddng Ti\u1ec3u h\u1ecdc x\u00e3 Nam S\u01a1n - T\u1ec9nh l\u1ed9 35", "29": "\u0110\u1ed1i di\u1ec7n tr\u01b0\u1edbc 100m Cty TNHH th\u01b0\u01a1ng m\u1ea1i c\u00f4ng ngh\u1ec7 v\u00e0 m\u00f4i tr\u01b0\u1eddng Nh\u1eadt Anh", "30": "\u0110\u1ed1i di\u1ec7n UBND x\u00e3 Nam S\u01a1n - T\u1ec9nh l\u1ed9 35", "31": "\u0110\u1ed1i di\u1ec7n c\u1ee7a h\u00e0ng x\u0103ng d\u1ea7u s\u1ed1 94 x\u00e3 Nam Son", "32": "Qua c\u1ea7u \u0110en 100m - X\u00e3 H\u1ed3ng K\u1ef3 - t\u1ec9nh l\u1ed9 35", "33": "\u0110\u1ed1i di\u1ec7n C\u1ed9t m\u1ed1c Km2 T\u1ec9nh l\u1ed9 35 - x\u00e3 H\u1ed3ng K\u1ef3", "34": "Qua 70m \u0111\u1ed1i di\u1ec7n UBND X\u00e3 H\u1ed3ng K\u1ef3 - T\u1ec9nh l\u1ed9 35", "35": "X\u01b0\u1edfng c\u01a1 kh\u00ed To\u00e0n Th\u1eafng", "36": "\u0110\u1ed1i di\u1ec7n c\u1eeda h\u00e0ng x\u0103ng d\u1ea7u B\u00edch H\u1ed3ng ( tr\u01b0\u1edbc 100m)", "37": "\u0110\u1ed1i di\u1ec7n HTX M\u1ea1nh T\u1ea5n ( VLXD) Lai S\u01a1n - B\u1eafc S\u01a1n - S\u00f3c S\u01a1n", "38": "\u0110\u1ed1i di\u1ec7n c\u1eeda h\u00e0ng s\u01a1n ViNaDo ( \u0111\u01b0\u1eddng v\u00e0o th\u00f4n Nam L\u00fd)", "39": "\u0110\u1ed1i di\u1ec7n c\u1eeda h\u00e0ng \u0111i\u1ec7n tho\u1ea1i H\u1ea3i Anh Mobile ( L\u01b0\u01a1ng \u0110\u00ecnh - B\u1eafc S\u01a1n - S\u00f3c S\u01a1n)", "40": "\u0110\u01b0\u1eddng v\u00e0o UBND x\u00e3 B\u1eafc S\u01a1n", "41": "(B) B\u1eafc S\u01a1n (B\u00e3i \u0111\u1ed7 xe bu\u00fdt th\u00f4n \u0110a H\u1ed9i, x\u00e3 B\u1eafc S\u01a1n, S\u00f3c S\u01a1n) - Tuy\u1ebfn 93"}}