{"Lat": {"0": 21.00665, "1": 21.002753, "2": 21.0065, "3": 21.010077, "4": 21.014253, "5": 21.018833333299998, "6": 21.022033, "7": 21.02365, "8": 21.026733333299997, "9": 21.031982, "10": 21.0345833333, "11": 21.0413833333, "12": 21.0440666667, "13": 21.046466666700002, "14": 21.0503333333, "15": 21.061584, "16": 21.06355, "17": 21.0665833333, "18": 21.0699333333, "19": 21.0737166667, "20": 21.077033333299998, "21": 21.0803, "22": 21.0842333333, "23": 21.0900333333, "24": 21.0898666667, "25": 21.0897166667, "26": 21.0894, "27": 21.090766666700002, "28": 21.092, "29": 21.0935666667, "30": 21.09055, "31": 21.08245, "32": 21.0787, "33": 21.074032, "34": 21.0719}, "BusStopCode": {"0": 1707, "1": 342, "2": 659, "3": 627, "4": 628, "5": 629, "6": 397, "7": 606, "8": 391, "9": 190, "10": 188, "11": 856, "12": 859, "13": 860, "14": 861, "15": 17, "16": 18, "17": 19, "18": 20, "19": 21, "20": 22, "21": 23, "22": 1, "23": 2, "24": 3, "25": 4, "26": 5, "27": 6, "28": 7, "29": 8, "30": 1061, "31": 1062, "32": 1063, "33": 1064, "34": 1764}, "FleetOver": {"0": "31", "1": "08A,08ACT,08B,08BCT,23,26,31,47B", "2": "23,31,47B", "3": "08A,08ACT,08B,08BCT,31,35A,36,36CT,38,52A,52B", "4": "08A,08ACT,08B,08BCT,31,35A,36,36CT,38,52A,52B", "5": "08A,08ACT,08B,08BCT,09,09CT,31,35A,36,36CT", "6": "08ACT,08BCT,09CT,31,36CT,45,49", "7": "02,04,08ACT,08BCT,09CT,11,31,34,35A,40,49,86CT", "8": "04,08ACT,08BCT,09CT,11,14CT,18,23,31,34", "9": "04,08A,08ACT,08B,08BCT,11,14CT,18,23,31,34,86,86CT", "10": "04,08A,08ACT,08B,08BCT,11,14,14CT,18,23,31,34", "11": "18,23,24,31,58", "12": "31,50,55,55B,58", "13": "31,41,50,55,55B,58,86,86CT", "14": "31,41,55,55B,58", "15": "31,41,55,55B,58", "16": "31,41,55,55B,58", "17": "31,41,55,55B,58", "18": "31,55,55B,58", "19": "31,55,55B,58", "20": "31,55,55B,58", "21": "31,55,55B,58,86,86CT", "22": "31,58", "23": "31,58", "24": "31,58", "25": "31,58", "26": "31,58", "27": "31,58", "28": "31", "29": "31", "30": "31", "31": "28,31", "32": "28,31", "33": "28,31", "34": "31"}, "Lng": {"0": 105.845183333, "1": 105.84754199999999, "2": 105.84723333299999, "3": 105.85162, "4": 105.85172, "5": 105.851716667, "6": 105.854867, "7": 105.856816667, "8": 105.85621666700001, "9": 105.855672, "10": 105.8547, "11": 105.849583333, "12": 105.84705, "13": 105.844016667, "14": 105.8406, "15": 105.83260800000001, "16": 105.83195, "17": 105.82781666700001, "18": 105.82616666700001, "19": 105.82488333299999, "20": 105.82103333299999, "21": 105.818733333, "22": 105.81683333299999, "23": 105.81158333299999, "24": 105.8078, "25": 105.802833333, "26": 105.79705, "27": 105.78895, "28": 105.78291666700001, "29": 105.7786, "30": 105.777666667, "31": 105.7782, "32": 105.777683333, "33": 105.777185, "34": 105.7772}, "Name": {"0": "(A) \u0110\u1ea1i h\u1ecdc B\u00e1ch Khoa  - Tuy\u1ebfn 31", "1": "S\u00e2n v\u1eadn \u0111\u1ed9ng B\u00e1ch Khoa - L\u00ea Thanh Ngh\u1ecb", "2": "\u0110\u1ed1i di\u1ec7n B13 K\u00fd t\u00fac x\u00e1 B\u00e1ch Khoa - T\u1ea1 Quang B\u1eedu", "3": "319 Ph\u1ed1 Hu\u1ebf", "4": "149 Ph\u1ed1 Hu\u1ebf", "5": "25A-25B Ph\u1ed1 Hu\u1ebf", "6": "25 L\u00fd Th\u01b0\u1eddng Ki\u1ec7t", "7": "\u0110\u1ed1i di\u1ec7n 6C Phan Chu Trinh", "8": "51 L\u00fd Th\u00e1i T\u1ed5 - Ng\u00e2n h\u00e0ng Nh\u00e0 n\u01b0\u1edbc Vi\u1ec7t Nam", "9": "23 H\u00e0ng Tre", "10": "S\u1ed1 3 H\u00e0ng Mu\u1ed1i", "11": "E1.3 \u0110i\u1ec3m trung chuy\u1ec3n Long Bi\u00ean", "12": "Qua n\u00fat giao H\u00e0ng Than 50m - Y\u00ean Ph\u1ee5 (\u0111\u01b0\u1eddng xe bu\u00fdt)", "13": "Tr\u01b0\u1edbc n\u00fat giao C\u1eeda B\u1eafc 30m - Y\u00ean Ph\u1ee5 (\u0111\u01b0\u1eddng xe bu\u00fdt)", "14": "\u0110\u01b0\u1eddng v\u00e0o b\u00e3i An D\u01b0\u01a1ng - Y\u00ean Ph\u1ee5 (\u0110\u1ed1i di\u1ec7n Sofitel Plaza)", "15": "S\u1ed1 48-50 \u00c2u C\u01a1", "16": "S\u1ed1 136 \u00c2u C\u01a1", "17": "Ch\u1ee3 \u0111\u1ed3 c\u0169 Qu\u1ea3ng An - \u00c2u C\u01a1", "18": "236 \u00c2u C\u01a1", "19": "S\u1ed1 286 \u00c2u C\u01a1", "20": "\u0110\u1ed1i di\u1ec7n 415 \u00c2u C\u01a1", "21": "\u0110\u1ed1i di\u1ec7n 513 \u00c2u C\u01a1 (G\u1ea7n ng\u00e3 3 L\u1ea1c Long Qu\u00e2n)", "22": "8 An D\u01b0\u01a1ng V\u01b0\u01a1ng", "23": "\u0110\u1ed1i di\u1ec7n Tr\u1ea1m th\u00fa y T\u00e2y H\u1ed3 197 An D\u01b0\u01a1ng V\u01b0\u01a1ng", "24": "\u0110\u1ed1i di\u1ec7n l\u1ed1i r\u1ebd v\u00e0o UBND x\u00e3 Ph\u00fa Th\u01b0\u1ee3ng - An D\u01b0\u01a1ng V\u01b0\u01a1ng", "25": "\u0110\u1ed1i di\u1ec7n 327 An D\u01b0\u01a1ng V\u01b0\u01a1ng", "26": "\u0110\u1ed1i di\u1ec7n l\u00e0ng Th\u01b0\u1ee3ng Thu\u1ef5 - An D\u01b0\u01a1ng V\u01b0\u01a1ng", "27": "X\u00f3m \u0110\u00ecnh Nh\u1eadt T\u1ea3o (C\u00e1ch \u0111\u1ed1i di\u1ec7n \u0110\u00ecnh Nh\u1eadt T\u1ea3o 100m) - An D\u01b0\u01a1ng V\u01b0\u01a1ng", "28": "\u0110\u1ed1i di\u1ec7n tr\u01b0\u1eddng ti\u1ec3u h\u1ecdc \u0110\u00f4ng Ng\u1ea1c A - An D\u01b0\u01a1ng V\u01b0\u01a1ng", "29": "\u0110\u1ed1i di\u1ec7n tr\u01b0\u1eddng THCS \u0110\u00f4ng Ng\u1ea1c A - An D\u01b0\u01a1ng V\u01b0\u01a1ng", "30": "\u0110D \u0111\u00ecnh l\u00e0ng Li\u00ean Ng\u1ea1c - \u0110\u01b0\u1eddng \u0110\u00f4ng Ng\u1ea1c", "31": "\u0110\u1ed1i di\u1ec7n C\u1eeda h\u00e0ng B\u00e3o d\u01b0\u1ee1ng s\u1eeda ch\u1eefa xe m\u00e1y Nam H\u1ea3i X\u00f3m 7 \u0110\u00f4ng Ng\u1ea1c - \u0110\u01b0\u1eddng \u0110\u00f4ng Ng\u1ea1c", "32": "\u0110\u01b0\u1eddng v\u00e0o C\u00f4ng ty CP c\u01a1 \u0111i\u1ec7n HN- \u0110\u01b0\u1eddng \u0110\u00f4ng Ng\u1ea1c", "33": "Tr\u01b0\u1eddng C\u0110 T\u00e0i Nguy\u00ean & M\u00f4i Tr\u01b0\u1eddng HN - \u0110\u01b0\u1eddng \u0110\u00f4ng Ng\u1ea1c", "34": "(B) \u0110H M\u1ecf  - Tuy\u1ebfn 31"}}