{"Lat": {"0": 20.96465, "1": 20.971045999999998, "2": 20.98005, "3": 20.984671, "4": 20.989376999999998, "5": 20.993727, "6": 20.99643, "7": 20.998655, "8": 21.000219, "9": 21.0028166667, "10": 21.003966666700002, "11": 21.005883333299998, "12": 21.00985, "13": 21.013107, "14": 21.01815, "15": 21.023387, "16": 21.02615, "17": 21.0319333333, "18": 21.034438, "19": 21.0357833333, "20": 21.036583333299998, "21": 21.0367333333, "22": 21.0344833333, "23": 21.0305, "24": 21.0281}, "BusStopCode": {"0": 1693, "1": 165, "2": 44, "3": 166, "4": 167, "5": 630, "6": 3283, "7": 816, "8": 813, "9": 814, "10": 146, "11": 147, "12": 148, "13": 149, "14": 150, "15": 151, "16": 152, "17": 4054, "18": 60, "19": 65, "20": 2111, "21": 2112, "22": 581, "23": 582, "24": 1744}, "FleetOver": {"0": "16", "1": "03B,06A,06B,06C,06D,06E,08A,08ACT,08B,08BCT,101,106,12,16,21B,22C,29,36,36CT,37,94", "2": "106,16", "3": "03,03B,08A,08ACT,08B,08BCT,12,16,21A,21B,25,28,32,41", "4": "03,03B,08A,08ACT,08B,08BCT,16,21A,21B,25,28,32,41", "5": "16,21A,21B", "6": "16,21A,21B,99", "7": "16,19,24", "8": "16,19,24", "9": "16,19,24,84", "10": "16,24,27,51", "11": "16,24,27,51", "12": "16,24,27,51,84", "13": "16,24,27,50,51", "14": "16,24", "15": "09,09CT,16,24", "16": "09,09CT,16,24", "17": "07,16,20A,20B,26,27,28,32,34,49", "18": "16,20A,20B,26,27,28,32,34,49", "19": "16,20A,20B,26,32,34,49", "20": "16,20A,20B,26,32,34,49", "21": "16,20A,20B,26,32,34,49", "22": "16,29,33,34,35A,46,53B,60A,60B,61,97", "23": "16,29,33,34,35A,46,53B,60A,60B,97", "24": "16"}, "Lng": {"0": 105.84255, "1": 105.84128, "2": 105.8414, "3": 105.841169, "4": 105.84126100000002, "5": 105.84193, "6": 105.842858, "7": 105.838451, "8": 105.83106000000001, "9": 105.82186666700001, "10": 105.818616667, "11": 105.81665, "12": 105.8128, "13": 105.808025, "14": 105.80295, "15": 105.799392, "16": 105.79873333299999, "17": 105.79955, "18": 105.796241, "19": 105.79188333299999, "20": 105.78843333299999, "21": 105.784066667, "22": 105.78001666700001, "23": 105.779266667, "24": 105.7785}, "Name": {"0": "(B) BX N\u01b0\u1edbc Ng\u1ea7m - Tuy\u1ebfn 16", "1": "\u0110\u1ed1i di\u1ec7n Tr\u1ee5 s\u1edf C\u00f4ng an Ph\u01b0\u1eddng Ho\u00e0ng Li\u1ec7t- 1277 Gi\u1ea3i Ph\u00f3ng", "2": "D\u1ea3i \u0111\u1ed7 s\u1ed1 2 b\u1ebfn xe Gi\u00e1p B\u00e1t - Tuy\u1ebfn 16,106", "3": "Toyota Gi\u1ea3i Ph\u00f3ng - 807 Gi\u1ea3i Ph\u00f3ng", "4": "649 Gi\u1ea3i Ph\u00f3ng", "5": "337 Ph\u1ed1 V\u1ecdng", "6": "191 Ph\u1ed1 V\u1ecdng", "7": "86 Tr\u01b0\u1eddng Chinh", "8": "\u0110\u1ed1i di\u1ec7n B\u1ea3o t\u00e0ng ph\u00f2ng kh\u00f4ng kh\u00f4ng qu\u00e2n - Tr\u01b0\u1eddng Chinh", "9": "Platform d\u00e0nh ri\u00eang cho xe bu\u00fdt tr\u01b0\u1edbc nh\u00e0 604 Tr\u01b0\u1eddng Chinh", "10": "Flatfom d\u00e0nh ri\u00eang cho xe bu\u00fdt tr\u01b0\u1edbc nh\u00e0 80 \u0110\u01b0\u1eddng L\u00e1ng", "11": "220 \u0111\u01b0\u1eddng L\u00e1ng - Tr\u01b0\u1eddng \u0110\u1ea3ng L\u00ea H\u1ed3ng Phong", "12": "470 \u0110\u01b0\u1eddng L\u00e1ng", "13": "Ch\u1ee3 L\u00e1ng H\u1ea1 A - 572 \u0110\u01b0\u1eddng L\u00e1ng", "14": "794 \u0110\u01b0\u1eddng L\u00e1ng", "15": "1014 \u0110\u01b0\u1eddng L\u00e1ng", "16": "1152D \u0110\u01b0\u1eddng L\u00e1ng", "17": "S\u1ed1 112 C\u1ea7u Gi\u1ea5y", "18": "250-252 C\u1ea7u Gi\u1ea5y", "19": "370 C\u1ea7u Gi\u1ea5y", "20": "H\u1ecdc vi\u1ec7n B\u00e1o ch\u00ed v\u00e0 Tuy\u00ean truy\u1ec1n - 36 Xu\u00e2n Th\u1ee7y", "21": "G\u1ea7n nh\u00e0 s\u00e1ch S\u01b0 ph\u1ea1m (\u0110\u1ea1i h\u1ecdc S\u01b0 ph\u1ea1m H\u00e0 N\u1ed9i) - 136 Xu\u00e2n Th\u1ee7y", "22": "B\u1ec7nh vi\u1ec7n \u0111a khoa y h\u1ecdc c\u1ed5 truy\u1ec1n - 6 Ph\u1ea1m H\u00f9ng", "23": "\u0110\u1ed1i di\u1ec7n B\u01b0u c\u1ee5c Th\u0103ng Long - \u0111\u01b0\u1eddng Ph\u1ea1m H\u00f9ng", "24": "(A) BX M\u1ef9 \u0110\u00ecnh - Tuy\u1ebfn 16"}}