{"Lat": {"0": 20.759116666700002, "1": 20.7661, "2": 20.7695666667, "3": 20.7797833333, "4": 20.7825833333, "5": 20.7901166667, "6": 20.7916166667, "7": 20.7946333333, "8": 20.7947, "9": 20.7977166667, "10": 20.8009833333, "11": 20.8038666667, "12": 20.8061166667, "13": 20.8228833333, "14": 20.8301166667, "15": 20.8426166667, "16": 20.8537666667, "17": 20.8645666667, "18": 20.8704666667, "19": 20.8762166667, "20": 20.8793, "21": 20.886983333299998, "22": 20.894033333299998, "23": 20.9019833333, "24": 20.90755, "25": 20.9112333333, "26": 20.9186, "27": 20.922933333299998, "28": 20.9267166667, "29": 20.931938, "30": 20.93545, "31": 20.939083333299997, "32": 20.94415, "33": 20.947, "34": 20.951628, "35": 20.9556, "36": 20.9579, "37": 20.9647666667, "38": 20.971045999999998, "39": 20.97985}, "BusStopCode": {"0": 2638, "1": 2641, "2": 2642, "3": 2637, "4": 1534, "5": 2921, "6": 1532, "7": 1530, "8": 2951, "9": 1522, "10": 1520, "11": 1518, "12": 1262, "13": 1263, "14": 1264, "15": 1265, "16": 1266, "17": 1267, "18": 1268, "19": 1223, "20": 1270, "21": 1271, "22": 1272, "23": 1273, "24": 1274, "25": 1275, "26": 1276, "27": 1277, "28": 439, "29": 440, "30": 441, "31": 442, "32": 443, "33": 444, "34": 445, "35": 446, "36": 447, "37": 3287, "38": 165, "39": 1683}, "FleetOver": {"0": "06E", "1": "06E,91", "2": "06E,91", "3": "06E", "4": "06E", "5": "06E", "6": "06E", "7": "06E", "8": "06E", "9": "06E", "10": "06E", "11": "06E", "12": "06A,06C,06D,06E,101,108", "13": "06A,06C,06D,06E,101,108", "14": "06A,06C,06D,06E,101,108", "15": "06A,06C,06D,06E,101,108", "16": "06A,06C,06D,06E,101,108", "17": "06A,06C,06D,06E,101", "18": "06A,06C,06D,06E,101,62,94", "19": "06A,06B,06C,06D,06E,101,62,94", "20": "06A,06B,06C,06D,06E,101,62,94", "21": "06A,06B,06C,06D,06E,101,62,94", "22": "06A,06B,06C,06D,06E,101,62,94", "23": "06A,06B,06C,06D,06E,101,62,94", "24": "06A,06B,06C,06D,06E,101,62,94", "25": "06A,06B,06C,06D,06E,101,62,94", "26": "06A,06B,06C,06D,06E,101,62,94", "27": "06A,06B,06C,06D,06E,101,62,94", "28": "06A,06B,06C,06D,06E,08A,08ACT,101,12,62,94", "29": "06A,06B,06C,06D,06E,08A,08ACT,101,12,62,94", "30": "06A,06B,06C,06D,06E,08A,08ACT,101,12,62,94", "31": "06A,06B,06C,06D,06E,08A,08ACT,101,12,62,94", "32": "06A,06B,06C,06D,06E,08A,08ACT,101,12,39,94", "33": "06A,06B,06C,06D,06E,08A,08ACT,101,12,39,94", "34": "06A,06B,06C,06D,06E,08A,08ACT,101,12,94", "35": "06A,06B,06C,06D,06E,08A,08ACT,101,12,94", "36": "06A,06B,06C,06D,06E,08A,08ACT,101,12,60A,94,99", "37": "06A,06B,06C,06D,06E,08A,08B,08BCT,106,12,21B,37,60A,94,99", "38": "03B,06A,06B,06C,06D,06E,08A,08ACT,08B,08BCT,101,106,12,16,21B,22C,29,36,36CT,37,94", "39": "06E"}, "Lng": {"0": 105.81255, "1": 105.81031666700001, "2": 105.809283333, "3": 105.8071, "4": 105.80831666700001, "5": 105.817033333, "6": 105.82191666700001, "7": 105.83025, "8": 105.838416667, "9": 105.8465, "10": 105.86055, "11": 105.88218333299999, "12": 105.88398333299999, "13": 105.88225, "14": 105.878133333, "15": 105.8729, "16": 105.87035, "17": 105.86675, "18": 105.864883333, "19": 105.86251666700001, "20": 105.86081666700001, "21": 105.85821666700001, "22": 105.855983333, "23": 105.85363333299999, "24": 105.85273333299999, "25": 105.85255, "26": 105.85241666700001, "27": 105.85175, "28": 105.849566667, "29": 105.84730800000001, "30": 105.84595, "31": 105.8445, "32": 105.84456666700001, "33": 105.844466667, "34": 105.84413799999999, "35": 105.84338333299999, "36": 105.84291666700001, "37": 105.84211666700001, "38": 105.84128, "39": 105.841916667}, "Name": {"0": "(B) Ph\u00fa T\u00fac (Ph\u00fa Xuy\u00ean) - Tuy\u1ebfn 6E", "1": "Th\u00f4n L\u01b0u Th\u01b0\u1ee3ng", "2": "\u0110\u1ed1i di\u1ec7n c\u1ed5ng l\u00e0ng Ph\u00fa T\u00fac", "3": "G\u1ea7n ng\u00e3 3 Ph\u00fa T\u00fac \u0111i TL 429 - 150m", "4": "\u0110\u1ed1i di\u1ec7n m\u1ed1c Km11+400 - TL 429", "5": "Qua \u0111\u1ed1i di\u1ec7n l\u1ed1i r\u1ebd v\u00e0o ch\u00f9a Long Lai - th\u00f4n Ph\u00f9 B\u1eadt (Km10+100, t\u1ec9nh l\u1ed9 429)", "6": "\u0110\u1ed1i di\u1ec7n m\u1ed1c Km9+500 - TL 429", "7": "\u0110\u1ed1i di\u1ec7n m\u1ed1c Km8+500 - TL 429", "8": "Qua c\u1ea7u \u0110\u1ed3ng Quan 50m", "9": "G\u1ea7n tr\u01b0\u1eddng THPT \u0110\u1ed3ng Quan - TL 429", "10": "G\u1ea7n m\u1ed1c Km5 - TL 429", "11": "Nh\u00e0 v\u0103n ho\u00e1 khu d\u00e2n c\u01b0 Ph\u1ed1 T\u00eda - TL 429", "12": "C\u1eeda h\u00e0ng v\u00e0ng b\u1ea1c Loan L\u1ef1u - Qu\u1ed1c L\u1ed9 1A", "13": "C\u1eeda h\u00e0ng b\u00ecnh n\u01b0\u1edbc n\u00f3ng si\u00eau t\u1ed1c - Qu\u1ed1c L\u1ed9 1A", "14": "C\u1eeda h\u00e0ng Nokia Ch\u1ee3 C\u1ea7u - Qu\u1ed1c L\u1ed9 1A", "15": "C\u1eeda h\u00e0ng Thanh H\u01b0\u1edfng (\u0110\u1ea1m - L\u00e2n - Kali) - Qu\u1ed1c L\u1ed9 1A", "16": "C\u00e1ch c\u00f4ng ty PTXD Ho\u00e0ng Long 50m - Qu\u1ed1c L\u1ed9 1A", "17": "BX Th\u01b0\u1eddng T\u00edn - Qu\u1ed1c L\u1ed9 1A", "18": "\u0110\u1ed1i di\u1ec7n V\u0103n ph\u00f2ng Lu\u1eadt s\u01b0 VLAW - s\u1ed1 13 ph\u1ed1 Ga, th\u1ecb tr\u1ea5n Th\u01b0\u1eddng T\u00edn - Qu\u1ed1c L\u1ed9 1A", "19": "\u0110\u1ed1i di\u1ec7n 83 Ph\u1ed1 Ga, th\u1ecb tr\u1ea5n Th\u01b0\u1eddng T\u00edn - Km 191+950 Qu\u1ed1c L\u1ed9 1A", "20": "\u0110\u1ed1i di\u1ec7n Tr\u1ea1m bi\u1ebfn \u00e1p 500KV- Km 191+470 Qu\u1ed1c L\u1ed9 1A", "21": "\u0110\u00ecnh L\u00e0ng V\u0103n Gi\u00e1p - Km 190+550 Qu\u1ed1c L\u1ed9 1A", "22": "\u0110\u1ed1i di\u1ec7n \u0111\u01b0\u1eddng v\u00e0o L\u00e0ng ngh\u1ec1 ti\u1ec7n Nh\u1ecb Kh\u00ea - Km 189+730 Qu\u1ed1c L\u1ed9 1A", "23": "\u0110\u1ed1i di\u1ec7n t\u1eadp th\u1ec3 C\u00f4ng ty 810 - Km 188+650 Qu\u1ed1c L\u1ed9 1A", "24": "C\u00e1ch \u0111\u01b0\u1eddng v\u00e0o \u0110\u00ecnh L\u00e0ng Y\u00ean Ph\u00fa 150m(Chi\u1ec1u Th\u01b0\u1eddng T\u00edn - Ga HN) - Qu\u1ed1c l\u1ed9 1A", "25": "C\u00e1ch \u0111\u01b0\u1eddng v\u00e0o UBND x\u00e3 Li\u00ean Ninh 50m - Km 187+800 Qu\u1ed1c L\u1ed9 1A", "26": "\u0110\u1ed1i di\u1ec7n C\u1ee5m CN Ng\u1ecdc H\u1ed3i - Km 186+850 Qu\u1ed1c l\u1ed9 1A", "27": "C\u1eeda h\u00e0ng S\u01a1n Lucky house - Km 186+450 Qu\u1ed1c L\u1ed9 1A", "28": "C\u00f4ng ty c\u00f4ng tr\u00ecnh giao th\u00f4ng 124 (Km 12 + 500 Qu\u1ed1c l\u1ed9 1A) - Ng\u1ecdc H\u1ed3i", "29": "C\u00f4ng ty 17 L\u1eef \u0111o\u00e0n 17 Binh \u0111o\u00e0n 12 - Ng\u1ecdc H\u1ed3i", "30": "Qua ng\u00e3 3 \u0111\u01b0\u1eddng Qu\u1ef3nh \u0110\u00f4 - Ng\u1ecdc H\u1ed3i", "31": "\u0110\u1ed1i di\u1ec7n Khu t\u1eadp th\u1ec3 LIC\u00d4LA - Ng\u1ecdc H\u1ed3i", "32": "449 - 451 Ng\u1ecdc H\u1ed3i", "33": "373 Ng\u1ecdc H\u1ed3i", "34": "TCT c\u01a1 \u0111i\u1ec7n n\u00f4ng nghi\u1ec7p & Th\u1ee7y l\u1ee3i (V\u0103n \u0110i\u1ec3n) - Ng\u1ecdc H\u1ed3i", "35": "\u0110\u1ed1i di\u1ec7n 184 Ng\u1ecdc H\u1ed3i", "36": "C\u00f4ng ty bi\u1ebfn th\u1ebf ABB - Ng\u1ecdc H\u1ed3i", "37": "B\u1ebfn xe N\u01b0\u1edbc Ng\u1ea7m", "38": "\u0110\u1ed1i di\u1ec7n Tr\u1ee5 s\u1edf C\u00f4ng an Ph\u01b0\u1eddng Ho\u00e0ng Li\u1ec7t- 1277 Gi\u1ea3i Ph\u00f3ng", "39": "(A) BX Gi\u00e1p B\u00e1t - Tuy\u1ebfn 6E"}}