{"Lat": {"0": 21.0172333333, "1": 21.017205, "2": 21.01605, "3": 21.0113, "4": 21.0039833333, "5": 21.0000666667, "6": 20.996783333299998, "7": 20.9955833333, "8": 20.99505, "9": 20.995765, "10": 20.99665, "11": 20.997633333299998, "12": 21.0299, "13": 21.03175, "14": 21.029766666700002, "15": 21.028117, "16": 21.023467, "17": 21.0216666667, "18": 21.0180666667, "19": 21.013416, "20": 21.00985, "21": 21.00745, "22": 21.004077, "23": 21.00135, "24": 21.0074333333, "25": 21.0120166667, "26": 21.0171833333, "27": 21.0217833333, "28": 21.023666666700002, "29": 21.025783333299998, "30": 21.0259333333, "31": 21.0269666667, "32": 21.029283}, "BusStopCode": {"0": 1705, "1": 767, "2": 35, "3": 36, "4": 40, "5": 41, "6": 42, "7": 405, "8": 406, "9": 407, "10": 408, "11": 409, "12": 1209, "13": 1206, "14": 1207, "15": 1208, "16": 1189, "17": 1190, "18": 1191, "19": 1192, "20": 1193, "21": 1194, "22": 1172, "23": 1173, "24": 1553, "25": 1554, "26": 1555, "27": 1556, "28": 1557, "29": 1558, "30": 1559, "31": 1560, "32": 1771}, "FleetOver": {"0": "52A", "1": "09,09CT,11,30,40,43,52A,52B", "2": "08A,08ACT,08B,08BCT,31,35A,36,36CT,38,52A,52B", "3": "08A,08ACT,08B,08BCT,23,31,35A,36,36CT,38,52A,52B", "4": "08A,08ACT,08B,08BCT,36,36CT,38,52A,52B", "5": "36,36CT,38,52A,52B", "6": "36,36CT,38,52A,52B", "7": "03B,19,24,38,52A,52B", "8": "03B,19,24,38,52A,52B", "9": "03B,19,24,38,52A,52B", "10": "03B,19,24,52A,52B", "11": "03B,19,24,52A,52B", "12": "03B,52A", "13": "11,52A", "14": "100,11,40,52A,52B", "15": "100,11,40,52A,52B", "16": "100,11,40,52A,52B", "17": "100,11,40,52A,52B", "18": "100,40,52A,52B", "19": "40,52A,52B", "20": "40,52A,52B", "21": "40,52A,52B", "22": "40,52A,52B", "23": "40,52A,52B", "24": "52A,52B", "25": "52A,52B", "26": "52A,52B", "27": "52A", "28": "52A", "29": "52A", "30": "52A", "31": "52A", "32": "52A"}, "Lng": {"0": 105.84385, "1": 105.84496100000001, "2": 105.84921666700001, "3": 105.84905, "4": 105.85106666700001, "5": 105.8505, "6": 105.85008333299999, "7": 105.85231666700001, "8": 105.856833333, "9": 105.86086100000001, "10": 105.86341666700001, "11": 105.86653333299999, "12": 105.89893333299999, "13": 105.90975, "14": 105.91446666700001, "15": 105.920079, "16": 105.9319, "17": 105.936383333, "18": 105.94255, "19": 105.948829, "20": 105.95375, "21": 105.95711666700001, "22": 105.96246299999999, "23": 105.96533333299999, "24": 105.966483333, "25": 105.96608333299999, "26": 105.96501666700001, "27": 105.97005, "28": 105.975433333, "29": 105.98425, "30": 105.98846666700001, "31": 105.99805, "32": 106.0081}, "Name": {"0": "(A) CV Th\u1ed1ng Nh\u1ea5t - Tuy\u1ebfn 52A", "1": "C\u00f4ng vi\u00ean Th\u1ed1ng Nh\u1ea5t - Tr\u1ea7n Nh\u00e2n T\u00f4ng", "2": "180 - 182 B\u00e0 Tri\u1ec7u", "3": "\u0110\u1ed1i di\u1ec7n Vincom Tower - B\u00e0 Tri\u1ec7u", "4": "216-218 B\u1ea1ch Mai", "5": "368-370 B\u1ea1ch Mai", "6": "512-514 B\u1ea1ch Mai", "7": "110 Minh Khai", "8": "248-250 Minh Khai (C\u00f4ng ty May Th\u0103ng Long )", "9": "308 Minh Khai (G\u1ea7n c\u1ea7u Mai \u0110\u1ed9ng)", "10": "376 - 378 Minh Khai - Nh\u00e0 m\u00e1y ch\u1ec9 kh\u00e2u", "11": "Vi\u1ec7n kinh t\u1ebf v\u00e0 k\u1ef9 thu\u1eadt d\u1ec7t may - 478 Minh Khai", "12": "S\u00e2n golf Long Bi\u00ean", "13": "Khu CN S\u00e0i \u0110\u1ed3ng - Hanel - \u0110\u1ed1i di\u1ec7n 523 Nguy\u1ec5n V\u0103n Linh", "14": "\u0110\u01b0\u1eddng v\u00e0o \u0111\u01b0\u1eddng Th\u1ea1ch B\u00e0n - \u0110\u1ed1i di\u1ec7n 693 Nguy\u1ec5n V\u0103n Linh", "15": "\u0110\u1ed1i di\u1ec7n C\u00f4ng ty May 10 - Nguy\u1ec5n V\u0103n Linh", "16": "Qua ng\u00e3 3 c\u1ea7u Thanh Tr\u00ec - Nguy\u1ec5n \u0110\u1ee9c Thu\u1eadn", "17": "\u0110\u1ed1i di\u1ec7n b\u01b0u \u0111i\u1ec7n Tr\u00e2u Qu\u1ef3 - Nguy\u1ec5n \u0110\u1ee9c Thu\u1eadn", "18": "\u0110\u1ed1i di\u1ec7n TT Th\u1ec3 d\u1ee5c th\u1ec3 thao Gia L\u00e2m - Nguy\u1ec5n \u0110\u1ee9c Thu\u1eadn", "19": "\u0110\u1ed1i di\u1ec7n K\u0110T \u0110\u1eb7ng X\u00e1 (Km 8+00 Qu\u1ed1c l\u1ed9 5) - Nguy\u1ec5n \u0110\u1ee9c Thu\u1eadn", "20": "\u0110\u1ed1i di\u1ec7n KCN Gia L\u00e2m - Nguy\u1ec5n \u0110\u1ee9c Thu\u1eadn", "21": "\u0110\u1ed1i di\u1ec7n \u0111\u01b0\u1eddng v\u00e0o Nh\u00e0 m\u00e1y S\u1eefa H\u00e0 N\u1ed9i - Nguy\u1ec5n \u0110\u1ee9c Thu\u1eadn", "22": "C\u1ed5ng Ga Ph\u00fa Th\u1ecb - Nguy\u1ec5n B\u00ecnh", "23": "G\u1ea7n c\u1ea7u v\u01b0\u1ee3t 4 Ph\u00fa Th\u1ecb - Nguy\u1ec5n B\u00ecnh", "24": "Tr\u01b0\u1eddng THCS D\u01b0\u01a1ng X\u00e1 - \u0110\u01b0\u1eddng \u1ef6 Lan", "25": "G\u1ea7n \u0111\u01b0\u1eddng v\u00e0o ch\u00f9a Y\u00ean B\u00ecnh - \u0110\u01b0\u1eddng \u1ef6 Lan", "26": "\u0110\u1ed1i di\u1ec7n Ch\u1ee3 S\u1ee7i (C\u1ea1nh bi\u1ec3n giao th\u00f4ng \"ch\u1ee3\") - \u0110\u01b0\u1eddng 181", "27": "Tr\u1ea1m y t\u1ebf x\u00e3 Ph\u00fa Th\u1ecb - \u0110\u01b0\u1eddng 181", "28": "C\u1eeda h\u00e0ng x\u0103ng d\u1ea7u s\u1ed1 65 Ph\u00fa Th\u1ecb - \u0110\u01b0\u1eddng 181", "29": "\u0110\u1ed1i di\u1ec7n \u0111\u01b0\u1eddng v\u00e0o di t\u00edch Kim S\u01a1n - \u0110\u01b0\u1eddng 181", "30": "Tr\u1ea1m bi\u1ebfn \u00e1p TC Kim S\u01a1n (ch\u1ee3 Keo) - \u0110\u01b0\u1eddng 181", "31": "\u0110\u1ed1i di\u1ec7n \u0111\u01b0\u1eddng ch\u00f9a Sen H\u1ed3 - \u0110\u01b0\u1eddng 181", "32": "(B) L\u1ec7 Chi - Gia L\u00e2m - Tuy\u1ebfn 52A"}}