{"Lat": {"0": 21.0281, "1": 21.0229833333, "2": 21.018608, "3": 21.0147333333, "4": 21.0112666667, "5": 21.0067666667, "6": 21.003159, "7": 21.004438, "8": 21.0056666667, "9": 21.0076, "10": 21.009142999999998, "11": 21.009969, "12": 21.0111666667, "13": 21.0116833333, "14": 21.011070999999998, "15": 21.010581, "16": 21.008136999999998, "17": 21.0054833333, "18": 21.004, "19": 21.0033333333, "20": 21.003624, "21": 21.004110999999998, "22": 20.9966666667, "23": 20.992283333299998, "24": 20.9894, "25": 20.987467000000002, "26": 20.982, "27": 20.9689166667, "28": 20.9624166667, "29": 20.9533666667, "30": 20.9401166667, "31": 20.9364666667, "32": 20.9322833333, "33": 20.925667, "34": 20.9182166667, "35": 20.9104666667, "36": 20.9060833333, "37": 20.9042666667, "38": 20.901928, "39": 20.900282999999998, "40": 20.898398, "41": 20.896322, "42": 20.8937166667, "43": 20.890183333299998, "44": 20.886, "45": 20.883582999999998}, "BusStopCode": {"0": 2082, "1": 584, "2": 585, "3": 586, "4": 587, "5": 588, "6": 2085, "7": 2086, "8": 1958, "9": 1959, "10": 1960, "11": 1961, "12": 1962, "13": 1963, "14": 4148, "15": 1964, "16": 2655, "17": 1966, "18": 1967, "19": 2656, "20": 2657, "21": 1968, "22": 3939, "23": 2039, "24": 2040, "25": 2041, "26": 2042, "27": 2043, "28": 2044, "29": 2045, "30": 2046, "31": 2753, "32": 2047, "33": 2048, "34": 2049, "35": 2050, "36": 2051, "37": 2052, "38": 2053, "39": 2054, "40": 2055, "41": 2056, "42": 2057, "43": 2058, "44": 2059, "45": 2060}, "FleetOver": {"0": "87", "1": "104,22B,30,33,35A,39,46,60A,60B,74,84,87,88", "2": "103,104,21B,22B,29,30,33,35A,39,44,60A,60B,74,84,87,88", "3": "103,21B,22B,33,35A,39,50,60A,60B,87", "4": "103,21B,22B,35A,39,50,60A,60B,87", "5": "103,21B,22B,35A,39,50,60A,60B,87", "6": "107,87", "7": "107,87", "8": "107,74,87,88", "9": "107,74,87,88", "10": "107,74,87,88", "11": "107,74,87,88", "12": "107,74,87,88", "13": "107,74,87,88", "14": "107,87,88", "15": "107,74,87,88", "16": "107,74,87,88", "17": "107,74,87,88", "18": "107,74,87,88", "19": "107,74,87,88", "20": "107,74,87,88", "21": "107,74,87,88", "22": "87,89", "23": "87", "24": "87", "25": "87", "26": "87", "27": "87", "28": "87", "29": "87", "30": "87", "31": "87", "32": "87", "33": "87", "34": "87", "35": "87", "36": "87", "37": "72,87", "38": "72,87", "39": "72,87", "40": "72,87", "41": "72,87", "42": "72,87", "43": "72,87", "44": "72,87", "45": "87"}, "Lng": {"0": 105.7785, "1": 105.778566667, "2": 105.78126100000001, "3": 105.78423333299999, "4": 105.78705, "5": 105.79068333299999, "6": 105.78071899999999, "7": 105.775948, "8": 105.77021666700001, "9": 105.75943333299999, "10": 105.75260300000001, "11": 105.74501799999999, "12": 105.72875, "13": 105.719383333, "14": 105.71366599999999, "15": 105.711003, "16": 105.70028, "17": 105.68586666700001, "18": 105.66796699999999, "19": 105.6574, "20": 105.650896, "21": 105.642326, "22": 105.6409, "23": 105.639283333, "24": 105.635126, "25": 105.631822, "26": 105.630366667, "27": 105.6271, "28": 105.62515, "29": 105.61596666700001, "30": 105.605516667, "31": 105.603033333, "32": 105.60056666700001, "33": 105.5966, "34": 105.59411666700001, "35": 105.590466667, "36": 105.5909, "37": 105.58731666700001, "38": 105.581781, "39": 105.578748, "40": 105.57653, "41": 105.57435100000001, "42": 105.571616667, "43": 105.56813333299999, "44": 105.5648, "45": 105.55628300000001}, "Name": {"0": "(A) BX M\u1ef9 \u0110\u00ecnh - Tuy\u1ebfn 87", "1": "G\u1ea7n ng\u00e3 4 Ph\u1ea1m H\u00f9ng - \u0110\u00ecnh Th\u00f4n (H\u01b0\u1edbng \u0111i Khu\u1ea5t Duy Ti\u1ebfn)-c\u1ed9t sau", "2": "Nh\u00e0 CT5 K\u0110T S\u00f4ng \u0110\u00e0 M\u1ef9 \u0110\u00ecnh - Ph\u1ea1m H\u00f9ng", "3": "Nh\u00e0 CT5-D K\u0110T M\u1ef9 \u0110\u00ecnh - Ph\u1ea1m H\u00f9ng", "4": "B\u1ea3o t\u00e0ng H\u00e0 N\u1ed9i - Ph\u1ea1m H\u00f9ng", "5": "Ng\u00e3 4 Ph\u1ea1m H\u00f9ng - Khu\u1ea5t Duy Ti\u1ebfn (Trung t\u00e2m H\u1ed9i ngh\u1ecb Qu\u1ed1c Gia)", "6": "Ng\u00e3 3 Mi\u1ebfu \u0110\u1ea7m - \u0110\u1ea1i l\u1ed9 Th\u0103ng Long", "7": "Nh\u00e0 CT3A K\u0110T M\u1ec5 Tr\u00ec Th\u01b0\u1ee3ng - \u0110\u1ea1i l\u1ed9 Th\u0103ng Long", "8": "T\u01b0\u1eddng r\u00e0o s\u00e2n Golf M\u1ef9 \u0110\u00ecnh Pearl - \u0110\u1ea1i l\u1ed9 Th\u0103ng Long", "9": "X\u00f3m La, \u0110\u1ea1i M\u1ed7 - \u0110\u1ea1i l\u1ed9 Th\u0103ng Long", "10": "Qua \u0111\u1ed1i di\u1ec7n l\u1ed1i v\u00e0o THPT \u0110\u1ea1i M\u1ed7 - \u0110\u1ea1i l\u1ed9 Th\u0103ng Long", "11": "Tr\u1ee5 s\u1edf B\u1ed9 t\u01b0 l\u1ec7nh C\u1ea3nh s\u00e1t bi\u1ec3n - \u0110\u1ea1i l\u1ed9 Th\u0103ng Long", "12": "\u0110\u1ed1i di\u1ec7n Thi\u00ean \u0110\u01b0\u1eddng B\u1ea3o S\u01a1n - \u0110\u1ea1i l\u1ed9 Th\u0103ng Long", "13": "Qua l\u1ed1i r\u1ebd v\u00e0o UBND x\u00e3 An Kh\u00e1nh - \u0110\u1ea1i l\u1ed9 Th\u0103ng Long", "14": "\u0110\u00f4ng y d\u01b0\u1ee3c B\u1ea3o Long - \u0110\u1ea1i l\u1ed9 Th\u0103ng Long", "15": "Ch\u00f9a B\u00e0 - th\u00f4n Y\u00ean L\u0169ng, An Kh\u00e1nh - \u0110\u1ea1i l\u1ed9 Th\u0103ng Long", "16": "Tr\u01b0\u1edbc 50m l\u1ed1i v\u00e0o UBND huy\u1ec7n Ho\u00e0i \u0110\u1ee9c", "17": "C\u1ea7u v\u01b0\u1ee3t Song Ph\u01b0\u01a1ng - \u0110\u1ea1i l\u1ed9 Th\u0103ng Long", "18": "L\u00e0ng v\u0103n h\u00f3a th\u00f4n Quy\u1ebft Ti\u1ebfn (tr\u01b0\u1edbc 200m C\u1ea7u s\u00f4ng \u0110\u00e1y)", "19": "Ch\u00f9a S\u01a1n Trung, x\u00e3 Y\u00ean S\u01a1n", "20": "Ng\u00e3 3 Ch\u00f9a Th\u1ea7y, g\u1ea7n c\u1ea7u v\u01b0\u1ee3t S\u00e0i S\u01a1n", "21": "C\u1ea7u v\u01b0\u1ee3t Ho\u00e0ng X\u00e1 - c\u1ed9t m\u1ed1c H7/17 \u0110\u1ea1i l\u1ed9 Th\u0103ng Long", "22": "Qua l\u1ed1i r\u1ebd v\u00e0o l\u00e0ng Du Ngh\u1ec7 x\u00e3 Ki\u1ec1u Ph\u00fa 100m", "23": "\u0110\u1ed1i di\u1ec7n VNPT TT Qu\u1ed1c Oai - TL421B", "24": "UBND x\u00e3 Th\u1ea1ch Th\u00e1n - TL421B", "25": "Tr\u1ea1i \u0110\u1ed3ng D\u01a1i, x\u00e3 Th\u1ea1ch Th\u00e1n - TL421B", "26": "\u0110\u1ea7u l\u00e0ng Ph\u00fa M\u1ef9 - TL421B", "27": "Tr\u1ea1m bi\u1ebfn th\u1ebf \u0110\u00eca L\u00f3c 2 - TL 421B", "28": "\u0110\u1ea7u l\u00e0ng \u0110\u1ecbnh T\u00fa, ng\u00e3 4 M\u00e1ng 7B - TL 421B", "29": "Nh\u00e0 V\u0103n h\u00f3a th\u00f4n C\u1ea5n Th\u01b0\u1ee3ng - TL 421B", "30": "Th\u00f4n \u0110\u00f4ng Th\u01b0\u1ee3ng - TL 421B", "31": "X\u00f3m C\u1ea7u \u00d3, th\u00f4n \u0110\u00f4ng Th\u01b0\u1ee3ng, th\u1ecb tr\u1ea5n Qu\u1ed1c Oai (Chi\u1ec1u \u0111i Xu\u00e2n Mai)", "32": "Qua \u0111\u1ed1i di\u1ec7n UBND x\u00e3 \u0110\u00f4ng Y\u00ean - TL 421B", "33": "X\u00f3m 5 th\u00f4n \u0110\u00f4ng H\u1ea1 - TL 421B", "34": "\u0110\u1ed1i di\u1ec7n C\u00f4ng ty TNHH Th\u01b0\u01a1ng m\u1ea1i H\u00f2a An - TL 421B", "35": "S\u1ed1 29 T\u1ed5 5 Ti\u00ean Tr\u01b0\u1ee3ng TT Xu\u00e2n Mai - TL 421B", "36": "S\u1ed1 23 T\u1ed5 2 Ti\u00ean Tr\u01b0\u1ee3ng, Xu\u00e2n Mai (Ng\u00e3 3 \u0111\u01b0\u1eddng 421 v\u00e0 QL6)", "37": "Nh\u00e0 v\u0103n h\u00f3a khu Xu\u00e2n Mai, TT Xu\u00e2n Mai - Qu\u1ed1c l\u1ed9 6", "38": "C\u1ea7u Qu\u00e1n  L\u00e1t - Qu\u1ed1c l\u1ed9 6", "39": "S\u1ed1 66 T\u1ed5 6 Khu Xu\u00e2n Mai - Qu\u1ed1c l\u1ed9 6", "40": "B\u1ec7nh x\u00e1 24 Ph\u00f2ng Kh\u00e1m b\u1ec7nh Qu\u00e2n d\u00e2n Y - Qu\u1ed1c l\u1ed9 6", "41": "S\u1ed1 17 T\u1ed5 7 T\u00e2n B\u00ecnh TT Xu\u00e2n Mai - Qu\u1ed1c l\u1ed9 6", "42": "C\u00e1ch c\u1ea7u Xu\u00e2n Mai 50m - Khu Chi\u1ebfn Th\u1eafng, Xu\u00e2n Mai - Qu\u1ed1c l\u1ed9 6", "43": "\u0110\u1ed1i di\u1ec7n Tr\u01b0\u1eddng Cao \u0111\u1eb3ng N\u00f4ng nghi\u1ec7p v\u00e0 Ph\u00e1t tri\u1ec3n N\u00f4ng th\u00f4n B\u1eafc B\u1ed9", "44": "S\u1ed1 12 T\u1ed5 6 Khu Chi\u1ebfn Th\u1eafng - Xu\u00e2n Mai - Qu\u1ed1c l\u1ed9 6", "45": "\u0110\u1ea7u B: Th\u1ecb tr\u1ea5n Xu\u00e2n Mai (Nh\u00e0 m\u00e1y th\u1ee9c \u0103n ch\u0103n nu\u00f4i CP)"}}