{"Lat": {"0": 21.0811666667, "1": 21.0780166667, "2": 21.072333333299998, "3": 21.0694333333, "4": 21.066335000000002, "5": 21.064657999999998, "6": 21.061204, "7": 21.057916666700002, "8": 21.0544833333, "9": 21.051142000000002, "10": 21.0497, "11": 21.047245999999998, "12": 21.045257, "13": 21.044052, "14": 21.042384, "15": 21.040003, "16": 21.03755, "17": 21.036483333299998, "18": 21.0344833333, "19": 21.0305, "20": 21.0233166667, "21": 21.018608, "22": 21.0186, "23": 21.0151, "24": 21.010683333299998, "25": 21.006406, "26": 21.003235999999998, "27": 21.0029, "28": 21.0040833333, "29": 21.0014166667, "30": 20.998616666700002, "31": 20.9959333333, "32": 20.9935833333, "33": 20.9893666667, "34": 20.9856, "35": 20.9797833333, "36": 20.97575, "37": 20.9716666667, "38": 20.9701166667, "39": 20.9696333333, "40": 20.97085, "41": 20.971045999999998, "42": 20.97985}, "BusStopCode": {"0": 1791, "1": 1841, "2": 1842, "3": 1465, "4": 1466, "5": 1467, "6": 1468, "7": 1469, "8": 1042, "9": 1043, "10": 1044, "11": 1045, "12": 1046, "13": 1047, "14": 1048, "15": 239, "16": 240, "17": 242, "18": 581, "19": 582, "20": 583, "21": 585, "22": 468, "23": 469, "24": 470, "25": 223, "26": 224, "27": 359, "28": 211, "29": 845, "30": 846, "31": 534, "32": 535, "33": 563, "34": 564, "35": 570, "36": 572, "37": 571, "38": 57, "39": 496, "40": 497, "41": 165, "42": 1675}, "FleetOver": {"0": "29", "1": "29", "2": "29", "3": "20A,20B,29,92,97", "4": "20A,20B,29,92", "5": "20A,20B,29,92", "6": "20A,20B,29,92", "7": "20A,20B,29,92", "8": "20A,20B,29,92", "9": "20A,20B,29,32,57", "10": "20A,20B,29,32,57", "11": "20A,20B,29,32,57", "12": "20A,20B,29,32", "13": "20A,20B,29,32", "14": "20A,20B,29,32", "15": "05,13,20A,20B,29,32", "16": "20A,20B,29,32", "17": "13,20A,20B,26,29,32,49", "18": "16,29,33,34,35A,46,53B,60A,60B,61,97", "19": "16,29,33,34,35A,46,53B,60A,60B,97", "20": "103,21B,29,44", "21": "103,104,21B,22B,29,30,33,35A,39,44,60A,60B,74,84,87,88", "22": "29,30,44", "23": "29,30,44,85", "24": "05,29,30,44,85", "25": "05,29,30,44,85", "26": "05,29,30,44,85", "27": "105,29,30,44,60A,60B", "28": "29,44", "29": "29,44", "30": "29,44", "31": "01,02,05,19,21A,21B,27,29,44,60B", "32": "01,02,05,105,19,21A,21B,27,29,60A", "33": "22C,29,60A", "34": "22C,29,60A", "35": "22C,29,60A", "36": "22C,29,60A", "37": "22C,29,60A", "38": "05,22C,29,37,60A,60B", "39": "104,22C,29,36,36CT,60B,84", "40": "22C,29,36,36CT,60B", "41": "03B,06A,06B,06C,06D,06E,08A,08ACT,08B,08BCT,101,106,12,16,21B,22C,29,36,36CT,37,94", "42": "29"}, "Lng": {"0": 105.71295, "1": 105.710033333, "2": 105.708616667, "3": 105.70846666700001, "4": 105.71401599999999, "5": 105.71711, "6": 105.722498, "7": 105.7273, "8": 105.7323, "9": 105.737072, "10": 105.74018333299999, "11": 105.74639199999999, "12": 105.75147199999999, "13": 105.754557, "14": 105.75904299999999, "15": 105.76603300000001, "16": 105.774178, "17": 105.77818333299999, "18": 105.78001666700001, "19": 105.779266667, "20": 105.77845, "21": 105.78126100000001, "22": 105.786933333, "23": 105.78975, "24": 105.7933, "25": 105.796879, "26": 105.79943600000001, "27": 105.80145, "28": 105.8065, "29": 105.80686666700001, "30": 105.80895, "31": 105.80925, "32": 105.8058, "33": 105.80441666700001, "34": 105.80735, "35": 105.81153333299999, "36": 105.81455, "37": 105.821, "38": 105.82608333299999, "39": 105.83136666700001, "40": 105.83645, "41": 105.84128, "42": 105.841916667}, "Name": {"0": "(B) T\u00e2n L\u1eadp - Tuy\u1ebfn 29", "1": "Qua 30m c\u1ed5ng l\u00e0ng H\u1ea1nh \u0110\u00e0n - t\u1ec9nh l\u1ed9 422", "2": "C\u00e1ch ng\u00e3 4 Tr\u1ea1m Tr\u00f4i 250 - T\u00e2n L\u1eadp", "3": "\u0110\u1ed1i di\u1ec7n B\u01b0u \u0111i\u1ec7n Ho\u00e0i \u0110\u1ee9c (Tr\u1ecb tr\u1ea5n Tr\u00f4i) - Qu\u1ed1c l\u1ed9 32", "4": "\u0110\u1ed1i di\u1ec7n l\u1ed1i r\u1ebd H\u1ecdc vi\u1ec7n KH Qu\u00e2n S\u1ef1 - Qu\u1ed1c l\u1ed9 32", "5": "CH x\u00e2y d\u1ef1ng Tu\u1ea5n Loan (Th\u1ecb tr\u1ea5n Lai X\u00e1) - Qu\u1ed1c l\u1ed9 32", "6": "\u0110\u1ed1i di\u1ec7n nh\u00e0 h\u00e0ng Th\u0103ng Long - Qu\u1ed1c l\u1ed9 32", "7": "Qua \u0111\u01b0\u1eddng v\u00e0o TT Hu\u1ea5n luy\u1ec7n Th\u1ec3 thao Qu\u1ed1c Gia I - Qu\u1ed1c l\u1ed9 32", "8": "H\u00e8 gi\u1eefa nh\u00e0 s\u1ed1 55-57 ph\u1ed1 Nh\u1ed5n", "9": "\u0110i\u1ec3m trung chuy\u1ec3n Nh\u1ed5n - v\u1ecb tr\u00ed \u0111\u1ed7 tuy\u1ebfn 20, 29, 32 (chi\u1ec1u S\u01a1n T\u00e2y - H\u00e0 N\u1ed9i)- \u0110\u01b0\u1eddng 32", "10": "\u0110\u1ed1i di\u1ec7n \u0110\u00ecnh v\u00e0 Mi\u1ebfu \u0110\u1ed3ng C\u1ed5 (Th\u00f4n Nguy\u00ean X\u00e1) - \u0110\u01b0\u1eddng 32", "11": "C\u00f4ng ty CP ch\u1ebf t\u1ea1o \u0111i\u1ec7n c\u01a1 H\u00e0 N\u1ed9i - \u0110\u01b0\u1eddng 32", "12": "150-152 T\u1ed5 3 \u0110\u01b0\u1eddng 32 (\u0110\u1ed1i di\u1ec7n C\u00f4ng ty V\u1eadt Li\u1ec7u & B\u01b0u \u0111i\u1ec7n )", "13": "\u0110\u1ed1i di\u1ec7n trung \u0111o\u00e0n th\u00f4ng tin 21(C\u1ea7u Di\u1ec5n)  - \u0110\u01b0\u1eddng 32", "14": "Si\u00eau th\u1ecb Dos Mark - \u0110\u01b0\u1eddng 32", "15": "Tr\u1ee5 s\u1edf Huy\u1ec7n u\u1ef7 T\u1eeb Li\u00eam - H\u1ed3 T\u00f9ng M\u1eadu", "16": "\u0110\u1ea1i h\u1ecdc Th\u01b0\u01a1ng M\u1ea1i - H\u1ed3 T\u00f9ng M\u1eadu (c\u1ed9t tr\u01b0\u1edbc)", "17": "S\u1ed1 9 H\u1ed3 T\u00f9ng M\u1eadu", "18": "B\u1ec7nh vi\u1ec7n \u0111a khoa y h\u1ecdc c\u1ed5 truy\u1ec1n - 6 Ph\u1ea1m H\u00f9ng", "19": "\u0110\u1ed1i di\u1ec7n B\u01b0u c\u1ee5c Th\u0103ng Long - \u0111\u01b0\u1eddng Ph\u1ea1m H\u00f9ng", "20": "G\u1ea7n ng\u00e3 4 Ph\u1ea1m H\u00f9ng - \u0110\u00ecnh Th\u00f4n (H\u01b0\u1edbng \u0111i Khu\u1ea5t Duy Ti\u1ebfn)-c\u1ed9t tr\u01b0\u1edbc", "21": "Nh\u00e0 CT5 K\u0110T S\u00f4ng \u0110\u00e0 M\u1ef9 \u0110\u00ecnh - Ph\u1ea1m H\u00f9ng", "22": "Qua tr\u01b0\u1eddng Ti\u1ec3u h\u1ecdc Nam Trung Y\u00ean 100m - \u0111\u01b0\u1eddng Nguy\u1ec5n Ch\u00e1nh", "23": "Nh\u00e0 B6C - K\u0110T Nam Trung Y\u00ean", "24": "\u0110\u1ed1i di\u1ec7n tr\u01b0\u1eddng THPT Nguy\u1ec5n B\u1ec9nh Khi\u00eam - \u0111\u01b0\u1eddng Nguy\u1ec5n Ch\u00e1nh", "25": "\u0110\u1ed1i di\u1ec7n Tr\u01b0\u1eddng THPT chuy\u00ean H\u00e0 N\u1ed9i - Amsterdam (Ho\u00e0ng Minh Gi\u00e1m)", "26": "\u0110\u1ed1i di\u1ec7n Nh\u00e0 N2A K\u0110T Trung H\u00f2a Nh\u00e2n Ch\u00ednh - Ho\u00e0ng Minh Gi\u00e1m", "27": "\u0110\u1ed1i di\u1ec7n Nh\u00e0 N2E K\u0110T Trung H\u00f2a Nh\u00e2n Ch\u00ednh - L\u00ea V\u0103n L\u01b0\u01a1ng", "28": "Tr\u01b0\u1eddng THPT Nh\u00e2n Ch\u00ednh - Ho\u00e0ng \u0110\u1ea1o Th\u00fay", "29": "21T2 V\u0169 Tr\u1ecdng Ph\u1ee5ng", "30": "57 V\u0169 Tr\u1ecdng Ph\u1ee5ng", "31": "322 Nguy\u1ec5n Tr\u00e3i", "32": "386 Nguy\u1ec5n Tr\u00e3i - C\u1ee5c S\u1edf h\u1eefu tr\u00ed tu\u1ec7", "33": "\u0110i\u1ec3m x\u00e9n h\u00e8 h\u1ea7m \u0111\u01b0\u1eddng b\u1ed9 - 100 Nguy\u1ec5n Xi\u1ec3n", "34": "C\u00f4ng ty CP Thi\u00ean Ph\u00fa (S\u1ed1 2 Khu t\u1eadp th\u1ec3 Cao su sao v\u00e0ng) - 262 Nguy\u1ec5n Xi\u1ec3n", "35": "\u0110i\u1ec3m x\u00e9n h\u00e8 h\u1ea7m \u0111\u01b0\u1eddng b\u1ed9 s\u1ed1 3 - Nghi\u00eam Xu\u00e2n Y\u00eam", "36": "\u0110\u1ed1i di\u1ec7n tr\u01b0\u1eddng \u0110\u1ea1i h\u1ecdc Th\u0103ng Long", "37": "\u0110i\u1ec3m x\u00e9n h\u00e8 h\u1ea7m \u0111\u01b0\u1eddng b\u1ed9 (Trung t\u00e2m hu\u1ea5n luy\u1ec7n v\u00e0 thi \u0111\u1ea5u th\u1ec3 thao CAND) - Nghi\u00eam Xu\u00e2n Y\u00eam", "38": "\u0110i\u1ec3m x\u00e9n h\u00e8 (C\u1eeda h\u00e0ng x\u0103ng d\u1ea7u s\u1ed1 75) - S\u1ed1 6 C\u1ea7u D\u1eadu", "39": "\u0110\u1ed1i di\u1ec7n Ao sen L\u00e0ng \u0110\u1ea1i T\u1eeb - Nguy\u1ec5n H\u1eefu Th\u1ecd", "40": "\u0110\u1ed1i di\u1ec7n \u0111\u01b0\u1eddng v\u00e0o K\u0110T \u0110\u1ea1i Kim - 45 Nguy\u1ec5n H\u1eefu Th\u1ecd", "41": "\u0110\u1ed1i di\u1ec7n Tr\u1ee5 s\u1edf C\u00f4ng an Ph\u01b0\u1eddng Ho\u00e0ng Li\u1ec7t- 1277 Gi\u1ea3i Ph\u00f3ng", "42": "(A) BX Gi\u00e1p B\u00e1t - Tuy\u1ebfn 29"}}