{"Lat": {"0": 21.0296, "1": 21.02965, "2": 21.02645, "3": 21.0220833333, "4": 21.016066666700002, "5": 21.0171, "6": 21.01495, "7": 21.012598, "8": 21.01405, "9": 21.0124, "10": 21.0101, "11": 21.0079166667, "12": 21.003633333299998, "13": 21.007616666700002, "14": 21.0087333333, "15": 21.006912, "16": 21.007683333299997, "17": 21.009096, "18": 21.0079, "19": 21.0071, "20": 21.0037166667, "21": 21.002788, "22": 21.003017, "23": 21.006283, "24": 21.0106333333, "25": 21.0172, "26": 21.0221166667, "27": 21.0247333333}, "BusStopCode": {"0": 1759, "1": 788, "2": 4073, "3": 809, "4": 810, "5": 844, "6": 805, "7": 738, "8": 141, "9": 142, "10": 143, "11": 144, "12": 145, "13": 665, "14": 67, "15": 68, "16": 589, "17": 590, "18": 79, "19": 839, "20": 840, "21": 683, "22": 316, "23": 515, "24": 516, "25": 517, "26": 764, "27": 1734}, "FleetOver": {"0": "51", "1": "39,51,61", "2": "05,51", "3": "05,104,51,84,85", "4": "05,104,51", "5": "104,51", "6": "105,51,84", "7": "105,107,22A,35A,50,51,84", "8": "16,24,27,50,51", "9": "16,24,27,50,51", "10": "09,09CT,16,24,27,51,84", "11": "16,24,27,51", "12": "16,19,24,27,51", "13": "09,09CT,18,51", "14": "12,18,21A,21B,23,26,35A,44,51", "15": "12,18,21A,21B,23,26,35A,44,51", "16": "18,21A,21B,23,26,35A,44,51", "17": "21A,21B,26,35A,44,51", "18": "35A,44,51", "19": "18,51", "20": "18,51", "21": "26,51", "22": "51", "23": "24,40,45,47B,48,51,55,55B", "24": "19,24,40,45,48,51,55,55B", "25": "24,48,51,55,55B", "26": "03,19,24,42,43,44,48,51,55,55B", "27": "51"}, "Lng": {"0": 105.7914, "1": 105.78776666700001, "2": 105.78798333299999, "3": 105.79066666700001, "4": 105.794333333, "5": 105.79835, "6": 105.8013, "7": 105.802057, "8": 105.806366667, "9": 105.80858333299999, "10": 105.81196666700001, "11": 105.81498333299999, "12": 105.81855, "13": 105.82365, "14": 105.825616667, "15": 105.82948400000001, "16": 105.83301666700001, "17": 105.834791, "18": 105.846166667, "19": 105.8546, "20": 105.855, "21": 105.85920700000001, "22": 105.8636, "23": 105.86838300000001, "24": 105.864516667, "25": 105.862433333, "26": 105.861483333, "27": 105.86005}, "Name": {"0": "(B) CV C\u1ea7u Gi\u1ea5y - Tuy\u1ebfn 51", "1": "Qua ng\u00e3 4 Duy T\u00e2n - Tr\u1ea7n Th\u00e1i T\u00f4ng 200m", "2": "\u00d4 D27 \u0111\u01b0\u1eddng Ph\u1ea1m V\u0103n B\u1ea1ch", "3": "\u0110\u1ed1i di\u1ec7n tr\u01b0\u1eddng THCS Y\u00ean H\u00f2a - 282 Trung K\u00ednh", "4": "\u0110\u1ea1i h\u1ecdc Ph\u01b0\u01a1ng \u0110\u00f4ng - 201B Trung Kinh", "5": "Nh\u00e0 5-9 l\u00f4 18 K\u0110T Trung H\u00f2a (\u0111\u1ed1i di\u1ec7n 100m TT L\u01b0u Tr\u1eef Qu\u1ed1c Gia - 18 V\u0169 Ph\u1ea1m H\u00e0m)", "6": "L\u00f4 14B Khu \u0111\u00f4 th\u1ecb Trung Y\u00ean - Qua ng\u00f5 36 Trung H\u00f2a", "7": "\u0110\u1ea1i h\u1ecdc Lao \u0111\u1ed9ng & X\u00e3 h\u1ed9i - 43 Tr\u1ea7n Duy H\u01b0ng", "8": "\u0110\u1ed1i di\u1ec7n 608 \u0110\u01b0\u1eddng L\u00e1ng", "9": "\u0110\u1ed1i di\u1ec7n Ch\u1ee3 L\u00e1ng H\u1ea1 B - 564 \u0110\u01b0\u1eddng L\u00e1ng", "10": "\u0110\u1ed1i di\u1ec7n 498 \u0110\u01b0\u1eddng L\u00e1ng", "11": "\u0110\u1ed1i di\u1ec7n 310 \u0110\u01b0\u1eddng L\u00e1ng", "12": "Flatfom d\u00e0nh ri\u00eang cho xe bu\u00fdt tr\u01b0\u1edbc nh\u00e0 45 \u0110\u01b0\u1eddng L\u00e1ng", "13": "\u0110\u1ea1i h\u1ecdc Thu\u1ef7 L\u1ee3i - 175 T\u00e2y S\u01a1n (c\u1ed9t sau)", "14": "251 Ch\u00f9a B\u1ed9c", "15": "49E Ch\u00f9a B\u1ed9c", "16": "Si\u00eau th\u1ecb Uni mart - 8 Ph\u1ea1m Ng\u1ecdc Th\u1ea1ch", "17": "B10 T\u1eadp th\u1ec3 Kim Li\u00ean (\u0110\u1ed1i di\u1ec7n ng\u00f5 46B Ph\u1ea1m Ng\u1ecdc Th\u1ea1ch)", "18": "65 \u0110\u1ea1i C\u1ed3 Vi\u1ec7t", "19": "H\u1ed3 Thanh Nh\u00e0n - V\u00f5 Th\u1ecb S\u00e1u", "20": "94 V\u00f5 Th\u1ecb S\u00e1u", "21": "33 - 35 Thanh Nh\u00e0n - \u0110\u1ed1i di\u1ec7n B\u1ec7nh vi\u1ec7n Thanh Nh\u00e0n", "22": "\u0110\u1ed1i di\u1ec7n 84 L\u1ea1c Trung - Tr\u01b0\u1eddng Ph\u1ed5 th\u00f4ng c\u01a1 s\u1edf Nguy\u1ec5n \u0110\u00ecnh Chi\u1ec1u", "23": "287 Nguy\u1ec5n Kho\u00e1i (Ng\u00e3 3 D\u1ed1c Minh Khai)", "24": "\u0110\u1ed1i di\u1ec7n BX L\u01b0\u01a1ng Y\u00ean (Tr\u01b0\u1edbc nh\u00e0 17B1 \u0110\u1ea7m Tr\u1ea5u) - Nguy\u1ec5n Kho\u00e1i", "25": "K9 B\u1ed9 \u0111\u1ed9i bi\u00ean ph\u00f2ng - Ng\u00f5 49 Nguy\u1ec5n Kho\u00e1i", "26": "\u0110\u1ed1i di\u1ec7n khu t\u1eadp th\u1ec3 15C Tr\u1ea7n Kh\u00e1nh D\u01b0 (chi\u1ec1u Tr\u1ea7n Kh\u00e1nh D\u01b0 \u0111i c\u1ea7u Ch\u01b0\u01a1ng D\u01b0\u01a1ng)", "27": "(A) Tr\u1ea7n Kh\u00e1nh D\u01b0 - Tuy\u1ebfn 51"}}