{"Lat": {"0": 20.9500833333, "1": 20.951423000000002, "2": 20.958052, "3": 20.9602166667, "4": 20.962585, "5": 20.9646333333, "6": 20.9671833333, "7": 20.970569, "8": 20.9724166667, "9": 20.9758333333, "10": 20.9796166667, "11": 20.9810833333, "12": 20.983065, "13": 20.9862, "14": 20.9885166667, "15": 20.9902166667, "16": 20.99335, "17": 20.995383333299998, "18": 20.99855, "19": 21.000738000000002, "20": 21.007426000000002, "21": 21.0087333333, "22": 21.006912, "23": 21.007683333299997, "24": 21.009096, "25": 21.007917000000003, "26": 21.0049166667, "27": 21.00095, "28": 20.9931833333, "29": 20.9876, "30": 20.9842333333, "31": 20.97985}, "BusStopCode": {"0": 1752, "1": 1487, "2": 651, "3": 652, "4": 653, "5": 654, "6": 655, "7": 656, "8": 657, "9": 801, "10": 802, "11": 803, "12": 804, "13": 538, "14": 539, "15": 545, "16": 4072, "17": 541, "18": 542, "19": 543, "20": 664, "21": 67, "22": 68, "23": 589, "24": 590, "25": 78, "26": 157, "27": 158, "28": 159, "29": 160, "30": 161, "31": 1686}, "FleetOver": {"0": "21A", "1": "01,02,21A,27,33,37,57,62,89,91", "2": "01,02,21A,27,33,37,57,62,89", "3": "01,02,21A,27,33,37,57,62,89", "4": "01,02,105,21A,27,33,37,57,62,89", "5": "01,02,105,21A,27,33,37,57,62,89", "6": "01,02,21A,27,33,57,89", "7": "01,02,21A,27,33,57,89", "8": "01,02,21A,27,33,57,89", "9": "01,02,103,105,106,19,21A,22B,22C,27,33", "10": "01,02,103,105,106,19,21A,22B,22C,27,33,39,85", "11": "01,02,103,105,19,21A,22B,22C,27,33,39", "12": "01,02,105,19,21A,22B,22C,27,39", "13": "01,02,105,19,21A,22B,22C,27,39", "14": "01,02,105,19,21A,22B,22C,27,39", "15": "01,02,105,19,21A,22B,22C,27,39", "16": "01,02,05,105,19,21A,21B,27,29,60A", "17": "01,02,05,19,21A,21B,27,44,60B", "18": "01,02,19,21A,21B,27,44", "19": "01,02,104,19,21A,21B,27,44", "20": "01,02,21A,21B,44,84", "21": "12,18,21A,21B,23,26,35A,44,51", "22": "12,18,21A,21B,23,26,35A,44,51", "23": "18,21A,21B,23,26,35A,44,51", "24": "21A,21B,26,35A,44,51", "25": "21A,21B,25,26,28", "26": "03,21A,21B,25,28,32,41", "27": "03,18,21A,21B,23,25,28,32,41,99", "28": "03,03B,08A,08ACT,08B,08BCT,16,21A,21B,25,28,32,41", "29": "03,03B,08A,08ACT,08B,08BCT,16,21A,21B,25,28,32,41", "30": "03,03B,08A,08ACT,08B,08BCT,12,16,21A,21B,25,28,32,41", "31": "21A"}, "Lng": {"0": 105.74838333299999, "1": 105.750547, "2": 105.759623, "3": 105.76245, "4": 105.76546, "5": 105.76803333299999, "6": 105.7714, "7": 105.775677, "8": 105.77783333299999, "9": 105.7826, "10": 105.78745, "11": 105.7892, "12": 105.79176000000001, "13": 105.796016667, "14": 105.79931666700001, "15": 105.8017, "16": 105.806233333, "17": 105.80908333299999, "18": 105.8138, "19": 105.817132, "20": 105.82351299999999, "21": 105.825616667, "22": 105.82948400000001, "23": 105.83301666700001, "24": 105.834791, "25": 105.83921699999999, "26": 105.8412, "27": 105.84118333299999, "28": 105.84108333299999, "29": 105.84095, "30": 105.840916667, "31": 105.841916667}, "Name": {"0": "(B) BX Y\u00ean Ngh\u0129a - Tuy\u1ebfn 21A", "1": "Tr\u01b0\u1eddng trung c\u1ea5p Kinh t\u1ebf - T\u00e0i ch\u00ednh H\u00e0 N\u1ed9i", "2": "807 Quang Trung - H\u00e0 \u0110\u00f4ng", "3": "707-709 Quang Trung, H\u00e0 \u0110\u00f4ng (c\u1ed9t m\u1ed1c H3/15)", "4": "Qua ng\u00e3 t\u01b0 Quang Trung, L\u00ea Tr\u1ecdng T\u1ea5n - 521 Quang Trung (H\u00e0 \u0110\u00f4ng)", "5": "\u0110\u1ed1i di\u1ec7n \u0111\u01b0\u1eddng v\u00e0o ch\u1ee3 La Kh\u00ea (Qua Ga metro La Kh\u00ea) - 405 Quang Trung (H\u00e0 \u0110\u00f4ng)", "6": "267 Quang Trung - H\u00e0 \u0110\u00f4ng", "7": "85 Quang Trung (H\u00e0 \u0110\u00f4ng) - \u0110\u00ecnh C\u1ea7u \u0110\u01a1", "8": "15 Quang Trung - H\u00e0 \u0110\u00f4ng", "9": "Li\u00ean minh c\u00e1c HTX H\u00e0 N\u1ed9i - S\u1ed1 1 Tr\u1ea7n Ph\u00fa (H\u00e0 \u0110\u00f4ng)", "10": "Si\u00eau th\u1ecb Nguy\u1ec5n Kim - Km10 Nguy\u1ec5n Tr\u00e3i (H\u00e0 \u0110\u00f4ng)", "11": "\u0110\u1ea1i h\u1ecdc Ki\u1ebfn Tr\u00fac - Tr\u1ea7n Ph\u00fa (H\u00e0 \u0110\u00f4ng)", "12": "H\u1ecdc vi\u1ec7n An ninh nh\u00e2n d\u00e2n - Tr\u1ea7n Ph\u00fa (H\u00e0 \u0110\u00f4ng )", "13": "C\u00f4ng ty CP T\u01b0 v\u1ea5n \u0111\u1ea7u t\u01b0 M\u1ecf v\u00e0 C\u00f4ng nghi\u1ec7p - 565 Nguy\u1ec5n Tr\u00e3i", "14": "T\u1ed5ng C\u00f4ng ty x\u00e2y d\u1ef1ng S\u00f4ng \u0110\u00e0 - 493 Nguy\u1ec5n Tr\u00e3i", "15": "477 Nguy\u1ec5n Tr\u00e3i - H\u1ecdc vi\u1ec7n Khoa h\u1ecdc X\u00e3 h\u1ed9i", "16": "Tr\u01b0\u1edbc s\u1ed1 277 Nguy\u1ec5n Tr\u00e3i - B\u00e1ch h\u00f3a gi\u00e0y Th\u01b0\u1ee3ng \u0110\u00ecnh", "17": "C\u00f4ng ty thu\u1ed1c l\u00e1 Th\u0103ng Long - 235 Nguy\u1ec5n Tr\u00e3i", "18": "Ng\u00e3 3 Kim Giang - 185A Nguy\u1ec5n Tr\u00e3i", "19": "S\u00e2n v\u1eadn \u0111\u1ed9ng Th\u01b0\u1ee3ng \u0110\u00ecnh - 129 Nguy\u1ec5n Tr\u00e3i", "20": "\u0110\u1ea1i h\u1ecdc Thu\u1ef7 L\u1ee3i - 175 T\u00e2y S\u01a1n (c\u1ed9t tr\u01b0\u1edbc)", "21": "251 Ch\u00f9a B\u1ed9c", "22": "49E Ch\u00f9a B\u1ed9c", "23": "Si\u00eau th\u1ecb Uni mart - 8 Ph\u1ea1m Ng\u1ecdc Th\u1ea1ch", "24": "B10 T\u1eadp th\u1ec3 Kim Li\u00ean (\u0110\u1ed1i di\u1ec7n ng\u00f5 46B Ph\u1ea1m Ng\u1ecdc Th\u1ea1ch)", "25": "Ng\u00e2n h\u00e0ng GP Bank - s\u1ed1 7 \u0110\u00e0o Duy Anh", "26": "\u0110\u1ed1i di\u1ec7n c\u1ed5ng Parabol \u0110H B\u00e1ch Khoa - 64 Gi\u1ea3i Ph\u00f3ng", "27": "B\u1ec7nh vi\u1ec7n B\u1ea1ch Mai - 78 Gi\u1ea3i Ph\u00f3ng", "28": "196 Gi\u1ea3i Ph\u00f3ng - Ng\u00e2n h\u00e0ng N\u00f4ng nghi\u1ec7p & PTNT Chi nh\u00e1nh Nam H\u00e0 N\u1ed9i", "29": "352 Gi\u1ea3i Ph\u00f3ng", "30": "\u0110\u1ed1i di\u1ec7n 807 Gi\u1ea3i Ph\u00f3ng", "31": "(A) BX Gi\u00e1p B\u00e1t - Tuy\u1ebfn 21A"}}