{"Lat": {"0": 21.0067666667, "1": 21.008435000000002, "2": 21.0098166667, "3": 21.00985, "4": 21.012598, "5": 21.0182, "6": 21.021452, "7": 21.023837, "8": 21.028205, "9": 21.030694, "10": 21.03134, "11": 21.032267, "12": 21.0311166667, "13": 21.0354166667, "14": 21.038467999999998, "15": 21.040634, "16": 21.039885, "17": 21.037567000000003, "18": 21.042563, "19": 21.045683333299998, "20": 21.04905, "21": 21.0478833333}, "BusStopCode": {"0": 3169, "1": 3170, "2": 3171, "3": 737, "4": 738, "5": 471, "6": 472, "7": 473, "8": 474, "9": 283, "10": 284, "11": 286, "12": 530, "13": 212, "14": 213, "15": 607, "16": 608, "17": 770, "18": 554, "19": 556, "20": 455, "21": 2851}, "FleetOver": {"0": "22A", "1": "22A", "2": "22A", "3": "105,107,22A,35A,50,60A,60B", "4": "105,107,22A,35A,50,51,84", "5": "09,09CT,107,12,22A,26,27,35A", "6": "09,09CT,107,12,22A,26,27", "7": "107,12,22A,26,27", "8": "107,12,22A,27", "9": "107,22A,25,32,34,38,90", "10": "107,22A,25,32,34,38,90", "11": "18,22A,32,34,38", "12": "18,22A,32,34,38", "13": "22A,45,50", "14": "22A,45,50", "15": "14,14CT,22A", "16": "14,14CT,22A,41", "17": "01,03,100,10B,11,14,14CT,17,18,22A,23,34,47A,54,98", "18": "01,10B,22A,42", "19": "01,03,100,10A,10B,17,22A,34,42,43,48,54,65", "20": "01,03,11,22A,34", "21": "22A"}, "Lng": {"0": 105.79195, "1": 105.79235700000001, "2": 105.793483333, "3": 105.798983333, "4": 105.802057, "5": 105.80741666700001, "6": 105.809325, "7": 105.810741, "8": 105.81249199999999, "9": 105.818767, "10": 105.82303200000001, "11": 105.829473, "12": 105.83365, "13": 105.839333333, "14": 105.839906, "15": 105.841591, "16": 105.84576200000001, "17": 105.85275, "18": 105.871196, "19": 105.875983333, "20": 105.87596666700001, "21": 105.878583333}, "Name": {"0": "(B) Big C Th\u0103ng Long - Tuy\u1ebfn 22A", "1": "B\u00e3i \u0111\u1ec3 xe TTTM BigC Th\u0103ng Long (chi\u1ec1u ra)", "2": "T\u00f2a nh\u00e0 CT3 Vimeco - \u0111\u01b0\u1eddng CD1", "3": "113 Tr\u1ea7n Duy H\u01b0ng - B\u1ed9 KHCN", "4": "\u0110\u1ea1i h\u1ecdc Lao \u0111\u1ed9ng & X\u00e3 h\u1ed9i - 43 Tr\u1ea7n Duy H\u01b0ng", "5": "KTX \u0110\u1ea1i h\u1ecdc Giao th\u00f4ng V\u1eadn t\u1ea3i - 99 Nguy\u1ec5n Ch\u00ed Thanh", "6": "89 Nguy\u1ec5n Ch\u00ed Thanh - KTX \u0110\u1ea1i h\u1ecdc Lu\u1eadt", "7": "73 Nguy\u1ec5n Ch\u00ed Thanh - \u0110\u1ed1i di\u1ec7n Kh\u00e1ch s\u1ea1n B\u1ea3o S\u01a1n", "8": "31 Nguy\u1ec5n Ch\u00ed Thanh", "9": "116 A5 T\u1eadp th\u1ec3 Gi\u1ea3ng V\u00f5 - Kim M\u00e3", "10": "211 Kim M\u00e3", "11": "H\u00e8 tr\u01b0\u1edbc t\u00f2a nh\u00e0 PTA - S\u1ed1 1 Kim M\u00e3", "12": "145 Nguy\u1ec5n Th\u00e1i H\u1ecdc", "13": "\u0110\u1ed1i di\u1ec7n t\u01b0\u1ee3ng \u0111\u00e0i B\u1eafc S\u01a1n - Ho\u00e0ng Di\u1ec7u", "14": "\u0110\u1ed1i di\u1ec7n \u0111\u01b0\u1eddng Ho\u00e0ng V\u0103n Th\u1ee5 - Ho\u00e0ng Di\u1ec7u", "15": "Th\u00e0nh c\u1ed5 H\u00e0 N\u1ed9i - \u0110\u1ed1i di\u1ec7n 38 Phan \u0110\u00ecnh Ph\u00f9ng", "16": "3A Phan \u0110\u00ecnh Ph\u00f9ng", "17": "80 Tr\u1ea7n Nh\u1eadt Du\u1eadt", "18": "T\u1ed5ng c\u1ee5c H\u1ea3i Quan - 162 Nguy\u1ec5n V\u0103n C\u1eeb (c\u1ed9t tr\u01b0\u1edbc)", "19": "358 - 360 Nguy\u1ec5n V\u0103n C\u1eeb", "20": "\u0110\u1ed1i di\u1ec7n 447 Ng\u1ecdc L\u00e2m - V\u01b0\u1eddn hoa Gia L\u00e2m", "21": "(A) BX Gia L\u00e2m - Tuy\u1ebfn 22A"}}