{"Lat": {"0": 21.262322, "1": 21.2603, "2": 21.2571833333, "3": 21.25735, "4": 21.2573333333, "5": 21.2570333333, "6": 21.2615166667, "7": 21.26415, "8": 21.2692833333, "9": 21.27645, "10": 21.2861333333, "11": 21.295233, "12": 21.30155, "13": 21.3015666667, "14": 21.2958, "15": 21.2921166667, "16": 21.284454999999998, "17": 21.276329999999998, "18": 21.2609833333, "19": 21.2551833333, "20": 21.2472833333, "21": 21.2466, "22": 21.2452166667, "23": 21.2442333333, "24": 21.242933333299998, "25": 21.2430666667, "26": 21.24285, "27": 21.2433, "28": 21.25255, "29": 21.2569333333, "30": 21.257214, "31": 21.2574166667, "32": 21.2575, "33": 21.25725, "34": 21.2594333333, "35": 21.262442}, "BusStopCode": {"0": 3967, "1": 1387, "2": 1108, "3": 1109, "4": 1110, "5": 1113, "6": 1850, "7": 1851, "8": 1852, "9": 2985, "10": 2986, "11": 3991, "12": 2987, "13": 2988, "14": 2989, "15": 2990, "16": 2991, "17": 3993, "18": 2992, "19": 3994, "20": 2993, "21": 2994, "22": 3995, "23": 2995, "24": 3996, "25": 3997, "26": 3998, "27": 1120, "28": 1538, "29": 1122, "30": 1114, "31": 1111, "32": 1112, "33": 1123, "34": 1368, "35": 3966}, "FleetOver": {"0": "56B", "1": "15,56B", "2": "56A,56B,56C", "3": "56A,56B,56C", "4": "56A,56B,56C", "5": "56A,56B,56C", "6": "56B,56C", "7": "56B,56C", "8": "56B,56C", "9": "56B", "10": "56B", "11": "56B", "12": "56B", "13": "56B", "14": "56B", "15": "56B", "16": "56B", "17": "56B", "18": "56B", "19": "56B", "20": "56B", "21": "56B", "22": "56B", "23": "56B", "24": "56B", "25": "56B", "26": "56B", "27": "56B", "28": "56B", "29": "56B,56C", "30": "56A,56B,56C", "31": "56A,56B,56C", "32": "56A,56B,56C", "33": "56A,56B,56C", "34": "15,56B", "35": "56B"}, "Lng": {"0": 105.85118, "1": 105.84945, "2": 105.850466667, "3": 105.85368333299999, "4": 105.85805, "5": 105.8604, "6": 105.871733333, "7": 105.8778, "8": 105.88225, "9": 105.8917, "10": 105.89178333299999, "11": 105.89556699999999, "12": 105.898833333, "13": 105.90355, "14": 105.9136, "15": 105.92078333299999, "16": 105.92183700000001, "17": 105.92079199999999, "18": 105.92691666700001, "19": 105.93151666700001, "20": 105.933516667, "21": 105.91561666700001, "22": 105.91235, "23": 105.908166667, "24": 105.90231666700001, "25": 105.897016667, "26": 105.89163333299999, "27": 105.88535, "28": 105.8754, "29": 105.86736666700001, "30": 105.86086, "31": 105.85831666700001, "32": 105.854183333, "33": 105.850883333, "34": 105.849133333, "35": 105.850944}, "Name": {"0": "(B) S\u00f3c S\u01a1n - Tuy\u1ebfn 56B", "1": "Cty \u0110\u1ea7u t\u01b0 & Th\u01b0\u01a1ng m\u1ea1i kho\u00e1ng s\u1ea3n S\u00f3c S\u01a1n - Km 25+250 Qu\u1ed1c l\u1ed9 3", "2": "\u0110\u1ed1i di\u1ec7n Trung t\u00e2m Gi\u00e1o d\u1ee5c th\u01b0\u1eddng xuy\u00ean Huy\u1ec7n S\u00f3c S\u01a1n, \u0110\u01b0\u1eddng N\u00fai \u0110\u00f4i", "3": "Ban QLDA Huy\u1ec7n S\u00f3c S\u01a1n - s\u1ed1 40 \u0111\u01b0\u1eddng N\u00fai \u0110\u00f4i t\u1ed5 4 Th\u1ecb tr\u1ea5n S\u00f3c S\u01a1n", "4": "C\u00f4ng ty Nam S\u01a1n - s\u1ed1 122 \u0111\u01b0\u1eddng N\u00fai \u0110\u00f4i", "5": "S\u1ed1 158 \u0110\u01b0\u1eddng N\u00fai \u0110\u00f4i", "6": "Km 0+600 - T\u1ec9nh l\u1ed9 296", "7": "\u0110\u1ed1i di\u1ec7n g\u1ea7n UBND x\u00e3 T\u00e2n Minh - T\u1ec9nh l\u1ed9 296", "8": "Km 2+300 - T\u1ec9nh l\u1ed9 296", "9": "\u0110\u1ed1i di\u1ec7n UBND x\u00e3 B\u1eafc Ph\u00fa - T\u1ec9nh l\u1ed9 296", "10": "\u0110\u1ed1i di\u1ec7n Nh\u00e0 v\u0103n ho\u00e1 th\u00f4n Xu\u00e2n T\u00e0ng - T\u1ec9nh l\u1ed9 296", "11": "L\u00e0ng \u0110\u1ed3ng B\u00f4ng", "12": "Tr\u01b0\u1eddng M\u1ea7m non x\u00e3 T\u00e2n H\u01b0ng - T\u1ec9nh l\u1ed9 296", "13": "Ng\u00e3 3 T\u00e2n Th\u00e0nh - th\u00f4n Ng\u00f4 \u0110\u1ea1o - T\u1ec9nh L\u1ed9 131", "14": "X\u00f3m 10 th\u00f4n Ng\u00f4 \u0110\u1ea1o - T\u1ec9nh L\u1ed9 131", "15": "Tr\u01b0\u1eddng M\u1ea7m non th\u00f4n Hi\u1ec7u Ch\u00e2n - T\u1ec9nh L\u1ed9 131", "16": "Th\u00f4n C\u1ea9m H\u00e0 - T\u1ec9nh L\u1ed9 131", "17": "\u0110\u1ed1i di\u1ec7n g\u1ea7n b\u1ebfn \u0111\u00f2 \u0110\u00f4ng B\u1eafc", "18": "\u0110\u00ecnh l\u00e0ng T\u0103ng Long - T\u1ec9nh L\u1ed9 131", "19": "Tr\u1ea1m b\u01a1m T\u0103ng Long - l\u00e0ng T\u0103ng Long - x\u00e3 Vi\u1ec7t Long", "20": "D\u1ed1c \u0110a th\u00f4n L\u01b0\u01a1ng Ph\u00fac - T\u1ec9nh L\u1ed9 131", "21": "UBND x\u00e3 Vi\u1ec7t Long - T\u1ec9nh L\u1ed9 131", "22": "\u0110\u1ed1i di\u1ec7n c\u00e2u l\u1ea1c b\u1ed9 ng\u01b0\u1eddi cao tu\u1ed5i th\u00f4n Ti\u00ean T\u1ea3o", "23": "\u0110\u00ecnh l\u00e0ng Ti\u00ean T\u1ea3o - T\u1ec9nh L\u1ed9 131", "24": "X\u00f3m \u0110\u1ed3ng May - Th\u00f4n Xu\u00e2n T\u1ea3o (l\u00e0ng Ng\u1ecdc H\u00e0) - Chi\u1ec1u v\u1ec1", "25": "G\u1ea7n UBND x\u00e3 Xu\u00e2n Giang (l\u00e0ng \u0110\u1ea1i T\u1ea3o)", "26": "Tr\u01b0\u1eddng THPT Xu\u00e2n Giang", "27": "\u0110\u1ed1i\u00a0di\u1ec7n\u00a0c\u1eeda\u00a0h\u00e0ng\u00a0\u0111i\u1ec7n\u00a0l\u1ea1nh\u00a0\u0110\u1ee9c\u00a0Nguy\u00ean", "28": "Ph\u00f2ng\u00a0kh\u00e1m\u00a0\u0111a\u00a0khoa\u00a0Xu\u00e2n\u00a0Giang", "29": "Qua ng\u00e3 t\u01b0 l\u1ed1i v\u00e0o \u0110H \u0110i\u1ec7n l\u1ef1c 50m - \u0111\u01b0\u1eddng N\u00fai \u0110\u00f4i, th\u1ecb tr\u1ea5n S\u00f3c S\u01a1n", "30": "Khu A C\u1ed9t \u0111i\u1ec7n SS1, \u0110\u01b0\u1eddng N\u00fai \u0110\u00f4i", "31": "S\u1ed1 nh\u00e0 22, t\u1ed5 7 Th\u1ecb tr\u1ea5n S\u00f3c S\u01a1n", "32": "S\u1ed1 nh\u00e0 73 \u0111\u01b0\u1eddng N\u00fai \u0110\u00f4i", "33": "Tr\u01b0\u1eddng cao \u0111\u1eb3ng th\u1ef1c h\u00e0nh \u0110a Ph\u00fac, \u0110\u01b0\u1eddng N\u00fai \u0110\u00f4i", "34": "\u0110\u1ed1i di\u1ec7n Cty CP \u0110\u1ea7u t\u01b0 th\u01b0\u01a1ng m\u1ea1i v\u00e0 kho\u00e1ng s\u1ea3n S\u00f3c S\u01a1n - Km 25+150 Qu\u1ed1c l\u1ed9 3", "35": "(A) S\u00f3c S\u01a1n - Tuy\u1ebfn 56B"}}