{"Lat": {"0": 20.9334833333, "1": 20.9286166667, "2": 20.928892, "3": 20.9281666667, "4": 20.9245, "5": 20.923915, "6": 20.92425, "7": 20.9257833333, "8": 20.92975, "9": 20.932063, "10": 20.9345666667, "11": 20.9382833333, "12": 20.9420333333, "13": 20.9448333333, "14": 20.9472833333, "15": 20.951423000000002, "16": 20.958052, "17": 20.9602166667, "18": 20.962585, "19": 20.9646333333, "20": 20.9671833333, "21": 20.970569, "22": 20.9724166667, "23": 20.974116666700002, "24": 20.9797, "25": 20.98205, "26": 20.98565, "27": 20.98805, "28": 20.9902166667, "29": 20.99235, "30": 20.994866666700002, "31": 20.9957, "32": 21.000766666700002, "33": 21.003216666700002, "34": 21.015307, "35": 21.023119, "36": 21.027642, "37": 21.033486, "38": 21.0359166667, "39": 21.0381333333, "40": 21.043116, "41": 21.0471, "42": 21.0526833333, "43": 21.051142000000002, "44": 21.0497, "45": 21.047245999999998, "46": 21.049141, "47": 21.05515, "48": 21.0661166667, "49": 21.068, "50": 21.0834666667, "51": 21.086166666700002, "52": 21.0887166667, "53": 21.090733333299998, "54": 21.0839666667, "55": 21.08345, "56": 21.081999999999997, "57": 21.076966666700002, "58": 21.0711666667, "59": 21.0672833333}, "BusStopCode": {"0": 3486, "1": 3508, "2": 3509, "3": 3510, "4": 3511, "5": 3512, "6": 1479, "7": 1480, "8": 1481, "9": 3684, "10": 1482, "11": 1483, "12": 1484, "13": 1485, "14": 1486, "15": 1487, "16": 651, "17": 652, "18": 653, "19": 654, "20": 655, "21": 656, "22": 657, "23": 2644, "24": 2645, "25": 2646, "26": 2647, "27": 2648, "28": 2649, "29": 2650, "30": 2651, "31": 2652, "32": 2653, "33": 2654, "34": 3513, "35": 3514, "36": 3515, "37": 3516, "38": 4059, "39": 4060, "40": 3517, "41": 3518, "42": 3519, "43": 1043, "44": 1044, "45": 1045, "46": 3520, "47": 3521, "48": 3522, "49": 3523, "50": 3524, "51": 3525, "52": 3526, "53": 3527, "54": 3528, "55": 3529, "56": 202, "57": 599, "58": 601, "59": 3485}, "FleetOver": {"0": "57", "1": "57,72", "2": "57,72", "3": "57,72", "4": "57,72", "5": "57,72", "6": "37,57,72", "7": "102,37,57,72", "8": "102,37,57,72", "9": "102,37,57,72", "10": "102,37,57,72", "11": "102,37,57,72", "12": "102,37,57,72", "13": "102,37,57,72", "14": "102,37,57,72", "15": "01,02,21A,27,33,37,57,62,89,91", "16": "01,02,21A,27,33,37,57,62,89", "17": "01,02,21A,27,33,37,57,62,89", "18": "01,02,105,21A,27,33,37,57,62,89", "19": "01,02,105,21A,27,33,37,57,62,89", "20": "01,02,21A,27,33,57,89", "21": "01,02,21A,27,33,57,89", "22": "01,02,21A,27,33,57,89", "23": "19,22C,57,89", "24": "19,22C,57,89", "25": "19,22C,57,89", "26": "57,89", "27": "57,89", "28": "57,89", "29": "57,89", "30": "57,89", "31": "57,89", "32": "57", "33": "57", "34": "57", "35": "57", "36": "57", "37": "57", "38": "57,97", "39": "57,97", "40": "57", "41": "57", "42": "57", "43": "20A,20B,29,32,57", "44": "20A,20B,29,32,57", "45": "20A,20B,29,32,57", "46": "57", "47": "57", "48": "57", "49": "57", "50": "57", "51": "57", "52": "57", "53": "57", "54": "57", "55": "57", "56": "28,57", "57": "07,14,14CT,28,35B,46,53A,53B,56A,56C,57,60A,60B,61,93,95", "58": "07,14,14CT,28,35B,46,53A,53B,56A,56C,57,60A,60B,61,93,95", "59": "57"}, "Lng": {"0": 105.670966667, "1": 105.6731, "2": 105.679175, "3": 105.6864, "4": 105.69086666700001, "5": 105.69463300000001, "6": 105.70301666700001, "7": 105.7101, "8": 105.71583333299999, "9": 105.719325, "10": 105.72293333299999, "11": 105.7304, "12": 105.737766667, "13": 105.742016667, "14": 105.74533333299999, "15": 105.750547, "16": 105.759623, "17": 105.76245, "18": 105.76546, "19": 105.76803333299999, "20": 105.7714, "21": 105.775677, "22": 105.77783333299999, "23": 105.7783, "24": 105.7725, "25": 105.770833333, "26": 105.768166667, "27": 105.766416667, "28": 105.764, "29": 105.76206666700001, "30": 105.75908333299999, "31": 105.75311666700001, "32": 105.75096666700001, "33": 105.7501, "34": 105.74563500000001, "35": 105.742741, "36": 105.74103500000001, "37": 105.73879199999999, "38": 105.7382, "39": 105.73801666700001, "40": 105.73771799999999, "41": 105.73615, "42": 105.73378333299999, "43": 105.737072, "44": 105.74018333299999, "45": 105.74639199999999, "46": 105.74914, "47": 105.747616667, "48": 105.74108333299999, "49": 105.73976666700001, "50": 105.74945, "51": 105.74966666700001, "52": 105.75915, "53": 105.76671666700001, "54": 105.770283333, "55": 105.77558333299999, "56": 105.784066667, "57": 105.7864, "58": 105.7855, "59": 105.787066667}, "Name": {"0": "(B) KCN Ph\u00fa Ngh\u0129a - Tuy\u1ebfn 57", "1": "\u0110\u1ed1i di\u1ec7n KCN Ph\u00fa Ngh\u0129a - Qu\u1ed1c l\u1ed9 6", "2": "\u0110\u01b0\u1eddng v\u00e0o th\u00f4n C\u1ed5 Ph\u00e1p - Qu\u1ed1c l\u1ed9 6", "3": "\u0110\u1ed1i di\u1ec7n qua c\u00e2y x\u0103ng V\u1ea1n Xu\u00e2n 100m - Qu\u1ed1c l\u1ed9 6", "4": "\u0110\u1ed1i di\u1ec7n g\u1ea7n \u0111\u01b0\u1eddng v\u00e0o ch\u00f9a Tr\u0103m gian 100m - Qu\u1ed1c l\u1ed9 6", "5": "\u0110\u1ed1i di\u1ec7n KCN V\u0103n Minh - Qu\u1ed1c l\u1ed9 6", "6": "Gara \u00d4t\u00f4 \u0110o\u00e0n Chi\u1ebfn (Th\u1ecb tr\u1ea5n Ch\u00fac S\u01a1n) - Qu\u1ed1c l\u1ed9 6", "7": "S\u1ed1 nh\u00e0 80 khu B\u1eafc, Th\u1ecb tr\u1ea5n Ch\u00fac S\u01a1n - Qu\u1ed1c l\u1ed9 6", "8": "\u0110\u01b0\u1eddng v\u00e0o ng\u00f5 253 Bi\u00ean Giang (Tr\u01b0\u1eddng THCS Bi\u00ean Giang) - Qu\u1ed1c l\u1ed9 6", "9": "Ng\u00e3 3 \u0111\u01b0\u1eddng v\u00e0o Tr\u01b0\u1eddng \u0110\u1ea1i h\u1ecdc S\u01b0 Ph\u1ea1m TDTT H\u00e0 N\u1ed9i - \u0110\u1ed1i di\u1ec7n 132 Bi\u00ean Giang, Qu\u1ed1c l\u1ed9 6", "10": "C\u00f4ng ty CP C\u01a1 kh\u00ed x\u00e2y d\u1ef1ng H\u00e0 Th\u00e1i - 53 Bi\u00ean Giang, Qu\u1ed1c l\u1ed9 6", "11": "Ch\u1ee3 c\u1ea7u Mai L\u0129nh -1529 Quang Trung (H\u00e0 \u0110\u00f4ng), Qu\u1ed1c l\u1ed9 6", "12": "Qua c\u00e2y x\u0103ng C\u1ed5 B\u1ea3n - 1235 Quang Trung (H\u00e0 \u0110\u00f4ng), Qu\u1ed1c l\u1ed9 6", "13": "\u0110\u1ed1i di\u1ec7n Gi\u1ebfng c\u1ed5 th\u00f4n Do L\u1ed9 - 1115 Quang Trung (H\u00e0 \u0110\u00f4ng), Qu\u1ed1c l\u1ed9 6", "14": "\u0110\u1ed1i di\u1ec7n C\u1ed5ng l\u00e0ng Ngh\u0129a L\u1ed9, \u0111\u01b0\u1eddng v\u00e0o th\u00f4n Thanh L\u00e3m - Quang Trung (H\u00e0 \u0110\u00f4ng), Qu\u1ed1c l\u1ed9 6", "15": "Tr\u01b0\u1eddng trung c\u1ea5p Kinh t\u1ebf - T\u00e0i ch\u00ednh H\u00e0 N\u1ed9i", "16": "807 Quang Trung - H\u00e0 \u0110\u00f4ng", "17": "707-709 Quang Trung, H\u00e0 \u0110\u00f4ng (c\u1ed9t m\u1ed1c H3/15)", "18": "Qua ng\u00e3 t\u01b0 Quang Trung, L\u00ea Tr\u1ecdng T\u1ea5n - 521 Quang Trung (H\u00e0 \u0110\u00f4ng)", "19": "\u0110\u1ed1i di\u1ec7n \u0111\u01b0\u1eddng v\u00e0o ch\u1ee3 La Kh\u00ea (Qua Ga metro La Kh\u00ea) - 405 Quang Trung (H\u00e0 \u0110\u00f4ng)", "20": "267 Quang Trung - H\u00e0 \u0110\u00f4ng", "21": "85 Quang Trung (H\u00e0 \u0110\u00f4ng) - \u0110\u00ecnh C\u1ea7u \u0110\u01a1", "22": "15 Quang Trung - H\u00e0 \u0110\u00f4ng", "23": "S\u1ed1 2 Chu V\u0103n An - H\u00e0 \u0110\u00f4ng", "24": "Ch\u00f9a V\u1ea1n Ph\u00fac - H\u00e0 \u0110\u00f4ng", "25": "S\u1ed1 170 - 172 V\u1ea1n Ph\u00fac - H\u00e0 \u0110\u00f4ng", "26": "Ng\u00e3 3 Ng\u1ecdc Tr\u1ee5c - \u0110\u1ea1i M\u1ed7", "27": "\u0110\u1ed1i di\u1ec7n 167 Ng\u1ecdc \u0110\u1ea1i - Tr\u01b0\u1eddng THCS \u0110\u1ea1i M\u1ed7", "28": "S\u1ed1 40 - 42 Li\u00ean C\u01a1 - \u0110\u1ea1i M\u1ed7", "29": "S\u1ed1 178 \u0110\u1ea1i M\u1ed7 - Khu bi\u1ec7t th\u1ef1 Viglacera \u0110\u1ea1i M\u1ed7", "30": "S\u1ed1 270 \u0110\u1ea1i M\u1ed7", "31": "S\u1ed1 522 \u0110\u1ea1i M\u1ed7", "32": "S\u1ed1 63 T\u00e2y M\u1ed7 - C\u1ea7u Tri\u1ec1n", "33": "S\u1ed1 1 T\u00e2y M\u1ed7 - L\u00e0ng Ph\u00fa Th\u1ee9", "34": "C\u1eeda h\u00e0ng S\u01a1n \u0111\u1ed1i di\u1ec7n C\u00e1ch c\u1ed5ng L\u00e0ng Mi\u00eau Nha 60m - Xu\u00e2n Ph\u01b0\u01a1ng", "35": "Qua l\u1ed1i c\u1ed5ng v\u00e0o Tr\u01b0\u1eddng Cao \u0110\u1eb3ng C\u00f4ng Ngh\u1ec7 Cao 30m", "36": "\u0110\u1ed1i di\u1ec7n C\u00f4ng ty TNHH v\u00e0 D\u1ecbch V\u1ee5 \u0110\u0103ng Khoa", "37": "\u0110\u1ed1i di\u1ec7n tr\u01b0\u1edbc c\u1ed5ng L\u00e0ng H\u1eefu Ngh\u1ecb 150m",