{"Lat": {"0": 20.85387, "1": 20.8553333333, "2": 20.860766666700002, "3": 20.865384, "4": 20.8715333333, "5": 20.878866666700002, "6": 20.88815, "7": 20.8872666667, "8": 20.8866166667, "9": 20.88755, "10": 20.88415, "11": 20.8736833333, "12": 20.8704333333, "13": 20.8679166667, "14": 20.8697, "15": 20.869766666700002, "16": 20.869533333299998, "17": 20.8685, "18": 20.8674833333, "19": 20.8675333333, "20": 20.869327, "21": 20.8704666667, "22": 20.8762166667, "23": 20.8793, "24": 20.886983333299998, "25": 20.894033333299998, "26": 20.9019833333, "27": 20.90755, "28": 20.9112333333, "29": 20.9186, "30": 20.922933333299998, "31": 20.9267166667, "32": 20.931938, "33": 20.93545, "34": 20.939083333299997, "35": 20.94415, "36": 20.947, "37": 20.951628, "38": 20.9556, "39": 20.9579, "40": 20.9647666667, "41": 20.971045999999998, "42": 20.97985}, "BusStopCode": {"0": 3051, "1": 2737, "2": 4052, "3": 2738, "4": 3052, "5": 2739, "6": 3067, "7": 3068, "8": 4111, "9": 3069, "10": 3070, "11": 3071, "12": 3072, "13": 3073, "14": 3074, "15": 3075, "16": 3076, "17": 3077, "18": 3078, "19": 3079, "20": 3080, "21": 1268, "22": 1223, "23": 1270, "24": 1271, "25": 1272, "26": 1273, "27": 1274, "28": 1275, "29": 1276, "30": 1277, "31": 439, "32": 440, "33": 441, "34": 442, "35": 443, "36": 444, "37": 445, "38": 446, "39": 447, "40": 3287, "41": 165, "42": 3050}, "FleetOver": {"0": "94", "1": "103,91,94", "2": "103,91,94", "3": "103,91,94", "4": "103,91,94", "5": "103,91,94", "6": "103,94", "7": "103,94", "8": "103,94", "9": "103,94", "10": "94", "11": "94", "12": "94", "13": "94", "14": "94", "15": "94", "16": "94", "17": "94", "18": "94", "19": "94", "20": "94", "21": "06A,06C,06D,06E,101,62,94", "22": "06A,06B,06C,06D,06E,101,62,94", "23": "06A,06B,06C,06D,06E,101,62,94", "24": "06A,06B,06C,06D,06E,101,62,94", "25": "06A,06B,06C,06D,06E,101,62,94", "26": "06A,06B,06C,06D,06E,101,62,94", "27": "06A,06B,06C,06D,06E,101,62,94", "28": "06A,06B,06C,06D,06E,101,62,94", "29": "06A,06B,06C,06D,06E,101,62,94", "30": "06A,06B,06C,06D,06E,101,62,94", "31": "06A,06B,06C,06D,06E,08A,08ACT,101,12,62,94", "32": "06A,06B,06C,06D,06E,08A,08ACT,101,12,62,94", "33": "06A,06B,06C,06D,06E,08A,08ACT,101,12,62,94", "34": "06A,06B,06C,06D,06E,08A,08ACT,101,12,62,94", "35": "06A,06B,06C,06D,06E,08A,08ACT,101,12,39,94", "36": "06A,06B,06C,06D,06E,08A,08ACT,101,12,39,94", "37": "06A,06B,06C,06D,06E,08A,08ACT,101,12,94", "38": "06A,06B,06C,06D,06E,08A,08ACT,101,12,94", "39": "06A,06B,06C,06D,06E,08A,08ACT,101,12,60A,94,99", "40": "06A,06B,06C,06D,06E,08A,08B,08BCT,106,12,21B,37,60A,94,99", "41": "03B,06A,06B,06C,06D,06E,08A,08ACT,08B,08BCT,101,106,12,16,21B,22C,29,36,36CT,37,94", "42": "94"}, "Lng": {"0": 105.76833400000001, "1": 105.76708333299999, "2": 105.76366666700001, "3": 105.760883, "4": 105.75875, "5": 105.75973333299999, "6": 105.765166667, "7": 105.775033333, "8": 105.77991666700001, "9": 105.78399999999999, "10": 105.789983333, "11": 105.80136666700001, "12": 105.805783333, "13": 105.810666667, "14": 105.820366667, "15": 105.82795, "16": 105.832366667, "17": 105.843583333, "18": 105.8545, "19": 105.85953333299999, "20": 105.863223, "21": 105.864883333, "22": 105.86251666700001, "23": 105.86081666700001, "24": 105.85821666700001, "25": 105.855983333, "26": 105.85363333299999, "27": 105.85273333299999, "28": 105.85255, "29": 105.85241666700001, "30": 105.85175, "31": 105.849566667, "32": 105.84730800000001, "33": 105.84595, "34": 105.8445, "35": 105.84456666700001, "36": 105.844466667, "37": 105.84413799999999, "38": 105.84338333299999, "39": 105.84291666700001, "40": 105.84211666700001, "41": 105.84128, "42": 105.841916667}, "Name": {"0": "(B) Kim B\u00e0i - Tuy\u1ebfn 94", "1": "B\u01b0u \u0111i\u1ec7n Kim B\u00e0i", "2": "Qua 70m l\u1ed1i v\u00e0o tr\u1ea1m bi\u1ebfn \u00e1p Thanh Oai - QL21B", "3": "Qua \u0111\u1ed1i di\u1ec7n l\u1ed1i v\u00e0o BV huy\u1ec7n Thanh Oai 30m", "4": "\u0110\u1ed1i di\u1ec7n c\u1eeda h\u00e0ng s\u1eeda ch\u1eefa xe m\u00e1y Xu\u00e2n B\u1eafc (ph\u1ed1 Ba H\u00e0ng)", "5": "Vigracega T\u1eeb Li\u00eam", "6": "B\u01b0u \u0110i\u1ec7n B\u00ecnh \u0110\u00e0", "7": "\u0110\u1ed1i di\u1ec7n tr\u01b0\u1eddng THPT Thanh Oai B", "8": "Tr\u01b0\u1edbc \u0111\u01b0\u1eddng v\u00e0o tr\u01b0\u1eddng THPT Thanh Xu\u00e2n - Tam H\u01b0ng - Thanh Oai 30m", "9": "L\u00e0ng \u0110\u1ea1i \u0110\u1ecbnh - X\u00e3 Tam H\u01b0ng", "10": "Th\u00f4n Song Kh\u00ea - X\u00e3 Tam H\u01b0ng", "11": "\u0110\u01b0\u1eddng v\u00e0o th\u00f4n B\u00f9i X\u00e1 - C\u1ee5m CN Thanh Oai", "12": "\u0110\u1ed1i di\u1ec7n THCS Thanh Th\u00f9y", "13": "Tr\u01b0\u1eddng M\u1ea7m Non Thanh Th\u00f9y", "14": "C\u1eeda h\u00e0ng \u0111\u1ed3 G\u1ed7 M\u1ef9 Ngh\u1ec7 Duy B\u1eafc L\u00e0ng T\u00fac", "15": "Ch\u1ee3  C\u1ea7u Chi\u1ebfc", "16": "Tr\u1ea1m x\u0103ng Nh\u00e2n Hi\u1ebfn", "17": "\u0110\u1ed1i di\u1ec7n B\u1ec7nh vi\u1ec7n T\u00e2m Th\u1ea7n Trung \u01af\u01a1ng 1", "18": "Ng\u00e3 3 Quan Giai - Tr\u01b0\u1eddng THCS V\u0103n Ph\u00fa", "19": "\u0110\u1ed1i di\u1ec7n B\u1ec7nh vi\u1ec7n \u0111a khoa huy\u1ec7n Th\u01b0\u1eddng T\u00edn", "20": "\u0110\u1ed1i di\u1ec7n Th\u01b0 Vi\u1ec7n Th\u01b0\u1eddng T\u00edn", "21": "\u0110\u1ed1i di\u1ec7n V\u0103n ph\u00f2ng Lu\u1eadt s\u01b0 VLAW - s\u1ed1 13 ph\u1ed1 Ga, th\u1ecb tr\u1ea5n Th\u01b0\u1eddng T\u00edn - Qu\u1ed1c L\u1ed9 1A", "22": "\u0110\u1ed1i di\u1ec7n 83 Ph\u1ed1 Ga, th\u1ecb tr\u1ea5n Th\u01b0\u1eddng T\u00edn - Km 191+950 Qu\u1ed1c L\u1ed9 1A", "23": "\u0110\u1ed1i di\u1ec7n Tr\u1ea1m bi\u1ebfn \u00e1p 500KV- Km 191+470 Qu\u1ed1c L\u1ed9 1A", "24": "\u0110\u00ecnh L\u00e0ng V\u0103n Gi\u00e1p - Km 190+550 Qu\u1ed1c L\u1ed9 1A", "25": "\u0110\u1ed1i di\u1ec7n \u0111\u01b0\u1eddng v\u00e0o L\u00e0ng ngh\u1ec1 ti\u1ec7n Nh\u1ecb Kh\u00ea - Km 189+730 Qu\u1ed1c L\u1ed9 1A", "26": "\u0110\u1ed1i di\u1ec7n t\u1eadp th\u1ec3 C\u00f4ng ty 810 - Km 188+650 Qu\u1ed1c L\u1ed9 1A", "27": "C\u00e1ch \u0111\u01b0\u1eddng v\u00e0o \u0110\u00ecnh L\u00e0ng Y\u00ean Ph\u00fa 150m(Chi\u1ec1u Th\u01b0\u1eddng T\u00edn - Ga HN) - Qu\u1ed1c l\u1ed9 1A", "28": "C\u00e1ch \u0111\u01b0\u1eddng v\u00e0o UBND x\u00e3 Li\u00ean Ninh 50m - Km 187+800 Qu\u1ed1c L\u1ed9 1A", "29": "\u0110\u1ed1i di\u1ec7n C\u1ee5m CN Ng\u1ecdc H\u1ed3i - Km 186+850 Qu\u1ed1c l\u1ed9 1A", "30": "C\u1eeda h\u00e0ng S\u01a1n Lucky house - Km 186+450 Qu\u1ed1c L\u1ed9 1A", "31": "C\u00f4ng ty c\u00f4ng tr\u00ecnh giao th\u00f4ng 124 (Km 12 + 500 Qu\u1ed1c l\u1ed9 1A) - Ng\u1ecdc H\u1ed3i", "32": "C\u00f4ng ty 17 L\u1eef \u0111o\u00e0n 17 Binh \u0111o\u00e0n 12 - Ng\u1ecdc H\u1ed3i", "33": "Qua ng\u00e3 3 \u0111\u01b0\u1eddng Qu\u1ef3nh \u0110\u00f4 - Ng\u1ecdc H\u1ed3i", "34": "\u0110\u1ed1i di\u1ec7n Khu t\u1eadp th\u1ec3 LIC\u00d4LA - Ng\u1ecdc H\u1ed3i", "35": "449 - 451 Ng\u1ecdc H\u1ed3i", "36": "373 Ng\u1ecdc H\u1ed3i", "37": "TCT c\u01a1 \u0111i\u1ec7n n\u00f4ng nghi\u1ec7p & Th\u1ee7y l\u1ee3i (V\u0103n \u0110i\u1ec3n) - Ng\u1ecdc H\u1ed3i", "38": "\u0110\u1ed1i di\u1ec7n 184 Ng\u1ecdc H\u1ed3i", "39": "C\u00f4ng ty bi\u1ebfn th\u1ebf ABB - Ng\u1ecdc H\u1ed3i", "40": "B\u1ebfn xe N\u01b0\u1edbc Ng\u1ea7m", "41": "\u0110\u1ed1i di\u1ec7n Tr\u1ee5 s\u1edf C\u00f4ng an Ph\u01b0\u1eddng Ho\u00e0ng Li\u1ec7t- 1277 Gi\u1ea3i Ph\u00f3ng", "42": "(A) BX Gi\u00e1p B\u00e1t - Tuy\u1ebfn 94"}}