{"Lat": {"0": 20.9497666667, "1": 20.9454666667, "2": 20.941608, "3": 20.9385333333, "4": 20.935, "5": 20.93225, "6": 20.9304666667, "7": 20.925253, "8": 20.9243666667, "9": 20.9248666667, "10": 20.928416666700002, "11": 20.928933333299998, "12": 20.9288166667, "13": 20.9285666667, "14": 20.9251, "15": 20.9225666667, "16": 20.9181333333, "17": 20.9153, "18": 20.9139166667, "19": 20.913833333299998, "20": 20.9119666667, "21": 20.9094833333, "22": 20.9079, "23": 20.9053166667, "24": 20.9042666667, "25": 20.901928, "26": 20.900282999999998, "27": 20.898398, "28": 20.896322, "29": 20.8937166667, "30": 20.890183333299998, "31": 20.886, "32": 20.884}, "BusStopCode": {"0": 3877, "1": 1472, "2": 1473, "3": 1474, "4": 1475, "5": 3685, "6": 1476, "7": 1477, "8": 1478, "9": 3504, "10": 3505, "11": 3506, "12": 3507, "13": 3878, "14": 3879, "15": 3880, "16": 3881, "17": 3882, "18": 3883, "19": 3891, "20": 3892, "21": 3893, "22": 3894, "23": 3895, "24": 2052, "25": 2053, "26": 2054, "27": 2055, "28": 2056, "29": 2057, "30": 2058, "31": 2059, "32": 3884}, "FleetOver": {"0": "72", "1": "102,37,57,72", "2": "102,37,57,72", "3": "102,37,57,72", "4": "102,37,57,72", "5": "102,37,57,72", "6": "102,37,57,72", "7": "102,37,57,72", "8": "37,57,72", "9": "57,72", "10": "57,72", "11": "57,72", "12": "57,72", "13": "72", "14": "72", "15": "72", "16": "72", "17": "72", "18": "72", "19": "72", "20": "72", "21": "72", "22": "72", "23": "72", "24": "72,87", "25": "72,87", "26": "72,87", "27": "72,87", "28": "72,87", "29": "72,87", "30": "72,87", "31": "72,87", "32": "72"}, "Lng": {"0": 105.74733333299999, "1": 105.74271666700001, "2": 105.736824, "3": 105.73066666700001, "4": 105.72368, "5": 105.7195, "6": 105.716783333, "7": 105.708968, "8": 105.702366667, "9": 105.69041666700001, "10": 105.6861, "11": 105.67668333299999, "12": 105.671833333, "13": 105.66155, "14": 105.6512, "15": 105.64785, "16": 105.64208333299999, "17": 105.63845, "18": 105.6308, "19": 105.623583333, "20": 105.61473333299999, "21": 105.60576666700001, "22": 105.600283333, "23": 105.591033333, "24": 105.58731666700001, "25": 105.581781, "26": 105.578748, "27": 105.57653, "28": 105.57435100000001, "29": 105.571616667, "30": 105.56813333299999, "31": 105.5648, "32": 105.557533333}, "Name": {"0": "(A) B\u1ebfn xe Y\u00ean Ngh\u0129a - Tuy\u1ebfn 72", "1": "Ao l\u00e0ng Do L\u1ed9 - \u0110\u1ed1i di\u1ec7n 1099 Quang Trung (H\u00e0 \u0110\u00f4ng), Qu\u1ed1c l\u1ed9 6", "2": "\u0110\u1ed1i di\u1ec7n C\u00f4ng ty c\u1ed5 ph\u1ea7n G\u1ed7 Th\u00e9p \u0110\u1ea1i L\u1ed9c (\u0110\u1ed3ng Mai) - Qu\u1ed1c l\u1ed9 6", "3": "Ch\u1ee3 c\u1ea7u Mai L\u0129nh - S\u1ed1 nh\u00e0 1392 Quang Trung (H\u00e0 \u0110\u00f4ng), Qu\u1ed1c l\u1ed9 6", "4": "\u0110\u1ed1i di\u1ec7n C\u00f4ng ty c\u1ed5 ph\u1ea7n c\u01a1 kh\u00ed x\u00e2y d\u1ef1ng H\u00e0 Th\u00e1i (Bi\u00ean Giang) - Qu\u1ed1c l\u1ed9 6", "5": "Nh\u00e0 th\u1edd Gi\u00e1o h\u1ecd Ph\u01b0\u1ee3ng B\u00e3i, g\u1ea7n \u0111\u01b0\u1eddng v\u00e0o \u0110H S\u01b0 ph\u1ea1m TTDTT Trung \u01b0\u01a1ng - 114 Bi\u00ean Giang, Qu\u1ed1c l\u1ed9 6", "6": "UBND x\u00e3 Bi\u00ean Giang - 224 Bi\u00ean Giang, Qu\u1ed1c l\u1ed9 6", "7": "G\u1ea7n Tr\u1ee5 s\u1edf C\u00f4ng an huy\u1ec7n Ch\u01b0\u01a1ng M\u1ef9 - Qu\u1ed1c l\u1ed9 6", "8": "C\u1eeda h\u00e0ng \u0110TD\u0110 Mobifone Nam C\u01b0\u1eddng (Khu B\u1eafc S\u01a1n - Th\u1ecb tr\u1ea5n Ch\u00fac S\u01a1n) - Qu\u1ed1c l\u1ed9 6", "9": "Qua l\u1ed1i r\u1ebd \u0111i ch\u00f9a Tr\u0103m gian 200m - Qu\u1ed1c l\u1ed9 6", "10": "C\u00e1ch c\u00e2y x\u0103ng V\u1ea1n Xu\u00e2n 100m - Qu\u1ed1c l\u1ed9 6", "11": "\u0110\u1ed1i di\u1ec7n \u0110\u01b0\u1eddng v\u00e0o th\u00f4n C\u1ed5 Ph\u00e1p - Qu\u1ed1c l\u1ed9 6", "12": "KCN Ph\u00fa Ngh\u0129a - Qu\u1ed1c l\u1ed9 6", "13": "Karaoke Obama - Qu\u1ed1c l\u1ed9 6", "14": "V\u1eadt li\u1ec7u X\u00e2y d\u1ef1ng Ch\u1ec9nh B\u00ecnh - Qu\u1ed1c l\u1ed9 6", "15": "S\u1eeda ch\u1eefa xe m\u00e1y Th\u0103ng Lan - Qu\u1ed1c l\u1ed9 6", "16": "Ch\u1ee3 G\u1ed1t \u0110\u00f4ng S\u01a1n - Qu\u1ed1c l\u1ed9 6", "17": "\u0110\u1ed1i di\u1ec7n GARA Huy H\u00e0o - Qu\u1ed1c l\u1ed9 6", "18": "\u0110\u1ed9i 3 T\u00e2n Ph\u01b0\u1ee3ng, Xu\u00e2n Mai - Qu\u1ed1c l\u1ed9 6", "19": "Ngh\u0129a trang Xu\u00e2n Mai - Qu\u1ed1c l\u1ed9 6", "20": "\u0110\u00f4i di\u1ec7n nh\u00e0 ph\u00e2n ph\u1ed1i Phong T\u00f9ng - Qu\u1ed1c l\u1ed9 6", "21": "Trung t\u00e2m \u0111ang ki\u1ec3m xe c\u01a1 gi\u1edbi 29-11D - Qu\u1ed1c l\u1ed9 6", "22": "Ti\u1ebfn \u00c2n (chi\u1ec1u \u0111i Xu\u00e2n Mai) - Qu\u1ed1c l\u1ed9 6", "23": "Nh\u00e0 m\u00e1y Z119 - Qu\u1ed1c l\u1ed9 6", "24": "Nh\u00e0 v\u0103n h\u00f3a khu Xu\u00e2n Mai, TT Xu\u00e2n Mai - Qu\u1ed1c l\u1ed9 6", "25": "C\u1ea7u Qu\u00e1n  L\u00e1t - Qu\u1ed1c l\u1ed9 6", "26": "S\u1ed1 66 T\u1ed5 6 Khu Xu\u00e2n Mai - Qu\u1ed1c l\u1ed9 6", "27": "B\u1ec7nh x\u00e1 24 Ph\u00f2ng Kh\u00e1m b\u1ec7nh Qu\u00e2n d\u00e2n Y - Qu\u1ed1c l\u1ed9 6", "28": "S\u1ed1 17 T\u1ed5 7 T\u00e2n B\u00ecnh TT Xu\u00e2n Mai - Qu\u1ed1c l\u1ed9 6", "29": "C\u00e1ch c\u1ea7u Xu\u00e2n Mai 50m - Khu Chi\u1ebfn Th\u1eafng, Xu\u00e2n Mai - Qu\u1ed1c l\u1ed9 6", "30": "\u0110\u1ed1i di\u1ec7n Tr\u01b0\u1eddng Cao \u0111\u1eb3ng N\u00f4ng nghi\u1ec7p v\u00e0 Ph\u00e1t tri\u1ec3n N\u00f4ng th\u00f4n B\u1eafc B\u1ed9", "31": "S\u1ed1 12 T\u1ed5 6 Khu Chi\u1ebfn Th\u1eafng - Xu\u00e2n Mai - Qu\u1ed1c l\u1ed9 6", "32": "(B) Xu\u00e2n Mai (Nh\u00e0 m\u00e1y th\u1ee9c \u0103n ch\u0103n nu\u00f4i CP) - Tuy\u1ebfn 72"}}