{"Lat": {"0": 21.0189833333, "1": 21.021283333299998, "2": 21.01925, "3": 21.0167666667, "4": 21.01355, "5": 21.0137, "6": 21.0184, "7": 21.02145, "8": 21.023866666700002, "9": 21.02715, "10": 21.0289, "11": 21.027683, "12": 21.0242666667, "13": 21.02498, "14": 21.02825, "15": 21.029666666700003, "16": 21.0328166667, "17": 21.0373166667, "18": 21.0401833333, "19": 21.0429666667, "20": 21.045602, "21": 21.04555, "22": 21.042351999999998, "23": 21.0377166667, "24": 21.0414833333, "25": 21.0431833333}, "BusStopCode": {"0": 3326, "1": 3327, "2": 3328, "3": 3329, "4": 3330, "5": 3331, "6": 1187, "7": 1188, "8": 2971, "9": 1195, "10": 1196, "11": 2969, "12": 2970, "13": 1816, "14": 3154, "15": 3155, "16": 3332, "17": 3333, "18": 3334, "19": 3335, "20": 3336, "21": 552, "22": 553, "23": 769, "24": 857, "25": 3342}, "FleetOver": {"0": "100", "1": "100", "2": "100", "3": "100", "4": "100", "5": "100", "6": "100,40,52A,52B", "7": "100,11,40,52A,52B", "8": "100,40,52A,52B", "9": "100,11,40,52A,52B", "10": "100,11,40,52A,52B", "11": "100,40,52B,98", "12": "100,40,52B,98", "13": "100,106,40,47B,52B,98", "14": "100", "15": "100", "16": "100", "17": "100", "18": "100", "19": "100", "20": "100", "21": "01,03,100,10A,10B,17,22A,34,42,43,48,54,65", "22": "01,03,100,10A,10B,17,22A,34,42,43,48,54,65", "23": "03,100,10B,11,34,47A,54,98", "24": "100,10A,10B,17,54,98", "25": "100"}, "Lng": {"0": 105.94818333299999, "1": 105.94946666700001, "2": 105.954366667, "3": 105.955733333, "4": 105.953033333, "5": 105.95031666700001, "6": 105.9425, "7": 105.9375, "8": 105.93175, "9": 105.92376666700001, "10": 105.918383333, "11": 105.911367, "12": 105.9067, "13": 105.90128899999999, "14": 105.89253333299999, "15": 105.8847, "16": 105.87985, "17": 105.88065, "18": 105.8791, "19": 105.882066667, "20": 105.880798, "21": 105.875283333, "22": 105.870446, "23": 105.852983333, "24": 105.849466667, "25": 105.847816667}, "Name": {"0": "(B) \u0110\u1eb7ng X\u00e1 - Tuy\u1ebfn 100", "1": "Nh\u00e0 D10 (K\u0110T \u0110\u1eb7ng X\u00e1)", "2": "Nh\u00e0 D16 (K\u0110T \u0110\u1eb7ng X\u00e1)", "3": "Nh\u00e0 D5 (K\u0110T \u0110\u1eb7ng X\u00e1)", "4": "Nh\u00e0 A3-D1 (K\u0110T \u0110\u1eb7ng X\u00e1)", "5": "Nh\u00e0 CT8B - \u0111\u01b0\u1eddng DX2", "6": "Trung t\u00e2m Th\u1ec3 d\u1ee5c th\u1ec3 thao huy\u1ec7n Gia L\u00e2m - 399 Nguy\u1ec5n \u0110\u1ee9c Thu\u1eadn", "7": "b\u01b0u \u0111i\u1ec7n Tr\u00e2u Qu\u1ef3 - Nguy\u1ec5n \u0110\u1ee9c Thu\u1eadn", "8": "G\u1ea7n ng\u00e3 ba c\u1ea7u Thanh Tr\u00ec - Nguy\u1ec5n \u0110\u1ee9c Thu\u1eadn", "9": "Qua ng\u00e3 3 c\u1ea7u Thanh Tr\u00ec - Nguy\u1ec5n V\u0103n Linh", "10": "C\u00f4ng ty May 10 - Nguy\u1ec5n V\u0103n Linh", "11": "Tr\u01b0\u1edbc 50m ng\u00f5 12 Th\u1ea1ch B\u00e0n", "12": "\u0110\u1ed1i di\u1ec7n tr\u01b0\u1eddng THCS Th\u1ea1ch B\u00e0n - \u0111\u01b0\u1eddng Th\u1ea1ch B\u00e0n", "13": "Aeon Mall Long Bi\u00ean (\u0110\u1ed1i di\u1ec7n C\u1ed9t \u0111i\u1ec7n T4A/2A-B \u0111\u01b0\u1eddng C\u1ed5 Linh)", "14": "\u0110\u1ed1i di\u1ec7n ng\u00f5 110 C\u1ed5 Linh", "15": "\u0110\u00f4\u0301i di\u00ea\u0323n THCS long Bi\u00ean - C\u00f4\u0309 Linh", "16": "\u0110\u1ed1i di\u1ec7n c\u00f4ng ty Th\u01b0\u01a1ng m\u1ea1i & d\u1ecbch v\u1ee5 Ph\u01b0\u01a1ng Tr\u00e2m - \u0110\u01b0\u1eddng C\u1ed5 Linh", "17": "S\u1ed1 nh\u00e0 165 \u0111\u01b0\u1eddng Ho\u00e0ng Nh\u01b0 Ti\u1ebfp (G\u1ea7n c\u1ed9t \u0111\u00e8n)", "18": "Trung t\u00e2m y t\u1ebf h\u00e0ng kh\u00f4ng - Ng\u00f5 200 Nguy\u1ec5n S\u01a1n", "19": "Tr\u01b0\u1edbc \u0110o\u00e0n ti\u1ebfp vi\u00ean h\u00e0ng kh\u00f4ng Vi\u1ec7t Nam Airline 20m - \u0111\u01b0\u1eddng L\u00e2m H\u1ea1", "20": "103 Nguy\u1ec5n S\u01a1n", "21": "Cty C\u1ea7u 5 Th\u0103ng Long - 307 Nguy\u1ec5n V\u0103n C\u1eeb", "22": "135 Nguy\u1ec5n V\u0103n C\u1eeb", "23": "Tr\u1ea7n Nh\u1eadt Du\u1eadt (373 H\u1ed3ng H\u00e0) - G\u1ea7n H\u00e0m T\u1eed Quan", "24": "E1.2 \u0110i\u1ec3m trung chuy\u1ec3n Long Bi\u00ean", "25": "(A) Long Bi\u00ean -- Tuy\u1ebfn 100"}}