{"Lat": {"0": 21.04265, "1": 21.0414333333, "2": 21.0334666667, "3": 21.0281166667, "4": 21.021383333299998, "5": 21.0164333333, "6": 21.0139, "7": 21.011587, "8": 21.0067166667, "9": 21.002119, "10": 20.997533333299998, "11": 20.992183333299998, "12": 20.9904833333, "13": 20.986316666700002, "14": 20.9841, "15": 20.9828666667, "16": 20.9812166667, "17": 20.980116666700003, "18": 20.9767, "19": 20.9722166667, "20": 20.9657833333, "21": 20.9644333333, "22": 20.96525, "23": 20.9660166667, "24": 20.964876999999998, "25": 20.960063, "26": 20.964817}, "BusStopCode": {"0": 1712, "1": 865, "2": 489, "3": 390, "4": 348, "5": 662, "6": 663, "7": 385, "8": 296, "9": 297, "10": 298, "11": 661, "12": 377, "13": 378, "14": 4128, "15": 380, "16": 381, "17": 382, "18": 109, "19": 110, "20": 111, "21": 112, "22": 3267, "23": 113, "24": 429, "25": 430, "26": 1746}, "FleetOver": {"0": "04", "1": "04,08A,08ACT,08B,08BCT,36,36CT,55,55B,65,86,86CT", "2": "04,08A,08ACT,08B,08BCT,11,14,14CT,18,23", "3": "04,08A,08ACT,08B,08BCT,11,14CT,18,23", "4": "04,18,23", "5": "04,18,42,44", "6": "04,42", "7": "04,18,30,42,44", "8": "04,30,42", "9": "04,26,30,42", "10": "04,26,30,42", "11": "04,26,30,38,42", "12": "04", "13": "04", "14": "04,106", "15": "04", "16": "04", "17": "04", "18": "04,48", "19": "04,48", "20": "04,48", "21": "04,48,99", "22": "04,48,99", "23": "04,48,99", "24": "03B,04,06A,06B,06C,06D,06E,08A,08ACT,101,106,12,16,37,60A,60B,94,99", "25": "03B,04,06A,06B,06C,06D,06E,08A,08ACT,101,106,12,16,37,48,60A,60B,94,99", "26": "04"}, "Lng": {"0": 105.84823300000001, "1": 105.84925, "2": 105.85441666700001, "3": 105.85565, "4": 105.85793333299999, "5": 105.8585, "6": 105.85921666700001, "7": 105.859204, "8": 105.86088333299999, "9": 105.861329, "10": 105.8618, "11": 105.8624, "12": 105.86441666700001, "13": 105.86936666700001, "14": 105.87408333299999, "15": 105.877366667, "16": 105.881533333, "17": 105.8857, "18": 105.8861, "19": 105.88058333299999, "20": 105.87491666700001, "21": 105.8667, "22": 105.85551699999999, "23": 105.84463333299999, "24": 105.84183200000001, "25": 105.84218600000001, "26": 105.84221699999999}, "Name": {"0": "(A) Long Bi\u00ean - Tuy\u1ebfn 04", "1": "E3.4 \u0110i\u1ec3m trung chuy\u1ec3n Long Bi\u00ean", "2": "54 Nguy\u1ec5n H\u1eefu Hu\u00e2n", "3": "36 L\u00fd Th\u00e1i T\u1ed5 - Cung thi\u1ebfu nhi H\u00e0 N\u1ed9i", "4": "\u0110\u1ed1i di\u1ec7n \u0110\u1ea1i h\u1ecdc D\u01b0\u1ee3c H\u00e0 N\u1ed9i - 15 L\u00ea Th\u00e1nh T\u00f4ng", "5": "34-36 T\u0103ng B\u1ea1t H\u1ed5", "6": "48B T\u0103ng B\u1ea1t H\u1ed5 - Vi\u1ec7n Dinh D\u01b0\u1ee1ng - B\u1ed9 y t\u1ebf", "7": "172 L\u00f2 \u0110\u00fac (C\u1eeda h\u00e0ng xe m\u00e1y Hon \u0110a)", "8": "86 Kim Ng\u01b0u", "9": "T\u1eadp th\u1ec3 E6 Qu\u1ef3nh Mai - Kim Ng\u01b0u", "10": "C\u1eeda h\u00e0ng nh\u1ef1a \u0111\u01b0\u1eddng s\u1ed1 3 - 344 Kim Ng\u01b0u", "11": "C\u00e1ch c\u1ed5ng C\u00f4ng ty c\u01a1 kh\u00ed Tr\u1ea7n H\u01b0ng \u0110\u1ea1o 40m - 18 Tam Trinh", "12": "20 L\u0129nh Nam", "13": "\u0110\u1ed1i di\u1ec7n 123 L\u0129nh Nam - Th\u00f4n T\u00e2n Khai", "14": "\u0110\u1ed1i di\u1ec7n s\u1ed1 271 L\u0129nh Nam", "15": "Tr\u01b0\u1eddng THPT Ho\u00e0ng V\u0103n Th\u1ee5", "16": "376-378 L\u0129nh Nam", "17": "B\u01b0u \u0110i\u1ec7n Trung T\u00e2m 6 - 582 L\u0129nh Nam", "18": "\u0110\u00ecnh Nam D\u01b0 H\u1ea1 - \u0110\u01b0\u1eddng d\u1eabn c\u1ea7u Thanh Tr\u00ec", "19": "Qua \u0111\u01b0\u1eddng v\u00e0o ch\u00f9a Khuy\u1ebfn L\u01b0\u01a1ng - \u0110\u01b0\u1eddng d\u1eabn c\u1ea7u Thanh Tr\u00ec", "20": "S\u1ed1 nh\u00e0 43 - T\u1ed5 14 - Ph\u01b0\u1eddng Y\u00ean S\u1edf - \u0110\u01b0\u1eddng d\u1eabn c\u1ea7u Thanh Tr\u00ec", "21": "C\u00f4ng ty TNHH Minh Tr\u01b0\u1eddng Sinh - \u0110\u01b0\u1eddng d\u1eabn c\u1ea7u Thanh Tr\u00ec", "22": "\u0110\u1ed1i di\u1ec7n c\u00f4ng vi\u00ean Y\u00ean S\u1edf", "23": "Qua l\u1ed1i r\u1ebd khu h\u00e0nh ch\u00ednh qu\u1eadn Ho\u00e0ng Mai - \u0111\u01b0\u1eddng Ph\u00e1p V\u00e2n", "24": "\u0110\u1ed1i di\u1ec7n T\u1eadp th\u1ec3 B\u1ebfn xe N\u01b0\u1edbc ng\u1ea7m H\u00e0 N\u1ed9i - Ng\u1ecdc H\u1ed3i", "25": "Tr\u01b0\u1eddng PTTH Vi\u1ec7t Nam Balan (\u0110\u1ed1i di\u1ec7n Kh\u00e1ch s\u1ea1n Nam Th\u00e0nh) - Ng\u1ecdc H\u1ed3i", "26": "(B) BX N\u01b0\u1edbc Ng\u1ea7m - Tuy\u1ebfn 04"}}