{"Lat": {"0": 21.0424, "1": 21.0412, "2": 21.037567000000003, "3": 21.0423833333, "4": 21.045683333299998, "5": 21.047071, "6": 21.048514, "7": 21.05225, "8": 21.056712, "9": 21.06125, "10": 21.0645166667, "11": 21.0684166667, "12": 21.074547, "13": 21.079559, "14": 21.083911999999998, "15": 21.08815, "16": 21.0927166667, "17": 21.0956333333, "18": 21.098851999999997, "19": 21.104867000000002, "20": 21.110217000000002, "21": 21.113367, "22": 21.116183, "23": 21.119467, "24": 21.1223666667, "25": 21.1244166667, "26": 21.12865, "27": 21.131543, "28": 21.1324, "29": 21.1336833333, "30": 21.1359666667, "31": 21.1383666667, "32": 21.1409833333, "33": 21.1457833333, "34": 21.154533333299998, "35": 21.1634166667, "36": 21.1693666667, "37": 21.17275, "38": 21.1763333333, "39": 21.17885, "40": 21.18325, "41": 21.18565, "42": 21.189116666700002, "43": 21.18865}, "BusStopCode": {"0": 1720, "1": 867, "2": 770, "3": 555, "4": 556, "5": 557, "6": 3416, "7": 559, "8": 420, "9": 421, "10": 422, "11": 423, "12": 424, "13": 196, "14": 197, "15": 198, "16": 199, "17": 200, "18": 1308, "19": 1307, "20": 1293, "21": 1306, "22": 1291, "23": 1286, "24": 1279, "25": 1289, "26": 1325, "27": 1299, "28": 1321, "29": 1301, "30": 1295, "31": 1320, "32": 1294, "33": 1323, "34": 1317, "35": 1327, "36": 1310, "37": 1280, "38": 1290, "39": 1287, "40": 1284, "41": 1311, "42": 1312, "43": 1792}, "FleetOver": {"0": "54", "1": "24,47A,54,58", "2": "01,03,100,10B,11,14,14CT,17,18,22A,23,34,47A,54,98", "3": "03,100,10A,17,34,43,48,54,65", "4": "01,03,100,10A,10B,17,22A,34,42,43,48,54,65", "5": "10A,10B,17,42,43,48,54,65", "6": "10A,10B,17,42,43,48,54,65", "7": "10A,10B,11,15,17,42,43,48,54,65", "8": "10A,10B,15,17,42,43,54", "9": "10A,10B,15,17,42,43,54", "10": "10A,10B,15,17,43,54,98", "11": "10A,10B,15,17,43,54,98", "12": "10A,10B,15,17,43,54,59", "13": "10A,10B,15,17,43,54,59", "14": "10A,10B,54", "15": "10A,10B,54", "16": "10A,10B,54", "17": "10A,10B,54", "18": "10A,54", "19": "10A,54", "20": "10A,54", "21": "10A,54", "22": "10A,54", "23": "10A,54", "24": "10A,54", "25": "54", "26": "54", "27": "54", "28": "54", "29": "54", "30": "54", "31": "54", "32": "54", "33": "54", "34": "54", "35": "54", "36": "54", "37": "54", "38": "54", "39": "54", "40": "54", "41": "54", "42": "54", "43": "54"}, "Lng": {"0": 105.848417, "1": 105.849516667, "2": 105.85275, "3": 105.87076666700001, "4": 105.875983333, "5": 105.87885, "6": 105.88176499999999, "7": 105.88600000000001, "8": 105.889698, "9": 105.89406699999999, "10": 105.89725, "11": 105.900983333, "12": 105.90704099999999, "13": 105.91156200000002, "14": 105.91589099999999, "15": 105.920133333, "16": 105.92456666700001, "17": 105.9275, "18": 105.930973, "19": 105.9382, "20": 105.94585, "21": 105.95153300000001, "22": 105.95656699999999, "23": 105.962483, "24": 105.96755, "25": 105.97145, "26": 105.9787, "27": 105.988198, "28": 105.99563333299999, "29": 106.001916667, "30": 106.00821666700001, "31": 106.0131, "32": 106.01645, "33": 106.02266666700001, "34": 106.03345, "35": 106.0424, "36": 106.048116667, "37": 106.0528, "38": 106.05696666700001, "39": 106.059733333, "40": 106.065816667, "41": 106.06891666700001, "42": 106.073866667, "43": 106.075633333}, "Name": {"0": "(A) Long Bi\u00ean - Tuy\u1ebfn 54", "1": "E3.2 \u0110i\u1ec3m trung chuy\u1ec3n Long Bi\u00ean", "2": "80 Tr\u1ea7n Nh\u1eadt Du\u1eadt", "3": "T\u1ed5ng c\u1ee5c H\u1ea3i Quan - 162 Nguy\u1ec5n V\u0103n C\u1eeb (c\u1ed9t sau)", "4": "358 - 360 Nguy\u1ec5n V\u0103n C\u1eeb", "5": "436 - 438 Nguy\u1ec5n V\u0103n C\u1eeb", "6": "S\u1ed1 548 Nguy\u1ec5n V\u0103n C\u1eeb", "7": "Ph\u00f2ng C\u00f4ng Ch\u1ee9ng s\u1ed1 2 TPHN - 654 Nguy\u1ec5n V\u0103n C\u1eeb", "8": "18-20 Ng\u00f4 Gia T\u1ef1", "9": "170 - 172 Ng\u00f4 Gia T\u1ef1", "10": "318 Ng\u00f4 Gia T\u1ef1", "11": "368 Ng\u00f4 Gia T\u1ef1 - Ng\u00e3 3 \u0111\u01b0\u1eddng v\u00e0o c\u00f4ng An qu\u1eadn Long Bi\u00ean", "12": "608 - 610 Ng\u00f4 Gia T\u1ef1 - g\u1ea7n \u0111\u01b0\u1eddng l\u00ean C\u1ea7u \u0110u\u1ed1ng", "13": "C\u1ea1nh \u0111\u01b0\u1eddng v\u00e0o Ph\u00f9 \u0110\u1ed5ng - 44 H\u00e0 Huy T\u1eadp", "14": "270-272 H\u00e0 Huy T\u1eadp", "15": "C\u00f4ng ty Gi\u1ea7y Y\u00ean Vi\u00ean - 488 H\u00e0 Huy T\u1eadp", "16": "664 H\u00e0 Huy T\u1eadp", "17": "\u0110\u1ed1i di\u1ec7n 38 D\u1ed1c L\u00e3 - H\u00e0 Huy T\u1eadp", "18": "H\u00e8 tr\u01b0\u1edbc ch\u1ee3 Tr\u00f9ng Qu\u00e1n - QL1 (chi\u1ec1u H\u00e0 N\u1ed9i - B\u0103c Ninh)", "19": "\u0110\u01b0\u1eddng v\u00e0o Tr\u01b0\u1eddng C\u0110 Thu\u1ef7 s\u1ea3n - B\u1eafc Ninh - Qu\u1ed1c L\u1ed9 1", "20": "\u0110\u1ed1i di\u1ec7n Ph\u00f2ng Kh\u00e1m \u0110a khoa T\u00e2n \u0110\u1ee9c - \u0110\u01b0\u1eddng Tr\u1ea7n Ph\u00fa - \u0110\u00ecnh B\u1ea3ng - T\u1eeb S\u01a1n", "21": "S\u1ed1 265 Ph\u1ed1 M\u1edbi - \u0110\u00ecnh B\u1ea3ng - T\u1eeb S\u01a1n", "22": "B\u01b0u \u0111i\u1ec7n m\u1edbi T\u1eeb S\u01a1n - \u0110\u01b0\u1eddng v\u00e0o \u0110\u1ec1n \u0110\u00f4", "23": "57 Tr\u1ea7n Ph\u00fa - T\u1eeb S\u01a1n - Qu\u1ed1c L\u1ed9 1", "24": "185 Minh Khai - T\u1eeb S\u01a1n - Qu\u1ed1c L\u1ed9 1", "25": "B\u1ec7nh vi\u1ec7n \u0110a khoa T\u1eeb S\u01a1n - B\u1eafc Ninh", "26": "Vi\u1ec1ng - Qu\u1ed1c L\u1ed9 1", "27": "\u0110\u1ed1i di\u1ec7n \u0111\u01b0\u1eddng v\u00e0o ch\u00f9a Ti\u00eau - Qu\u1ed1c l\u1ed9 1", "28": "Tr\u01b0\u1edbc l\u1ed1i v\u00e0o KCN Ti\u00ean S\u01a1n 30m - Qu\u1ed1c l\u1ed9 1", "29": "\u0110\u1ed1i di\u1ec7n L\u0103ng th\u00f4n \u0110\u00ecnh C\u1ea3 - Qu\u1ed1c l\u1ed9 1", "30": "Ch\u1ee3 N\u1ed9i Du\u1ec7 - Qu\u1ed1c L\u1ed9 1", "31": "Th\u1ecb tr\u1ea5n Lim - QL1", "32": "Chi C\u1ee5c thu\u1ebf Ti\u00ean Du (\u0111\u1ed1i di\u1ec7n 172 L\u00fd Th\u01b0\u1eddng Ki\u1ec7t)- QL1", "33": "U\u1ef7 ban nh\u00e2n d\u00e2n th\u1ecb tr\u1ea5n Lim (\u0110\u1ed1i di\u1ec7n 143 Hai B\u00e0 Tr\u01b0ng) - Qu\u1ed1c L\u1ed9 1", "34": "Ph\u1ed1 \u00f3 - Qu\u1ed1c L\u1ed9 1", "35": "V\u00f5 C\u01b0\u1eddng (Tr\u1ea1m C\u00e2n) - \u0110\u1ed1i di\u1ec7n CH x\u0103ng d\u1ea7u 150 - Qu\u1ed1c L\u1ed9 1", "36": "Ho\u00e0 \u0110\u00ecnh (395 Nguy\u1ec5n V\u0103n C\u1eeb) - Qu\u1ed1c L\u1ed9 1", "37": "235-237 Nguy\u1ec5n V\u0103n C\u1eeb - Qu\u1ed1c L\u1ed9 1", "38": "B\u1ec7nh x\u00e1 CA t\u1ec9nh B\u1eafc Ninh (C\u1ed5ng \u00f4) - Qu\u1ed1c L\u1ed9 1", "39": "687 Ng\u00f4 Gia T\u1ef1 (Hi\u1ec7u s\u00e1ch nh\u00e2n d\u00e2n t\u1ec9nh B\u1eafc Ninh - TX B\u1eafc Ninh) - Qu\u1ed1c L\u1ed9 1", "40": "395 Ng\u00f4 Gia T\u1ef1 - B\u1eafc Ninh (Trung t\u00e2m b\u1ed3i d\u01b0\u1ee1ng ch\u00ednh tr\u1ecb Th\u00e0nh ph\u1ed1)", "41": "H\u1ecdc vi\u1ec7n ng\u00e2n h\u00e0ng- Th\u1ecb x\u00e3 B\u1eafc Ninh - Qu\u1ed1c L\u1ed9 1", "42": "Kh\u00e1ch s\u1ea1n Su\u1ed1i Hoa - Th\u1ecb x\u00e3 B\u1eafc Ninh - Qu\u1ed1c L\u1ed9 1", "43": "(B) Th\u00e0nh ph\u1ed1 B\u1eafc Ninh - Tuy\u1ebfn 54"}}