{"Lat": {"0": 20.9499666667, "1": 20.951423000000002, "2": 20.958052, "3": 20.9602166667, "4": 20.962585, "5": 20.9646333333, "6": 20.9671833333, "7": 20.970569, "8": 20.9724166667, "9": 20.974116666700002, "10": 20.9797, "11": 20.98205, "12": 20.98565, "13": 20.98805, "14": 20.9902166667, "15": 20.99235, "16": 20.994866666700002, "17": 20.9957, "18": 20.9957833333, "19": 20.995616666700002, "20": 20.9945833333, "21": 20.993033333299998, "22": 20.9905666667, "23": 20.9894333333, "24": 20.9878, "25": 20.987033333299998, "26": 20.9814333333, "27": 20.9819833333, "28": 20.97885, "29": 20.9797833333, "30": 20.9775333333, "31": 20.9828333333, "32": 20.9914666667, "33": 20.9966333333, "34": 21.00365, "35": 21.0030333333, "36": 21.00665, "37": 21.0124666667, "38": 21.0207, "39": 21.0241, "40": 21.0302, "41": 21.0414333333, "42": 21.0513833333, "43": 21.0559333333, "44": 21.0591, "45": 21.0649, "46": 21.0730166667, "47": 21.0840333333, "48": 21.0905166667, "49": 21.0974, "50": 21.1029833333, "51": 21.1045833333, "52": 21.10595, "53": 21.109417, "54": 21.1189333333, "55": 21.124274, "56": 21.130817, "57": 21.1304}, "BusStopCode": {"0": 2643, "1": 1487, "2": 651, "3": 652, "4": 653, "5": 654, "6": 655, "7": 656, "8": 657, "9": 2644, "10": 2645, "11": 2646, "12": 2647, "13": 2648, "14": 2649, "15": 2650, "16": 2651, "17": 2652, "18": 3915, "19": 3916, "20": 3917, "21": 3918, "22": 3919, "23": 3920, "24": 3921, "25": 3922, "26": 3923, "27": 3924, "28": 3925, "29": 3926, "30": 3927, "31": 3928, "32": 3929, "33": 3930, "34": 1969, "35": 2658, "36": 2659, "37": 2660, "38": 2661, "39": 2662, "40": 2663, "41": 3931, "42": 2664, "43": 2665, "44": 2666, "45": 2667, "46": 3932, "47": 2668, "48": 3933, "49": 3934, "50": 1435, "51": 1436, "52": 1437, "53": 1438, "54": 1439, "55": 1440, "56": 1441, "57": 2670}, "FleetOver": {"0": "89", "1": "01,02,21A,27,33,37,57,62,89,91", "2": "01,02,21A,27,33,37,57,62,89", "3": "01,02,21A,27,33,37,57,62,89", "4": "01,02,105,21A,27,33,37,57,62,89", "5": "01,02,105,21A,27,33,37,57,62,89", "6": "01,02,21A,27,33,57,89", "7": "01,02,21A,27,33,57,89", "8": "01,02,21A,27,33,57,89", "9": "19,22C,57,89", "10": "19,22C,57,89", "11": "19,22C,57,89", "12": "57,89", "13": "57,89", "14": "57,89", "15": "57,89", "16": "57,89", "17": "57,89", "18": "89", "19": "89", "20": "89", "21": "89", "22": "89", "23": "89", "24": "89", "25": "89", "26": "89", "27": "89", "28": "89", "29": "89", "30": "89", "31": "89", "32": "89", "33": "87,89", "34": "107,74,88,89", "35": "89", "36": "89", "37": "89", "38": "89", "39": "89", "40": "89", "41": "89", "42": "89", "43": "89", "44": "89", "45": "89", "46": "89", "47": "89", "48": "89", "49": "89", "50": "20B,89,92", "51": "20B,89,92", "52": "20B,89,92", "53": "20B,89,92", "54": "20B,89,92", "55": "20B,89,92", "56": "20B,89,92", "57": "89"}, "Lng": {"0": 105.747683333, "1": 105.750547, "2": 105.759623, "3": 105.76245, "4": 105.76546, "5": 105.76803333299999, "6": 105.7714, "7": 105.775677, "8": 105.77783333299999, "9": 105.7783, "10": 105.7725, "11": 105.770833333, "12": 105.768166667, "13": 105.766416667, "14": 105.764, "15": 105.76206666700001, "16": 105.75908333299999, "17": 105.75311666700001, "18": 105.751016667, "19": 105.74446666700001, "20": 105.740283333, "21": 105.73451666700001, "22": 105.72645, "23": 105.722316667, "24": 105.71115, "25": 105.699216667, "26": 105.68935, "27": 105.68435, "28": 105.6743, "29": 105.66611666700001, "30": 105.65658333299999, "31": 105.649183333, "32": 105.643283333, "33": 105.64116666700001, "34": 105.63566666700001, "35": 105.629516667, "36": 105.626066667, "37": 105.61976666700001, "38": 105.6089, "39": 105.60451666700001, "40": 105.59671666700001, "41": 105.58805, "42": 105.581916667, "43": 105.578966667, "44": 105.5754, "45": 105.578566667, "46": 105.5735, "47": 105.566916667, "48": 105.56185, "49": 105.555066667, "50": 105.551066667, "51": 105.54445, "52": 105.54073333299999, "53": 105.534667, "54": 105.525516667, "55": 105.51988600000001, "56": 105.51295, "57": 105.509116667}, "Name": {"0": "(A) BX Y\u00ean Ngh\u0129a - Tuy\u1ebfn 89", "1": "Tr\u01b0\u1eddng trung c\u1ea5p Kinh t\u1ebf - T\u00e0i ch\u00ednh H\u00e0 N\u1ed9i", "2": "807 Quang Trung - H\u00e0 \u0110\u00f4ng", "3": "707-709 Quang Trung, H\u00e0 \u0110\u00f4ng (c\u1ed9t m\u1ed1c H3/15)", "4": "Qua ng\u00e3 t\u01b0 Quang Trung, L\u00ea Tr\u1ecdng T\u1ea5n - 521 Quang Trung (H\u00e0 \u0110\u00f4ng)", "5": "\u0110\u1ed1i di\u1ec7n \u0111\u01b0\u1eddng v\u00e0o ch\u1ee3 La Kh\u00ea (Qua Ga metro La Kh\u00ea) - 405 Quang Trung (H\u00e0 \u0110\u00f4ng)", "6": "267 Quang Trung - H\u00e0 \u0110\u00f4ng", "7": "85 Quang Trung (H\u00e0 \u0110\u00f4ng) - \u0110\u00ecnh C\u1ea7u \u0110\u01a1", "8": "15 Quang Trung - H\u00e0 \u0110\u00f4ng", "9": "S\u1ed1 2 Chu V\u0103n An - H\u00e0 \u0110\u00f4ng", "10": "Ch\u00f9a V\u1ea1n Ph\u00fac - H\u00e0 \u0110\u00f4ng", "11": "S\u1ed1 170 - 172 V\u1ea1n Ph\u00fac - H\u00e0 \u0110\u00f4ng", "12": "Ng\u00e3 3 Ng\u1ecdc Tr\u1ee5c - \u0110\u1ea1i M\u1ed7", "13": "\u0110\u1ed1i di\u1ec7n 167 Ng\u1ecdc \u0110\u1ea1i - Tr\u01b0\u1eddng THCS \u0110\u1ea1i M\u1ed7", "14": "S\u1ed1 40 - 42 Li\u00ean C\u01a1 - \u0110\u1ea1i M\u1ed7", "15": "S\u1ed1 178 \u0110\u1ea1i M\u1ed7 - Khu bi\u1ec7t th\u1ef1 Viglacera \u0110\u1ea1i M\u1ed7", "16": "S\u1ed1 270 \u0110\u1ea1i M\u1ed7", "17": "S\u1ed1 522 \u0110\u1ea1i M\u1ed7", "18": "\u0110\u1ed1i di\u1ec7n Cty TNHH Th\u01b0\u01a1ng M\u1ea1i Vi\u1ec7t Trung - \u0110\u1ea1i M\u1ed7", "19": "Tr\u01b0\u1edbc 346-350 \u0111\u01b0\u1eddng 72 - Ph\u01b0\u1eddng T\u00e2y M\u1ed7", "20": "S\u1ed1 8 \u0111\u01b0\u1eddng 72 - La D\u01b0\u01a1ng, D\u01b0\u01a1ng N\u1ed9i", "21": "Qua \u0111\u1ed1i di\u1ec7n Qu\u1ef9 t\u00edn d\u1ee5ng nh\u00e2n d\u00e2n D\u01b0\u01a1ng N\u1ed9i 80m- \u0111\u01b0\u1eddng 72", "22": "C\u1ed9t m\u1ed1c H9/2 Ng\u00e3i C\u1ea7u - An Kh\u00e1nh", "23": "Qua \u0111\u1ed1i di\u1ec7n Trung t\u00e2m Gi\u00e1o d\u1ee5c ngh\u1ec1 nghi\u1ec7p - GDTX Ho\u00e0i \u0110\u1ee9c 70m", "24": "Tr\u01b0\u1edbc V\u00e0ng B\u1ea1c Th\u1ebf Anh - Ng\u00e3i C\u1ea7u, Ho\u00e0i \u0110\u1ee9c", "25": "Qua \u0111\u1ed1i di\u1ec7n Cty XKN & Th\u01b0\u01a1ng M\u1ea1i Ph\u00fac T\u00e2m 150m x\u00e3 An Th\u01b0\u1ee3ng", "26": "Tr\u01b0\u1edbc v\u1eadt t\u01b0 \u0111i\u1ec7n l\u1ea1nh \u0110\u1ea1i L\u1ed9c 50m (\u0111\u01b0\u1eddng 72 x\u00e3 V\u00e2n C\u00f4n)", "27": "Tr\u01b0\u1edbc C\u1ed5ng l\u00e0ng v\u0103n h\u00f3a th\u00f4n Ph\u01b0\u01a1ng Quan 100m", "28": "Tr\u01b0\u1edbc c\u1eeda h\u00e0ng v\u1eadt li\u1ec7u x\u00e2y d\u1ef1ng Kh\u1eafc H\u1ea3o 50m (\u0111\u01b0\u1eddng 72 x\u00e3 C\u1ed9ng H\u00f2a)", "29": "\u0110\u1ed1i di\u1ec7n Cty CP d\u1ecbch v\u1ee5 v\u1eadn t\u1ea3i & du l\u1ecbch H\u1ea3i Thi\u00ean (\u0110\u1ed3ng L\u01b0 - \u0110\u1ed3ng Quang)", "30": "\u0110\u1ed1i di\u1ec7n tr\u01b0\u1eddng THCS \u0110\u1ed3ng Quang (tr\u00ean \u0111\u00ea)", "31": "\u0110\u1ed1i di\u1ec7n C\u1ed5ng l\u00e0ng Y\u00ean N\u1ed9i - \u0110\u1ed3ng Quang", "32": "Tr\u01b0\u1edbc tr\u01b0\u1eddng THPT Qu\u1ed1c Oai 50m", "33": "Tr\u01b0\u1edbc l\u1ed1i r\u1ebd v\u00e0o l\u00e0ng Du Ngh\u1ec7 x\u00e3 Ki\u1ec1u Ph\u00fa 100m", "34": "KCN Th\u1ea1ch Th\u1ea5t - \u0110\u1ea1i l\u1ed9 Th\u0103ng Long", "35": "Ng\u00e3 3 t\u1ec9nh l\u1ed9 419 - \u0110L Th\u0103ng Long - KCN Th\u1ea1ch Th\u1ea5t", "36": "C\u00f4ng ty \u0111i\u1ec7n t\u1eed Meiko - KCN Th\u1ea1ch Th\u1ea5t - T\u1ec9nh l\u1ed9 419", "37": "L\u00e0ng B\u00f9ng, Ph\u00f9ng X\u00e1 (Chi\u1ec1u \u0111i S\u01a1n T\u00e2y)", "38": "UBND x\u00e3 B\u00ecnh Ph\u00fa", "39": "KCN B\u00ecnh Ph\u00fa", "40": "L\u1ed1i r\u1ebd v\u00e0o Ch\u00e0ng S\u01a1n", "41": "Khu c\u00f4ng nghi\u1ec7p Ch\u00e0ng S\u01a1n - Tr\u01b0\u1edbc \u0111\u1ed1i di\u1ec7n c\u00e2y x\u0103ng Kim Quan 50m", "42": "S\u1ed1 97 \u0110\u1ed3ng Cam", "43": "UBND huy\u1ec7n Th\u1ea1ch Th\u1ea5t (Chi\u1ec1u \u0111i S\u01a1n T\u00e2y)", "44": "Ng\u00e3 3 th\u1ecb tr\u1ea5n Li\u00ean Quan",