{"Lat": {"0": 21.0399666667, "1": 21.0413333333, "2": 21.0423833333, "3": 21.045683333299998, "4": 21.047071, "5": 21.048514, "6": 21.05225, "7": 21.056712, "8": 21.06125, "9": 21.0645166667, "10": 21.0684166667, "11": 21.074547, "12": 21.079559, "13": 21.083911999999998, "14": 21.08815, "15": 21.0927166667, "16": 21.0956333333, "17": 21.098851999999997, "18": 21.104867000000002, "19": 21.110217000000002, "20": 21.113367, "21": 21.116183, "22": 21.119467, "23": 21.1223666667, "24": 21.1247333333}, "BusStopCode": {"0": 1714, "1": 866, "2": 555, "3": 556, "4": 557, "5": 3416, "6": 559, "7": 420, "8": 421, "9": 422, "10": 423, "11": 424, "12": 196, "13": 197, "14": 198, "15": 199, "16": 200, "17": 1308, "18": 1307, "19": 1293, "20": 1306, "21": 1291, "22": 1286, "23": 1279, "24": 1796}, "FleetOver": {"0": "10A", "1": "100,10A,10B,17,50,98", "2": "03,100,10A,17,34,43,48,54,65", "3": "01,03,100,10A,10B,17,22A,34,42,43,48,54,65", "4": "10A,10B,17,42,43,48,54,65", "5": "10A,10B,17,42,43,48,54,65", "6": "10A,10B,11,15,17,42,43,48,54,65", "7": "10A,10B,15,17,42,43,54", "8": "10A,10B,15,17,42,43,54", "9": "10A,10B,15,17,43,54,98", "10": "10A,10B,15,17,43,54,98", "11": "10A,10B,15,17,43,54,59", "12": "10A,10B,15,17,43,54,59", "13": "10A,10B,54", "14": "10A,10B,54", "15": "10A,10B,54", "16": "10A,10B,54", "17": "10A,54", "18": "10A,54", "19": "10A,54", "20": "10A,54", "21": "10A,54", "22": "10A,54", "23": "10A,54", "24": "10A"}, "Lng": {"0": 105.85095, "1": 105.84935, "2": 105.87076666700001, "3": 105.875983333, "4": 105.87885, "5": 105.88176499999999, "6": 105.88600000000001, "7": 105.889698, "8": 105.89406699999999, "9": 105.89725, "10": 105.900983333, "11": 105.90704099999999, "12": 105.91156200000002, "13": 105.91589099999999, "14": 105.920133333, "15": 105.92456666700001, "16": 105.9275, "17": 105.930973, "18": 105.9382, "19": 105.94585, "20": 105.95153300000001, "21": 105.95656699999999, "22": 105.962483, "23": 105.96755, "24": 105.97168333299999}, "Name": {"0": "(A) Long Bi\u00ean - Tuy\u1ebfn 10A", "1": "E3.3 \u0110i\u1ec3m trung chuy\u1ec3n Long Bi\u00ean", "2": "T\u1ed5ng c\u1ee5c H\u1ea3i Quan - 162 Nguy\u1ec5n V\u0103n C\u1eeb (c\u1ed9t sau)", "3": "358 - 360 Nguy\u1ec5n V\u0103n C\u1eeb", "4": "436 - 438 Nguy\u1ec5n V\u0103n C\u1eeb", "5": "S\u1ed1 548 Nguy\u1ec5n V\u0103n C\u1eeb", "6": "Ph\u00f2ng C\u00f4ng Ch\u1ee9ng s\u1ed1 2 TPHN - 654 Nguy\u1ec5n V\u0103n C\u1eeb", "7": "18-20 Ng\u00f4 Gia T\u1ef1", "8": "170 - 172 Ng\u00f4 Gia T\u1ef1", "9": "318 Ng\u00f4 Gia T\u1ef1", "10": "368 Ng\u00f4 Gia T\u1ef1 - Ng\u00e3 3 \u0111\u01b0\u1eddng v\u00e0o c\u00f4ng An qu\u1eadn Long Bi\u00ean", "11": "608 - 610 Ng\u00f4 Gia T\u1ef1 - g\u1ea7n \u0111\u01b0\u1eddng l\u00ean C\u1ea7u \u0110u\u1ed1ng", "12": "C\u1ea1nh \u0111\u01b0\u1eddng v\u00e0o Ph\u00f9 \u0110\u1ed5ng - 44 H\u00e0 Huy T\u1eadp", "13": "270-272 H\u00e0 Huy T\u1eadp", "14": "C\u00f4ng ty Gi\u1ea7y Y\u00ean Vi\u00ean - 488 H\u00e0 Huy T\u1eadp", "15": "664 H\u00e0 Huy T\u1eadp", "16": "\u0110\u1ed1i di\u1ec7n 38 D\u1ed1c L\u00e3 - H\u00e0 Huy T\u1eadp", "17": "H\u00e8 tr\u01b0\u1edbc ch\u1ee3 Tr\u00f9ng Qu\u00e1n - QL1 (chi\u1ec1u H\u00e0 N\u1ed9i - B\u0103c Ninh)", "18": "\u0110\u01b0\u1eddng v\u00e0o Tr\u01b0\u1eddng C\u0110 Thu\u1ef7 s\u1ea3n - B\u1eafc Ninh - Qu\u1ed1c L\u1ed9 1", "19": "\u0110\u1ed1i di\u1ec7n Ph\u00f2ng Kh\u00e1m \u0110a khoa T\u00e2n \u0110\u1ee9c - \u0110\u01b0\u1eddng Tr\u1ea7n Ph\u00fa - \u0110\u00ecnh B\u1ea3ng - T\u1eeb S\u01a1n", "20": "S\u1ed1 265 Ph\u1ed1 M\u1edbi - \u0110\u00ecnh B\u1ea3ng - T\u1eeb S\u01a1n", "21": "B\u01b0u \u0111i\u1ec7n m\u1edbi T\u1eeb S\u01a1n - \u0110\u01b0\u1eddng v\u00e0o \u0110\u1ec1n \u0110\u00f4", "22": "57 Tr\u1ea7n Ph\u00fa - T\u1eeb S\u01a1n - Qu\u1ed1c L\u1ed9 1", "23": "185 Minh Khai - T\u1eeb S\u01a1n - Qu\u1ed1c L\u1ed9 1", "24": "(B) T\u1eeb S\u01a1n - Tuy\u1ebfn 10A"}}