{"Lat": {"0": 20.734717, "1": 20.7358833333, "2": 20.7405166667, "3": 20.746983333299998, "4": 20.7575166667, "5": 20.7610333333, "6": 20.7662666667, "7": 20.76965, "8": 20.7757, "9": 20.7769833333, "10": 20.7771166667, "11": 20.788083333299998, "12": 20.7921166667, "13": 20.8029, "14": 20.8067833333, "15": 20.8098333333, "16": 20.8135666667, "17": 20.8204166667, "18": 20.8279333333, "19": 20.8343833333, "20": 20.8401, "21": 20.8417, "22": 20.85675, "23": 20.86075, "24": 20.86305, "25": 20.8696833333, "26": 20.87435, "27": 20.8819833333, "28": 20.8884166667, "29": 20.890933333299998, "30": 20.8957, "31": 20.903133333299998, "32": 20.91205, "33": 20.9167833333, "34": 20.9188166667, "35": 20.9236, "36": 20.9257833333, "37": 20.92975, "38": 20.932063, "39": 20.9345666667, "40": 20.9382833333, "41": 20.9420333333, "42": 20.9448333333, "43": 20.9472833333, "44": 20.95}, "BusStopCode": {"0": 3648, "1": 3649, "2": 3650, "3": 3651, "4": 3652, "5": 3653, "6": 3654, "7": 3655, "8": 3656, "9": 3657, "10": 3658, "11": 3659, "12": 3660, "13": 3661, "14": 3662, "15": 3663, "16": 3664, "17": 3665, "18": 3666, "19": 3667, "20": 3668, "21": 3669, "22": 3670, "23": 3671, "24": 3672, "25": 3673, "26": 3674, "27": 3675, "28": 3676, "29": 3677, "30": 3678, "31": 3679, "32": 3680, "33": 3681, "34": 3682, "35": 3683, "36": 1480, "37": 1481, "38": 3684, "39": 1482, "40": 1483, "41": 1484, "42": 1485, "43": 1486, "44": 3612}, "FleetOver": {"0": "102", "1": "102,103", "2": "102,103", "3": "102,103", "4": "102,103", "5": "102,103", "6": "102", "7": "102", "8": "102", "9": "102", "10": "102", "11": "102", "12": "102", "13": "102", "14": "102", "15": "102", "16": "102", "17": "102", "18": "102", "19": "102", "20": "102", "21": "102", "22": "102", "23": "102", "24": "102", "25": "102", "26": "102", "27": "102", "28": "102", "29": "102", "30": "102", "31": "102", "32": "102", "33": "102", "34": "102", "35": "102", "36": "102,37,57,72", "37": "102,37,57,72", "38": "102,37,57,72", "39": "102,37,57,72", "40": "102,37,57,72", "41": "102,37,57,72", "42": "102,37,57,72", "43": "102,37,57,72", "44": "102"}, "Lng": {"0": 105.769474, "1": 105.770766667, "2": 105.77021666700001, "3": 105.76831666700001, "4": 105.7665, "5": 105.7668, "6": 105.76681666700001, "7": 105.76465, "8": 105.74995, "9": 105.7446, "10": 105.73071666700001, "11": 105.7178, "12": 105.71498333299999, "13": 105.71, "14": 105.709216667, "15": 105.704483333, "16": 105.7049, "17": 105.7046, "18": 105.70315, "19": 105.704066667, "20": 105.70153333299999, "21": 105.70558333299999, "22": 105.70200000000001, "23": 105.700916667, "24": 105.70026666700001, "25": 105.70126666700001, "26": 105.7018, "27": 105.7003, "28": 105.69985, "29": 105.69898333299999, "30": 105.69805, "31": 105.698, "32": 105.69996666700001, "33": 105.7018, "34": 105.70095, "35": 105.70331666700001, "36": 105.7101, "37": 105.71583333299999, "38": 105.719325, "39": 105.72293333299999, "40": 105.7304, "41": 105.737766667, "42": 105.742016667, "43": 105.74533333299999, "44": 105.747666667}, "Name": {"0": "(B) Th\u1ecb tr\u1ea5n V\u00e2n \u0110\u00ecnh - Tuy\u1ebfn 102", "1": "S\u1ed1 202 L\u00ea L\u1ee3i th\u1ecb tr\u1ea5n V\u00e2n \u0110\u00ecnh", "2": "G\u1ea7n c\u1ed5ng l\u00e0ng L\u01b0\u01a1ng X\u00e1 - S\u1ed1 2 L\u00ea L\u1ee3i, Qu\u1ed1c l\u1ed9 21B", "3": "\u0110\u01b0\u1eddng v\u00e0o UBND x\u00e3 Li\u00ean B\u1ea1t, \u1ee8ng H\u00f2a - Qu\u1ed1c l\u1ed9 21B", "4": "C\u1ed5ng l\u00e0ng x\u00f3m Ch\u00f9a, th\u00f4n B\u1eb7t Ch\u00f9a, x\u00e3 Li\u00ean B\u1ea1t - Qu\u1ed1c l\u1ed9 21B", "5": "\u0110\u00ecnh l\u00e0ng B\u1eb7t Ng\u00f5, x\u00e3 Li\u00ean B\u1ea1t - Qu\u1ed1c l\u1ed9 21B", "6": "\u0110\u1ed1i di\u1ec7n UBND x\u00e3 Tr\u01b0\u1eddng Th\u1ecbnh - TL429B", "7": "\u0110\u1ed1i di\u1ec7n Gi\u1ebfng l\u00e0ng th\u00f4n Thanh Sam, x\u00e3 Tr\u01b0\u1eddng Th\u1ecbnh - T\u1ec9nh l\u1ed9 429B", "8": "Tr\u01b0\u1eddng THPT Tr\u1ea7n \u0110\u0103ng Ninh, x\u00e3 Hoa S\u01a1n - T\u1ec9nh l\u1ed9 429B", "9": "Nh\u00e0 th\u1edd Gi\u00e1o x\u1ee9 S\u01a1n Mi\u00eang, x\u00e3 Mi\u00eang Th\u01b0\u1ee3ng - T\u1ec9nh l\u1ed9 429B", "10": "Nh\u00e0 Th\u1edd x\u00f3m C\u00e1t, x\u00e3 Cao Th\u00e0nh - T\u1ec9nh l\u1ed9 429B", "11": "C\u1ed5ng l\u00e0ng th\u00f4n Giang, x\u00e3 Vi\u00ean N\u1ed9i - T\u1ec9nh l\u1ed9 429B", "12": "C\u1ed5ng l\u00e0ng th\u00f4n Th\u01b0\u1ee3ng, x\u00e3 Vi\u00ean N\u1ed9i (Tr\u01b0\u1eddng Ti\u1ec3u h\u1ecdc Vi\u00ean N\u1ed9i) - T\u1ec9nh l\u1ed9 429B", "13": "C\u1ed5ng l\u00e0ng th\u00f4n Ph\u00f9 Y\u00ean, x\u00e3 Vi\u00ean An - T\u1ec9nh l\u1ed9 429B", "14": "Ch\u1ee3 Ba Th\u00e1 (C\u00e1ch c\u1ea7u Ba Th\u00e1 100m) - T\u1ec9nh l\u1ed9 429", "15": "Tr\u1ea1m Y t\u1ebf x\u00e3 Ph\u00fac L\u00e2m, M\u1ef9 \u0110\u1ee9c - \u0110\u01b0\u1eddng Ph\u00fac L\u00e2m H\u1ea1 D\u1ee5c", "16": "Qua C\u1ed5ng l\u00e0ng Ph\u00fac L\u00e2m 50m (Tr\u01b0\u1eddng Ti\u1ec3u h\u1ecdc Ph\u00fac L\u00e2m) - \u0110\u01b0\u1eddng Ph\u00fac L\u00e2m H\u1ea1 D\u1ee5c", "17": "Tr\u01b0\u1edbc ng\u00e3 4 \u0111\u01b0\u1eddng v\u00e0o l\u00e0ng Ph\u00fac L\u00e2m 70m - \u0110\u01b0\u1eddng Ph\u00fac L\u00e2m H\u1ea1 D\u1ee5c", "18": "\u0110\u01b0\u1eddng v\u00e0o th\u00f4n Kh\u1ea3m L\u00e2m, x\u00e3 Ph\u00fac L\u00e2m - \u0110\u01b0\u1eddng Ph\u00fac L\u00e2m H\u1ea1 D\u1ee5c", "19": "\u0110\u01b0\u1eddng v\u00e0o th\u00f4n Y\u00ean C\u1ed1c, x\u00e3 H\u1ed3ng Phong - \u0110\u01b0\u1eddng Ph\u00fac L\u00e2m H\u1ea1 D\u1ee5c", "20": "\u0110\u00ecnh H\u1ea1 l\u00e0ng L\u1ec5 Kh\u00ea, x\u00e3 H\u1ed3ng Phong - \u0110\u01b0\u1eddng Ph\u00fac L\u00e2m H\u1ea1 D\u1ee5c", "21": "Ph\u1ed1 C\u1ea7u, l\u00e0ng H\u1ea1 D\u1ee5c - X\u00e3 \u0110\u1ed3ng Ph\u00fa - T\u1ec9nh l\u1ed9 419", "22": "Ng\u00e3 3 \u0111\u01b0\u1eddng v\u00e0o th\u00f4n \u0110\u1ed3ng Lu\u00e2n, x\u00e3 Qu\u1ea3ng B\u1ecb - T\u1ec9nh l\u1ed9 419", "23": "C\u1eeda h\u00e0ng V\u00e0ng b\u1ea1c Nguy\u1ec5n Ph\u00fa, ch\u1ee3 Qu\u1ea3ng B\u1ecb, th\u00f4n Hai - T\u1ec9nh l\u1ed9 419", "24": "\u0110\u1ed1i di\u1ec7n Ngh\u0129a trang li\u1ec7t s\u1ef9 Qu\u1ea3ng B\u1ecb - T\u1ec9nh l\u1ed9 419", "25": "Nh\u00e0 v\u0103n h\u00f3a, \u0110\u00ecnh x\u00f3m \u0110\u1ea1o Ng\u1ea1n, x\u00e3 H\u1ee3p \u0110\u1ed3ng - T\u1ec9nh l\u1ed9 419", "26": "C\u1ed5ng l\u00e0ng Ng\u00f5 Tr\u00ean, x\u00f3m Th\u01b0\u1ee3ng, th\u00f4n \u0110\u1ea1o Ng\u1ea1n, x\u00e3 Qu\u1ea3ng B\u1ecb - T\u1ec9nh l\u1ed9 419", "27": "Nh\u00e0 v\u0103n h\u00f3a th\u00f4n \u0110\u1ed3ng Du, x\u00e3 H\u1ee3p \u0110\u1ed3ng, Ch\u01b0\u01a1ng M\u1ef9 - T\u1ec9nh l\u1ed9 419", "28": "\u0110\u1ed1i di\u1ec7n Tr\u01b0\u1eddng THPT \u0110\u1eb7ng Ti\u1ebfn \u0110\u00f4ng, th\u00f4n \u0110o\u00e0n K\u1ebft, x\u00e3 \u0110\u1ea1i Y\u00ean - T\u1ec9nh l\u1ed9 419", "29": "\u0110\u1ed1i di\u1ec7n Tr\u01b0\u1eddng M\u1ea7m non \u0110\u1ea1i Y\u00ean, x\u00f3m D\u1eaby - T\u1ec9nh l\u1ed9 419", "30": "C\u1ed5ng ng\u00f5 Tr\u00ean, x\u00f3m D\u1eaby, x\u00e3 \u0110\u1ea1i Y\u00ean - T\u1ec9nh l\u1ed9 419", "31": "Nh\u00e0 v\u0103n h\u00f3a x\u00e3 \u0110\u1ea1i Y\u00ean (\u0110\u1ed1i di\u1ec7n Tr\u01b0\u1eddng THCS \u0110\u1ea1i Y\u00ean) - T\u1ec9nh l\u1ed9 419", "32": "Tr\u01b0\u1eddng PTTH Ch\u01b0\u01a1ng M\u1ef9 A, Th\u1ecb tr\u1ea5n Ch\u00fac S\u01a1n - T\u1ec9nh l\u1ed9 419", "33": "\u0110\u00e0i t\u01b0\u1edfng ni\u1ec7m li\u1ec7t s\u1ef9 huy\u1ec7n Ch\u01b0\u01a1ng M\u1ef9, Th\u1ecb tr\u1ea5n Ch\u00fac S\u01a1n - T\u1ec9nh l\u1ed9 419", "34": "\u0110\u1ed1i di\u1ec7n Tr\u01b0\u1eddng Ti\u1ec3u h\u1ecdc Th\u1ecb tr\u1ea5n Ch\u00fac S\u01a1n - T\u1ec9nh l\u1ed9 419", "35": "Nh\u00e0 V\u0103n h\u00f3a Th\u1ecb tr\u1ea5n Ch\u00fac S\u01a1n - T\u1ec9nh l\u1ed9 419", "36": "S\u1ed1 nh\u00e0 80 khu B\u1eafc, Th\u1ecb tr\u1ea5n Ch\u00fac S\u01a1n - Qu\u1ed1c l\u1ed9 6", "37": "\u0110\u01b0\u1eddng v\u00e0o ng\u00f5 253 Bi\u00ean Giang (Tr\u01b0\u1eddng THCS Bi\u00ean Giang) - Qu\u1ed1c l\u1ed9 6",