{"Lat": {"0": 21.32495, "1": 21.3198333333, "2": 21.3139, "3": 21.307983333299997, "4": 21.3013333333, "5": 21.2941666667, "6": 21.2891, "7": 21.28245, "8": 21.2784, "9": 21.2686666667, "10": 21.2603, "11": 21.2565166667, "12": 21.24995, "13": 21.2452, "14": 21.2376666667, "15": 21.2320333333, "16": 21.2217833333, "17": 21.209633333299998, "18": 21.20045, "19": 21.1942, "20": 21.18645, "21": 21.1769666667, "22": 21.17125, "23": 21.162983333299998, "24": 21.154666666700003, "25": 21.14865, "26": 21.1399833333, "27": 21.1338333333, "28": 21.1277666667, "29": 21.121033333299998, "30": 21.10875, "31": 21.1040166667, "32": 21.1028, "33": 21.1026666667, "34": 21.1000166667, "35": 21.0929666667, "36": 21.087433333299998, "37": 21.0796666667, "38": 21.07455, "39": 21.068267000000002, "40": 21.06493, "41": 21.061295, "42": 21.057883, "43": 21.052338, "44": 21.049533, "45": 21.047883}, "BusStopCode": {"0": 1785, "1": 1378, "2": 1379, "3": 1380, "4": 1381, "5": 1382, "6": 1383, "7": 1384, "8": 1370, "9": 1386, "10": 1387, "11": 1388, "12": 1389, "13": 1390, "14": 1391, "15": 1392, "16": 1393, "17": 1394, "18": 1395, "19": 1396, "20": 1397, "21": 1398, "22": 4067, "23": 1400, "24": 1401, "25": 1402, "26": 1403, "27": 1350, "28": 1404, "29": 1405, "30": 1406, "31": 1407, "32": 1408, "33": 1409, "34": 1410, "35": 1411, "36": 1412, "37": 1413, "38": 415, "39": 416, "40": 417, "41": 418, "42": 419, "43": 549, "44": 551, "45": 1671}, "FleetOver": {"0": "15", "1": "15,64", "2": "15,64", "3": "15", "4": "15", "5": "15", "6": "15", "7": "15", "8": "15", "9": "15", "10": "15,56B", "11": "15", "12": "15", "13": "15", "14": "15", "15": "15", "16": "15", "17": "15", "18": "15", "19": "15,17", "20": "15,17", "21": "15,17,96", "22": "15,17,96", "23": "15,17", "24": "15,17", "25": "15,17", "26": "15,17,43,59", "27": "15,17,43,59", "28": "15,17,43,59", "29": "15,17,43,46,59", "30": "15,17,43,46,59", "31": "15,17,43,46,59", "32": "15,17,43,46,59", "33": "15,17,43,46,59,65", "34": "15,17,43,59", "35": "15,17,43,59", "36": "15,17,43,59", "37": "15,17,43,59", "38": "10A,10B,15,17,43,54,59", "39": "10A,10B,15,17,43,54,98", "40": "10A,10B,15,17,43,54,98", "41": "10A,10B,15,17,42,43,54", "42": "10A,10B,15,17,42,43,54", "43": "10A,10B,11,15,17,42,43,48,54,65", "44": "03,10A,11,15,17,34,48,65", "45": "15"}, "Lng": {"0": 105.87299999999999, "1": 105.86945, "2": 105.86781666700001, "3": 105.8662, "4": 105.86505, "5": 105.862816667, "6": 105.8612, "7": 105.85921699999999, "8": 105.85799999999999, "9": 105.85443333299999, "10": 105.84945, "11": 105.847866667, "12": 105.848333333, "13": 105.84883333299999, "14": 105.849183333, "15": 105.849116667, "16": 105.84891666700001, "17": 105.8489, "18": 105.848766667, "19": 105.8481, "20": 105.847766667, "21": 105.846933333, "22": 105.84671666700001, "23": 105.846483333, "24": 105.84636666700001, "25": 105.84575, "26": 105.84458333299999, "27": 105.8436, "28": 105.843583333, "29": 105.84496666700001, "30": 105.85008333299999, "31": 105.85751666700001, "32": 105.867116667, "33": 105.871866667, "34": 105.88623333299999, "35": 105.894133333, "36": 105.90326666700001, "37": 105.90721666700001, "38": 105.906683, "39": 105.90045, "40": 105.897347, "41": 105.893869, "42": 105.89042099999999, "43": 105.885754, "44": 105.88321699999999, "45": 105.878583}, "Name": {"0": "(B) Ph\u1ed1 N\u1ec9 - Tuy\u1ebfn 15", "1": "Qua \u0111\u01b0\u1eddng v\u00e0o Nh\u00e0 v\u0103n h\u00f3a th\u00f4n B\u00ecnh An, Trung Gi\u00e3 - Km31+950 Qu\u1ed1c l\u1ed9 3", "2": "UBND x\u00e3 Trung Gi\u00e3 - Km 31+300 Qu\u1ed1c l\u1ed9 3", "3": "Cty x\u00e2y d\u1ef1ng 53, D\u1ed1c 177 Trung Gi\u00e3 - Km 30+730 Qu\u1ed1c l\u1ed9 3", "4": "Xu\u00e2n S\u01a1n - Km 29+830 Qu\u1ed1c l\u1ed9 3", "5": "G\u1ea7n tr\u1ea1m thu ph\u00ed S\u00f3c S\u01a1n, H\u1ed3ng K\u1ef3 - Km 29+100 Qu\u1ed1c l\u1ed9 3", "6": "Tr\u01b0\u1edbc h\u00e8 s\u1ed1 nh\u00e0 43 ph\u1ed1 G\u00f2 S\u1ecfi - Th\u00f4n 9 - x\u00e3 H\u1ed3ng K\u1ef3 - huy\u1ec7n S\u00f3c S\u01a1n", "7": "\u0110\u1ed1i di\u1ec7n Cty CP c\u01a1 kh\u00ed & x\u00e2y d\u1ef1ng Th\u1ee7y l\u1ee3i 5 T\u00e2n Minh - Km 28+050 Qu\u1ed1c l\u1ed9 3", "8": "\u1ea4p Vu\u00f4ng - T\u00e2n Minh (Km 27+150 Qu\u1ed1c l\u1ed9 3) C\u1ed9t \u0111i\u1ec7n B\u0110 20", "9": "Ph\u1ed1 M\u00e3 - Ph\u00f9 Linh (Km 26+180) C\u1ed9t \u0111i\u1ec7n B\u0110 39", "10": "Cty \u0110\u1ea7u t\u01b0 & Th\u01b0\u01a1ng m\u1ea1i kho\u00e1ng s\u1ea3n S\u00f3c S\u01a1n - Km 25+250 Qu\u1ed1c l\u1ed9 3", "11": "C\u00f4ng an S\u00f3c S\u01a1n, ng\u00e3 4 \u0110a Ph\u00fac - Km 24+650 Qu\u1ed1c l\u1ed9 3", "12": "\u0110\u1ed1i di\u1ec7n B\u1ec7nh vi\u1ec7n \u0111a khoa S\u00f3c S\u01a1n - Km 23+950 Qu\u1ed1c l\u1ed9 3", "13": "\u0110\u1ed1i di\u1ec7n Trung t\u00e2m GDTX S\u00f3c S\u01a1n, Ti\u00ean D\u01b0\u1ee3c - Km 23+420 Qu\u1ed1c l\u1ed9 3", "14": "C\u1ea1nh \u0111\u01b0\u1eddng v\u00e0o th\u00f4n \u0110\u00f4ng L\u1ea1c, Ti\u00ean D\u01b0\u1ee3c - Km 22+560 Qu\u1ed1c l\u1ed9 3", "15": "\u0110\u1ed1i di\u1ec7n Th\u00f4n D\u01b0\u1ee3c H\u1ea1, Ti\u00ean D\u01b0\u1ee3c - Km 21+920 Qu\u1ed1c l\u1ed9 3", "16": "\u0110\u1ed1i di\u1ec7n \u0111\u01b0\u1eddng v\u00e0o Tr\u01b0\u1eddng TH L\u01b0\u01a1ng th\u1ef1c TP& V\u1eadt t\u01b0 N\u00f4ng nghi\u1ec7p (N\u1ed9i Ph\u1eadt) - Km 21+00 Qu\u1ed1c l\u1ed9 3", "17": "C\u00f4ng ty CTGT 228 - Km 19+500 Qu\u1ed1c l\u1ed9 3", "18": "Ch\u1ee3 Ph\u1ee7 L\u1ed7, Ch\u00f9a Thi\u00ean Tu\u1ebf - Km 18+600 Qu\u1ed1c l\u1ed9 3", "19": "Tr\u01b0\u1eddng THPT Lam H\u1ed3ng - Km 17+750 Qu\u1ed1c l\u1ed9 3", "20": "Qua c\u1ea7u Ph\u1ee7 L\u1ed7 - Km 16+890 Qu\u1ed1c l\u1ed9 3", "21": "\u0110\u1ed1i di\u1ec7n \u0110\u01b0\u1eddng v\u00e0o Tr\u1ea1i g\u00e0 Nguy\u00ean Kh\u00ea - Km 15+750 Qu\u1ed1c l\u1ed9 3", "22": "Tr\u01b0\u1edbc s\u1ed1 nh\u00e0 25 Ph\u1ed1 Nguy\u00ean Kh\u00ea - X\u00e3 Nguy\u00ean Kh\u00ea", "23": "\u0110\u1ed1i di\u1ec7n qua \u0111\u01b0\u1eddng v\u00e0o C\u00f4ng ty CP ch\u1ebf t\u1ea1o thi\u1ebft b\u1ecb \u0111i\u1ec7n 45m - Km 14+300 Qu\u1ed1c l\u1ed9 3", "24": "\u0110\u1ed1i di\u1ec7n Nh\u00e0 m\u00e1y k\u1ebft c\u1ea5u Th\u00e9p kim kh\u00ed \u0110\u00f4ng Anh - Km 13+400 Qu\u1ed1c l\u1ed9 3", "25": "\u0110\u1ed1i di\u1ec7n Nh\u00e0 m\u00e1y t\u1ea5m l\u1ee3p \u0110\u00f4ng Anh- Km 12+700 Qu\u1ed1c l\u1ed9 3", "26": "\u0110\u1ed1i di\u1ec7n Kho b\u1ea1c nh\u00e0 n\u01b0\u1edbc huy\u1ec7n \u0110\u00f4ng Anh, th\u1ecb tr\u1ea5n \u0110\u00f4ng Anh - Km 11+840 Qu\u1ed1c l\u1ed9 3", "27": "Tr\u01b0\u1edbc ng\u00e3 3 c\u00f4ng vi\u00ean C\u1ea7u \u0110\u00f4i 70m - Km11 Qu\u1ed1c l\u1ed9 3", "28": "\u0110\u1ed1i di\u1ec7n c\u00f4ng ty Minh C\u01b0\u1eddng - Km 10+960 Qu\u1ed1c l\u1ed9 3", "29": "Qua ng\u00e3 3 V\u0129nh Ng\u1ecdc - Km 9+335 Qu\u1ed1c l\u1ed9 3", "30": "\u0110\u1ed1i di\u1ec7n th\u00f4n V\u1ea1n L\u1ed9c (tr\u01b0\u1edbc ng\u00e3 3 \u0111\u01b0\u1eddng tr\u00e1nh QL5)", "31": "\u0110\u1ed1i di\u1ec7n C\u00f4ng Ty B\u00ea t\u00f4ng Appha - \u0110\u00f4ng H\u1ed9i  - Km 6+650 Qu\u1ed1c l\u1ed9 3", "32": "G\u1ea7n C\u1ed5ng L\u00e0ng Ti\u00ean H\u1ed9i, c\u00e2y \u0111a B\u00e1c H\u1ed3 - Km 5 +700 Qu\u1ed1c l\u1ed9 3", "33": "G\u1ea7n \u0111\u01b0\u1eddng v\u00e0o Khu di t\u00edch C\u1ed5 Loa 150m - Km 5+50 Qu\u1ed1c l\u1ed9 3", "34": "\u0110\u1ed1i di\u1ec7n ng\u00e3 3 D\u1ee5c T\u00fa, th\u00f4n L\u1ed9c H\u00e0 - Qu\u1ed1c l\u1ed9 3", "35": "C\u00f4ng ty \u0111\u00fac Mai L\u00e2m - Qu\u1ed1c l\u1ed9 3", "36": "\u0110\u1ed1i di\u1ec7n ng\u00f5 v\u00e0o Cty CP v\u1eadt t\u01b0 M\u1ecf \u0111\u1ecba ch\u1ea5t - Qu\u1ed1c l\u1ed9 3", "37": "Ng\u00f5 53 Thi\u00ean \u0110\u1ee9c, Y\u00ean Vi\u00ean - Qu\u1ed1c l\u1ed9 3", "38": "1095 Ng\u00f4 Gia T\u1ef1", "39": "713 Ng\u00f4 Gia T\u1ef1", "40": "505 Ng\u00f4 Gia T\u1ef1", "41": "279 Ng\u00f4 Gia T\u1ef1", "42": "B\u01b0u c\u1ee5c Long Bi\u00ean - 79 Ng\u00f4 Gia T\u1ef1", "43": "Si\u00eau th\u1ecb Fivimart - 583 Nguy\u1ec5n V\u0103n C\u1eeb", "44": "549 Nguy\u1ec5n V\u0103n C\u1eeb (c\u1ed9t sau)", "45": "(A) BX Gia L\u00e2m - Tuy\u1ebfn 15"}}