{"Lat": {"0": 21.0353, "1": 21.0286333333, "2": 21.0237833333, "3": 21.020633333299998, "4": 21.017566666700002, "5": 21.0122666667, "6": 21.0078333333, "7": 21.0014166667, "8": 21.004383333299998, "9": 21.0077666667, "10": 21.01125, "11": 21.0134, "12": 21.0184, "13": 21.02145, "14": 21.023866666700002, "15": 21.02715, "16": 21.0289, "17": 21.027683, "18": 21.0242666667, "19": 21.02498, "20": 20.997866666700002, "21": 20.9968166667, "22": 20.9957166667, "23": 20.995279999999998, "24": 20.9957833333, "25": 20.9963333333, "26": 21.00102, "27": 21.00431, "28": 21.010077, "29": 21.014253, "30": 21.017288, "31": 21.0172333333}, "BusStopCode": {"0": 1762, "1": 1547, "2": 1548, "3": 1549, "4": 1550, "5": 1551, "6": 1552, "7": 1174, "8": 1176, "9": 1184, "10": 1185, "11": 1186, "12": 1187, "13": 1188, "14": 2971, "15": 1195, "16": 1196, "17": 2969, "18": 2970, "19": 1816, "20": 400, "21": 401, "22": 402, "23": 403, "24": 404, "25": 37, "26": 38, "27": 39, "28": 627, "29": 628, "30": 768, "31": 1706}, "FleetOver": {"0": "52B", "1": "52B", "2": "52B", "3": "52B", "4": "52A,52B", "5": "52A,52B", "6": "52A,52B", "7": "40,52A,52B", "8": "40,52A,52B", "9": "40,52A,52B", "10": "40,52A,52B", "11": "40,52A,52B", "12": "100,40,52A,52B", "13": "100,11,40,52A,52B", "14": "100,40,52A,52B", "15": "100,11,40,52A,52B", "16": "100,11,40,52A,52B", "17": "100,40,52B,98", "18": "100,40,52B,98", "19": "100,106,40,47B,52B,98", "20": "03B,19,24,52A,52B", "21": "03B,19,24,52A,52B", "22": "03B,19,24,38,52A,52B", "23": "03B,19,24,38,52A,52B", "24": "03B,19,24,38,52A,52B", "25": "18,36,36CT,38,52A,52B", "26": "18,36,36CT,38,52A,52B", "27": "08A,08ACT,08B,08BCT,36,36CT,38,52A,52B", "28": "08A,08ACT,08B,08BCT,31,35A,36,36CT,38,52A,52B", "29": "08A,08ACT,08B,08BCT,31,35A,36,36CT,38,52A,52B", "30": "09,09CT,30,52A,52B", "31": "52B"}, "Lng": {"0": 105.9557, "1": 105.96023333299999, "2": 105.962533333, "3": 105.9648, "4": 105.96505, "5": 105.965983333, "6": 105.9666, "7": 105.96563333299999, "8": 105.96255, "9": 105.957066667, "10": 105.952266667, "11": 105.9492, "12": 105.9425, "13": 105.9375, "14": 105.93175, "15": 105.92376666700001, "16": 105.918383333, "17": 105.911367, "18": 105.9067, "19": 105.90128899999999, "20": 105.8667, "21": 105.863716667, "22": 105.86033333299999, "23": 105.855877, "24": 105.85095, "25": 105.850033333, "26": 105.850695, "27": 105.851118, "28": 105.85162, "29": 105.85172, "30": 105.845721, "31": 105.84385}, "Name": {"0": "(B) \u0110\u1eb7ng X\u00e1 - Gia L\u00e2m - Tuy\u1ebfn 52B", "1": "Tr\u01b0\u1edbc \u0111\u01b0\u1eddng v\u00e0o THCS \u0110\u1eb7ng X\u00e1 - \u0111\u01b0\u1eddng \u1ef6 Lan", "2": "\u0110\u1ed1i di\u1ec7n cty may Nam S\u01a1n - \u0111\u01b0\u1eddng \u1ef6 Lan", "3": "\u0110\u1ed1i di\u1ec7n c\u1ed9t \u0111i\u1ec7n PT 21 (g\u1ea7n CH bia h\u01a1i H\u1eadu O\u00e1nh) - \u0111\u01b0\u1eddng \u1ef6 Lan", "4": "Ch\u1ee3 S\u1ee7i - \u0110\u01b0\u1eddng \u1ef6 Lan", "5": "\u0110\u1ed1i di\u1ec7n ch\u00f9a Y\u00ean B\u00ecnh - \u0110\u01b0\u1eddng \u1ef6 Lan", "6": "\u0110\u1ed1i di\u1ec7n Tr\u01b0\u1eddng THCS D\u01b0\u01a1ng X\u00e1 - \u0110\u01b0\u1eddng \u1ef6 Lan", "7": "Qua c\u1ea7u v\u01b0\u1ee3t Ph\u00fa Th\u1ecb - Nguy\u1ec5n B\u00ecnh", "8": "S\u1ed1 45 Ga Ph\u00fa Th\u1ecb - Nguy\u1ec5n B\u00ecnh", "9": "Qua \u0111\u01b0\u1eddng v\u00e0o Nh\u00e0 m\u00e1y S\u1eefa H\u00e0 N\u1ed9i - Nguy\u1ec5n \u0110\u1ee9c Thu\u1eadn", "10": "KCN Gia L\u00e2m - Nguy\u1ec5n \u0110\u1ee9c Thu\u1eadn", "11": "Tr\u01b0\u1edbc c\u1ed5ng K\u0110T \u0110\u1eb7ng X\u00e1 100m - 827 Nguy\u1ec5n \u0110\u1ee9c Thu\u1eadn", "12": "Trung t\u00e2m Th\u1ec3 d\u1ee5c th\u1ec3 thao huy\u1ec7n Gia L\u00e2m - 399 Nguy\u1ec5n \u0110\u1ee9c Thu\u1eadn", "13": "b\u01b0u \u0111i\u1ec7n Tr\u00e2u Qu\u1ef3 - Nguy\u1ec5n \u0110\u1ee9c Thu\u1eadn", "14": "G\u1ea7n ng\u00e3 ba c\u1ea7u Thanh Tr\u00ec - Nguy\u1ec5n \u0110\u1ee9c Thu\u1eadn", "15": "Qua ng\u00e3 3 c\u1ea7u Thanh Tr\u00ec - Nguy\u1ec5n V\u0103n Linh", "16": "C\u00f4ng ty May 10 - Nguy\u1ec5n V\u0103n Linh", "17": "Tr\u01b0\u1edbc 50m ng\u00f5 12 Th\u1ea1ch B\u00e0n", "18": "\u0110\u1ed1i di\u1ec7n tr\u01b0\u1eddng THCS Th\u1ea1ch B\u00e0n - \u0111\u01b0\u1eddng Th\u1ea1ch B\u00e0n", "19": "Aeon Mall Long Bi\u00ean (\u0110\u1ed1i di\u1ec7n C\u1ed9t \u0111i\u1ec7n T4A/2A-B \u0111\u01b0\u1eddng C\u1ed5 Linh)", "20": "423 Minh Khai", "21": "259 Minh Khai", "22": "199 Minh Khai", "23": "169C-169D Minh Khai", "24": "Ch\u1ee3 M\u01a1 - 5 Minh Khai", "25": "Ch\u1ee3 M\u01a1 - 459D B\u1ea1ch Mai", "26": "327 B\u1ea1ch Mai", "27": "215 B\u1ea1ch Mai", "28": "319 Ph\u1ed1 Hu\u1ebf", "29": "149 Ph\u1ed1 Hu\u1ebf", "30": "\u0110\u1ed1i di\u1ec7n Trung t\u00e2m gi\u1ea3i tr\u00ed Ng\u00f4i Sao Xanh (H\u1ed3 Thi\u1ec1n Quang) - Tr\u1ea7n Nh\u00e2n T\u00f4ng", "31": "(A) CV Th\u1ed1ng Nh\u1ea5t - Tuy\u1ebfn 52B"}}