{"Lat": {"0": 21.1304333333, "1": 21.130817, "2": 21.12445, "3": 21.1181, "4": 21.109282999999998, "5": 21.106066666700002, "6": 21.1043833333, "7": 21.1028166667, "8": 21.101533, "9": 21.0975, "10": 21.093348000000002, "11": 21.091767, "12": 21.088236, "13": 21.08695, "14": 21.0855333333, "15": 21.0850166667, "16": 21.086570000000002, "17": 21.085789000000002, "18": 21.0851, "19": 21.085977, "20": 21.085153, "21": 21.082785, "22": 21.0799833333, "23": 21.0790166667, "24": 21.07685, "25": 21.074663, "26": 21.072324, "27": 21.0694333333, "28": 21.066335000000002, "29": 21.064657999999998, "30": 21.061204, "31": 21.057916666700002, "32": 21.0544833333, "33": 21.051142000000002, "34": 21.0497, "35": 21.047245999999998, "36": 21.045257, "37": 21.044052, "38": 21.042384, "39": 21.040003, "40": 21.03755, "41": 21.036483333299998, "42": 21.036516666700003, "43": 21.036351999999997, "44": 21.0325666667, "45": 21.0285833333, "46": 21.0279833333}, "BusStopCode": {"0": 1787, "1": 1442, "2": 1443, "3": 1444, "4": 1445, "5": 1446, "6": 1447, "7": 1448, "8": 2671, "9": 1449, "10": 1450, "11": 1451, "12": 1452, "13": 2862, "14": 1453, "15": 1454, "16": 1455, "17": 1456, "18": 2861, "19": 1457, "20": 1458, "21": 1459, "22": 1460, "23": 1461, "24": 1462, "25": 1463, "26": 1464, "27": 1465, "28": 1466, "29": 1467, "30": 1468, "31": 1469, "32": 1042, "33": 1043, "34": 1044, "35": 1045, "36": 1046, "37": 1047, "38": 1048, "39": 239, "40": 240, "41": 242, "42": 2113, "43": 2114, "44": 58, "45": 63, "46": 1698}, "FleetOver": {"0": "20B", "1": "20B,89,92", "2": "20B,89,92", "3": "20B,89,92", "4": "20B,89,92", "5": "20B,89,92", "6": "20B,89,92", "7": "20B,89,92", "8": "20B,92", "9": "20B,92", "10": "20B,92", "11": "20B,92", "12": "20B,92", "13": "20B,92", "14": "20B,92", "15": "20B,92", "16": "20B,92", "17": "20B,92", "18": "20B,92", "19": "20B,92", "20": "20B,92", "21": "20A,20B,92", "22": "20A,20B,92", "23": "20A,20B,92", "24": "20A,20B,92", "25": "20A,20B,92", "26": "20A,20B,92", "27": "20A,20B,29,92,97", "28": "20A,20B,29,92", "29": "20A,20B,29,92", "30": "20A,20B,29,92", "31": "20A,20B,29,92", "32": "20A,20B,29,92", "33": "20A,20B,29,32,57", "34": "20A,20B,29,32,57", "35": "20A,20B,29,32,57", "36": "20A,20B,29,32", "37": "20A,20B,29,32", "38": "20A,20B,29,32", "39": "05,13,20A,20B,29,32", "40": "20A,20B,29,32", "41": "13,20A,20B,26,29,32,49", "42": "16,20A,20B,26,32,34,49", "43": "16,20A,20B,26,32,34,49", "44": "07,16,20A,20B,26,27,28,32,34,49", "45": "07,09,09CT,20A,20B,24,55,55B", "46": "20B"}, "Lng": {"0": 105.50896666700001, "1": 105.51275, "2": 105.51968333299999, "3": 105.52618333299999, "4": 105.5345, "5": 105.539966667, "6": 105.54458333299999, "7": 105.551066667, "8": 105.555067, "9": 105.56713333299999, "10": 105.579269, "11": 105.583688, "12": 105.597902, "13": 105.604767, "14": 105.615433333, "15": 105.62368333299999, "16": 105.63629499999999, "17": 105.653957, "18": 105.65748300000001, "19": 105.662223, "20": 105.66826599999999, "21": 105.673686, "22": 105.6842, "23": 105.688633333, "24": 105.695, "25": 105.698943, "26": 105.703222, "27": 105.70846666700001, "28": 105.71401599999999, "29": 105.71711, "30": 105.722498, "31": 105.7273, "32": 105.7323, "33": 105.737072, "34": 105.74018333299999, "35": 105.74639199999999, "36": 105.75147199999999, "37": 105.754557, "38": 105.75904299999999, "39": 105.76603300000001, "40": 105.774178, "41": 105.77818333299999, "42": 105.78431666700001, "43": 105.788399, "44": 105.7986, "45": 105.80388333299999, "46": 105.805516667}, "Name": {"0": "(B) S\u01a1n T\u00e2y - Tuy\u1ebfn 20B", "1": "\u0110\u1ed1i di\u1ec7n c\u1eeda h\u00e0ng x\u0103ng d\u1ea7u s\u1ed1 14 - QL32", "2": "\u0110\u1ed9i qu\u1ea3n l\u00fd giao th\u00f4ng 4 - QL32", "3": "\u0110\u1ed1i di\u1ec7n Tr\u01b0\u1eddng H\u1eefu Ngh\u1ecb T78 - QL32", "4": "Ng\u00e3 t\u01b0 G\u1ea1ch - Th\u1ecb tr\u1ea5n Ph\u00fac Th\u1ecd (Chi\u1ec1u \u0111i Y\u00ean Ngh\u0129a)", "5": "B\u01b0u \u0111i\u1ec7n Trung t\u00e2m Ph\u00fac Th\u1ecd - Qu\u1ed1c l\u1ed9 32", "6": "\u0110\u1ed1i di\u1ec7n tr\u1ea1m y t\u1ebf huy\u1ec7n Ph\u00fac Th\u1ecd - Qu\u1ed1c l\u1ed9 32", "7": "C\u00f4ng an huy\u1ec7n Ph\u00fac Th\u1ecd - Qu\u1ed1c l\u1ed9 32", "8": "\u0110\u1ed1i di\u1ec7n B\u1ec7nh vi\u1ec7n \u0110a khoa Ph\u00fac Th\u1ecd", "9": "Ph\u1ed1 Qu\u1ea1t - \u0110\u1ea1i \u0110\u1ed3ng (Qu\u1ed1c l\u1ed9 32)", "10": "\u0110\u1ed1i di\u1ec7n Chi c\u1ee5c D\u1ef1 tr\u1eef nh\u00e0 n\u01b0\u1edbc S\u01a1n T\u00e2y - Ph\u1ee5ng Th\u01b0\u1ee3ng (Qu\u1ed1c l\u1ed9 32)", "11": "\u0110\u1ed1i di\u1ec7n Tr\u01b0\u1eddng THCS Ph\u1ee5ng Th\u01b0\u1ee3ng - Qu\u1ed1c l\u1ed9 32", "12": "Ngh\u0129a trang x\u00e3 Ng\u1ecdc T\u1ea3o - Qu\u1ed1c l\u1ed9 32", "13": "\u0110\u1ed1i di\u1ec7n Ph\u00f2ng kh\u00e1m \u0111a khoa khu v\u1ef1c Ng\u1ecdc T\u1ea3o", "14": "G\u1ea7n khu sinh th\u00e1i C\u1ea9m \u0110\u00ecnh Hi\u1ec7p Thu\u1eadn 50 - Qu\u1ed1c l\u1ed9 32", "15": "Qua d\u1ed1c Quai Ch\u00e8 (x\u00e3 Tam Hi\u1ec7p) - Qu\u1ed1c l\u1ed9 32", "16": "Qua \u0111\u01b0\u1eddng v\u00e0o th\u00f4n Ngo\u1ea1i x\u00e3 Tam Thu\u1ea5n 70m - Qu\u1ed1c l\u1ed9 32 ", "17": "\u0110\u1ed1i di\u1ec7n Vi\u1ec7n nghi\u00ean c\u1ee9u ng\u00f4 Qu\u1ed1c Gia - \u0110\u01b0\u1eddng d\u1eabn c\u1ea7u Ph\u00f9ng ", "18": "\u0110\u1ed1i di\u1ec7n Tr\u01b0\u1eddng THCS L\u01b0\u01a1ng Th\u1ebf Vinh, th\u1ecb tr\u1ea5n Ph\u00f9ng", "19": "T\u1ed5 \u0110\u00ecnh Th\u1ee5y \u1ee8ng - (Th\u1ecb tr\u1ea5n Ph\u00f9ng) - Qu\u1ed1c l\u1ed9 32 ", "20": "37-39 Phan \u0110\u00ecnh Ph\u00f9ng (Th\u1ecb tr\u1ea5n Ph\u00f9ng) - Qu\u1ed1c l\u1ed9 32 ", "21": "T\u00f2a \u00e1n nh\u00e2n d\u00e2n Huy\u1ec7n \u0110an Ph\u01b0\u1ee3ng - Qu\u1ed1c l\u1ed9 32", "22": "\u0110\u01b0\u1eddng v\u00e0o Ch\u00f9a Di\u00ean Ph\u00fac (C\u1ea1nh Th\u1ea1ch Th\u1ea3o Lisa) - Qu\u1ed1c l\u1ed9 32", "23": "XN May M\u1ef9 Anh (X\u00e3 \u0110\u1ee9c Th\u01b0\u1ee3ng) - Qu\u1ed1c l\u1ed9 32", "24": "\u0110\u1ed1i di\u1ec7n XN thu\u1ed1c th\u00fa y Trung \u01b0\u01a1ng (\u0110\u1ee9c Th\u01b0\u1ee3ng Ho\u00e0i \u0110\u1ee9c - Qu\u1ed1c l\u1ed9 32", "25": "\u0110\u1ed1i di\u1ec7n Tr\u01b0\u1eddng THPT B\u00ecnh Minh - Qu\u1ed1c l\u1ed9 32", "26": "\u0110\u1ed1i di\u1ec7n C\u00f4ng ty \u0110\u00f4ng Th\u00e0nh (Th\u1ecb tr\u1ea5n Tr\u00f4i) - Qu\u1ed1c l\u1ed9 32", "27": "\u0110\u1ed1i di\u1ec7n B\u01b0u \u0111i\u1ec7n Ho\u00e0i \u0110\u1ee9c (Tr\u1ecb tr\u1ea5n Tr\u00f4i) - Qu\u1ed1c l\u1ed9 32", "28": "\u0110\u1ed1i di\u1ec7n l\u1ed1i r\u1ebd H\u1ecdc vi\u1ec7n KH Qu\u00e2n S\u1ef1 - Qu\u1ed1c l\u1ed9 32", "29": "CH x\u00e2y d\u1ef1ng Tu\u1ea5n Loan (Th\u1ecb tr\u1ea5n Lai X\u00e1) - Qu\u1ed1c l\u1ed9 32", "30": "\u0110\u1ed1i di\u1ec7n nh\u00e0 h\u00e0ng Th\u0103ng Long - Qu\u1ed1c l\u1ed9 32", "31": "Qua \u0111\u01b0\u1eddng v\u00e0o TT Hu\u1ea5n luy\u1ec7n Th\u1ec3 thao Qu\u1ed1c Gia I - Qu\u1ed1c l\u1ed9 32", "32": "H\u00e8 gi\u1eefa nh\u00e0 s\u1ed1 55-57 ph\u1ed1 Nh\u1ed5n", "33": "\u0110i\u1ec3m trung chuy\u1ec3n Nh\u1ed5n - v\u1ecb tr\u00ed \u0111\u1ed7 tuy\u1ebfn 20, 29, 32 (chi\u1ec1u S\u01a1n T\u00e2y - H\u00e0 N\u1ed9i)- \u0110\u01b0\u1eddng 32", "34": "\u0110\u1ed1i di\u1ec7n \u0110\u00ecnh v\u00e0 Mi\u1ebfu \u0110\u1ed3ng C\u1ed5 (Th\u00f4n Nguy\u00ean X\u00e1) - \u0110\u01b0\u1eddng 32", "35": "C\u00f4ng ty CP ch\u1ebf t\u1ea1o \u0111i\u1ec7n c\u01a1 H\u00e0 N\u1ed9i - \u0110\u01b0\u1eddng 32", "36": "150-152 T\u1ed5 3 \u0110\u01b0\u1eddng 32 (\u0110\u1ed1i di\u1ec7n C\u00f4ng ty V\u1eadt Li\u1ec7u & B\u01b0u \u0111i\u1ec7n )", "37": "\u0110\u1ed1i di\u1ec7n trung \u0111o\u00e0n th\u00f4ng tin 21(C\u1ea7u Di\u1ec5n)  - \u0110\u01b0\u1eddng 32", "38": "Si\u00eau th\u1ecb Dos Mark - \u0110\u01b0\u1eddng 32", "39": "Tr\u1ee5 s\u1edf Huy\u1ec7n u\u1ef7 T\u1eeb Li\u00eam - H\u1ed3 T\u00f9ng M\u1eadu", "40": "\u0110\u1ea1i h\u1ecdc Th\u01b0\u01a1ng M\u1ea1i - H\u1ed3 T\u00f9ng M\u1eadu (c\u1ed9t tr\u01b0\u1edbc)", "41": "S\u1ed1 9 H\u1ed3 T\u00f9ng M\u1eadu",