{"Lat": {"0": 21.18865, "1": 21.1886166667, "2": 21.1858666667, "3": 21.1828333333, "4": 21.180415, "5": 21.1766333333, "6": 21.173783333299998, "7": 21.16955, "8": 21.1625, "9": 21.154533333299998, "10": 21.14655, "11": 21.1406166667, "12": 21.138374, "13": 21.1352333333, "14": 21.1338166667, "15": 21.1329166667, "16": 21.131663, "17": 21.1289, "18": 21.1247, "19": 21.120767, "20": 21.119232999999998, "21": 21.1175, "22": 21.113982999999998, "23": 21.105317000000003, "24": 21.0989333333, "25": 21.096296, "26": 21.092725, "27": 21.0878, "28": 21.084, "29": 21.080398000000002, "30": 21.07455, "31": 21.068267000000002, "32": 21.06493, "33": 21.061295, "34": 21.057883, "35": 21.052338, "36": 21.0497, "37": 21.04555, "38": 21.042351999999998, "39": 21.0377166667, "40": 21.0414833333, "41": 21.0424}, "BusStopCode": {"0": 1792, "1": 1313, "2": 1296, "3": 1285, "4": 1319, "5": 1283, "6": 1278, "7": 1309, "8": 1314, "9": 1317, "10": 1303, "11": 1322, "12": 1304, "13": 1324, "14": 1316, "15": 1315, "16": 1305, "17": 1326, "18": 1297, "19": 1282, "20": 1288, "21": 1281, "22": 1300, "23": 1302, "24": 1298, "25": 191, "26": 192, "27": 193, "28": 194, "29": 195, "30": 415, "31": 416, "32": 417, "33": 418, "34": 419, "35": 549, "36": 550, "37": 552, "38": 553, "39": 769, "40": 857, "41": 1720}, "FleetOver": {"0": "54", "1": "54", "2": "54", "3": "54", "4": "54", "5": "54", "6": "54", "7": "54", "8": "54", "9": "54", "10": "54", "11": "54", "12": "54", "13": "54", "14": "54", "15": "54", "16": "54", "17": "54", "18": "54", "19": "10A,54", "20": "10A,54", "21": "10A,54", "22": "10A,54", "23": "10A,54", "24": "10A,54", "25": "10A,10B,54", "26": "10A,10B,54", "27": "10A,10B,54", "28": "10A,10B,54", "29": "10A,10B,54", "30": "10A,10B,15,17,43,54,59", "31": "10A,10B,15,17,43,54,98", "32": "10A,10B,15,17,43,54,98", "33": "10A,10B,15,17,42,43,54", "34": "10A,10B,15,17,42,43,54", "35": "10A,10B,11,15,17,42,43,48,54,65", "36": "01,10B,22A,42,43,54", "37": "01,03,100,10A,10B,17,22A,34,42,43,48,54,65", "38": "01,03,100,10A,10B,17,22A,34,42,43,48,54,65", "39": "03,100,10B,11,34,47A,54,98", "40": "100,10A,10B,17,54,98", "41": "54"}, "Lng": {"0": 106.075633333, "1": 106.07285, "2": 106.0691, "3": 106.06503333299999, "4": 106.061311, "5": 106.0571, "6": 106.05388333299999, "7": 106.0483, "8": 106.040966667, "9": 106.03345, "10": 106.023716667, "11": 106.01565, "12": 106.012803, "13": 106.006566667, "14": 106.00095, "15": 105.99666666700001, "16": 105.989088, "17": 105.978816667, "18": 105.9715, "19": 105.9646, "20": 105.96185, "21": 105.95875, "22": 105.95203300000001, "23": 105.938383, "24": 105.930866667, "25": 105.92816699999999, "26": 105.92445, "27": 105.91961666700001, "28": 105.915833333, "29": 105.91222900000001, "30": 105.906683, "31": 105.90045, "32": 105.897347, "33": 105.893869, "34": 105.89042099999999, "35": 105.885754, "36": 105.883467, "37": 105.875283333, "38": 105.870446, "39": 105.852983333, "40": 105.849466667, "41": 105.848417}, "Name": {"0": "(B) Th\u00e0nh ph\u1ed1 B\u1eafc Ninh - Tuy\u1ebfn 54", "1": "Kho b\u1ea1c Th\u1ecb x\u00e3 B\u1eafc Ninh - Qu\u1ed1c L\u1ed9 1", "2": "\u0110\u00e0i t\u01b0\u1edfng ni\u1ec7m th\u1ecb x\u00e3 B\u1eafc Ninh - Qu\u1ed1c L\u1ed9 1", "3": "410 - 412 Ng\u00f4 Gia T\u1ef1 - B\u1eafc Ninh ", "4": "Qu\u1ea3ng tr\u01b0\u1eddng BX B\u1eafc Ninh", "5": "34 Nguy\u1ec5n V\u0103n C\u1eeb - TP B\u1eafc Ninh - Qu\u1ed1c L\u1ed9 1", "6": "160 Nguy\u1ec5n V\u0103n C\u1eeb - Qu\u1ed1c L\u1ed9 1", "7": "Ho\u00e0 \u0110\u00ecnh - 382 Nguy\u1ec5n V\u0103n C\u1eeb - Qu\u1ed1c L\u1ed9 1", "8": "Khu c\u00f4ng nghi\u1ec7p \u0110\u1ed3ng Cao - Qu\u1ed1c L\u1ed9 1", "9": "Ph\u1ed1 \u00f3 - Qu\u1ed1c L\u1ed9 1", "10": "\u0110\u1ed1i di\u1ec7n U\u1ef7 ban nh\u00e2n d\u00e2n th\u1ecb tr\u1ea5n Lim (173 Hai B\u00e0 Tr\u01b0ng) - Qu\u1ed1c L\u1ed9 1", "11": "Tr\u01b0\u1edbc l\u1ed1i v\u00e0o ph\u00f2ng giao d\u1ecbch VietinBank 30m - TT Lim - QL1", "12": "Du\u1ec7 \u0110\u00f4ng (tr\u01b0\u1edbc c\u1ed5ng l\u00e0ng L\u1ed9 Bao 150m) - TT Lim - QL 1", "13": "U\u1ef7 ban nh\u00e2n d\u00e2n x\u00e3 N\u1ed9i Du\u1ec7 - Qu\u1ed1c L\u1ed9 1", "14": "L\u0103ng th\u00f4n \u0110\u00ecnh C\u1ea3 - Qu\u1ed1c l\u1ed9 1", "15": "Khu c\u00f4ng nghi\u1ec7p Ti\u00ean S\u01a1n (tr\u01b0\u1edbc \u0111\u1ed1i di\u1ec7n l\u1ed1i v\u00e0o KCN 30m) - Qu\u1ed1c L\u1ed9 1", "16": "\u0110\u01b0\u1eddng v\u00e0o ch\u00f9a Ti\u00eau (\u0110\u1ed1i di\u1ec7n Trung t\u00e2m Logicstic - ICD Ti\u00ean S\u01a1n) - Vi\u1ec1ng - Qu\u1ed1c L\u1ed9 1", "17": "\u0110\u1ed1i di\u1ec7n ch\u1ee3 V\u0129nh Ki\u1ec1u - Vi\u1ec1ng - Qu\u1ed1c L\u1ed9 1", "18": "\u0110\u1ed1i di\u1ec7n b\u1ec7nh vi\u1ec7n \u0111a khoa T\u1eeb S\u01a1n - Qu\u1ed1c L\u1ed9 1", "19": "34 Minh Khai - T\u1eeb S\u01a1n - Qu\u1ed1c L\u1ed9 1", "20": "98 Tr\u1ea7n Ph\u00fa - T\u1eeb S\u01a1n - Qu\u1ed1c L\u1ed9 1", "21": "242 Tr\u1ea7n Ph\u00fa - T\u1eeb S\u01a1n - Qu\u1ed1c L\u1ed9 1", "22": "S\u1ed1 500 Ph\u1ed1 M\u1edbi - \u0110\u00ecnh B\u1ea3ng - T\u1eeb S\u01a1n", "23": "\u0110\u1ed1i di\u1ec7n Tr\u01b0\u1eddng C\u0110 Thu\u1ef7 s\u1ea3n - Qu\u1ed1c L\u1ed9 1", "24": "\u0110\u1ed1i di\u1ec7n ch\u1ee3 Tr\u00f9ng Qu\u00e1n - QL1 (chi\u1ec1u B\u1eafc Ninh - H\u00e0 N\u1ed9i)", "25": "S\u1ed1 1 D\u1ed1c L\u00e3 - H\u00e0 Huy T\u1eadp", "26": "\u0110\u1ed1i di\u1ec7n 666 H\u00e0 Huy T\u1eadp", "27": "\u0110\u1ed1i di\u1ec7n Cty Gi\u1ea7y Y\u00ean Vi\u00ean - H\u00e0 Huy T\u1eadp", "28": "\u0110\u1ed1i di\u1ec7n 274 H\u00e0 Huy T\u1eadp", "29": "115 H\u00e0 Huy T\u1eadp", "30": "1095 Ng\u00f4 Gia T\u1ef1", "31": "713 Ng\u00f4 Gia T\u1ef1", "32": "505 Ng\u00f4 Gia T\u1ef1", "33": "279 Ng\u00f4 Gia T\u1ef1", "34": "B\u01b0u c\u1ee5c Long Bi\u00ean - 79 Ng\u00f4 Gia T\u1ef1", "35": "Si\u00eau th\u1ecb Fivimart - 583 Nguy\u1ec5n V\u0103n C\u1eeb", "36": "549 Nguy\u1ec5n V\u0103n C\u1eeb (c\u1ed9t tr\u01b0\u1edbc)", "37": "Cty C\u1ea7u 5 Th\u0103ng Long - 307 Nguy\u1ec5n V\u0103n C\u1eeb", "38": "135 Nguy\u1ec5n V\u0103n C\u1eeb", "39": "Tr\u1ea7n Nh\u1eadt Du\u1eadt (373 H\u1ed3ng H\u00e0) - G\u1ea7n H\u00e0m T\u1eed Quan", "40": "E1.2 \u0110i\u1ec3m trung chuy\u1ec3n Long Bi\u00ean", "41": "(A) Long Bi\u00ean - Tuy\u1ebfn 54"}}