{"Lat": {"0": 21.1299166667, "1": 21.12695, "2": 21.1246166667, "3": 21.11955, "4": 21.076966666700002, "5": 21.0711666667, "6": 21.062196, "7": 21.0547333333, "8": 21.051595000000002, "9": 21.04035, "10": 21.0344833333, "11": 21.0305, "12": 21.0229833333, "13": 21.018608, "14": 21.0147333333, "15": 21.0112666667, "16": 21.0067666667, "17": 21.00679, "18": 21.00985, "19": 21.0072666667, "20": 21.0029333333, "21": 20.996366666700002, "22": 20.995383333299998, "23": 20.9960666667, "24": 20.9919333333, "25": 20.9846, "26": 20.9795833333, "27": 20.978, "28": 20.9724166667, "29": 20.9701166667, "30": 20.9696333333, "31": 20.97085, "32": 20.964876999999998, "33": 20.960063, "34": 20.96465}, "BusStopCode": {"0": 3420, "1": 3421, "2": 1664, "3": 913, "4": 599, "5": 601, "6": 600, "7": 602, "8": 603, "9": 604, "10": 581, "11": 582, "12": 584, "13": 585, "14": 586, "15": 587, "16": 588, "17": 742, "18": 737, "19": 360, "20": 365, "21": 548, "22": 541, "23": 264, "24": 265, "25": 268, "26": 269, "27": 270, "28": 271, "29": 57, "30": 496, "31": 497, "32": 429, "33": 430, "34": 3422}, "FleetOver": {"0": "60B", "1": "25,60B", "2": "25,60B,63", "3": "07,35B,53A,53B,56A,56C,58,60B,61,93,95", "4": "07,14,14CT,28,35B,46,53A,53B,56A,56C,57,60A,60B,61,93,95", "5": "07,14,14CT,28,35B,46,53A,53B,56A,56C,57,60A,60B,61,93,95", "6": "07,14,14CT,27,28,35A,38,45,46,53A,53B,60A,60B,61", "7": "07,14,14CT,27,35A,38,45,46,53A,53B,60A,60B,61", "8": "07,14,14CT,27,35A,38,45,46,53A,53B,60A,60B,61", "9": "13,33,35A,46,53B,60A,60B,61", "10": "16,29,33,34,35A,46,53B,60A,60B,61,97", "11": "16,29,33,34,35A,46,53B,60A,60B,97", "12": "104,22B,30,33,35A,39,46,60A,60B,74,84,87,88", "13": "103,104,21B,22B,29,30,33,35A,39,44,60A,60B,74,84,87,88", "14": "103,21B,22B,33,35A,39,50,60A,60B,87", "15": "103,21B,22B,35A,39,50,60A,60B,87", "16": "103,21B,22B,35A,39,50,60A,60B,87", "17": "107,35A,50,60A,60B", "18": "105,107,22A,35A,50,60A,60B", "19": "105,60A,60B", "20": "105,30,60A,60B", "21": "05,105,60A,60B", "22": "01,02,05,19,21A,21B,27,44,60B", "23": "05,60B", "24": "05,60B", "25": "05,60B", "26": "05,60B", "27": "05,60B", "28": "05,60B", "29": "05,22C,29,37,60A,60B", "30": "104,22C,29,36,36CT,60B,84", "31": "22C,29,36,36CT,60B", "32": "03B,04,06A,06B,06C,06D,06E,08A,08ACT,101,106,12,16,37,60A,60B,94,99", "33": "03B,04,06A,06B,06C,06D,06E,08A,08ACT,101,106,12,16,37,48,60A,60B,94,99", "34": "60B"}, "Lng": {"0": 105.773, "1": 105.77391666700001, "2": 105.77901666700001, "3": 105.78315, "4": 105.7864, "5": 105.7855, "6": 105.783753, "7": 105.781916667, "8": 105.781554, "9": 105.7807, "10": 105.78001666700001, "11": 105.779266667, "12": 105.778566667, "13": 105.78126100000001, "14": 105.78423333299999, "15": 105.78705, "16": 105.79068333299999, "17": 105.794976, "18": 105.798983333, "19": 105.802483333, "20": 105.80096666700001, "21": 105.80475, "22": 105.80908333299999, "23": 105.8139, "24": 105.813533333, "25": 105.81431666700001, "26": 105.819666667, "27": 105.82325, "28": 105.82455, "29": 105.82608333299999, "30": 105.83136666700001, "31": 105.83645, "32": 105.84183200000001, "33": 105.84218600000001, "34": 105.84255}, "Name": {"0": "(B) B\u1ec7nh vi\u1ec7n nhi\u1ec7t \u0111\u1edbi TW CS2 - Tuy\u1ebfn 60B", "1": "\u0110\u1ed1i di\u1ec7n khu nh\u00e0 D3 v\u00e0 D6 - \u0111\u01b0\u1eddng n\u1ed9i b\u1ed9 chung c\u01b0 Kim Chung", "2": "C\u1ed5ng KCN B\u1eafc Th\u0103ng Long (G\u1ea7n c\u1ea7u v\u01b0\u1ee3t b\u1ed9 h\u00e0nh) ", "3": "KCN B\u1eafc Th\u0103ng Long - Km 0+800 Cao t\u1ed1c BTL-NB", "4": "96 Ph\u1ea1m V\u0103n \u0110\u1ed3ng (Ng\u00e3 4 Ph\u1ea1m V\u0103n \u0110\u1ed3ng - Xu\u00e2n \u0110\u1ec9nh)", "5": "Showroom \u00f4 t\u00f4 Trung S\u01a1n (\u0111\u1ed1i di\u1ec7n 315 Ph\u1ea1m V\u0103n \u0110\u1ed3ng)", "6": "Tr\u01b0\u1edbc 100m ng\u00f5 218 Ph\u1ea1m V\u0103n \u0110\u1ed3ng (\u0111\u1ed1i di\u1ec7n c\u00f4ng vi\u00ean H\u00f2a B\u00ecnh)", "7": "Si\u00eau th\u1ecb Metro Th\u0103ng Long - \u0110\u1ed1i di\u1ec7n ng\u00f5 599 Ph\u1ea1m V\u0103n \u0110\u1ed3ng", "8": "B\u1ed9 c\u00f4ng an - \u0111\u1ed1i di\u1ec7n 36A Ph\u1ea1m V\u0103n \u0110\u1ed3ng", "9": "S\u1ed1 9 Ph\u1ea1m V\u0103n \u0110\u1ed3ng", "10": "B\u1ec7nh vi\u1ec7n \u0111a khoa y h\u1ecdc c\u1ed5 truy\u1ec1n - 6 Ph\u1ea1m H\u00f9ng", "11": "\u0110\u1ed1i di\u1ec7n B\u01b0u c\u1ee5c Th\u0103ng Long - \u0111\u01b0\u1eddng Ph\u1ea1m H\u00f9ng", "12": "G\u1ea7n ng\u00e3 4 Ph\u1ea1m H\u00f9ng - \u0110\u00ecnh Th\u00f4n (H\u01b0\u1edbng \u0111i Khu\u1ea5t Duy Ti\u1ebfn)-c\u1ed9t sau", "13": "Nh\u00e0 CT5 K\u0110T S\u00f4ng \u0110\u00e0 M\u1ef9 \u0110\u00ecnh - Ph\u1ea1m H\u00f9ng", "14": "Nh\u00e0 CT5-D K\u0110T M\u1ef9 \u0110\u00ecnh - Ph\u1ea1m H\u00f9ng", "15": "B\u1ea3o t\u00e0ng H\u00e0 N\u1ed9i - Ph\u1ea1m H\u00f9ng", "16": "Ng\u00e3 4 Ph\u1ea1m H\u00f9ng - Khu\u1ea5t Duy Ti\u1ebfn (Trung t\u00e2m H\u1ed9i ngh\u1ecb Qu\u1ed1c Gia)", "17": "\u0110\u1ed1i di\u1ec7n 220 Tr\u1ea7n Duy H\u01b0ng (\u0111\u1ed1i di\u1ec7n Big C, C\u00e1ch Ng\u00e3 3 Ho\u00e0ng Minh Gi\u00e1m)", "18": "113 Tr\u1ea7n Duy H\u01b0ng - B\u1ed9 KHCN", "19": "\u0110\u1ed1i di\u1ec7n nh\u00e0 24T2 K\u0110T Trung Ho\u00e0 Nh\u00e2n Ch\u00ednh - Ho\u00e0ng \u0110\u1ea1o Th\u00fay", "20": "Nh\u00e0 N2E K\u0110T Trung H\u00f2a Nh\u00e2n Ch\u00ednh - L\u00ea V\u0103n L\u01b0\u01a1ng", "21": "Vi\u1ec7n Khoa h\u1ecdc H\u00ecnh S\u1ef1 - 99 Nguy\u1ec5n Tu\u00e2n", "22": "C\u00f4ng ty thu\u1ed1c l\u00e1 Th\u0103ng Long - 235 Nguy\u1ec5n Tr\u00e3i", "23": "\u0110\u1ed1i di\u1ec7n 81 - 83 Kh\u01b0\u01a1ng \u0110\u00ecnh", "24": "254 - 256 Kh\u01b0\u01a1ng \u0110\u00ecnh", "25": "42 Kim Giang", "26": "214 Kim Giang", "27": "292 Kim Giang", "28": "C\u00e1ch c\u1ed5ng BV \u0111a khoa y h\u1ecdc c\u1ed5 truy\u1ec1n 50m", "29": "\u0110i\u1ec3m x\u00e9n h\u00e8 (C\u1eeda h\u00e0ng x\u0103ng d\u1ea7u s\u1ed1 75) - S\u1ed1 6 C\u1ea7u D\u1eadu", "30": "\u0110\u1ed1i di\u1ec7n Ao sen L\u00e0ng \u0110\u1ea1i T\u1eeb - Nguy\u1ec5n H\u1eefu Th\u1ecd", "31": "\u0110\u1ed1i di\u1ec7n \u0111\u01b0\u1eddng v\u00e0o K\u0110T \u0110\u1ea1i Kim - 45 Nguy\u1ec5n H\u1eefu Th\u1ecd", "32": "\u0110\u1ed1i di\u1ec7n T\u1eadp th\u1ec3 B\u1ebfn xe N\u01b0\u1edbc ng\u1ea7m H\u00e0 N\u1ed9i - Ng\u1ecdc H\u1ed3i", "33": "Tr\u01b0\u1eddng PTTH Vi\u1ec7t Nam Balan (\u0110\u1ed1i di\u1ec7n Kh\u00e1ch s\u1ea1n Nam Th\u00e0nh) - Ng\u1ecdc H\u1ed3i", "34": "(A) BX N\u01b0\u1edbc Ng\u1ea7m - Tuy\u1ebfn 60B"}}