{"Lat": {"0": 21.0247333333, "1": 21.0222333333, "2": 21.0186, "3": 21.0164333333, "4": 21.011587, "5": 21.009273, "6": 21.0081833333, "7": 21.009733333299998, "8": 21.00785, "9": 21.007485, "10": 21.0071333333, "11": 20.9999166667, "12": 20.9959333333, "13": 20.9955666667, "14": 21.000283, "15": 21.0028666667, "16": 21.0067, "17": 21.010703, "18": 21.01502, "19": 21.01876, "20": 21.01885, "21": 21.0229, "22": 21.027151, "23": 21.0281}, "BusStopCode": {"0": 3460, "1": 759, "2": 754, "3": 662, "4": 385, "5": 766, "6": 80, "7": 591, "8": 592, "9": 69, "10": 668, "11": 533, "12": 534, "13": 546, "14": 547, "15": 225, "16": 226, "17": 465, "18": 466, "19": 467, "20": 576, "21": 577, "22": 578, "23": 3461}, "FleetOver": {"0": "44", "1": "02,03,24,35A,40,42,43,44,48,49,51,55,55B", "2": "02,03,09CT,14CT,35A,42,43,44,45,49", "3": "04,18,42,44", "4": "04,18,30,42,44", "5": "18,44,47B", "6": "35A,44,51", "7": "21A,21B,26,35A,44,51", "8": "21A,21B,26,35A,44,51,99", "9": "12,18,21A,21B,23,26,35A,44,51", "10": "01,02,09,09CT,18,21A,21B,44,51,84", "11": "01,02,19,21A,21B,27,44", "12": "01,02,05,19,21A,21B,27,29,44,60B", "13": "05,105,29,44,60A,60B", "14": "05,105,29,44,60A,60B", "15": "05,29,30,44,85", "16": "05,29,30,44,85", "17": "05,29,30,44,85", "18": "29,30,44,85", "19": "29,30,44", "20": "103,104,21B,22B,29,30,33,35A,39,44,60A,60B,74,84,87,88", "21": "103,104,21B,22B,29,30,33,35A,39,44,46,60A,60B,74,84,87,88", "22": "103,16,21B,22B,29,30,33,34,44,46,53B,60A,60B,74,84,88", "23": "44"}, "Lng": {"0": 105.86005, "1": 105.86118333299999, "2": 105.86056666700001, "3": 105.8585, "4": 105.859204, "5": 105.85821499999999, "6": 105.8461, "7": 105.835433333, "8": 105.83316666700001, "9": 105.828726, "10": 105.82313333299999, "11": 105.815233333, "12": 105.80925, "13": 105.805516667, "14": 105.801833, "15": 105.799783333, "16": 105.79676666700001, "17": 105.793346, "18": 105.789877, "19": 105.78696000000001, "20": 105.781516667, "21": 105.77903333299999, "22": 105.77920800000001, "23": 105.7785}, "Name": {"0": "(A) Tr\u1ea7n Kh\u00e1nh D\u01b0 - Tuy\u1ebfn 44", "1": "Tr\u1ea1m trung chuy\u1ec3n xe bu\u00fdt Tr\u1ea7n Kh\u00e1nh D\u01b0 (Khu \u0111\u00f3n kh\u00e1ch)", "2": "\u0110\u1ed1i di\u1ec7n B\u1ec7nh Vi\u1ec7n Trung \u01b0\u01a1ng Qu\u00e2n \u0111\u1ed9i 108 - Tr\u1ea7n H\u01b0ng \u0110\u1ea1o", "3": "34-36 T\u0103ng B\u1ea1t H\u1ed5", "4": "172 L\u00f2 \u0110\u00fac (C\u1eeda h\u00e0ng xe m\u00e1y Hon \u0110a)", "5": "340-342 Tr\u1ea7n Kh\u00e1t Tr\u00e2n", "6": "120 \u0110\u1ea1i C\u1ed3 Vi\u1ec7t", "7": "101A2 TT Trung T\u1ef1 - Ph\u1ea1m Ng\u1ecdc Th\u1ea1ch", "8": "104 C1 T\u1eadp th\u1ec3 Trung T\u1ef1 - Ph\u1ea1m Ng\u1ecdc Th\u1ea1ch", "9": "C\u00f4ng ty in th\u01b0\u01a1ng m\u1ea1i & d\u1ecbch v\u1ee5 ng\u00e2n h\u00e0ng - S\u1ed1 10 Ch\u00f9a B\u1ed9c", "10": "290 T\u00e2y S\u01a1n", "11": "94 Nguy\u1ec5n Tr\u00e3i", "12": "322 Nguy\u1ec5n Tr\u00e3i", "13": "90 Nguy\u1ec5n Tu\u00e2n", "14": "L\u00e0ng Sinh vi\u00ean Hacinco - Nguy\u1ec5n Tu\u00e2n", "15": "Qua Nh\u00e0 N1A K\u0110T Trung H\u00f2a Nh\u00e2n Ch\u00ednh 50m - Ho\u00e0ng Minh Gi\u00e1m", "16": "Tr\u01b0\u1eddng THPT chuy\u00ean H\u00e0 N\u1ed9i - Amsterdam (Ho\u00e0ng Minh Gi\u00e1m)", "17": "Tr\u01b0\u1eddng THPT Nguy\u1ec5n B\u1ec9nh Khi\u00eam - \u0111\u01b0\u1eddng Nguy\u1ec5n Ch\u00e1nh", "18": "\u0110\u1ed1i di\u1ec7n nh\u00e0 B6C - K\u0110T Nam Trung Y\u00ean", "19": "Tr\u01b0\u1edbc tr\u01b0\u1eddng Ti\u1ec3u h\u1ecdc Nam Trung Y\u00ean 100m - \u0111\u01b0\u1eddng Nguy\u1ec5n Ch\u00e1nh", "20": "\u0110\u1ed1i di\u1ec7n nh\u00e0 CT5 K\u0110T S\u00f4ng \u0110\u00e0 M\u1ef9 \u0110\u00ecnh - Ph\u1ea1m H\u00f9ng", "21": "Qua ng\u00e3 4 Ph\u1ea1m H\u00f9ng - \u0110\u00ecnh Th\u00f4n (H\u01b0\u1edbng \u0111i Ph\u1ea1m V\u0103n \u0110\u1ed3ng)", "22": "\u0110\u1ed1i di\u1ec7n B\u1ebfn xe kh\u00e1ch M\u1ef9 \u0110\u00ecnh - Ph\u1ea1m H\u00f9ng (c\u1ed9t tr\u01b0\u1edbc)", "23": "(B) BX M\u1ef9 \u0110\u00ecnh - Tuy\u1ebfn 44"}}