{"Lat": {"0": 20.97985, "1": 20.98355, "2": 20.9812833333, "3": 20.9762666667, "4": 20.9717833333, "5": 20.964876999999998, "6": 20.960063, "7": 20.9549833333, "8": 20.9521333333, "9": 20.94655, "10": 20.9422833333, "11": 20.9389, "12": 20.9353, "13": 20.9321833333, "14": 20.9268, "15": 20.923066666700002, "16": 20.918665, "17": 20.912233333299998, "18": 20.9075166667, "19": 20.9033833333, "20": 20.89355, "21": 20.8883, "22": 20.8799333333, "23": 20.87465, "24": 20.868916666700002, "25": 20.8636, "26": 20.8540166667, "27": 20.842783333299998, "28": 20.83075, "29": 20.8234, "30": 20.8064, "31": 20.7969166667, "32": 20.7857166667, "33": 20.7732333333, "34": 20.76915, "35": 20.76215, "36": 20.755955, "37": 20.746983333299998, "38": 20.7412833333, "39": 20.7377333333, "40": 20.7310166667, "41": 20.7207, "42": 20.7155833333, "43": 20.708000000000002, "44": 20.7030333333, "45": 20.695607, "46": 20.6948333333, "47": 20.694133333299998, "48": 20.6916666667, "49": 20.69145, "50": 20.6938, "51": 20.6965166667, "52": 20.6992833333, "53": 20.701733333299998, "54": 20.7053333333, "55": 20.70735, "56": 20.7130166667, "57": 20.71945, "58": 20.724116666700002, "59": 20.7322166667, "60": 20.7295166667, "61": 20.7282666667, "62": 20.728066666700002, "63": 20.7305, "64": 20.731916666700002, "65": 20.734717}, "BusStopCode": {"0": 3532, "1": 4122, "2": 1933, "3": 163, "4": 164, "5": 429, "6": 430, "7": 431, "8": 432, "9": 433, "10": 434, "11": 435, "12": 436, "13": 437, "14": 438, "15": 1224, "16": 1225, "17": 1226, "18": 1228, "19": 1227, "20": 1229, "21": 1230, "22": 1231, "23": 1232, "24": 1233, "25": 1234, "26": 1235, "27": 1236, "28": 1237, "29": 1238, "30": 1239, "31": 1240, "32": 1241, "33": 1242, "34": 1243, "35": 1244, "36": 1245, "37": 1246, "38": 4220, "39": 1247, "40": 1248, "41": 1249, "42": 1250, "43": 3081, "44": 3082, "45": 3533, "46": 3534, "47": 3535, "48": 3536, "49": 3537, "50": 3538, "51": 3539, "52": 3811, "53": 3540, "54": 3541, "55": 3542, "56": 3543, "57": 3544, "58": 3545, "59": 3546, "60": 3547, "61": 3548, "62": 3549, "63": 3550, "64": 3551, "65": 3552}, "FleetOver": {"0": "101", "1": "101,106,29,37,42,94", "2": "101,29,36,36CT,37,94", "3": "03B,06A,06B,06C,06D,06E,08A,08ACT,08B,08BCT,101,106,12,16,21B,22C,29,36,36CT,37,94", "4": "03B,06A,06B,06C,06D,06E,08A,08ACT,08B,08BCT,101,106,12,16,21B,22C,29,36,36CT,37,94", "5": "03B,04,06A,06B,06C,06D,06E,08A,08ACT,101,106,12,16,37,60A,60B,94,99", "6": "03B,04,06A,06B,06C,06D,06E,08A,08ACT,101,106,12,16,37,48,60A,60B,94,99", "7": "06A,06B,06C,06D,06E,08A,08ACT,101,12,94", "8": "06A,06B,06C,06D,06E,08A,08ACT,101,12,94", "9": "06A,06B,06C,06D,06E,08A,08ACT,101,12,39,94", "10": "06A,06B,06C,06D,06E,08A,08ACT,101,12,62,94", "11": "06A,06B,06C,06D,06E,08A,08ACT,101,12,62,94", "12": "06A,06B,06C,06D,06E,08A,08ACT,101,12,62,94", "13": "06A,06B,06C,06D,06E,08A,08ACT,101,12,62,94", "14": "06A,06B,06C,06D,06E,08A,08ACT,101,12,62,94", "15": "06A,06B,06C,06D,06E,101,62,94", "16": "06A,06B,06C,06D,06E,101,62,94", "17": "06A,06B,06C,06D,06E,101,62,94", "18": "06A,06B,06C,06D,06E,101,62,94", "19": "06A,06B,06C,06D,06E,101,62,94", "20": "06A,06B,06C,06D,06E,101,62,94", "21": "06A,06B,06C,06D,06E,101,62,94", "22": "06A,06B,06C,06D,06E,101,62,94", "23": "06A,06B,06C,06D,06E,101,62,94", "24": "06A,06C,06D,06E,101,62", "25": "06A,06C,06D,06E,101,108", "26": "06A,06C,06D,06E,101,108", "27": "06A,06C,06D,06E,101,108", "28": "06A,06C,06D,06E,101,108", "29": "06A,06C,06D,06E,101,108", "30": "06A,06C,06D,06E,101,108", "31": "06A,06C,06D,101,108", "32": "06A,06C,06D,101,108", "33": "06A,06C,06D,101,108", "34": "06A,06D,101,108", "35": "06A,06D,101,108", "36": "06A,06D,101,108", "37": "06A,06D,101,108", "38": "06A,101,108", "39": "06A,101,108", "40": "06A,101,108", "41": "06A,101,108", "42": "06A,101", "43": "06A,101", "44": "06A,101", "45": "101", "46": "101", "47": "101", "48": "101", "49": "101", "50": "101", "51": "101", "52": "101", "53": "101", "54": "101", "55": "101", "56": "101", "57": "101", "58": "101", "59": "101", "60": "101", "61": "101", "62": "101", "63": "101", "64": "101,103", "65": "101"}, "Lng": {"0": 105.841916667, "1": 105.844316667, "2": 105.8453, "3": 105.84078333299999, "4": 105.84076666700001, "5": 105.84183200000001, "6": 105.84218600000001, "7": 105.84321666700001, "8": 105.84381666700001, "9": 105.84416666700001, "10": 105.84386666700001, "11": 105.84428333299999, "12": 105.845733333, "13": 105.846966667, "14": 105.8493, "15": 105.8516, "16": 105.85230800000001, "17": 105.85238333299999, "18": 105.85265, "19": 105.8531, "20": 105.85606666700001, "21": 105.857733333, "22": 105.86035, "23": 105.86303333299999, "24": 105.86521666700001, "25": 105.867016667, "26": 105.87023333299999, "27": 105.87278333299999, "28": 105.8777, "29": 105.88186666700001, "30": 105.88393333299999, "31": 105.886766667, "32": 105.89216666700001, "33": 105.899183333, "34": 105.903383333, "35": 105.909383333, "36": 105.91188700000001, "37": 105.9115, "38": 105.91343333299999, "39": 105.91346666700001, "40": 105.912366667, "41": 105.9115, "42": 105.910733333, "43": 105.91056666700001, "44": 105.91035, "45": 105.907978, "46": 105.90233333299999, "47": 105.89785, "48": 105.88785, "49": 105.8804, "50": 105.872616667, "51": 105.865433333, "52": 105.859033333, "53": 105.850816667, "54": 105.8442, "55": 105.839633333, "56": 105.83545, "57": 105.8321, "58": 105.829, "59": 105.81933333299999, "60": 105.80348333299999, "61": 105.796483333, "62": 105.783166667, "63": 105.77585, "64": 105.77096666700001, "65": 105.76946699999999}, "Name": {"0": "(A) BX Gi\u00e1p B\u00e1t - Tuy\u1ebfn 101", "1": "S\u1ed1 36 Kim \u0110\u1ed3ng", "2": "658 Tr\u01b0\u01a1ng \u0110\u1ecbnh", "3": "Ga Gi\u00e1p B\u00e1t - \u0110\u1ed1i di\u1ec7n 1035 Gi\u1ea3i Ph\u00f3ng", "4": "\u0110\u1ed1i di\u1ec7n 1251 Gi\u1ea3i Ph\u00f3ng", "5": "\u0110\u1ed1i di\u1ec7n T\u1eadp th\u1ec3 B\u1ebfn xe N\u01b0\u1edbc ng\u1ea7m H\u00e0 N\u1ed9i - Ng\u1ecdc H\u1ed3i", "6": "Tr\u01b0\u1eddng PTTH Vi\u1ec7t Nam Balan (\u0110\u1ed1i di\u1ec7n Kh\u00e1ch s\u1ea1n Nam Th\u00e0nh) - Ng\u1ecdc H\u1ed3i", "7": "Qua \u0111\u01b0\u1eddng v\u00e0o B\u1ec7nh vi\u1ec7n \u0111a khoa Th\u0103ng Long 60m - \u0110\u1ed1i di\u1ec7n 171 Ng\u1ecdc H\u1ed3i", "8": "\u0110\u1ed1i di\u1ec7n TCT c\u01a1 \u0111i\u1ec7n n\u00f4ng nghi\u1ec7p & Th\u1ee7y l\u1ee3i (V\u0103n \u0110i\u1ec3n) - 264 Ng\u1ecdc H\u1ed3i", "9": "\u0110\u1ed1i di\u1ec7n Tr\u1ee5 s\u1edf H\u0110ND huy\u1ec7n Thanh Tr\u00ec - Ng\u1ecdc H\u1ed3i", "10": "Qua ng\u00e3 3 Ng\u1ecdc H\u1ed3i - Phan Tr\u1ecdng Tu\u1ec7 100m - Ng\u1ecdc H\u1ed3i", "11": "Qua Khu t\u1eadp th\u1ec3 LIC\u00d4LA 100m - Ng\u1ecdc H\u1ed3i", "12": "G\u1ea7n ng\u00e3 3 \u0111\u01b0\u1eddng Qu\u1ef3nh \u0110\u00f4 - Ng\u1ecdc H\u1ed3i", "13": "Qua C\u00f4ng ty CP V\u1eadn t\u1ea3i & D\u1ecbch v\u1ee5 TS 15m - Ng\u1ecdc H\u1ed3i", "14": "Vi\u1ec7n nghi\u00ean c\u1ee9u tr\u1ed3ng & ph\u00e1t tri\u1ec3n c\u00e2y thu\u1ed1c", "15": "\u0110\u1ed9i 7 Th\u00f4n Ng\u1ecdc H\u1ed3i - Km 186+350 Qu\u1ed1c L\u1ed9 1A", "16": "C\u1ee5m C\u00f4ng nghi\u1ec7p v\u1eeba v\u00e0 nh\u1ecf Ng\u1ecdc H\u1ed3i - Km 186+900 Qu\u1ed1c L\u1ed9 1A", "17": "C\u00e1ch \u0111\u01b0\u1eddng v\u00e0o UBND x\u00e3 Li\u00ean Ninh 60m - Km 187+680 Qu\u1ed1c L\u1ed9 1A", "18": "\u0110\u1ed1i di\u1ec7n C\u00e2y x\u0103ng Li\u00ean Ninh - Qu\u1ed1c L\u1ed9 1A", "19": "Qua l\u1ed1i r\u1ebd v\u00e0o \u0110\u00ecnh \u0111\u1ec1n l\u00e0ng Y\u00ean Ph\u00fa 100m (Chi\u1ec1u Ga HN-Th\u01b0\u1eddng T\u00edn) - Qu\u1ed1c l\u1ed9 1A", "20": "\u0110\u01b0\u1eddng v\u00e0o X\u00ed Nghi\u1ec7p 198 - Km 189+780 Qu\u1ed1c L\u1ed9 1A", "21": "\u0110\u01b0\u1eddng v\u00e0o Tr\u1ea1i t\u1ea1m giam s\u1ed1 2 - Km 190+380 Qu\u1ed1c L\u1ed9 1A", "22": "Qua l\u1ed1i r\u1ebd tr\u1ea1m bi\u1ebfn \u00e1p 500KV (Khu Ga Th\u01b0\u1eddng T\u00edn) 50m - Km 191+360 Qu\u1ed1c L\u1ed9 1A", "23": "165 Th\u1ecb tr\u1ea5n Th\u01b0\u1eddng T\u00edn - Km 192 Qu\u1ed1c L\u1ed9 1A",