{"Lat": {"0": 21.0049666667, "1": 21.0090333333, "2": 21.0136666667, "3": 21.017333333299998, "4": 21.02275, "5": 21.0269, "6": 21.0325666667, "7": 21.035216666700002, "8": 21.0379666667, "9": 21.0406, "10": 21.0454333333, "11": 21.0465166667, "12": 21.0433833333, "13": 21.0469, "14": 21.0498166667, "15": 21.0582166667, "16": 21.0600166667, "17": 21.0621666667, "18": 21.0656333333, "19": 21.0687333333, "20": 21.074547, "21": 21.079559, "22": 21.08035, "23": 21.0879666667, "24": 21.092883333299998, "25": 21.100635, "26": 21.102733333299998, "27": 21.102933333299998, "28": 21.10434, "29": 21.1097333333, "30": 21.120483333299997, "31": 21.1272833333, "32": 21.1328666667, "33": 21.1397333333, "34": 21.1408833333, "35": 21.139666666700002, "36": 21.13785, "37": 21.1373833333}, "BusStopCode": {"0": 3469, "1": 1151, "2": 1152, "3": 1153, "4": 3477, "5": 3478, "6": 3479, "7": 3480, "8": 3481, "9": 3482, "10": 3483, "11": 3484, "12": 1804, "13": 3237, "14": 3238, "15": 3239, "16": 3240, "17": 1156, "18": 3241, "19": 3242, "20": 424, "21": 196, "22": 1340, "23": 1341, "24": 1342, "25": 1343, "26": 1344, "27": 1345, "28": 1346, "29": 1347, "30": 1348, "31": 1351, "32": 1349, "33": 1352, "34": 874, "35": 875, "36": 876, "37": 3468}, "FleetOver": {"0": "59", "1": "11,59", "2": "11,59", "3": "11,59", "4": "59", "5": "59", "6": "59", "7": "59", "8": "59", "9": "59", "10": "59", "11": "59", "12": "03B,59", "13": "03B,59,98", "14": "03B,59,98", "15": "59,98", "16": "59,98", "17": "59,98", "18": "59,98", "19": "59,98", "20": "10A,10B,15,17,43,54,59", "21": "10A,10B,15,17,43,54,59", "22": "15,17,43,59", "23": "15,17,43,59", "24": "15,17,43,59", "25": "15,17,43,59,65", "26": "15,17,43,46,59,65", "27": "15,17,43,46,59", "28": "15,17,43,46,59", "29": "15,17,43,46,59", "30": "15,17,43,46,59", "31": "15,17,43,59", "32": "15,17,43,59", "33": "15,17,43,59", "34": "43,53A,59,61", "35": "43,53A,59,61,65", "36": "43,53A,59,61,65", "37": "59"}, "Lng": {"0": 105.93278333299999, "1": 105.93408333299999, "2": 105.93635, "3": 105.936783333, "4": 105.93883333299999, "5": 105.94043333299999, "6": 105.94165, "7": 105.939916667, "8": 105.937666667, "9": 105.93286666700001, "10": 105.92975, "11": 105.92535, "12": 105.925283333, "13": 105.91996666700001, "14": 105.91826666700001, "15": 105.914083333, "16": 105.91138333299999, "17": 105.90805, "18": 105.907266667, "19": 105.903566667, "20": 105.90704099999999, "21": 105.91156200000002, "22": 105.90641699999999, "23": 105.902966667, "24": 105.894466667, "25": 105.88425900000001, "26": 105.87241666700001, "27": 105.864983333, "28": 105.85715900000001, "29": 105.84945, "30": 105.84515, "31": 105.843883333, "32": 105.84363333299999, "33": 105.84461666700001, "34": 105.84685, "35": 105.8539, "36": 105.859033333, "37": 105.86105}, "Name": {"0": "(B) H\u1ecdc vi\u1ec7n N\u00f4ng Nghi\u1ec7p Vi\u1ec7t Nam- Tuy\u1ebfn 59", "1": "C\u00f4ng ty T\u01b0 v\u1ea5n d\u1ecbch v\u1ee5 khoa h\u1ecdc N\u00f4ng nghi\u1ec7p - Ng\u00f4 Xu\u00e2n Qu\u1ea3ng", "2": "185 Ng\u00f4 Xu\u00e2n Qu\u1ea3ng", "3": "103 Ng\u00f4 Xu\u00e2n Qu\u1ea3ng", "4": "Qua c\u1ed5ng Trung t\u00e2m d\u1ea1y ngh\u1ec1 huy\u1ec7n Gia L\u00e2m - s\u1ed1 6 C\u1ed5 Bi", "5": "\u0110\u1ed1i di\u1ec7n Tr\u01b0\u1eddng Cao \u0111\u1eb3ng ngh\u1ec1 c\u00f4ng nghi\u1ec7p H\u00e0 N\u1ed9i - C\u1ed5 Bi", "6": "T\u01b0\u1eddng r\u00e0o ch\u1ee3 V\u00e0ng - C\u1ed5 Bi", "7": "Qua c\u1ed5ng C\u00f4ng ty TNHH MTV bao b\u00ec 277 H\u00e0 N\u1ed9i - C\u1ed5 Bi", "8": "G\u1ea7n g\u1ea7m c\u1ea7u v\u01b0\u1ee3t Qu\u1ed1c l\u1ed9 1 - \u0110\u00ea V\u00e0ng", "9": "\u0110\u1ed1i di\u1ec7n tr\u01b0\u1eddng M\u1ea7m non Ph\u00fac L\u1ee3i - \u0110\u00ea V\u00e0ng", "10": "\u0110\u1ed1i di\u1ec7n UBND Ph\u01b0\u1eddng Ph\u00fac L\u1ee3i - \u0110\u00ea V\u00e0ng", "11": "\u0110\u1ed1i di\u1ec7n Tr\u01b0\u1eddng THPT Ph\u00fac L\u1ee3i", "12": "\u0110\u1ed1i di\u1ec7n ch\u1ee3 Ph\u00fac L\u1ee3i - \u0111\u01b0\u1eddng Ph\u00fac L\u1ee3i", "13": "\u0110\u1ed1i di\u1ec7n ng\u00e3 3 Hoa H\u1ed3ng ( H\u1ed9i X\u00e1)", "14": "\u0110\u1ed1i di\u1ec7n Vincom Long Bi\u00ean (tr\u01b0\u1edbc 50m ng\u00e3 3 Chu Huy M\u00e2n)", "15": "Tr\u01b0\u1edbc 50m ng\u00e3 4 Ph\u00fac L\u1ee3i - L\u01b0u Kh\u00e1nh \u0110\u00e0m", "16": "Khu BT6 - K\u0110T Vi\u1ec7t H\u01b0ng", "17": "Nh\u00e0 P6 - K\u0110T Vi\u1ec7t H\u01b0ng", "18": "Nh\u00e0 K3 - K\u0110T Vi\u1ec7t H\u01b0ng", "19": "Nh\u00e0 CT 9A K\u0110T Vi\u1ec7t H\u01b0ng", "20": "608 - 610 Ng\u00f4 Gia T\u1ef1 - g\u1ea7n \u0111\u01b0\u1eddng l\u00ean C\u1ea7u \u0110u\u1ed1ng", "21": "C\u1ea1nh \u0111\u01b0\u1eddng v\u00e0o Ph\u00f9 \u0110\u1ed5ng - 44 H\u00e0 Huy T\u1eadp", "22": "122 Thi\u00ean \u0110\u1ee9c, Y\u00ean Vi\u00ean - Qu\u1ed1c l\u1ed9 3", "23": "C\u1ea1nh ng\u00f5 v\u00e0o Cty CP v\u1eadt t\u01b0 M\u1ecf \u0110\u1ecba ch\u1ea5t - Qu\u1ed1c l\u1ed9 3", "24": "\u0110\u1ed1i di\u1ec7n C\u00f4ng ty \u0110\u00fac Mai L\u00e2m - Qu\u1ed1c l\u1ed9 3", "25": "\u0110\u1ed1i di\u1ec7n Trung t\u00e2m l\u01b0u tr\u00fa L\u1ed9c H\u00e0 - Qu\u1ed1c l\u1ed9 3", "26": "\u0110\u01b0\u1eddng v\u00e0o khu di t\u00edch C\u1ed5 Loa - Km 5 Qu\u1ed1c l\u1ed9 3", "27": "C\u00e2y \u0111a B\u00e1c H\u1ed3 - Km 5+800 Qu\u1ed1c l\u1ed9 3", "28": "C\u1ea1nh C\u00f4ng Ty B\u00ea T\u00f4ng Appha, \u0110\u00f4ng H\u1ed9i - Km 6+600 Qu\u1ed1c l\u1ed9 3", "29": "Th\u00f4n V\u1ea1n L\u1ed9c (Qua \u0111\u1ed1i di\u1ec7n ng\u00e3 3 \u0111\u01b0\u1eddng tr\u00e1nh QL5 200m)", "30": "Ng\u00e3 3 V\u0129nh Ng\u1ecdc - Km 9+230 Qu\u1ed1c l\u1ed9 3", "31": "Tr\u01b0\u1edbc c\u1ed5ng c\u00f4ng ty Minh C\u01b0\u1eddng 50m - Km 10+900 Qu\u1ed1c l\u1ed9 3", "32": "Tr\u01b0\u1edbc ng\u00e3 3 c\u00f4ng vi\u00ean C\u1ea7u \u0110\u00f4i 70m - Km11 Qu\u1ed1c l\u1ed9 3 (chi\u1ec1u H\u00e0 N\u1ed9i - \u0110\u00f4ng Anh)", "33": "\u0110\u1ed1i di\u1ec7n Cty x\u00e2y l\u1eafp \u0110i\u1ec7n 4, Th\u1ecb tr\u1ea5n \u0110\u00f4ng Anh - Km 11+100 Qu\u1ed1c l\u1ed9 3", "34": "\u0110\u1ed1i di\u1ec7n Vi\u1ec7n ki\u1ec3m so\u00e1t \u0110\u00f4ng Anh - Cao L\u1ed7", "35": "\u0110\u1ed1i di\u1ec7n s\u1ed1 03-05 Ph\u1ed1 T\u00f3, Uy N\u1ed7 - Cao L\u1ed7", "36": "S\u1ed1 94 - 98 Cao L\u1ed7", "37": "(A) \u0110\u00f4ng Anh - Tuy\u1ebfn 59"}}