{"Lat": {"0": 21.1304, "1": 21.130817, "2": 21.12445, "3": 21.1181, "4": 21.109282999999998, "5": 21.106066666700002, "6": 21.1043833333, "7": 21.1028166667, "8": 21.0972666667, "9": 21.0903666667, "10": 21.0836166667, "11": 21.0730166667, "12": 21.0656833333, "13": 21.059283333299998, "14": 21.05575, "15": 21.0514, "16": 21.0414166667, "17": 21.03013, "18": 21.023965, "19": 21.0207833333, "20": 21.0119666667, "21": 21.0056333333, "22": 21.002097, "23": 21.002627, "24": 20.9966666667, "25": 20.9915, "26": 20.9828666667, "27": 20.9770666667, "28": 20.9798833333, "29": 20.9787333333, "30": 20.9820833333, "31": 20.9814333333, "32": 20.9870166667, "33": 20.9877, "34": 20.98945, "35": 20.9906166667, "36": 20.993033333299998, "37": 20.9943166667, "38": 20.9957833333, "39": 20.99565, "40": 20.9954333333, "41": 20.992933333299998, "42": 20.9907666667, "43": 20.988566666700002, "44": 20.9852333333, "45": 20.981742999999998, "46": 20.978378, "47": 20.97385, "48": 20.972531, "49": 20.969518, "50": 20.96755, "51": 20.964783333299998, "52": 20.9620333333, "53": 20.96017, "54": 20.958085, "55": 20.954073, "56": 20.952066666700002, "57": 20.9499666667}, "BusStopCode": {"0": 2670, "1": 1442, "2": 1443, "3": 1444, "4": 1445, "5": 1446, "6": 1447, "7": 1448, "8": 3935, "9": 3936, "10": 2672, "11": 3932, "12": 2673, "13": 2674, "14": 2675, "15": 2676, "16": 3938, "17": 2677, "18": 2678, "19": 2679, "20": 2680, "21": 2681, "22": 2025, "23": 2026, "24": 3939, "25": 3940, "26": 3941, "27": 3942, "28": 3943, "29": 3944, "30": 3945, "31": 3946, "32": 3947, "33": 3948, "34": 3949, "35": 3950, "36": 3951, "37": 3952, "38": 3953, "39": 3954, "40": 2685, "41": 2686, "42": 2687, "43": 2688, "44": 2689, "45": 2690, "46": 2691, "47": 2692, "48": 643, "49": 644, "50": 645, "51": 646, "52": 647, "53": 648, "54": 649, "55": 650, "56": 1470, "57": 2643}, "FleetOver": {"0": "89", "1": "20B,89,92", "2": "20B,89,92", "3": "20B,89,92", "4": "20B,89,92", "5": "20B,89,92", "6": "20B,89,92", "7": "20B,89,92", "8": "89", "9": "89", "10": "89", "11": "89", "12": "89", "13": "89", "14": "89", "15": "89", "16": "89", "17": "89", "18": "89", "19": "89", "20": "89", "21": "89", "22": "107,74,88,89", "23": "107,74,88,89", "24": "87,89", "25": "89", "26": "89", "27": "89", "28": "89", "29": "89", "30": "89", "31": "89", "32": "89", "33": "89", "34": "89", "35": "89", "36": "89", "37": "89", "38": "89", "39": "89", "40": "57,89", "41": "57,89", "42": "57,89", "43": "57,89", "44": "57,89", "45": "19,22C,57,89", "46": "19,22C,57,89", "47": "19,22C,57,89", "48": "01,02,21A,27,33,57,89", "49": "01,02,21A,27,33,57,89", "50": "01,02,21A,27,33,57,89", "51": "01,02,105,21A,27,33,37,57,62,89", "52": "01,02,21A,27,33,37,57,62,89", "53": "01,02,21A,27,33,37,57,62,89", "54": "01,02,21A,27,33,37,57,62,89", "55": "01,02,21A,27,33,37,57,62,89,91", "56": "01,02,21A,27,33,37,57,62,89,91", "57": "89"}, "Lng": {"0": 105.509116667, "1": 105.51275, "2": 105.51968333299999, "3": 105.52618333299999, "4": 105.5345, "5": 105.539966667, "6": 105.54458333299999, "7": 105.551066667, "8": 105.555016667, "9": 105.5619, "10": 105.567016667, "11": 105.5735, "12": 105.578516667, "13": 105.57543333299999, "14": 105.5789, "15": 105.58171666700001, "16": 105.587883333, "17": 105.596608, "18": 105.60443000000001, "19": 105.608616667, "20": 105.62021666700001, "21": 105.62673333299999, "22": 105.63028, "23": 105.635779, "24": 105.6409, "25": 105.64298333299999, "26": 105.64888333299999, "27": 105.657683333, "28": 105.6669, "29": 105.67426666700001, "30": 105.68358333299999, "31": 105.689033333, "32": 105.69965, "33": 105.71035, "34": 105.72268333299999, "35": 105.72675, "36": 105.734783333, "37": 105.739616667, "38": 105.745033333, "39": 105.752433333, "40": 105.756566667, "41": 105.761316667, "42": 105.7635, "43": 105.765966667, "44": 105.76841666700001, "45": 105.77084099999999, "46": 105.77394, "47": 105.77821666700001, "48": 105.777525, "49": 105.77386000000001, "50": 105.77138333299999, "51": 105.767783333, "52": 105.764283333, "53": 105.76188799999998, "54": 105.759179, "55": 105.753901, "56": 105.75121666700001, "57": 105.747683333}, "Name": {"0": "(B) B\u1ebfn xe S\u01a1n T\u00e2y - Tuy\u1ebfn 89", "1": "\u0110\u1ed1i di\u1ec7n c\u1eeda h\u00e0ng x\u0103ng d\u1ea7u s\u1ed1 14 - QL32", "2": "\u0110\u1ed9i qu\u1ea3n l\u00fd giao th\u00f4ng 4 - QL32", "3": "\u0110\u1ed1i di\u1ec7n Tr\u01b0\u1eddng H\u1eefu Ngh\u1ecb T78 - QL32", "4": "Ng\u00e3 t\u01b0 G\u1ea1ch - Th\u1ecb tr\u1ea5n Ph\u00fac Th\u1ecd (Chi\u1ec1u \u0111i Y\u00ean Ngh\u0129a)", "5": "B\u01b0u \u0111i\u1ec7n Trung t\u00e2m Ph\u00fac Th\u1ecd - Qu\u1ed1c l\u1ed9 32", "6": "\u0110\u1ed1i di\u1ec7n tr\u1ea1m y t\u1ebf huy\u1ec7n Ph\u00fac Th\u1ecd - Qu\u1ed1c l\u1ed9 32", "7": "C\u00f4ng an huy\u1ec7n Ph\u00fac Th\u1ecd - Qu\u1ed1c l\u1ed9 32", "8": "Tr\u01b0\u1edbc Ng\u00e3 3 C\u1ea9m Thanh 50m (X\u00e3 C\u1ea9m Y\u00ean - huy\u1ec7n Th\u1ea1ch Th\u1ea5t) - \u0111\u01b0\u1eddng t\u1ec9nh l\u1ed9 419", "9": "Qua Ng\u00e3 4 Ng\u1ecdc L\u00e2u 200m (x\u00e3 \u0110\u1ea1i \u0110\u1ed3ng - huy\u1ec7n Th\u1ea1ch Th\u1ea5t) - \u0111\u01b0\u1eddng t\u1ec9nh l\u1ed9 419", "10": "C\u1ed5ng l\u00e0ng \u0110\u1ea1i \u0110\u1ed3ng ,TT Li\u00ean Quan ( Chi\u1ec1u \u0111i Y\u00ean Ngh\u0129a)", "11": "Qua 50m \u0111\u1ed1i di\u1ec7n tr\u1ea1m b\u01a1m ph\u1ed1 C\u1ea5m x\u00e3 Ph\u00fa Kim - T\u1ec9nh l\u1ed9 419", "12": "Gi\u00e1o x\u1ee9 Ph\u00fa Ngh\u0129a, TT Li\u00ean Quan (Chi\u1ec1u \u0111i Y\u00ean Ngh\u0129a)", "13": "C\u1ea7u \u0110\u1ed3ng M\u00f4 II - TT Li\u00ean Quan", "14": "UBND huy\u1ec7n Th\u1ea1ch Th\u1ea5t (Chi\u1ec1u \u0111i Y\u00ean Ngh\u0129a)", "15": "S\u1ed1 96 \u0110\u1ed3ng Cam", "16": "Khu c\u00f4ng nghi\u1ec7p Ch\u00e0ng S\u01a1n - Qua c\u00e2y x\u0103ng Kim quan 50m", "17": "L\u1ed1i r\u1ebd Ch\u00e0ng S\u01a1n", "18": "C\u1eeda h\u00e0ng x\u0103ng d\u1ea7u Th\u1ea1ch X\u00e1 (C\u1ea7u Li\u00eau)", "19": "\u0110\u1ea1i h\u1ecdc C\u00f4ng nghi\u1ec7p Vi\u1ec7t Hung", "20": "L\u00e0ng B\u00f9ng, Ph\u00f9ng X\u00e1 (Chi\u1ec1u \u0111i Y\u00ean Ngh\u0129a)", "21": "C\u00f4ng ty G\u1ed7 S\u01a1n Th\u1eafng - KCN Th\u1ea1ch Th\u1ea5t", "22": "Th\u00f4n Ng\u00f4 S\u00e0i - th\u1ecb tr\u1ea5n Qu\u1ed1c Oai - \u0110\u1ea1i l\u1ed9 Th\u0103ng Long", "23": "Khu \u0111\u00f4 th\u1ecb Ng\u00f4i nh\u00e0 m\u1edbi- \u0110\u1ea1i l\u1ed9 Th\u0103ng Long", "24": "Qua l\u1ed1i r\u1ebd v\u00e0o l\u00e0ng Du Ngh\u1ec7 x\u00e3 Ki\u1ec1u Ph\u00fa 100m", "25": "Tr\u01b0\u1edbc \u0111\u1ed1i di\u1ec7n tr\u01b0\u1eddng THPT Qu\u1ed1c Oai 50m", "26": "C\u1ed5ng l\u00e0ng Y\u00ean N\u1ed9i - \u0110\u1ed3ng Quang", "27": "Tr\u01b0\u1eddng THCS \u0110\u1ed3ng Quang (tr\u00ean \u0111\u00ea)", "28": "Qua Cty CP d\u1ecbch v\u1ee5 v\u1eadn t\u1ea3i & du l\u1ecbch H\u1ea3i Thi\u00ean 80m (\u0110\u1ed3ng L\u01b0 - \u0110\u1ed3ng Quang)", "29": "\u0110\u1ed1i di\u1ec7n c\u1eeda h\u00e0ng v\u1eadt li\u1ec7u x\u00e2y d\u1ef1ng Kh\u1eafc H\u1ea3o (\u0111\u01b0\u1eddng 72 x\u00e3 C\u1ed9ng H\u00f2a)", "30": "Qua tr\u01b0\u1eddng ti\u1ec3u h\u1ecdc V\u00e2n C\u00f4n 50m", "31": "Tr\u01b0\u1edbc \u0111\u1ed1i di\u1ec7n v\u1eadt t\u01b0 \u0111i\u1ec7n l\u1ea1nh \u0110\u1ea1i L\u1ed9c 50m (\u0111\u01b0\u1eddng 72 x\u00e3 V\u00e2n C\u00f4n)", "32": "Tr\u01b0\u1edbc \u0110\u1ed1i di\u1ec7n Cty XNK & Th\u01b0\u01a1ng M\u1ea1i Ph\u00fac T\u00e2m 100m x\u00e3 An Th\u01b0\u1ee3ng", "33": "Tr\u01b0\u1edbc Agribank Ng\u00e3i C\u1ea7u, Ho\u00e0i \u0110\u1ee9c", "34": "Trung t\u00e2m Gi\u00e1o d\u1ee5c ngh\u1ec1 nghi\u1ec7p - GDTX Ho\u00e0i \u0110\u1ee9c", "35": "Ng\u00e3i C\u1ea7u - An Kh\u00e1nh (\u0110\u1ed1i di\u1ec7n qu\u00e1n ch\u00e8 ngon 86)", "36": "Qu\u1ef9 t\u00edn d\u1ee5ng nh\u00e2n d\u00e2n D\u01b0\u01a1ng N\u1ed9i - \u0111\u01b0\u1eddng 72", "37": "Tr\u01b0\u1edbc s\u1ed1 nh\u00e0 35 \u0111\u01b0\u1eddng 72 La D\u01b0\u01a1ng, D\u01b0\u01a1ng N\u1ed9i", "38": "Tr\u01b0\u1edbc s\u1ed1 nh\u00e0 183 \u0111\u01b0\u1eddng 72 - Ph\u01b0\u1eddng T\u00e2y M\u1ed7",