{"Lat": {"0": 21.1134, "1": 21.1103833333, "2": 21.1095333333, "3": 21.1101166667, "4": 21.1131333333, "5": 21.11395, "6": 21.1138833333, "7": 21.1139333333, "8": 21.1152166667, "9": 21.11048, "10": 21.100995, "11": 21.0872, "12": 21.078635000000002, "13": 21.07235, "14": 21.069864000000003, "15": 21.060445, "16": 21.052313, "17": 21.046538, "18": 21.033539, "19": 21.027547, "20": 21.020726999999997, "21": 21.00965, "22": 21.00865, "23": 21.0003833333, "24": 20.9898333333, "25": 20.9898666667, "26": 20.98925, "27": 20.9884, "28": 20.9934333333, "29": 20.9969, "30": 21.000602999999998, "31": 21.0011833333, "32": 21.002097, "33": 21.002627, "34": 21.00271, "35": 21.002233333299998, "36": 21.003016666700002, "37": 21.003818, "38": 21.006515, "39": 21.0096333333, "40": 21.010616666700002, "41": 21.0099, "42": 21.0091, "43": 21.0081, "44": 21.0066666667, "45": 21.00481, "46": 21.0131833333, "47": 21.0164833333, "48": 21.01885, "49": 21.0229, "50": 21.027151, "51": 21.0281}, "BusStopCode": {"0": 3746, "1": 3747, "2": 3724, "3": 3725, "4": 3726, "5": 3727, "6": 3728, "7": 3729, "8": 3730, "9": 3731, "10": 3732, "11": 3733, "12": 3734, "13": 3735, "14": 3736, "15": 3737, "16": 3738, "17": 3739, "18": 3740, "19": 3741, "20": 3742, "21": 3743, "22": 3744, "23": 4169, "24": 2018, "25": 2019, "26": 2020, "27": 2021, "28": 2022, "29": 4170, "30": 2023, "31": 2024, "32": 2025, "33": 2026, "34": 2027, "35": 2028, "36": 2029, "37": 2030, "38": 2031, "39": 2032, "40": 2033, "41": 2034, "42": 2035, "43": 2036, "44": 2037, "45": 2038, "46": 155, "47": 156, "48": 576, "49": 577, "50": 578, "51": 3686}, "FleetOver": {"0": "74", "1": "74", "2": "74", "3": "74", "4": "74", "5": "74", "6": "74", "7": "74", "8": "74", "9": "74", "10": "74", "11": "74", "12": "74", "13": "74", "14": "74", "15": "74", "16": "74", "17": "74", "18": "74", "19": "74", "20": "74", "21": "107,74", "22": "107,74", "23": "107,74", "24": "107,74,88", "25": "107,74,88", "26": "107,74,88", "27": "107,74,88", "28": "107,74,88", "29": "107,74,88", "30": "107,74,88", "31": "107,74,88", "32": "107,74,88,89", "33": "107,74,88,89", "34": "107,74,87,88", "35": "107,74,87,88", "36": "107,74,87,88", "37": "107,74,87,88", "38": "107,74,87,88", "39": "107,74,87,88", "40": "107,74,87,88", "41": "107,74,87,88", "42": "107,74,87,88", "43": "107,74,87,88", "44": "107,74,87,88", "45": "107,74,87,88", "46": "50,74,88", "47": "50,74,88", "48": "103,104,21B,22B,29,30,33,35A,39,44,60A,60B,74,84,87,88", "49": "103,104,21B,22B,29,30,33,35A,39,44,46,60A,60B,74,84,87,88", "50": "103,16,21B,22B,29,30,33,34,44,46,53B,60A,60B,74,84,88", "51": "74"}, "Lng": {"0": 105.44045, "1": 105.44483333299999, "2": 105.44701666700001, "3": 105.46, "4": 105.47048333299999, "5": 105.47953333299999, "6": 105.486616667, "7": 105.49218333299999, "8": 105.495466667, "9": 105.49525600000001, "10": 105.49748600000001, "11": 105.501433333, "12": 105.502351, "13": 105.5011, "14": 105.50016299999999, "15": 105.497524, "16": 105.502242, "17": 105.506556, "18": 105.515027, "19": 105.51873, "20": 105.520348, "21": 105.52441699999999, "22": 105.5304, "23": 105.533216667, "24": 105.53815, "25": 105.55035, "26": 105.559733333, "27": 105.572483333, "28": 105.5873, "29": 105.59553333299999, "30": 105.606172, "31": 105.621833333, "32": 105.63028, "33": 105.635779, "34": 105.64833899999999, "35": 105.65806666700001, "36": 105.66885, "37": 105.677627, "38": 105.69809, "39": 105.7115, "40": 105.7188, "41": 105.73178300000001, "42": 105.7463, "43": 105.75155, "44": 105.75863333299999, "45": 105.76771299999999, "46": 105.77616666700001, "47": 105.78081666700001, "48": 105.781516667, "49": 105.77903333299999, "50": 105.77920800000001, "51": 105.7785}, "Name": {"0": "(B) Xu\u00e2n Khanh - Tuy\u1ebfn 74", "1": "\u0110\u1ed1i Di\u1ec7n \u0110\u1ea1i H\u1ecdc Vi\u1ec7t Hung", "2": "\u0110\u1ed1i di\u1ec7n nh\u00e0 thu\u1ed1c GPP s\u1ed1 5, Xu\u00e2n Khanh - \u0110\u01b0\u1eddng 414", "3": "\u0110\u1ed1i di\u1ec7n X\u01b0\u1edfng 965 khu A - \u0110\u01b0\u1eddng 414", "4": "\u0110\u1ed1i di\u1ec7n Tr\u01b0\u1eddng THCS Thanh M\u1ef9 (qua ng\u00e3 3 V\u1ecb Th\u1ee7y) - \u0110\u01b0\u1eddng 414", "5": "\u0110\u1ed1i di\u1ec7n ch\u00f9a \u0110\u00f4, Xu\u00e2n Khanh - \u0110\u01b0\u1eddng 414", "6": "\u0110\u1ed1i di\u1ec7n H\u1ecdc vi\u1ec7n Ng\u00e2n h\u00e0ng (c\u01a1 s\u1edf S\u01a1n T\u00e2y) - \u0110\u01b0\u1eddng 414", "7": "Tr\u1ea1m b\u1ea3o d\u01b0\u1ee1ng s\u1eeda ch\u1eefa t\u1ed5ng h\u1ee3p, HV Bi\u00ean Ph\u00f2ng - \u0110\u01b0\u1eddng 414", "8": "C\u00e2y X\u0103ng - C\u1ea1nh Vi\u1ec7n 105", "9": "Ng\u00e3 3 Xu\u00e2n Khanh - Qu\u1ed1c L\u1ed9 21A", "10": "\u0110\u01b0\u1eddng V\u00e0o H\u1ecdc Vi\u1ec7n Ph\u00f2ng Kh\u00f4ng Kh\u00f4ng Qu\u00e2n - Qu\u1ed1c L\u1ed9 21A", "11": "G\u1ea7n \u0110\u01b0\u1eddng V\u00e0o Tr\u01b0\u1eddng S\u1ef9 Quan Ph\u00f2ng H\u00f3a", "12": "\u0110\u1ed1i Di\u1ec7n C\u00f4ng Ty Th\u1ecbnh Th\u00e0nh", "13": "Ng\u00e3 Ba S\u01a1n \u0110\u00f4ng - V\u00f5ng Xuy\u00ean - Qu\u1ed1c L\u1ed9 21A", "14": "Qua Ng\u00e3 3 T\u00e2y S\u01a1n V\u00f5ng Xuy\u00ean - Qu\u1ed1c L\u1ed9 21A", "15": "G\u1ea7n Ng\u00e3 Ba S\u01a1n T\u00e2y \u0110\u1ed3ng M\u00f4", "16": "T\u1eadp \u0110o\u00e0n Y D\u01b0\u1ee3c B\u1ea3o Long - Qu\u1ed1c L\u1ed9 21A", "17": "Qua Ng\u00e3 T\u01b0 L\u1ee5c Qu\u00e2n", "18": "Qua C\u1ea7u H\u00f2a L\u1ea1c ( \u0110i S\u01a1n T\u00e2y ) - Qu\u1ed1c L\u1ed9 21A", "19": "Ng\u00e3 Ba S\u01a1n T\u00e2y Th\u1ea1ch Th\u1ea5t - Qu\u1ed1c L\u1ed9 21A", "20": "C\u00f4ng Ty TNHH Minh Nga - Nh\u00e0 S\u00e0n 379 - Qu\u1ed1c L\u1ed9 21A", "21": "Qua 50m \u0111\u1ed1i di\u1ec7n \u0111\u01b0\u1eddng v\u00e0o tr\u01b0\u1eddng \u0110H FPT, H\u00f2a L\u1ea1c", "22": "\u0110\u1ed1i Di\u1ec7n T\u00f2a Nh\u00e0 Viettel H\u00f2a L\u1ea1c", "23": "\u0110\u1ed1i di\u1ec7n tr\u01b0\u1eddng PTTH H\u00f2a L\u1ea1c", "24": "Khu CN cao H\u00f2a L\u1ea1c - \u0110\u1ea1i l\u1ed9 Th\u0103ng Long", "25": "Cty C\u00e1m Tr\u01b0\u1eddng Th\u1ecd - \u0110\u1ea1i l\u1ed9 Th\u0103ng Long", "26": "Th\u00f4n Khoang M\u00e1i, x\u00e3 \u0110\u1ed3ng Tr\u00fac - \u0110\u1ea1i l\u1ed9 Th\u0103ng Long", "27": "Th\u00f4n \u0110\u1ed3ng Kho, x\u00e3 \u0110\u1ed3ng Tr\u00fac - \u0110\u1ea1i l\u1ed9 Th\u0103ng Long (h\u01b0\u1edbng v\u1ec1 trung t\u00e2m th\u00e0nh ph\u1ed1)", "28": "Th\u00f4n Li\u1ec7p Mai, x\u00e3 Ng\u1ecdc Li\u1ec7p - \u0110\u1ea1i l\u1ed9 Th\u0103ng Long (h\u01b0\u1edbng v\u1ec1 trung t\u00e2m th\u00e0nh ph\u1ed1)", "29": "Tr\u01b0\u1eddng THCS Ng\u1ecdc Li\u1ec7p", "30": "Th\u00f4n \u0110\u1ed3ng B\u1ee5t, x\u00e3 Ng\u1ecdc Li\u1ec7p - \u0110\u1ea1i l\u1ed9 Th\u0103ng Long", "31": "Th\u00f4n Ng\u1ecdc Than, x\u00e3 Ng\u1ecdc M\u1ef9 - \u0110\u1ea1i l\u1ed9 Th\u0103ng Long", "32": "Th\u00f4n Ng\u00f4 S\u00e0i - th\u1ecb tr\u1ea5n Qu\u1ed1c Oai - \u0110\u1ea1i l\u1ed9 Th\u0103ng Long", "33": "Khu \u0111\u00f4 th\u1ecb Ng\u00f4i nh\u00e0 m\u1edbi- \u0110\u1ea1i l\u1ed9 Th\u0103ng Long", "34": "Ng\u00e3 3 Ch\u00f9a Th\u1ea7y - Qu\u1ed1c Oai - \u0110\u1ea1i l\u1ed9 Th\u0103ng Long", "35": "Th\u00f4n Qu\u1ea3ng Y\u00ean, Y\u00ean S\u01a1n, Qu\u1ed1c Oai - \u0110\u1ea1i l\u1ed9 Th\u0103ng Long", "36": "X\u00e3 V\u00e2n C\u00f4n, Ho\u00e0i \u0110\u1ee9c - \u0110\u1ea1i l\u1ed9 Th\u0103ng Long", "37": "Song Ph\u01b0\u01a1ng, Ho\u00e0i \u0110\u1ee9c - \u0110\u1ea1i l\u1ed9 Th\u0103ng Long", "38": "\u0110\u00ea Ph\u01b0\u01a1ng Vi\u00ean, Song Ph\u01b0\u01a1ng - \u0110\u1ea1i l\u1ed9 Th\u0103ng Long", "39": "K\u0110T Nam An Kh\u00e1nh - \u0110\u1ea1i l\u1ed9 Th\u0103ng Long", "40": "C\u1ea7u v\u01b0\u1ee3t An Kh\u00e1nh - \u0110\u1ea1i l\u1ed9 Th\u0103ng Long", "41": "C\u1ed5ng Thi\u00ean \u0110\u01b0\u1eddng B\u1ea3o S\u01a1n - \u0110\u1ea1i l\u1ed9 Th\u0103ng Long", "42": "\u0110\u01b0\u1eddng v\u00e0o UBND Ph\u01b0\u1eddng T\u00e2y M\u1ed7 - \u0110\u1ea1i l\u1ed9 Th\u0103ng Long", "43": "Qua ng\u00e3 3 L\u00e0ng Mi\u00eau Nha - \u0110\u1ea1i l\u1ed9 Th\u0103ng Long",