{"Lat": {"0": 20.9499666667, "1": 20.951423000000002, "2": 20.958052, "3": 20.9602166667, "4": 20.962585, "5": 20.9646333333, "6": 20.9671833333, "7": 20.970569, "8": 20.9724166667, "9": 20.9758333333, "10": 20.9796166667, "11": 20.9810833333, "12": 20.983451000000002, "13": 20.985698, "14": 20.9857833333, "15": 20.9880666667, "16": 20.99145, "17": 20.99295, "18": 20.9951, "19": 21.00655, "20": 21.009083333299998, "21": 21.0127666667, "22": 21.015587, "23": 21.01885, "24": 21.0229, "25": 21.027151, "26": 21.0344, "27": 21.0406, "28": 21.0460166667, "29": 21.0460333333, "30": 21.046, "31": 21.046031, "32": 21.046083, "33": 21.0498166667, "34": 21.0528333333, "35": 21.0594, "36": 21.064276, "37": 21.068233}, "BusStopCode": {"0": 2829, "1": 1487, "2": 651, "3": 652, "4": 653, "5": 654, "6": 655, "7": 656, "8": 657, "9": 801, "10": 802, "11": 803, "12": 2843, "13": 1928, "14": 2909, "15": 3172, "16": 708, "17": 3173, "18": 3174, "19": 3175, "20": 3176, "21": 574, "22": 575, "23": 576, "24": 577, "25": 578, "26": 580, "27": 593, "28": 238, "29": 229, "30": 230, "31": 231, "32": 232, "33": 311, "34": 305, "35": 306, "36": 853, "37": 1800}, "FleetOver": {"0": "33", "1": "01,02,21A,27,33,37,57,62,89,91", "2": "01,02,21A,27,33,37,57,62,89", "3": "01,02,21A,27,33,37,57,62,89", "4": "01,02,105,21A,27,33,37,57,62,89", "5": "01,02,105,21A,27,33,37,57,62,89", "6": "01,02,21A,27,33,57,89", "7": "01,02,21A,27,33,57,89", "8": "01,02,21A,27,33,57,89", "9": "01,02,103,105,106,19,21A,22B,22C,27,33", "10": "01,02,103,105,106,19,21A,22B,22C,27,33,39,85", "11": "01,02,103,105,19,21A,22B,22C,27,33,39", "12": "103,33,85", "13": "103,33,85", "14": "103,33,85", "15": "103,33", "16": "103,33,85", "17": "33", "18": "33", "19": "33", "20": "33", "21": "103,21B,22B,33,35A,39,50,60A,60B,87", "22": "103,21B,22B,33,35A,39,50,60A,60B,87", "23": "103,104,21B,22B,29,30,33,35A,39,44,60A,60B,74,84,87,88", "24": "103,104,21B,22B,29,30,33,35A,39,44,46,60A,60B,74,84,87,88", "25": "103,16,21B,22B,29,30,33,34,44,46,53B,60A,60B,74,84,88", "26": "16,29,33,34,35A,46,53B,60A,60B,61,97", "27": "33,46,60A,60B,61", "28": "07,14,14CT,33", "29": "07,14,14CT,33,38,45", "30": "07,14,14CT,33,38,45", "31": "07,14,14CT,33,38,45", "32": "13,14,14CT,33,45,96", "33": "13,25,33,55,55B,90", "34": "13,25,33,55,55B,90", "35": "13,25,33,55,55B,90", "36": "33", "37": "33"}, "Lng": {"0": 105.747683333, "1": 105.750547, "2": 105.759623, "3": 105.76245, "4": 105.76546, "5": 105.76803333299999, "6": 105.7714, "7": 105.775677, "8": 105.77783333299999, "9": 105.7826, "10": 105.78745, "11": 105.7892, "12": 105.788546, "13": 105.78388700000001, "14": 105.78038333299999, "15": 105.77975, "16": 105.78433333299999, "17": 105.77866666700001, "18": 105.7786, "19": 105.782283333, "20": 105.7832, "21": 105.78646666700001, "22": 105.784246, "23": 105.781516667, "24": 105.77903333299999, "25": 105.77920800000001, "26": 105.78043333299999, "27": 105.781033333, "28": 105.78375, "29": 105.787066667, "30": 105.7922, "31": 105.796345, "32": 105.80113300000001, "33": 105.80725, "34": 105.80916666700001, "35": 105.80898333299999, "36": 105.806393, "37": 105.80303300000001}, "Name": {"0": "(A) B\u1ebfn xe Y\u00ean Ngh\u0129a - Tuy\u1ebfn 33", "1": "Tr\u01b0\u1eddng trung c\u1ea5p Kinh t\u1ebf - T\u00e0i ch\u00ednh H\u00e0 N\u1ed9i", "2": "807 Quang Trung - H\u00e0 \u0110\u00f4ng", "3": "707-709 Quang Trung, H\u00e0 \u0110\u00f4ng (c\u1ed9t m\u1ed1c H3/15)", "4": "Qua ng\u00e3 t\u01b0 Quang Trung, L\u00ea Tr\u1ecdng T\u1ea5n - 521 Quang Trung (H\u00e0 \u0110\u00f4ng)", "5": "\u0110\u1ed1i di\u1ec7n \u0111\u01b0\u1eddng v\u00e0o ch\u1ee3 La Kh\u00ea (Qua Ga metro La Kh\u00ea) - 405 Quang Trung (H\u00e0 \u0110\u00f4ng)", "6": "267 Quang Trung - H\u00e0 \u0110\u00f4ng", "7": "85 Quang Trung (H\u00e0 \u0110\u00f4ng) - \u0110\u00ecnh C\u1ea7u \u0110\u01a1", "8": "15 Quang Trung - H\u00e0 \u0110\u00f4ng", "9": "Li\u00ean minh c\u00e1c HTX H\u00e0 N\u1ed9i - S\u1ed1 1 Tr\u1ea7n Ph\u00fa (H\u00e0 \u0110\u00f4ng)", "10": "Si\u00eau th\u1ecb Nguy\u1ec5n Kim - Km10 Nguy\u1ec5n Tr\u00e3i (H\u00e0 \u0110\u00f4ng)", "11": "\u0110\u1ea1i h\u1ecdc Ki\u1ebfn Tr\u00fac - Tr\u1ea7n Ph\u00fa (H\u00e0 \u0110\u00f4ng)", "12": "Nh\u00e0 BT01 B\u1eafc H\u00e0 - \u0111\u01b0\u1eddng Nguy\u1ec5n V\u0103n L\u1ed9c", "13": "\u0110\u1ed1i di\u1ec7n UBND ph\u01b0\u1eddng M\u1ed7 Lao - \u0111\u01b0\u1eddng Nguy\u1ec5n V\u0103n L\u1ed9c", "14": "Tr\u01b0\u1edbc c\u1ea7u M\u1ed7 Lao 100m", "15": "Qua nh\u00e0 ch\u1edd BRT M\u1ed7 Lao 30m", "16": "Tr\u01b0\u1edbc ng\u00e3 4 Trung V\u0103n - T\u1ed1 H\u1eefu 100m", "17": "\u0110\u1ed1i di\u1ec7n s\u1ed1 8-BT4-1 K\u0110T Trung V\u0103n - \u0111\u01b0\u1eddng Trung V\u0103n", "18": "Tr\u01b0\u1edbc t\u00f2a nh\u00e0 17T1 \u0111\u01b0\u1eddng C\u01b0\u01a1ng Ki\u00ean", "19": "\u0110\u1ed1i di\u1ec7n s\u1ed1 42 \u0111\u01b0\u1eddng Mi\u1ebfu \u0110\u1ea7m", "20": "\u0110\u1ed1i di\u1ec7n s\u1ed1 nh\u00e0 3 L\u00f4 A \u0111\u01b0\u1eddng \u0110\u1ed7 \u0110\u1ee9c D\u1ee5c", "21": "Qua 130m Doanh tr\u1ea1i B\u1ed9 ch\u1ec9 huy qu\u00e2n s\u1ef1 HN - 99A Ph\u1ea1m H\u00f9ng", "22": "T\u00f2a nh\u00e0 Landmark 72 - \u0111\u01b0\u1eddng Ph\u1ea1m H\u00f9ng", "23": "\u0110\u1ed1i di\u1ec7n nh\u00e0 CT5 K\u0110T S\u00f4ng \u0110\u00e0 M\u1ef9 \u0110\u00ecnh - Ph\u1ea1m H\u00f9ng", "24": "Qua ng\u00e3 4 Ph\u1ea1m H\u00f9ng - \u0110\u00ecnh Th\u00f4n (H\u01b0\u1edbng \u0111i Ph\u1ea1m V\u0103n \u0110\u1ed3ng)", "25": "\u0110\u1ed1i di\u1ec7n B\u1ebfn xe kh\u00e1ch M\u1ef9 \u0110\u00ecnh - Ph\u1ea1m H\u00f9ng (c\u1ed9t tr\u01b0\u1edbc)", "26": "\u0110\u1ed1i di\u1ec7n B\u1ec7nh vi\u1ec7n \u0111a khoa y h\u1ecdc c\u1ed5 truy\u1ec1n - Ph\u1ea1m H\u00f9ng", "27": "\u0110H S\u01b0 ph\u1ea1m Ngo\u1ea1i ng\u1eef - \u0110\u1ed1i di\u1ec7n s\u1ed1 9 Ph\u1ea1m V\u0103n \u0110\u1ed3ng", "28": "Tr\u1ea1m trung chuy\u1ec3n xe bu\u00fdt Ho\u00e0ng Qu\u1ed1c Vi\u1ec7t (c\u1ed9t sau) - chi\u1ec1u \u0111i B\u01b0\u1edfi", "29": "H\u1ecdc vi\u1ec7n Ch\u00ednh tr\u1ecb Qu\u1ed1c Gia H\u1ed3 Ch\u00ed Minh (\u0110\u1ed1i di\u1ec7n 108 Ho\u00e0ng Qu\u1ed1c Vi\u1ec7t)", "30": "Cao \u0111\u1eb3ng s\u01b0 ph\u1ea1m m\u1eabu gi\u00e1o Trung \u01b0\u01a1ng - 387 Ho\u00e0ng Qu\u1ed1c Vi\u1ec7t", "31": "247-249 Ho\u00e0ng Qu\u1ed1c Vi\u1ec7t", "32": "G\u1ea7n H\u1ecdc vi\u1ec7n Qu\u1ed1c Ph\u00f2ng - 91 Ho\u00e0ng Qu\u1ed1c Vi\u1ec7t", "33": "50 - 52 L\u1ea1c Long Qu\u00e2n", "34": "196 L\u1ea1c Long Qu\u00e2n - Tr\u01b0\u1eddng m\u1ea7m non Hoa H\u1ed3ng", "35": "G\u1ea7n ng\u00e3 3 Xu\u00e2n La 40m - L\u1ea1c Long Qu\u00e2n (H\u1ed3 T\u00e2y)", "36": "Tr\u01b0\u1eddng THCS Xu\u00e2n La - 22 Xu\u00e2n La", "37": "(B) Xu\u00e2n \u0110\u1ec9nh - \u0110H N\u1ed9i V\u1ee5 - Tuy\u1ebfn 33"}}