{"Lat": {"0": 21.026617, "1": 21.002133333299998, "2": 21.0015, "3": 20.9965, "4": 20.992616666700002, "5": 20.9884, "6": 20.983966666700002, "7": 20.9828166667, "8": 20.9838666667, "9": 20.9850666667, "10": 20.9869666667, "11": 20.98645, "12": 20.9836833333, "13": 20.9838166667, "14": 20.9837833333, "15": 20.9803833333, "16": 20.9762666667, "17": 20.9717833333, "18": 20.9659, "19": 20.9661166667, "20": 20.9664666667, "21": 20.9660166667, "22": 20.965, "23": 20.9654666667, "24": 20.9646166667, "25": 20.9632166667, "26": 20.95995, "27": 20.957139, "28": 20.9593, "29": 20.961914, "30": 20.964648999999998, "31": 20.96725, "32": 20.97015, "33": 20.9726666667, "34": 20.9758333333, "35": 20.9796166667, "36": 20.979275, "37": 20.9811833333}, "BusStopCode": {"0": 4132, "1": 505, "2": 506, "3": 4133, "4": 4134, "5": 4135, "6": 4136, "7": 4137, "8": 4138, "9": 4139, "10": 4140, "11": 4141, "12": 3279, "13": 3280, "14": 4142, "15": 162, "16": 163, "17": 164, "18": 3869, "19": 118, "20": 119, "21": 4143, "22": 494, "23": 4144, "24": 4145, "25": 4146, "26": 278, "27": 616, "28": 1055, "29": 1056, "30": 1057, "31": 624, "32": 625, "33": 626, "34": 801, "35": 802, "36": 799, "37": 4118}, "FleetOver": {"0": "106", "1": "106,48", "2": "106,48", "3": "106", "4": "106", "5": "106", "6": "04,106", "7": "106", "8": "106", "9": "106", "10": "106", "11": "106", "12": "106,42,99", "13": "106,42,99", "14": "106,42", "15": "03B,06A,06B,06C,06D,06E,08A,08ACT,08B,08BCT,106,12,16,21B,22C", "16": "03B,06A,06B,06C,06D,06E,08A,08ACT,08B,08BCT,101,106,12,16,21B,22C,29,36,36CT,37,94", "17": "03B,06A,06B,06C,06D,06E,08A,08ACT,08B,08BCT,101,106,12,16,21B,22C,29,36,36CT,37,94", "18": "106,37", "19": "106,37,60A", "20": "106,37,60A", "21": "106", "22": "05,106,36,36CT,37,60A,84", "23": "106", "24": "106", "25": "106", "26": "106,37", "27": "106,37,39,62", "28": "106,37,39,62", "29": "106,37,39,62", "30": "103,105,106,22B,37,39,62", "31": "103,105,106,22B,37,39,62", "32": "103,105,106,22B,37,62", "33": "103,105,106,22B", "34": "01,02,103,105,106,19,21A,22B,22C,27,33", "35": "01,02,103,105,106,19,21A,22B,22C,27,33,39,85", "36": "01,02,103,105,106,19,21A,22B,22C,27,33,85", "37": "106"}, "Lng": {"0": 105.89933300000001, "1": 105.87545, "2": 105.8777, "3": 105.8799, "4": 105.8796, "5": 105.87748333299999, "6": 105.87455, "7": 105.871833333, "8": 105.86763333299999, "9": 105.86291666700001, "10": 105.858433333, "11": 105.85535, "12": 105.853283333, "13": 105.84885, "14": 105.844333333, "15": 105.84085, "16": 105.84078333299999, "17": 105.84076666700001, "18": 105.840966667, "19": 105.83815, "20": 105.835066667, "21": 105.831533333, "22": 105.82665, "23": 105.8234, "24": 105.82026666700001, "25": 105.817466667, "26": 105.812216667, "27": 105.807965, "28": 105.8039, "29": 105.798975, "30": 105.793957, "31": 105.789083333, "32": 105.784466667, "33": 105.78258333299999, "34": 105.7826, "35": 105.78745, "36": 105.786454, "37": 105.78416666700001}, "Name": {"0": "(B) TTTM Aeon Mall Long Bi\u00ean - Tuy\u1ebfn 106", "1": "Qua \u0111\u01b0\u1eddng d\u1eabn l\u00ean c\u1ea7u V\u0129nh Tuy - h\u01b0\u1edbng \u0111i Th\u1ea1ch B\u00e0n - Nguy\u1ec5n Kho\u00e1i", "2": "510 Nguy\u1ec5n Kho\u00e1i - \u0110H Kinh Doanh C\u00f4ng Ngh\u1ec7 HN", "3": "Qua 20m ng\u00f5 321 V\u0129nh H\u01b0ng", "4": "Tr\u01b0\u1edbc s\u1ed1 303 V\u0129nh H\u01b0ng", "5": "S\u1ed1 193 V\u0129nh H\u01b0ng", "6": "Gi\u1eefa s\u1ed1 291 - 293 L\u0129nh Nam", "7": "\u0110\u1ed1i di\u1ec7n C\u00f4ng ty TNHH T\u00fa Anh - KCN V\u0129nh H\u01b0ng", "8": "\u0110\u1ed1i di\u1ec7n t\u00f2a nh\u00e0 Nam H\u1ea3i Lakeview - K\u0110T V\u0129nh Ho\u00e0ng", "9": "\u0110\u1ed1i di\u1ec7n l\u00f4 5 \u0110\u1ec1n L\u1eeb 1 - \u0111\u01b0\u1eddng Ho\u00e0ng Mai", "10": "S\u1ed1 130 \u0110\u1ec1n L\u1eeb 2", "11": "S\u1ed1 124 H\u1ed3 \u0110\u1ec1n L\u1eeb", "12": "C\u00f4ng vi\u00ean h\u1ed3 \u0110\u1ec1n L\u1eeb", "13": "Tr\u01b0\u1eddng THCS T\u00e2n Mai", "14": "S\u1ed1 79 Kim \u0110\u1ed3ng", "15": "\u0110\u1ed1i di\u1ec7n B\u1ebfn xe Gi\u00e1p B\u00e1t - Gi\u1ea3i Ph\u00f3ng", "16": "Ga Gi\u00e1p B\u00e1t - \u0110\u1ed1i di\u1ec7n 1035 Gi\u1ea3i Ph\u00f3ng", "17": "\u0110\u1ed1i di\u1ec7n 1251 Gi\u1ea3i Ph\u00f3ng", "18": "Ng\u00e3 4 Gi\u1ea3i Ph\u00f3ng - Ho\u00e0ng Li\u1ec7t", "19": "H\u00e8 tr\u01b0\u1edbc t\u01b0\u1ee3ng \u0111\u00e0i Li\u1ec7t s\u0129 ph\u01b0\u1eddng Ho\u00e0ng Li\u1ec7t 30m", "20": "UBND ph\u01b0\u1eddng Ho\u00e0ng Li\u1ec7t", "21": "\u0110\u1ed1i di\u1ec7n Trung t\u00e2m ch\u0103m s\u00f3c kh\u00e1ch h\u00e0ng - T\u1ed5ng c\u00f4ng ty \u0111i\u1ec7n l\u1ef1c mi\u1ec1n B\u1eafc", "22": "\u0110\u1ed1i di\u1ec7n Tr\u1ea1m c\u1ea5p n\u01b0\u1edbc Linh \u0110\u00e0m (\u0111\u1ed1i di\u1ec7n chung c\u01b0 HH1C) - Nguy\u1ec5n H\u1eefu Th\u1ecd", "23": "Nh\u00e0 CT3C X2 B\u1eafc Linh \u0110\u00e0m", "24": "Qua 15m \u0111\u1ed1i di\u1ec7n ng\u00f5 15 B\u1eb1ng Li\u1ec7t", "25": "S\u1ed1 6 Thanh Li\u1ec7t", "26": "Trung t\u00e2m XNK X\u00e2y d\u1ef1ng Vimeco - Kim Giang", "27": "30 C\u1ea7u B\u01b0\u01a1u (CH \u0111i\u1ec7n l\u1ea1nh H\u1ed3ng S\u0129)", "28": "12 C\u1ea7u B\u01b0\u01a1u - \u0110\u1ed1i di\u1ec7n Cty x\u00e2y d\u1ef1ng s\u1ed1 1", "29": "\u0110\u1ed1i di\u1ec7n C\u00f4ng ty TNHN th\u01b0\u01a1ng m\u1ea1i \u0110\u00e0 L\u1ea1t - C\u1ea7u B\u01b0\u01a1u", "30": "\u0110\u1ed1i di\u1ec7n T\u00f2a nh\u00e0 CT2 Chung c\u01b0 vi\u1ec7n b\u1ecfng, g\u1ea7n ng\u00e3 ba Y\u00ean X\u00e1 - Ph\u00f9ng H\u01b0ng (H\u00e0 \u0110\u00f4ng)", "31": "Vi\u1ec7n 103 - Ph\u00f9ng H\u01b0ng (H\u00e0 \u0110\u00f4ng)", "32": "C\u00f4ng ty CP X\u00e2y l\u1eafp \u0111i\u1ec7n H\u00e0 T\u00e2y - 113 Ph\u00f9ng H\u01b0ng (H\u00e0 \u0110\u00f4ng)", "33": "Trung t\u00e2m V\u0103n h\u00f3a Th\u00f4ng tin - Ph\u00f9ng H\u01b0ng (H\u00e0 \u0110\u00f4ng)", "34": "Li\u00ean minh c\u00e1c HTX H\u00e0 N\u1ed9i - S\u1ed1 1 Tr\u1ea7n Ph\u00fa (H\u00e0 \u0110\u00f4ng)", "35": "Si\u00eau th\u1ecb Nguy\u1ec5n Kim - Km10 Nguy\u1ec5n Tr\u00e3i (H\u00e0 \u0110\u00f4ng)", "36": "100 Tr\u1ea7n Ph\u00fa (H\u00e0 \u0110\u00f4ng)", "37": "(A) Khu \u0111\u00f4 th\u1ecb M\u1ed7 Lao - Tuy\u1ebfn 106"}}