{"Lat": {"0": 20.97985, "1": 20.9803833333, "2": 20.9762666667, "3": 20.9717833333, "4": 20.964876999999998, "5": 20.960063, "6": 20.9549833333, "7": 20.9521333333, "8": 20.94655, "9": 20.9422833333, "10": 20.9389, "11": 20.9353, "12": 20.9321833333, "13": 20.9268, "14": 20.923066666700002, "15": 20.918665, "16": 20.912233333299998, "17": 20.9075166667, "18": 20.9033833333, "19": 20.89355, "20": 20.8883, "21": 20.8799333333, "22": 20.87465, "23": 20.8716166667, "24": 20.8708666667, "25": 20.86915, "26": 20.8669166667, "27": 20.8684, "28": 20.8671666667}, "BusStopCode": {"0": 1682, "1": 162, "2": 163, "3": 164, "4": 429, "5": 430, "6": 431, "7": 432, "8": 433, "9": 434, "10": 435, "11": 436, "12": 437, "13": 438, "14": 1224, "15": 1225, "16": 1226, "17": 1228, "18": 1227, "19": 1229, "20": 1230, "21": 1231, "22": 1232, "23": 1489, "24": 1490, "25": 1491, "26": 1492, "27": 1493, "28": 1748}, "FleetOver": {"0": "06B", "1": "03B,06A,06B,06C,06D,06E,08A,08ACT,08B,08BCT,106,12,16,21B,22C", "2": "03B,06A,06B,06C,06D,06E,08A,08ACT,08B,08BCT,101,106,12,16,21B,22C,29,36,36CT,37,94", "3": "03B,06A,06B,06C,06D,06E,08A,08ACT,08B,08BCT,101,106,12,16,21B,22C,29,36,36CT,37,94", "4": "03B,04,06A,06B,06C,06D,06E,08A,08ACT,101,106,12,16,37,60A,60B,94,99", "5": "03B,04,06A,06B,06C,06D,06E,08A,08ACT,101,106,12,16,37,48,60A,60B,94,99", "6": "06A,06B,06C,06D,06E,08A,08ACT,101,12,94", "7": "06A,06B,06C,06D,06E,08A,08ACT,101,12,94", "8": "06A,06B,06C,06D,06E,08A,08ACT,101,12,39,94", "9": "06A,06B,06C,06D,06E,08A,08ACT,101,12,62,94", "10": "06A,06B,06C,06D,06E,08A,08ACT,101,12,62,94", "11": "06A,06B,06C,06D,06E,08A,08ACT,101,12,62,94", "12": "06A,06B,06C,06D,06E,08A,08ACT,101,12,62,94", "13": "06A,06B,06C,06D,06E,08A,08ACT,101,12,62,94", "14": "06A,06B,06C,06D,06E,101,62,94", "15": "06A,06B,06C,06D,06E,101,62,94", "16": "06A,06B,06C,06D,06E,101,62,94", "17": "06A,06B,06C,06D,06E,101,62,94", "18": "06A,06B,06C,06D,06E,101,62,94", "19": "06A,06B,06C,06D,06E,101,62,94", "20": "06A,06B,06C,06D,06E,101,62,94", "21": "06A,06B,06C,06D,06E,101,62,94", "22": "06A,06B,06C,06D,06E,101,62,94", "23": "06B", "24": "06B", "25": "06B", "26": "06B", "27": "06B", "28": "06B"}, "Lng": {"0": 105.841916667, "1": 105.84085, "2": 105.84078333299999, "3": 105.84076666700001, "4": 105.84183200000001, "5": 105.84218600000001, "6": 105.84321666700001, "7": 105.84381666700001, "8": 105.84416666700001, "9": 105.84386666700001, "10": 105.84428333299999, "11": 105.845733333, "12": 105.846966667, "13": 105.8493, "14": 105.8516, "15": 105.85230800000001, "16": 105.85238333299999, "17": 105.85265, "18": 105.8531, "19": 105.85606666700001, "20": 105.857733333, "21": 105.86035, "22": 105.86303333299999, "23": 105.869283333, "24": 105.875, "25": 105.884166667, "26": 105.8932, "27": 105.9036, "28": 105.91255}, "Name": {"0": "(A) BX Gi\u00e1p B\u00e1t - Tuy\u1ebfn 6B", "1": "\u0110\u1ed1i di\u1ec7n B\u1ebfn xe Gi\u00e1p B\u00e1t - Gi\u1ea3i Ph\u00f3ng", "2": "Ga Gi\u00e1p B\u00e1t - \u0110\u1ed1i di\u1ec7n 1035 Gi\u1ea3i Ph\u00f3ng", "3": "\u0110\u1ed1i di\u1ec7n 1251 Gi\u1ea3i Ph\u00f3ng", "4": "\u0110\u1ed1i di\u1ec7n T\u1eadp th\u1ec3 B\u1ebfn xe N\u01b0\u1edbc ng\u1ea7m H\u00e0 N\u1ed9i - Ng\u1ecdc H\u1ed3i", "5": "Tr\u01b0\u1eddng PTTH Vi\u1ec7t Nam Balan (\u0110\u1ed1i di\u1ec7n Kh\u00e1ch s\u1ea1n Nam Th\u00e0nh) - Ng\u1ecdc H\u1ed3i", "6": "Qua \u0111\u01b0\u1eddng v\u00e0o B\u1ec7nh vi\u1ec7n \u0111a khoa Th\u0103ng Long 60m - \u0110\u1ed1i di\u1ec7n 171 Ng\u1ecdc H\u1ed3i", "7": "\u0110\u1ed1i di\u1ec7n TCT c\u01a1 \u0111i\u1ec7n n\u00f4ng nghi\u1ec7p & Th\u1ee7y l\u1ee3i (V\u0103n \u0110i\u1ec3n) - 264 Ng\u1ecdc H\u1ed3i", "8": "\u0110\u1ed1i di\u1ec7n Tr\u1ee5 s\u1edf H\u0110ND huy\u1ec7n Thanh Tr\u00ec - Ng\u1ecdc H\u1ed3i", "9": "Qua ng\u00e3 3 Ng\u1ecdc H\u1ed3i - Phan Tr\u1ecdng Tu\u1ec7 100m - Ng\u1ecdc H\u1ed3i", "10": "Qua Khu t\u1eadp th\u1ec3 LIC\u00d4LA 100m - Ng\u1ecdc H\u1ed3i", "11": "G\u1ea7n ng\u00e3 3 \u0111\u01b0\u1eddng Qu\u1ef3nh \u0110\u00f4 - Ng\u1ecdc H\u1ed3i", "12": "Qua C\u00f4ng ty CP V\u1eadn t\u1ea3i & D\u1ecbch v\u1ee5 TS 15m - Ng\u1ecdc H\u1ed3i", "13": "Vi\u1ec7n nghi\u00ean c\u1ee9u tr\u1ed3ng & ph\u00e1t tri\u1ec3n c\u00e2y thu\u1ed1c", "14": "\u0110\u1ed9i 7 Th\u00f4n Ng\u1ecdc H\u1ed3i - Km 186+350 Qu\u1ed1c L\u1ed9 1A", "15": "C\u1ee5m C\u00f4ng nghi\u1ec7p v\u1eeba v\u00e0 nh\u1ecf Ng\u1ecdc H\u1ed3i - Km 186+900 Qu\u1ed1c L\u1ed9 1A", "16": "C\u00e1ch \u0111\u01b0\u1eddng v\u00e0o UBND x\u00e3 Li\u00ean Ninh 60m - Km 187+680 Qu\u1ed1c L\u1ed9 1A", "17": "\u0110\u1ed1i di\u1ec7n C\u00e2y x\u0103ng Li\u00ean Ninh - Qu\u1ed1c L\u1ed9 1A", "18": "Qua l\u1ed1i r\u1ebd v\u00e0o \u0110\u00ecnh \u0111\u1ec1n l\u00e0ng Y\u00ean Ph\u00fa 100m (Chi\u1ec1u Ga HN-Th\u01b0\u1eddng T\u00edn) - Qu\u1ed1c l\u1ed9 1A", "19": "\u0110\u01b0\u1eddng v\u00e0o X\u00ed Nghi\u1ec7p 198 - Km 189+780 Qu\u1ed1c L\u1ed9 1A", "20": "\u0110\u01b0\u1eddng v\u00e0o Tr\u1ea1i t\u1ea1m giam s\u1ed1 2 - Km 190+380 Qu\u1ed1c L\u1ed9 1A", "21": "Qua l\u1ed1i r\u1ebd tr\u1ea1m bi\u1ebfn \u00e1p 500KV (Khu Ga Th\u01b0\u1eddng T\u00edn) 50m - Km 191+360 Qu\u1ed1c L\u1ed9 1A", "22": "165 Th\u1ecb tr\u1ea5n Th\u01b0\u1eddng T\u00edn - Km 192 Qu\u1ed1c L\u1ed9 1A", "23": "G\u1ea7n c\u1eeda h\u00e0ng th\u1eddi trang Zulia\u2019s (\u0111\u1ed1i di\u1ec7n c\u1ed9t m\u1ed1c H5/12) - TL 427", "24": "Qua Si\u00eau th\u1ecb Lanchi Mart 100m - c\u1ea1nh c\u1ed9t m\u1ed1c H1/13 - TL 427", "25": "C\u1ea1nh c\u1eeda h\u00e0ng \u0111\u1ed3 g\u1ed7 \u0110i\u1ec7p Trang (\u0111\u1ed1i di\u1ec7n c\u1ed9t m\u1ed1c H1/14) - TL 427", "26": "Tr\u01b0\u1edbc nh\u00e0 70 - 72 Th\u00f4n V\u00e2n Ho\u00e0  X\u00e3 V\u00e2n T\u1ea3o (\u0110\u01b0\u1eddng 71) - TL 427", "27": "\u0110\u1ed1i di\u1ec7n Tr\u01b0\u1eddng m\u1ea7m non t\u01b0 th\u1ee5c B\u00ecnh Minh - TL 427", "28": "(B) H\u1ed3ng V\u00e2n (Th\u01b0\u1eddng T\u00edn) - Tuy\u1ebfn 6B"}}