{"Lat": {"0": 21.0281, "1": 21.027151, "2": 21.0344, "3": 21.036516666700003, "4": 21.036351999999997, "5": 21.0325666667, "6": 21.0287166667, "7": 21.029424, "8": 21.030694, "9": 21.03134, "10": 21.032267, "11": 21.0311166667, "12": 21.029533333299998, "13": 21.028361999999998, "14": 21.0241, "15": 21.025, "16": 21.0238166667, "17": 21.02365, "18": 21.026733333299997, "19": 21.031982, "20": 21.0345833333, "21": 21.037567000000003, "22": 21.0423833333, "23": 21.045683333299998, "24": 21.04905, "25": 21.0478833333}, "BusStopCode": {"0": 1692, "1": 578, "2": 580, "3": 2113, "4": 2114, "5": 58, "6": 64, "7": 282, "8": 283, "9": 284, "10": 286, "11": 530, "12": 531, "13": 532, "14": 396, "15": 177, "16": 178, "17": 606, "18": 391, "19": 190, "20": 188, "21": 770, "22": 555, "23": 556, "24": 455, "25": 1741}, "FleetOver": {"0": "34", "1": "103,16,21B,22B,29,30,33,34,44,46,53B,60A,60B,74,84,88", "2": "16,29,33,34,35A,46,53B,60A,60B,61,97", "3": "16,20A,20B,26,32,34,49", "4": "16,20A,20B,26,32,34,49", "5": "07,16,20A,20B,26,27,28,32,34,49", "6": "105,26,27,28,32,34,38,49", "7": "09,09CT,27,28,32,34,38", "8": "107,22A,25,32,34,38,90", "9": "107,22A,25,32,34,38,90", "10": "18,22A,32,34,38", "11": "18,22A,32,34,38", "12": "02,18,23,32,34,38,45", "13": "02,23,34,45", "14": "34,45,49,86,86CT", "15": "02,09,09CT,34,36,36CT,40", "16": "02,09CT,34,40", "17": "02,04,08ACT,08BCT,09CT,11,31,34,35A,40,49,86CT", "18": "04,08ACT,08BCT,09CT,11,14CT,18,23,31,34", "19": "04,08A,08ACT,08B,08BCT,11,14CT,18,23,31,34,86,86CT", "20": "04,08A,08ACT,08B,08BCT,11,14,14CT,18,23,31,34", "21": "01,03,100,10B,11,14,14CT,17,18,22A,23,34,47A,54,98", "22": "03,100,10A,17,34,43,48,54,65", "23": "01,03,100,10A,10B,17,22A,34,42,43,48,54,65", "24": "01,03,11,22A,34", "25": "34"}, "Lng": {"0": 105.7785, "1": 105.77920800000001, "2": 105.78043333299999, "3": 105.78431666700001, "4": 105.788399, "5": 105.7986, "6": 105.803666667, "7": 105.80879399999999, "8": 105.818767, "9": 105.82303200000001, "10": 105.829473, "11": 105.83365, "12": 105.83895, "13": 105.842983, "14": 105.847967, "15": 105.85013333299999, "16": 105.85406666700001, "17": 105.856816667, "18": 105.85621666700001, "19": 105.855672, "20": 105.8547, "21": 105.85275, "22": 105.87076666700001, "23": 105.875983333, "24": 105.87596666700001, "25": 105.878583333}, "Name": {"0": "(A) BX M\u1ef9 \u0110\u00ecnh - Tuy\u1ebfn 34", "1": "\u0110\u1ed1i di\u1ec7n B\u1ebfn xe kh\u00e1ch M\u1ef9 \u0110\u00ecnh - Ph\u1ea1m H\u00f9ng (c\u1ed9t tr\u01b0\u1edbc)", "2": "\u0110\u1ed1i di\u1ec7n B\u1ec7nh vi\u1ec7n \u0111a khoa y h\u1ecdc c\u1ed5 truy\u1ec1n - Ph\u1ea1m H\u00f9ng", "3": "S\u1ed1 197-199 Xu\u00e2n Th\u1ee7y (\u0110\u1ed1i di\u1ec7n \u0110\u1ea1i h\u1ecdc S\u01b0 ph\u1ea1m H\u00e0 N\u1ed9i)", "4": "S\u1ed1 79 Xu\u00e2n Th\u1ee7y (\u0110\u1ed1i di\u1ec7n H\u1ecdc vi\u1ec7n B\u00e1o ch\u00ed v\u00e0 Tuy\u00ean truy\u1ec1n)", "5": "165 C\u1ea7u Gi\u1ea5y - B\u01b0u \u0111i\u1ec7n C\u1ea7u Gi\u1ea5y", "6": "\u0110i\u1ec3m trung chuy\u1ec3n C\u1ea7u Gi\u1ea5y - GTVT 02", "7": "593 - 595 Kim M\u00e3", "8": "116 A5 T\u1eadp th\u1ec3 Gi\u1ea3ng V\u00f5 - Kim M\u00e3", "9": "211 Kim M\u00e3", "10": "H\u00e8 tr\u01b0\u1edbc t\u00f2a nh\u00e0 PTA - S\u1ed1 1 Kim M\u00e3", "11": "145 Nguy\u1ec5n Th\u00e1i H\u1ecdc", "12": "85 Nguy\u1ec5n Th\u00e1i H\u1ecdc - Tr\u01b0\u1eddng TH L\u00fd Th\u01b0\u1eddng Ki\u1ec7t", "13": "7 Nguy\u1ec5n Th\u00e1i H\u1ecdc - C\u1eeda Nam", "14": "59 L\u00fd Th\u01b0\u1eddng Ki\u1ec7t - Vi\u1ec7n N\u0103ng L\u01b0\u01a1ng Nguy\u00ean t\u1eed", "15": "37 Hai B\u00e0 Tr\u01b0ng - B\u1ec7nh vi\u1ec7n Vi\u1ec7t Nam Cu Ba", "16": "\u0110\u1ed1i di\u1ec7n 16 Hai B\u00e0 Tr\u01b0ng (Ng\u00e3 4 Hai B\u00e0 Tr\u01b0ng- Ng\u00f4 Quy\u1ec1n)", "17": "\u0110\u1ed1i di\u1ec7n 6C Phan Chu Trinh", "18": "51 L\u00fd Th\u00e1i T\u1ed5 - Ng\u00e2n h\u00e0ng Nh\u00e0 n\u01b0\u1edbc Vi\u1ec7t Nam", "19": "23 H\u00e0ng Tre", "20": "S\u1ed1 3 H\u00e0ng Mu\u1ed1i", "21": "80 Tr\u1ea7n Nh\u1eadt Du\u1eadt", "22": "T\u1ed5ng c\u1ee5c H\u1ea3i Quan - 162 Nguy\u1ec5n V\u0103n C\u1eeb (c\u1ed9t sau)", "23": "358 - 360 Nguy\u1ec5n V\u0103n C\u1eeb", "24": "\u0110\u1ed1i di\u1ec7n 447 Ng\u1ecdc L\u00e2m - V\u01b0\u1eddn hoa Gia L\u00e2m", "25": "(B) BX Gia L\u00e2m - Tuy\u1ebfn 34"}}