{"Lat": {"0": 21.068233, "1": 21.0654, "2": 21.058726999999998, "3": 21.0530833333, "4": 21.048982000000002, "5": 21.04635, "6": 21.04635, "7": 21.04635, "8": 21.046257999999998, "9": 21.04615, "10": 21.04035, "11": 21.0344833333, "12": 21.0305, "13": 21.0277666667, "14": 21.0229833333, "15": 21.018608, "16": 21.0147333333, "17": 21.0092, "18": 21.0068, "19": 20.9952166667, "20": 20.9925833333, "21": 20.9882333333, "22": 20.98555, "23": 20.985664, "24": 20.983678, "25": 20.980401, "26": 20.979275, "27": 20.975483333299998, "28": 20.972531, "29": 20.969518, "30": 20.96755, "31": 20.964783333299998, "32": 20.9620333333, "33": 20.96017, "34": 20.958085, "35": 20.954073, "36": 20.952066666700002, "37": 20.9499666667}, "BusStopCode": {"0": 1800, "1": 854, "2": 303, "3": 304, "4": 312, "5": 233, "6": 234, "7": 235, "8": 236, "9": 228, "10": 604, "11": 581, "12": 582, "13": 1915, "14": 584, "15": 585, "16": 586, "17": 3177, "18": 3178, "19": 3179, "20": 3180, "21": 3181, "22": 2910, "23": 1921, "24": 2844, "25": 798, "26": 799, "27": 800, "28": 643, "29": 644, "30": 645, "31": 646, "32": 647, "33": 648, "34": 649, "35": 650, "36": 1470, "37": 2829}, "FleetOver": {"0": "33", "1": "33", "2": "13,25,33,55,55B,90", "3": "13,25,33,55,55B,90", "4": "13,25,33,55,55B,90", "5": "13,14,14CT,33,45,96", "6": "07,14,14CT,33,38,45", "7": "07,14,14CT,33,38,45", "8": "07,14,14CT,33,38,45", "9": "07,14,14CT,33,45", "10": "13,33,35A,46,53B,60A,60B,61", "11": "16,29,33,34,35A,46,53B,60A,60B,61,97", "12": "16,29,33,34,35A,46,53B,60A,60B,97", "13": "33,84", "14": "104,22B,30,33,35A,39,46,60A,60B,74,84,87,88", "15": "103,104,21B,22B,29,30,33,35A,39,44,60A,60B,74,84,87,88", "16": "103,21B,22B,33,35A,39,50,60A,60B,87", "17": "33", "18": "33", "19": "33", "20": "33", "21": "103,33", "22": "103,33,85", "23": "103,33,85", "24": "103,33,85", "25": "01,02,103,105,19,21A,22B,22C,27,33,39,85", "26": "01,02,103,105,106,19,21A,22B,22C,27,33,85", "27": "01,02,103,105,106,19,21A,22B,22C,27,33", "28": "01,02,21A,27,33,57,89", "29": "01,02,21A,27,33,57,89", "30": "01,02,21A,27,33,57,89", "31": "01,02,105,21A,27,33,37,57,62,89", "32": "01,02,21A,27,33,37,57,62,89", "33": "01,02,21A,27,33,37,57,62,89", "34": "01,02,21A,27,33,37,57,62,89", "35": "01,02,21A,27,33,37,57,62,89,91", "36": "01,02,21A,27,33,37,57,62,89,91", "37": "33"}, "Lng": {"0": 105.80303300000001, "1": 105.8053, "2": 105.80875800000001, "3": 105.809, "4": 105.806513, "5": 105.8017, "6": 105.796866667, "7": 105.7921, "8": 105.787504, "9": 105.784783333, "10": 105.7807, "11": 105.78001666700001, "12": 105.779266667, "13": 105.778466667, "14": 105.778566667, "15": 105.78126100000001, "16": 105.78423333299999, "17": 105.783166667, "18": 105.78195, "19": 105.778533333, "20": 105.77935, "21": 105.77961666700001, "22": 105.78028333299999, "23": 105.783974, "24": 105.78821299999998, "25": 105.7879, "26": 105.786454, "27": 105.78155, "28": 105.777525, "29": 105.77386000000001, "30": 105.77138333299999, "31": 105.767783333, "32": 105.764283333, "33": 105.76188799999998, "34": 105.759179, "35": 105.753901, "36": 105.75121666700001, "37": 105.747683333}, "Name": {"0": "(B) Xu\u00e2n \u0110\u1ec9nh - \u0110H N\u1ed9i V\u1ee5 - Tuy\u1ebfn 33", "1": "Trung t\u00e2m th\u1ec3 d\u1ee5c th\u1ec3 thao qu\u1eadn T\u00e2y H\u1ed3 - Xu\u00e2n La", "2": "Qua ng\u00e3 3 Xu\u00e2n La 70m - L\u1ea1c Long Qu\u00e2n (H\u1ed3 T\u00e2y)", "3": "G\u1ea7n ng\u00e3 3 V\u00f5ng Th\u1ecb - S\u1ed1 313 L\u1ea1c Long Qu\u00e2n", "4": "105 - 111 L\u1ea1c Long Qu\u00e2n (G\u1ea7n \u0111\u1ed1i di\u1ec7n ng\u00e3 3 Th\u1ee5y Khu\u00ea)", "5": "Trung t\u00e2m KHTN C\u00f4ng ngh\u1ec7 Qu\u1ed1c Gia - 18 Ho\u00e0ng Qu\u1ed1c Vi\u1ec7t", "6": "90 Ho\u00e0ng Qu\u1ed1c Vi\u1ec7t - Ng\u00e3 3 Nguy\u1ec5n V\u0103n Huy\u00ean", "7": "122-124 Ho\u00e0ng Qu\u1ed1c Vi\u1ec7t", "8": "212 Ho\u00e0ng Qu\u1ed1c Vi\u1ec7t - \u0110\u1ed1i di\u1ec7n HV Ch\u00ednh tr\u1ecb Qu\u1ed1c Gia H\u1ed3 Ch\u00ed Minh", "9": "Tr\u1ea1m trung chuy\u1ec3n xe bu\u00fdt Ho\u00e0ng Qu\u1ed1c Vi\u1ec7t (c\u1ed9t sau) - chi\u1ec1u \u0111i Ph\u1ea1m V\u0103n \u0110\u1ed3ng", "10": "S\u1ed1 9 Ph\u1ea1m V\u0103n \u0110\u1ed3ng", "11": "B\u1ec7nh vi\u1ec7n \u0111a khoa y h\u1ecdc c\u1ed5 truy\u1ec1n - 6 Ph\u1ea1m H\u00f9ng", "12": "\u0110\u1ed1i di\u1ec7n B\u01b0u c\u1ee5c Th\u0103ng Long - \u0111\u01b0\u1eddng Ph\u1ea1m H\u00f9ng", "13": "Qu\u1ea3ng tr\u01b0\u1eddng BX M\u1ef9 \u0110\u00ecnh", "14": "G\u1ea7n ng\u00e3 4 Ph\u1ea1m H\u00f9ng - \u0110\u00ecnh Th\u00f4n (H\u01b0\u1edbng \u0111i Khu\u1ea5t Duy Ti\u1ebfn)-c\u1ed9t sau", "15": "Nh\u00e0 CT5 K\u0110T S\u00f4ng \u0110\u00e0 M\u1ef9 \u0110\u00ecnh - Ph\u1ea1m H\u00f9ng", "16": "Nh\u00e0 CT5-D K\u0110T M\u1ef9 \u0110\u00ecnh - Ph\u1ea1m H\u00f9ng", "17": "Tr\u01b0\u1edbc nh\u00e0 s\u1ed1 3 L\u00f4 A \u0110\u1ed7 \u0110\u1ee9c D\u1ee5c", "18": "H\u00e8 tr\u01b0\u1edbc s\u1ed1 38 Mi\u1ebfu \u0110\u1ea7m - \u0110\u1ec1n Th\u00e1nh M\u1eabu", "19": "\u0110\u1ed1i di\u1ec7n t\u00f2a nh\u00e0 17T1 \u0111\u01b0\u1eddng C\u01b0\u01a1ng Ki\u00ean", "20": "\u0110\u1ed1i di\u1ec7n s\u1ed1 12BT2 K\u0110T Trung V\u0103n", "21": "Tr\u01b0\u1edbc nh\u00e0 ch\u1edd M\u1ed7 Lao 30m - \u0111\u01b0\u1eddng T\u1ed1 H\u1eefu", "22": "Qua c\u1ea7u M\u1ed7 Lao 100m", "23": "UBND ph\u01b0\u1eddng M\u1ed7 Lao - \u0111\u01b0\u1eddng Nguy\u1ec5n V\u0103n L\u1ed9c", "24": "Nh\u00e0 LK3C-6 B\u1eafc H\u00e0 - \u0111\u01b0\u1eddng Nguy\u1ec5n V\u0103n L\u1ed9c", "25": "H\u1ecdc vi\u1ec7n c\u00f4ng ngh\u1ec7 b\u01b0u ch\u00ednh vi\u1ec5n th\u00f4ng - Tr\u1ea7n Ph\u00fa (H\u00e0 \u0110\u00f4ng)", "26": "100 Tr\u1ea7n Ph\u00fa (H\u00e0 \u0110\u00f4ng)", "27": "Kh\u00e1ch s\u1ea1n S\u00f4ng Nhu\u1ec7 (148 Tr\u1ea7n Ph\u00fa- H\u00e0 \u0110\u00f4ng)", "28": "S\u1ed1 8 Quang Trung - H\u00e0 \u0110\u00f4ng", "29": "96 Quang Trung - H\u00e0 \u0110\u00f4ng", "30": "Nh\u00e0 thi \u0111\u1ea5u H\u00e0 \u0110\u00f4ng - 182 Quang Trung (H\u00e0 \u0110\u00f4ng)", "31": "254 Quang Trung - H\u00e0 \u0110\u00f4ng", "32": "\u0110\u1ed1i di\u1ec7n K\u0110T V\u0103n Ph\u00fa - 418 Quang Trung (H\u00e0 \u0110\u00f4ng)", "33": "530 - 532 Quang Trung - H\u00e0 \u0110\u00f4ng", "34": "678 - 680 Quang Trung (H\u00e0 \u0110\u00f4ng)", "35": "Showroom \u00f4 t\u00f4 Tr\u01b0\u1eddng S\u01a1n (\u0111\u1ed1i di\u1ec7n Nissan H\u00e0 \u0110\u00f4ng - Km 14+600, Qu\u1ed1c l\u1ed9 6)", "36": "\u0110\u1ed1i di\u1ec7n Tr\u01b0\u1eddng TH Kinh t\u1ebf H\u00e0 T\u00e2y - Qu\u1ed1c l\u1ed9 6", "37": "(A) B\u1ebfn xe Y\u00ean Ngh\u0129a - Tuy\u1ebfn 33"}}