{"Lat": {"0": 21.067283, "1": 21.07015, "2": 21.0771833333, "3": 21.1171666667, "4": 21.12645, "5": 21.1319, "6": 21.1418, "7": 21.1530833333, "8": 21.1581833333, "9": 21.1652666667, "10": 21.185933, "11": 21.192593, "12": 21.205018, "13": 21.2145166667, "14": 21.2188, "15": 21.22275, "16": 21.22775, "17": 21.2312833333, "18": 21.23595, "19": 21.2410666667, "20": 21.2436333333, "21": 21.2527, "22": 21.2603666667, "23": 21.2675166667, "24": 21.2725833333, "25": 21.2779833333, "26": 21.277967, "27": 21.279866666700002}, "BusStopCode": {"0": 3122, "1": 596, "2": 598, "3": 882, "4": 883, "5": 885, "6": 886, "7": 887, "8": 888, "9": 889, "10": 890, "11": 891, "12": 892, "13": 893, "14": 894, "15": 3124, "16": 3001, "17": 3125, "18": 3126, "19": 3127, "20": 3128, "21": 3129, "22": 3130, "23": 3131, "24": 3132, "25": 3133, "26": 3134, "27": 3123}, "FleetOver": {"0": "95", "1": "07,14,14CT,28,35B,46,53A,53B,56A,56C,57,60A,60B,61,93,95", "2": "07,14,14CT,28,35B,46,53A,53B,56A,56C,57,60A,60B,61,93,95", "3": "07,35B,53A,53B,56A,56C,58,60B,61,93,95", "4": "07,35B,53A,53B,56A,56C,58,61,64,93,95", "5": "07,35B,53A,53B,56A,56C,58,61,64,93,95", "6": "07,35B,53A,53B,56A,56C,58,61,64,93,95", "7": "07,35B,53A,53B,56A,56C,58,61,64,93,95", "8": "07,35B,53A,53B,56A,56C,58,61,64,93,95", "9": "07,53B,56A,56C,58,64,93,95", "10": "07,56A,56C,58,64,95", "11": "07,56A,56C,58,64,95", "12": "07,56A,56C,58,64,95", "13": "07,56A,56C,58,64,95", "14": "56A,56C,58,95", "15": "58,64,95", "16": "58,64,93,95", "17": "58,95", "18": "58,95", "19": "95", "20": "95", "21": "95", "22": "95", "23": "95", "24": "95", "25": "95", "26": "95", "27": "95"}, "Lng": {"0": 105.787067, "1": 105.78555, "2": 105.7868, "3": 105.78415, "4": 105.78116666700001, "5": 105.7792, "6": 105.77868333299999, "7": 105.7792, "8": 105.77943333299999, "9": 105.779733333, "10": 105.780533, "11": 105.78072900000001, "12": 105.779777, "13": 105.77873333299999, "14": 105.7746, "15": 105.76825, "16": 105.76115, "17": 105.756183333, "18": 105.74635, "19": 105.74868333299999, "20": 105.7528, "21": 105.75083333299999, "22": 105.75045, "23": 105.74836666700001, "24": 105.74178333299999, "25": 105.7353, "26": 105.73036699999999, "27": 105.72651666700001}, "Name": {"0": "(A) Nam Th\u0103ng Long - Tuy\u1ebfn 95", "1": "373 Ph\u1ea1m V\u0103n \u0110\u1ed3ng", "2": "113 Ph\u1ea1m V\u0103n \u0110\u1ed3ng", "3": "Qua ng\u00e3 3 H\u1ea3i B\u1ed1i - V\u0129nh Ng\u1ecdc 300m", "4": "Qua ng\u00e3 t\u01b0 khu CN Th\u0103ng Long 100m (chi\u1ec1u H\u00e0 N\u1ed9i - N\u1ed9i B\u00e0i)", "5": "\u0110\u1ed1i di\u1ec7n UBND x\u00e3 Kim Chung- Km 2+230 Cao t\u1ed1c BTL-NB", "6": "Qua c\u1ea7u chui d\u00e2n sinh s\u1ed1 4 - \u0111\u01b0\u1eddng v\u00e0o th\u00f4n Nhu\u1ebf, Km 11+200 (chi\u1ec1u H\u00e0 N\u1ed9i \u0111i s\u00e2n bay N\u1ed9i B\u00e0i)", "7": "C\u1ea7u V\u00e2n Tr\u00ec- Km 4+560 Cao t\u1ed1c BTL-NB", "8": "Tr\u01b0\u1edbc 70m c\u1ea7u v\u01b0\u1ee3t Ng\u00e3 t\u01b0 Nam H\u1ed3ng Cao t\u1ed1c BTL-NB", "9": "C\u00f4ng ty c\u01a1 kh\u00ed Nam H\u1ed3ng- Km 6+120 Cao t\u1ed1c BTL-NB", "10": "\u0110\u1ed1i di\u1ec7n KCN Quang Minh (Melinh Palaza) - Km 8+100 Cao t\u1ed1c BTL-NB", "11": "Nh\u00e0 m\u00e1y t\u1ea5m l\u1ee3p VitMetal- Km 8+850 Cao t\u1ed1c BTL-NB", "12": "So\u00e1t v\u00e9 cao t\u1ed1c B\u1eafc Th\u0103ng Long - Km 10+230 Cao t\u1ed1c BTL-NB", "13": "Ng\u00e3 t\u01b0 Cao t\u1ed1c TL- Ph\u00fac Y\u00ean - Km 11+700 Cao t\u1ed1c BTL-NB", "14": "Tr\u01b0\u1edbc ng\u00e3 3 Qu\u1ed1c l\u1ed9 2 - cao t\u1ed1c N\u1ed9i B\u00e0i, L\u00e0o Cai 50m (chi\u1ec1u H\u00e0 N\u1ed9i - N\u00fai \u0110\u00f4i)", "15": "72 Th\u1ea1ch L\u1ed7i Thanh Xu\u00e2n", "16": "C\u1ed9t m\u1ed1c Km 10+00 - Qu\u1ed1c l\u1ed9 2", "17": "AH14 Thanh Xu\u00e2n ( \u0110\u1ed1i di\u1ec7n s\u1ed1 nh\u00e0 68 Thanh Nh\u00e0n  - Thanh Xu\u00e2n)", "18": "\u0110\u1ed1i di\u1ec7n HTX D\u1ecbch v\u1ee5 Trung Na", "19": "\u0110\u01b0\u1eddng v\u00e0o UBND x\u00e3 T\u00e2n D\u00e2n (Chi\u1ec1u \u0111i)", "20": "Tr\u01b0\u1eddng Ti\u1ec3u h\u1ecdc T\u00e2n D\u00e2n B", "21": "Qua 200m \u0110\u01b0\u1eddng v\u00e0o L\u00e0ng Th\u1eafng H\u1eefu ( \u0110\u1ed1i di\u1ec7n CH S\u01a1n H\u1ea3i L\u1ee3i)", "22": "Qua c\u1eeda h\u00e0ng \u0111\u1ed3 n\u1ed9i th\u1ea5t B\u1eafc Duy 50m", "23": "\u0110\u1ed1i di\u1ec7n Tr\u01b0\u1eddng ti\u1ec3u h\u1ecdc Minh Tr\u00ed", "24": "Tr\u01b0\u1eddng cao \u0111\u1eb3ng C\u00f4ng nghi\u1ec7p Ph\u00fac Y\u00ean (Chi\u1ec1u \u0111i)", "25": "C\u00e1ch c\u1ea7u Tre 200m", "26": "Tr\u01b0\u1edbc s\u1ed1 nh\u00e0 183 Tr\u01b0\u1eddng Chinh ( TX Ph\u00fac Y\u00ean)", "27": "(B) Xu\u00e2n H\u00f2a (\u0110H S\u01b0 ph\u1ea1m H\u00e0 N\u1ed9i 2) - Tuy\u1ebfn 95"}}