{"Lat": {"0": 21.0672833333, "1": 21.07015, "2": 21.0771833333, "3": 21.0822166667, "4": 21.0837, "5": 21.08495, "6": 21.09085, "7": 21.0887, "8": 21.0863333333, "9": 21.083266666700002, "10": 21.06835, "11": 21.0657, "12": 21.0553333333, "13": 21.048783333299998, "14": 21.04745, "15": 21.0496333333, "16": 21.052198999999998, "17": 21.05235, "18": 21.0478, "19": 21.03795, "20": 21.0357, "21": 21.033707999999997, "22": 21.027016, "23": 21.022203, "24": 21.0152333333, "25": 21.002188, "26": 21.0009333333, "27": 20.99605, "28": 20.9954333333, "29": 20.992933333299998, "30": 20.9907666667, "31": 20.988566666700002, "32": 20.9852333333, "33": 20.981742999999998, "34": 20.978378, "35": 20.97385, "36": 20.972531, "37": 20.969518, "38": 20.96755, "39": 20.964783333299998, "40": 20.9620333333, "41": 20.96017, "42": 20.958085, "43": 20.954073, "44": 20.952066666700002, "45": 20.9494166667, "46": 20.9454666667, "47": 20.941608, "48": 20.9385333333, "49": 20.935, "50": 20.93225, "51": 20.9304666667, "52": 20.925253, "53": 20.9243666667, "54": 20.9248666667, "55": 20.928416666700002, "56": 20.928933333299998, "57": 20.9288166667, "58": 20.9334833333}, "BusStopCode": {"0": 3485, "1": 596, "2": 598, "3": 201, "4": 3487, "5": 3488, "6": 3489, "7": 3490, "8": 3491, "9": 3492, "10": 3493, "11": 3494, "12": 3495, "13": 3496, "14": 1052, "15": 1053, "16": 1054, "17": 3497, "18": 3498, "19": 4061, "20": 4062, "21": 3500, "22": 3501, "23": 3502, "24": 3503, "25": 2682, "26": 2683, "27": 2684, "28": 2685, "29": 2686, "30": 2687, "31": 2688, "32": 2689, "33": 2690, "34": 2691, "35": 2692, "36": 643, "37": 644, "38": 645, "39": 646, "40": 647, "41": 648, "42": 649, "43": 650, "44": 1470, "45": 1471, "46": 1472, "47": 1473, "48": 1474, "49": 1475, "50": 3685, "51": 1476, "52": 1477, "53": 1478, "54": 3504, "55": 3505, "56": 3506, "57": 3507, "58": 3486}, "FleetOver": {"0": "57", "1": "07,14,14CT,28,35B,46,53A,53B,56A,56C,57,60A,60B,61,93,95", "2": "07,14,14CT,28,35B,46,53A,53B,56A,56C,57,60A,60B,61,93,95", "3": "28,57", "4": "57", "5": "57", "6": "57", "7": "57", "8": "57", "9": "57", "10": "57", "11": "57", "12": "57", "13": "57", "14": "20A,20B,29,32,57", "15": "20A,20B,29,32,57", "16": "20A,20B,20C,29,32,57,92", "17": "57", "18": "57", "19": "57,97", "20": "57,97", "21": "57", "22": "57", "23": "57", "24": "57", "25": "57", "26": "57", "27": "57", "28": "57,89", "29": "57,89", "30": "57,89", "31": "57,89", "32": "57,89", "33": "19,22C,57,89", "34": "19,22C,57,89", "35": "19,22C,57,89", "36": "01,02,21A,27,33,57,89", "37": "01,02,21A,27,33,57,89", "38": "01,02,21A,27,33,57,89", "39": "01,02,105,21A,27,33,37,57,62,89", "40": "01,02,21A,27,33,37,57,62,89", "41": "01,02,21A,27,33,37,57,62,89", "42": "01,02,21A,27,33,37,57,62,89", "43": "01,02,21A,27,33,37,57,62,89,91", "44": "01,02,21A,27,33,37,57,62,89,91", "45": "37,57", "46": "102,37,57,72", "47": "102,37,57,72", "48": "102,37,57,72", "49": "102,37,57,72", "50": "102,37,57,72", "51": "102,37,57,72", "52": "102,37,57,72", "53": "37,57,72", "54": "57,72", "55": "57,72", "56": "57,72", "57": "57,72", "58": "57"}, "Lng": {"0": 105.787066667, "1": 105.78555, "2": 105.7868, "3": 105.78345, "4": 105.775983333, "5": 105.77046666700001, "6": 105.766533333, "7": 105.758683333, "8": 105.748483333, "9": 105.74903333299999, "10": 105.7396, "11": 105.741316667, "12": 105.74733333299999, "13": 105.74906666700001, "14": 105.74663333299999, "15": 105.74101666700001, "16": 105.736056, "17": 105.73366666700001, "18": 105.73556666700001, "19": 105.73795, "20": 105.738216667, "21": 105.738603, "22": 105.741091, "23": 105.742915, "24": 105.74536666700001, "25": 105.750228, "26": 105.7509, "27": 105.75256666700001, "28": 105.756566667, "29": 105.761316667, "30": 105.7635, "31": 105.765966667, "32": 105.76841666700001, "33": 105.77084099999999, "34": 105.77394, "35": 105.77821666700001, "36": 105.777525, "37": 105.77386000000001, "38": 105.77138333299999, "39": 105.767783333, "40": 105.764283333, "41": 105.76188799999998, "42": 105.759179, "43": 105.753901, "44": 105.75121666700001, "45": 105.74785, "46": 105.74271666700001, "47": 105.736824, "48": 105.73066666700001, "49": 105.72368, "50": 105.7195, "51": 105.716783333, "52": 105.708968, "53": 105.702366667, "54": 105.69041666700001, "55": 105.6861, "56": 105.67668333299999, "57": 105.671833333, "58": 105.670966667}, "Name": {"0": "(A) BX Nam Th\u0103ng Long - Tuy\u1ebfn 57", "1": "373 Ph\u1ea1m V\u0103n \u0110\u1ed3ng", "2": "113 Ph\u1ea1m V\u0103n \u0110\u1ed3ng", "3": "\u0110\u1ed1i di\u1ec7n s\u1ed1 nh\u00e0 69 Ho\u00e0ng T\u0103ng B\u00ed - x\u00e3 \u0110\u00f4ng Ng\u1ea1c", "4": "\u0110\u1ed1i di\u1ec7n khu t\u1eadp th\u1ec3, qua ng\u00e3 t\u01b0 Th\u1ee5y Ph\u01b0\u01a1ng kho\u1ea3ng 200m - Ho\u00e0ng T\u0103ng B\u00ed", "5": "Tr\u01b0\u1edbc nh\u00e0 s\u1ed1 27 T\u00e2n Phong (qua c\u1ea7u Li\u00ean M\u1ea1c 2 kho\u1ea3ng 200m) - T\u00e2n Phong", "6": "\u0110\u1ed1i di\u1ec7n Ban ch\u1ec9 huy ph\u00f2ng ch\u1ed1ng b\u00e3o l\u1ee5t - Li\u00ean M\u1ea1c", "7": "Qua 100m l\u1ed1i v\u00e0o Trung t\u00e2m s\u00e1t h\u1ea1ch l\u00e1i xe Ng\u1ecdc H\u00e0 - Li\u00ean M\u1ea1c", "8": "\u0110\u1ed1i di\u1ec7n Nh\u00e0 v\u0103n h\u00f3a Th\u00f4n Y\u00ean N\u1ed9i - Li\u00ean M\u1ea1c", "9": "G\u1ea7n Doanh tr\u1ea1i Q\u0110ND (g\u1ea7n \u0111\u1ed1i di\u1ec7n UBND ph\u01b0\u1eddng Li\u00ean M\u1ea1c) - Y\u00ean N\u1ed9i", "10": "G\u1ea7n Tr\u01b0\u1eddng ti\u1ec3u h\u1ecdc T\u00e2y T\u1ef1u B - Y\u00ean N\u1ed9i", "11": "\u0110\u1ed1i di\u1ec7n qua c\u1ed5ng Tr\u01b0\u1eddng THPT T\u00e2y \u0110\u00f4 100m - Ph\u00fa Minh", "12": "G\u1ea7n \u0111\u1ed1i di\u1ec7n tr\u01b0\u1eddng Trung c\u1ea5p D\u01b0\u1ee3c H\u00e0 N\u1ed9i - Ph\u00fa Minh", "13": "S\u1ed1 nh\u00e0 37 - 39 V\u0103n Ti\u1ebfn D\u0169ng", "14": "\u0110\u1ed1i di\u1ec7n Cty CP ch\u1ebf t\u1ea1o \u0111i\u1ec7n c\u01a1 H\u00e0 N\u1ed9i - \u0110\u01b0\u1eddng 32", "15": "\u0110\u00ecnh v\u00e0 Mi\u1ebfu \u0110\u1ed3ng C\u1ed5 (Th\u00f4n Nguy\u00ean X\u00e1) - \u0110\u01b0\u1eddng 32", "16": "\u0110i\u1ec3m trung chuy\u1ec3n Nh\u1ed5n (c\u1ed9t sau) - Tr\u01b0\u1eddng \u0110\u1ea1i h\u1ecdc c\u00f4ng nghi\u1ec7p H\u00e0 N\u1ed9i - \u0110\u01b0\u1eddng 32", "17": "Qua Ng\u00e3 T\u01b0 Nh\u1ed5n 100m (nh\u00e0 s\u1ed1 44-46) - Xu\u00e2n Ph\u01b0\u01a1ng", "18": "Qua l\u1ed1i v\u00e0o Tr\u01b0\u1eddng C\u1ea3nh S\u00e1t CSND 30m-Xu\u00e2n Ph\u01b0\u01a1ng", "19": "Qua ng\u00e3 3 Tr\u1ea7n H\u1eefu D\u1ef1c (TL70) - Xu\u00e2n Ph\u01b0\u01a1ng 150m", "20": "\u0110\u1ed1i di\u1ec7n B\u01b0u \u0111i\u1ec7n V\u00e2n Canh - Xu\u00e2n Ph\u01b0\u01a1ng (TL70)", "21": "Qua c\u1ed5ng L\u00e0ng H\u1eefu Ngh\u1ecb 100m", "22": "C\u00f4ng ty TNHH v\u00e0 D\u1ecbch V\u1ee5 \u0110\u0103ng Khoa - Xu\u00e2n Ph\u01b0\u01a1ng", "23": "Qua l\u1ed1i v\u00e0o Tr\u01b0\u1eddng Cao \u0110\u1eb3ng C\u00f4ng Ngh\u1ec7 Cao H\u00e0 N\u1ed9i 30m-Xu\u00e2n Ph\u01b0\u01a1ng", "24": "C\u1eeda h\u00e0ng S\u01a1n \u0111\u1ed1i di\u1ec7n C\u00e1ch c\u1ed5ng L\u00e0ng Mi\u00eau Nha 50m - Xu\u00e2n Ph\u01b0\u01a1ng", "25": "S\u1ed1 150 T\u00e2y M\u1ed7", "26": "210 T\u00e2y M\u1ed7", "27": "\u0110\u1ed1i di\u1ec7n 301 T\u00e2y M\u1ed7 - Ng\u00e3 3 Bi\u1ec3n S\u1eaft", "28": "S\u1ed1 357 \u0110\u1ea1i M\u1ed7", "29": "\u0110\u1ed1i di\u1ec7n 190 \u0110\u1ea1i M\u1ed7", "30": "\u0110\u1ed1i di\u1ec7n 80 \u0110\u1ea1i M\u1ed7", "31": "\u0110\u1ed1i di\u1ec7n l\u1ed1i v\u00e0o tr\u01b0\u1eddng THCS \u0110\u1ea1i M\u1ed7", "32": "Ng\u00e3 3 Ng\u1ecdc Tr\u1ee5c - Ng\u1ecdc \u0110\u1ea1i", "33": "S\u1ed1 51 V\u1ea1n Ph\u00fac (H\u00e0 \u0110\u00f4ng) - T\u00f2a nh\u00e0 Landmark", "34": "S\u1ed1 63 V\u1ea1n Ph\u00fac  (H\u00e0 \u0110\u00f4ng) - Si\u00eau th\u1ecb Vinmart V\u1ea1n Ph\u00fac", "35": "Nh\u00e0 v\u0103n h\u00f3a C\u00f4ng \u0111o\u00e0n H\u00e0 N\u1ed9i", "36": "S\u1ed1 8 Quang Trung - H\u00e0 \u0110\u00f4ng", "37": "96 Quang Trung - H\u00e0 \u0110\u00f4ng", "38": "Nh\u00e0 thi \u0111\u1ea5u H\u00e0 \u0110\u00f4ng - 182 Quang Trung (H\u00e0 \u0110\u00f4ng)",