{"Lat": {"0": 21.216616666700002, "1": 21.213209, "2": 21.2093666667, "3": 21.2011166667, "4": 21.1975, "5": 21.18805, "6": 21.1855166667, "7": 21.1792, "8": 21.17565, "9": 21.171896, "10": 21.1676333333, "11": 21.1631666667, "12": 21.1576, "13": 21.1544, "14": 21.150773, "15": 21.156123, "16": 21.157833333299997, "17": 21.1572833333, "18": 21.157988, "19": 21.1579333333, "20": 21.151766666700002, "21": 21.1415, "22": 21.1316666667, "23": 21.1265333333, "24": 21.11955, "25": 21.076966666700002, "26": 21.0711666667, "27": 21.067283}, "BusStopCode": {"0": 1773, "1": 1655, "2": 1028, "3": 1656, "4": 1029, "5": 1030, "6": 1031, "7": 1032, "8": 1657, "9": 1033, "10": 1034, "11": 1035, "12": 1040, "13": 1658, "14": 1036, "15": 1037, "16": 1038, "17": 1011, "18": 1009, "19": 909, "20": 910, "21": 911, "22": 912, "23": 884, "24": 913, "25": 599, "26": 601, "27": 1731}, "FleetOver": {"0": "35B", "1": "35B,58,63", "2": "35B,58,63", "3": "35B,63", "4": "35B,63", "5": "35B,63", "6": "35B,63", "7": "35B,63", "8": "35B,63", "9": "35B,63", "10": "35B,63", "11": "35B,63", "12": "35B,63", "13": "35B,63", "14": "35B", "15": "35B", "16": "35B", "17": "35B", "18": "35B,53A,61", "19": "07,35B,53A,53B,56A,56C,58,61,64,93,95", "20": "07,35B,53A,53B,56A,56C,58,61,64,93,95", "21": "07,35B,53A,53B,56A,56C,58,61,64,93,95", "22": "07,35B,53A,53B,56A,56C,58,61,64,93,95", "23": "07,35B,53A,53B,56A,56C,58,61,64,93,95", "24": "07,35B,53A,53B,56A,56C,58,60B,61,93,95", "25": "07,14,14CT,28,35B,46,53A,53B,56A,56C,57,60A,60B,61,93,95", "26": "07,14,14CT,28,35B,46,53A,53B,56A,56C,57,60A,60B,61,93,95", "27": "35B"}, "Lng": {"0": 105.70381666700001, "1": 105.70551699999999, "2": 105.70516666700001, "3": 105.70878333299999, "4": 105.710416667, "5": 105.719416667, "6": 105.7228, "7": 105.72721666700001, "8": 105.730533333, "9": 105.73700600000001, "10": 105.7417, "11": 105.74555, "12": 105.749383333, "13": 105.751116667, "14": 105.75696699999999, "15": 105.76172700000001, "16": 105.76666666700001, "17": 105.77061666700001, "18": 105.775599, "19": 105.77918333299999, "20": 105.7789, "21": 105.77845, "22": 105.77908333299999, "23": 105.78071666700001, "24": 105.78315, "25": 105.7864, "26": 105.7855, "27": 105.787067}, "Name": {"0": "(B) Thanh L\u00e2m (M\u00ea Linh) - Tuy\u1ebfn 35B", "1": "X\u00ed nghi\u1ec7p \u0111o \u0111\u1ea1c v\u00e0 b\u1ea3n \u0111\u1ed3", "2": "Ngh\u0129a trang Thanh T\u01b0\u1edbc", "3": "\u0110\u1ed1i di\u1ec7n chi c\u1ee5c Thu\u1ebf huy\u1ec7n M\u00ea Linh", "4": "Qua \u0111i\u1ec3m cu\u1ed1i BV\u0110K M\u00ea Linh 300m - QL23", "5": "Tr\u01b0\u1edbc c\u1ed5ng l\u00e0ng N\u1ed9i \u0110\u1ed3ng 1 70m - QL23", "6": "Qua l\u1ed1i v\u00e0o khu h\u00e0nh ch\u00ednh huy\u1ec7n M\u00ea Linh 100m - QL23", "7": "Tr\u1ea1m y t\u1ebf x\u00e3 \u0110\u1ea1i Th\u1ecbnh - QL23", "8": "\u0110\u1ed1i di\u1ec7n ng\u00e2n h\u00e0ng Viettinbank - QL23", "9": "\u0110\u1ed1i di\u1ec7n c\u1ed5ng l\u00e0ng Th\u01b0\u1eddng L\u1ec7 - QL23", "10": "C\u00f4ng ty s\u01a1n Alex - QL23", "11": "\u0110\u1ec1n th\u1edd Hai B\u00e0 Tr\u01b0ng - QL23", "12": "\u0110\u1ed1i di\u1ec7n qua c\u1ed5ng tr\u01b0\u1eddng THPT Ti\u1ec1n Phong 60m", "13": "Ch\u00f9a Trung H\u1eadu - QL 23", "14": "\u0110\u1ed1i di\u1ec7n h\u1ed9i tr\u01b0\u1eddng \u0111a n\u0103ng x\u00e3 Ti\u1ec1n Phong - QL 23B ", "15": "C\u00e1ch c\u1ed5ng Cty TNHH x\u00e2y d\u1ef1ng 305 - 30m - QL23B", "16": "Tr\u01b0\u1edbc \u0111\u1ed1i di\u1ec7n Cty CP Tam S\u01a1n 30m (chi\u1ec1u M\u00ea Linh - H\u00e0 N\u1ed9i) - QL23B", "17": "\u0110\u1ed1i di\u1ec7n c\u00f4ng ty Hamatra - QL 23", "18": "Tr\u01b0\u1edbc c\u1ea7u v\u01b0\u1ee3t ng\u00e3 4 Nam H\u1ed3ng 200m - QL23", "19": "Qua c\u1ea7u v\u01b0\u1ee3t ng\u00e3 4 Nam H\u1ed3ng 70m Cao t\u1ed1c BTL-NB", "20": "\u0110\u1ea7m V\u00e2n Tr\u00ec- Km 4+400 Cao t\u1ed1c BTL-NB", "21": "Qua c\u1ea7u chui d\u00e2n sinh s\u1ed1 4 - \u0111\u1ed1i di\u1ec7n \u0111\u01b0\u1eddng v\u00e0o th\u00f4n Nhu\u1ebf, Km 11+200 (chi\u1ec1u s\u00e2n bay N\u1ed9i B\u00e0i \u0111i H\u00e0 N\u1ed9i)", "22": "UBND x\u00e3 Kim Chung- Km 2+200 Cao t\u1ed1c BTL-NB", "23": "Tr\u01b0\u1edbc ng\u00e3 t\u01b0 khu CN Th\u0103ng Long 100m (chi\u1ec1u N\u1ed9i B\u00e0i - H\u00e0 N\u1ed9i)", "24": "KCN B\u1eafc Th\u0103ng Long - Km 0+800 Cao t\u1ed1c BTL-NB", "25": "96 Ph\u1ea1m V\u0103n \u0110\u1ed3ng (Ng\u00e3 4 Ph\u1ea1m V\u0103n \u0110\u1ed3ng - Xu\u00e2n \u0110\u1ec9nh)", "26": "Showroom \u00f4 t\u00f4 Trung S\u01a1n (\u0111\u1ed1i di\u1ec7n 315 Ph\u1ea1m V\u0103n \u0110\u1ed3ng)", "27": "(A) Nam Th\u0103ng Long - Tuy\u1ebfn 35B"}}