{"Lat": {"0": 21.01955, "1": 21.0249833333, "2": 21.0252, "3": 21.0238, "4": 21.02175, "5": 21.018608, "6": 21.019508, "7": 21.0220833333, "8": 21.016066666700002, "9": 21.0171, "10": 21.0190833333, "11": 21.0179166667, "12": 21.0141, "13": 21.011466666700002, "14": 21.0077666667, "15": 21.0022, "16": 21.000738000000002, "17": 20.9986666667, "18": 20.993783333299998, "19": 20.9897166667, "20": 20.9839833333, "21": 20.9801333333, "22": 20.974633333299998, "23": 20.9721333333, "24": 20.9687166667, "25": 20.9637, "26": 20.9625833333, "27": 20.95835}, "BusStopCode": {"0": 3575, "1": 331, "2": 1895, "3": 3576, "4": 3577, "5": 585, "6": 3298, "7": 809, "8": 810, "9": 844, "10": 3578, "11": 3579, "12": 3580, "13": 3581, "14": 3582, "15": 3583, "16": 543, "17": 3584, "18": 3585, "19": 3586, "20": 3587, "21": 3588, "22": 3589, "23": 3590, "24": 492, "25": 3591, "26": 3592, "27": 3593}, "FleetOver": {"0": "104", "1": "104,26,84", "2": "104,84", "3": "104", "4": "104", "5": "103,104,21B,22B,29,30,33,35A,39,44,60A,60B,74,84,87,88", "6": "104,30,84", "7": "05,104,51,84,85", "8": "05,104,51", "9": "104,51", "10": "104,105", "11": "104", "12": "104", "13": "104", "14": "104", "15": "104", "16": "01,02,104,19,21A,21B,27,44", "17": "104", "18": "104", "19": "104", "20": "104", "21": "104", "22": "104", "23": "104", "24": "104,36,36CT,60A,84", "25": "104", "26": "104", "27": "104"}, "Lng": {"0": 105.767416667, "1": 105.7676, "2": 105.771533333, "3": 105.7749, "4": 105.77778333299999, "5": 105.78126100000001, "6": 105.785067, "7": 105.79066666700001, "8": 105.794333333, "9": 105.79835, "10": 105.79958333299999, "11": 105.80228333299999, "12": 105.80545, "13": 105.80885, "14": 105.814383333, "15": 105.8175, "16": 105.817132, "17": 105.8178, "18": 105.81461666700001, "19": 105.813566667, "20": 105.81546666700001, "21": 105.820033333, "22": 105.82538333299999, "23": 105.82926666700001, "24": 105.82815, "25": 105.82541666700001, "26": 105.82246666700001, "27": 105.82266666700001}, "Name": {"0": "(A) SV\u0110 M\u1ef9 \u0110\u00ecnh - Tuy\u1ebfn 104", "1": "\u0110\u01b0\u1eddng v\u00e0o Tr\u01b0\u1eddng C\u0110 ngh\u1ec1 Tr\u1ea7n H\u01b0ng \u0110\u1ea1o - L\u00ea \u0110\u1ee9c Th\u1ecd", "2": "\u0110\u1ed1i di\u1ec7n THCS-THPT Tr\u1ea7n Qu\u1ed1c Tu\u1ea5n", "3": "\u0110\u1ed1i di\u1ec7n s\u00e2n b\u00f3ng Nh\u00e2n M\u1ef9 - \u0111\u01b0\u1eddng Thi\u00ean Hi\u1ec1n", "4": "15 Thi\u00ean Hi\u1ec1n", "5": "Nh\u00e0 CT5 K\u0110T S\u00f4ng \u0110\u00e0 M\u1ef9 \u0110\u00ecnh - Ph\u1ea1m H\u00f9ng", "6": "S\u1ed1 16 D\u01b0\u01a1ng \u0110\u00ecnh Ngh\u1ec7 - T\u01b0\u1eddng r\u00e0o t\u00f2a nh\u00e0 Keangnam", "7": "\u0110\u1ed1i di\u1ec7n tr\u01b0\u1eddng THCS Y\u00ean H\u00f2a - 282 Trung K\u00ednh", "8": "\u0110\u1ea1i h\u1ecdc Ph\u01b0\u01a1ng \u0110\u00f4ng - 201B Trung Kinh", "9": "Nh\u00e0 5-9 l\u00f4 18 K\u0110T Trung H\u00f2a (\u0111\u1ed1i di\u1ec7n 100m TT L\u01b0u Tr\u1eef Qu\u1ed1c Gia - 18 V\u0169 Ph\u1ea1m H\u00e0m)", "10": "S\u1ed1 5 L\u00f4 4C - V\u0169 Ph\u1ea1m H\u00e0m", "11": "81B Nguy\u1ec5n Khang", "12": "225 Nguy\u1ec5n Khang", "13": "Ng\u00f5 141 Nguy\u1ec5n Ng\u1ecdc V\u0169", "14": "S\u1ed1 nh\u00e0 225 \u0111\u01b0\u1eddng Gi\u00e1p Nh\u1ea5t", "15": "S\u1ed1 nh\u00e0 21 \u0111\u01b0\u1eddng Gi\u00e1p Nh\u1ea5t", "16": "S\u00e2n v\u1eadn \u0111\u1ed9ng Th\u01b0\u1ee3ng \u0110\u00ecnh - 129 Nguy\u1ec5n Tr\u00e3i", "17": "\u0110\u1ed1i di\u1ec7n 41 V\u0169 T\u00f4ng Phan", "18": "\u0110\u1ed1i di\u1ec7n 291 V\u0169 T\u00f4ng Phan", "19": "\u0110\u1ed1i di\u1ec7n 381 V\u0169 T\u00f4ng Phan", "20": "\u0110\u1ed1i di\u1ec7n 581 V\u0169 T\u00f4ng Phan", "21": "\u0110\u1ed1i di\u1ec7n 33 - Ng\u00f5 2 \u0110\u1ecbnh C\u00f4ng Th\u01b0\u1ee3ng", "22": "\u0110\u1ed1i di\u1ec7n Chung c\u01b0 \u0110\u1ea1i Kim - Ng\u00f5 2 \u0110\u1ecbnh C\u00f4ng Th\u01b0\u1ee3ng", "23": "71 \u0110\u1eb7ng Xu\u00e2n B\u1ea3ng", "24": "B\u00e3i \u0111\u1ed7 xe K\u0110T Linh \u0110\u00e0m - Nguy\u1ec5n H\u1eefu Th\u1ecd", "25": "T\u00f2a nh\u00e0 HUD3/CT3 - K\u0110T B\u1eafc Linh \u0110\u00e0m", "26": "\u0110\u1ed1i di\u1ec7n t\u00f2a Nam - Rice City - Ng\u00f5 15 B\u1eb1ng Li\u1ec7t", "27": "(B) B\u1eafc Linh \u0110\u00e0m - Tuy\u1ebfn 104"}}