{"Lat": {"0": 20.95355, "1": 20.9585666667, "2": 20.9597833333, "3": 20.9647666667, "4": 20.971045999999998, "5": 20.97985, "6": 20.984671, "7": 20.989376999999998, "8": 20.993727, "9": 20.99643, "10": 21.000966666700002, "11": 21.0049166667, "12": 21.009733333299998, "13": 21.00785, "14": 21.007485, "15": 21.0071333333, "16": 20.9999166667, "17": 20.9959333333, "18": 20.9935833333, "19": 20.9957666667, "20": 20.9984, "21": 21.003866666700002, "22": 21.006866666700002, "23": 21.0127666667, "24": 21.015587, "25": 21.01885, "26": 21.0229, "27": 21.027151, "28": 21.0281}, "BusStopCode": {"0": 1685, "1": 1130, "2": 1131, "3": 3287, "4": 165, "5": 43, "6": 166, "7": 167, "8": 630, "9": 3283, "10": 169, "11": 170, "12": 591, "13": 592, "14": 69, "15": 668, "16": 533, "17": 534, "18": 535, "19": 261, "20": 2828, "21": 262, "22": 573, "23": 574, "24": 575, "25": 576, "26": 577, "27": 578, "28": 2963}, "FleetOver": {"0": "21B", "1": "21B", "2": "08B,08BCT,21B", "3": "06A,06B,06C,06D,06E,08A,08B,08BCT,106,12,21B,37,60A,94,99", "4": "03B,06A,06B,06C,06D,06E,08A,08ACT,08B,08BCT,101,106,12,16,21B,22C,29,36,36CT,37,94", "5": "21B", "6": "03,03B,08A,08ACT,08B,08BCT,12,16,21A,21B,25,28,32,41", "7": "03,03B,08A,08ACT,08B,08BCT,16,21A,21B,25,28,32,41", "8": "16,21A,21B", "9": "16,21A,21B,99", "10": "03,18,21A,21B,25,28,32,41,47B,99", "11": "21A,21B,26", "12": "21A,21B,26,35A,44,51", "13": "21A,21B,26,35A,44,51,99", "14": "12,18,21A,21B,23,26,35A,44,51", "15": "01,02,09,09CT,18,21A,21B,44,51,84", "16": "01,02,19,21A,21B,27,44", "17": "01,02,05,19,21A,21B,27,29,44,60B", "18": "01,02,05,105,19,21A,21B,27,29,60A", "19": "21B,22B,39", "20": "21B,22B,39", "21": "103,21B,22B,39", "22": "103,21B,22B,35A,39,50,60A,60B,87", "23": "103,21B,22B,33,35A,39,50,60A,60B,87", "24": "103,21B,22B,33,35A,39,50,60A,60B,87", "25": "103,104,21B,22B,29,30,33,35A,39,44,60A,60B,74,84,87,88", "26": "103,104,21B,22B,29,30,33,35A,39,44,46,60A,60B,74,84,87,88", "27": "103,16,21B,22B,29,30,33,34,44,46,53B,60A,60B,74,84,88", "28": "21B"}, "Lng": {"0": 105.85011666700001, "1": 105.84813333299999, "2": 105.846183333, "3": 105.84211666700001, "4": 105.84128, "5": 105.841916667, "6": 105.841169, "7": 105.84126100000002, "8": 105.84193, "9": 105.842858, "10": 105.84145, "11": 105.84155, "12": 105.835433333, "13": 105.83316666700001, "14": 105.828726, "15": 105.82313333299999, "16": 105.815233333, "17": 105.80925, "18": 105.8058, "19": 105.80025, "20": 105.798133333, "21": 105.79375, "22": 105.791233333, "23": 105.78646666700001, "24": 105.784246, "25": 105.781516667, "26": 105.77903333299999, "27": 105.77920800000001, "28": 105.7785}, "Name": {"0": "(A) K\u0110T Ph\u00e1p V\u00e2n T\u1ee9 Hi\u1ec7p - Tuy\u1ebfn 21B", "1": "\u0110\u1ed1i di\u1ec7n b\u00e3i \u0111\u1ed7 xe C\u00f4ng ty Hino", "2": "C\u00f4ng vi\u00ean khu \u0111\u00f4 th\u1ecb T\u1ee9 Hi\u1ec7p Ph\u00e1p V\u00e2n (\u0111\u1ed1i di\u1ec7n t\u00f2a nh\u00e0 N\u01a1 3) - Tr\u1ea7n Th\u1ee7 \u0110\u1ed9", "3": "B\u1ebfn xe N\u01b0\u1edbc Ng\u1ea7m", "4": "\u0110\u1ed1i di\u1ec7n Tr\u1ee5 s\u1edf C\u00f4ng an Ph\u01b0\u1eddng Ho\u00e0ng Li\u1ec7t- 1277 Gi\u1ea3i Ph\u00f3ng", "5": "D\u1ea3i \u0111\u1ed7 s\u1ed1 2 b\u1ebfn xe Gi\u00e1p B\u00e1t - Tuy\u1ebfn 21", "6": "Toyota Gi\u1ea3i Ph\u00f3ng - 807 Gi\u1ea3i Ph\u00f3ng", "7": "649 Gi\u1ea3i Ph\u00f3ng", "8": "337 Ph\u1ed1 V\u1ecdng", "9": "191 Ph\u1ed1 V\u1ecdng", "10": "175-177 Gi\u1ea3i Ph\u00f3ng (Ng\u00e3 3 L\u00ea Thanh Ngh\u1ecb)", "11": "G\u1ea7n c\u1ed5ng Parabol \u0110H B\u00e1ch Khoa - 17 Gi\u1ea3i Ph\u00f3ng (c\u1ed9t tr\u01b0\u1edbc)", "12": "101A2 TT Trung T\u1ef1 - Ph\u1ea1m Ng\u1ecdc Th\u1ea1ch", "13": "104 C1 T\u1eadp th\u1ec3 Trung T\u1ef1 - Ph\u1ea1m Ng\u1ecdc Th\u1ea1ch", "14": "C\u00f4ng ty in th\u01b0\u01a1ng m\u1ea1i & d\u1ecbch v\u1ee5 ng\u00e2n h\u00e0ng - S\u1ed1 10 Ch\u00f9a B\u1ed9c", "15": "290 T\u00e2y S\u01a1n", "16": "94 Nguy\u1ec5n Tr\u00e3i", "17": "322 Nguy\u1ec5n Tr\u00e3i", "18": "386 Nguy\u1ec5n Tr\u00e3i - C\u1ee5c S\u1edf h\u1eefu tr\u00ed tu\u1ec7", "19": "90 Khu\u1ea5t Duy ti\u1ebfn", "20": "162 Khu\u1ea5t Duy Ti\u1ebfn (\u0111\u1ed1i di\u1ec7n khu d\u00e2n c\u01b0 11 - T\u1ed5 d\u00e2n ph\u1ed1 32 ph\u01b0\u1eddng Thanh Xu\u00e2n B\u1eafc).", "21": "\u0110\u1ed1i di\u1ec7n 289A Khu\u1ea5t Duy Ti\u1ebfn - Vinaconex1", "22": "Ng\u00e3 4 Ph\u1ea1m H\u00f9ng - Khu\u1ea5t Duy Ti\u1ebfn (\u0110\u1ed1i di\u1ec7n Trung t\u00e2m H\u1ed9i ngh\u1ecb Qu\u1ed1c Gia)", "23": "Qua 130m Doanh tr\u1ea1i B\u1ed9 ch\u1ec9 huy qu\u00e2n s\u1ef1 HN - 99A Ph\u1ea1m H\u00f9ng", "24": "T\u00f2a nh\u00e0 Landmark 72 - \u0111\u01b0\u1eddng Ph\u1ea1m H\u00f9ng", "25": "\u0110\u1ed1i di\u1ec7n nh\u00e0 CT5 K\u0110T S\u00f4ng \u0110\u00e0 M\u1ef9 \u0110\u00ecnh - Ph\u1ea1m H\u00f9ng", "26": "Qua ng\u00e3 4 Ph\u1ea1m H\u00f9ng - \u0110\u00ecnh Th\u00f4n (H\u01b0\u1edbng \u0111i Ph\u1ea1m V\u0103n \u0110\u1ed3ng)", "27": "\u0110\u1ed1i di\u1ec7n B\u1ebfn xe kh\u00e1ch M\u1ef9 \u0110\u00ecnh - Ph\u1ea1m H\u00f9ng (c\u1ed9t tr\u01b0\u1edbc)", "28": "(B) BX M\u1ef9 \u0110\u00ecnh - Tuy\u1ebfn 21B"}}