{"Lat": {"0": 20.9112833333, "1": 20.9141166667, "2": 20.9205333333, "3": 20.9238333333, "4": 20.921999999999997, "5": 20.9255666667, "6": 20.9342, "7": 20.9419666667, "8": 20.9447666667, "9": 20.9472666667, "10": 20.949916666700002, "11": 20.9597833333, "12": 20.9647666667, "13": 20.971045999999998, "14": 20.9805833333, "15": 20.984671, "16": 20.989376999999998, "17": 20.9933833333, "18": 20.9970333333, "19": 20.9999, "20": 21.002753, "21": 21.0033333333, "22": 21.00431, "23": 21.010077, "24": 21.014253, "25": 21.018833333299998, "26": 21.022033, "27": 21.02365, "28": 21.026733333299997, "29": 21.031982, "30": 21.0345833333, "31": 21.041483, "32": 21.0426}, "BusStopCode": {"0": 4197, "1": 949, "2": 950, "3": 964, "4": 951, "5": 952, "6": 953, "7": 954, "8": 4193, "9": 4194, "10": 4195, "11": 1131, "12": 3287, "13": 165, "14": 45, "15": 166, "16": 167, "17": 168, "18": 81, "19": 745, "20": 342, "21": 343, "22": 39, "23": 627, "24": 628, "25": 629, "26": 397, "27": 606, "28": 391, "29": 190, "30": 188, "31": 858, "32": 4196}, "FleetOver": {"0": "08BCT", "1": "08B,08BCT", "2": "08B,08BCT", "3": "08B,08BCT", "4": "08B,08BCT", "5": "08B,08BCT", "6": "08B,08BCT", "7": "08B,08BCT", "8": "08B,08BCT", "9": "08B,08BCT", "10": "08B,08BCT", "11": "08B,08BCT,21B", "12": "06A,06B,06C,06D,06E,08A,08B,08BCT,106,12,21B,37,60A,94,99", "13": "03B,06A,06B,06C,06D,06E,08A,08ACT,08B,08BCT,101,106,12,16,21B,22C,29,36,36CT,37,94", "14": "08A,08ACT,08B,08BCT,12", "15": "03,03B,08A,08ACT,08B,08BCT,12,16,21A,21B,25,28,32,41", "16": "03,03B,08A,08ACT,08B,08BCT,16,21A,21B,25,28,32,41", "17": "03,03B,08A,08ACT,08B,08BCT,25,28,32,41", "18": "03B,08A,08ACT,08B,08BCT,19,24", "19": "08A,08ACT,08B,08BCT", "20": "08A,08ACT,08B,08BCT,23,26,31,47B", "21": "08A,08ACT,08B,08BCT", "22": "08A,08ACT,08B,08BCT,36,36CT,38,52A,52B", "23": "08A,08ACT,08B,08BCT,31,35A,36,36CT,38,52A,52B", "24": "08A,08ACT,08B,08BCT,31,35A,36,36CT,38,52A,52B", "25": "08A,08ACT,08B,08BCT,09,09CT,31,35A,36,36CT", "26": "08ACT,08BCT,09CT,31,36CT,45,49", "27": "02,04,08ACT,08BCT,09CT,11,31,34,35A,40,49,86CT", "28": "04,08ACT,08BCT,09CT,11,14CT,18,23,31,34", "29": "04,08A,08ACT,08B,08BCT,11,14CT,18,23,31,34,86,86CT", "30": "04,08A,08ACT,08B,08BCT,11,14,14CT,18,23,31,34", "31": "04,08A,08ACT,08B,08BCT,36,36CT,47A,65", "32": "08BCT"}, "Lng": {"0": 105.89126666700001, "1": 105.8908, "2": 105.884166667, "3": 105.881266667, "4": 105.87455, "5": 105.868783333, "6": 105.863266667, "7": 105.8642, "8": 105.8596, "9": 105.85115, "10": 105.84801666700001, "11": 105.846183333, "12": 105.84211666700001, "13": 105.84128, "14": 105.8416, "15": 105.841169, "16": 105.84126100000002, "17": 105.84128333299999, "18": 105.84345, "19": 105.84545, "20": 105.84754199999999, "21": 105.8487, "22": 105.851118, "23": 105.85162, "24": 105.85172, "25": 105.851716667, "26": 105.854867, "27": 105.856816667, "28": 105.85621666700001, "29": 105.855672, "30": 105.8547, "31": 105.84946699999999, "32": 105.8483}, "Name": {"0": "(B) V\u1ea1n Ph\u00fac - Thanh Tr\u00ec - Tuy\u1ebfn 08BCT", "1": "Qua l\u1ed1i r\u1ebd v\u00e0o UBND x\u00e3 V\u1ea1n Ph\u00fac 50m - \u0110\u00ea H\u1eefu H\u1ed3ng", "2": "\u0110\u1ed1i di\u1ec7n c\u1ed5ng l\u00e0ng v\u0103n ho\u00e1 M\u1ef9 \u00c1 th\u00f4n \u0110\u00f4ng M\u1ef9 - \u0110\u00ea H\u1eefu H\u1ed3ng", "3": "\u0110\u1ed1i di\u1ec7n tr\u1ea1m b\u01a1m \u0110\u00f4ng M\u1ef9", "4": "\u0110\u1ed1i di\u1ec7n \u0111i\u1ebfm canh \u0111\u00ea s\u1ed1 32 Th\u00f4n \u0110\u00f4ng M\u1ef9 - \u0110\u00ea H\u1eefu H\u1ed3ng", "5": "\u0110\u1ed1i di\u1ec7n \u0111i\u1ebfm canh \u0111\u00ea s\u1ed1 31 th\u00f4n \u0110\u00f4ng Tr\u1ea1ch - \u0110\u00ea H\u1eefu H\u1ed3ng", "6": "\u0110\u1ed1i di\u1ec7n \u0111i\u1ebfm canh \u0111\u00ea s\u1ed1 30 - \u0110\u00ea H\u1eefu H\u1ed3ng", "7": "\u0110\u1ed1i di\u1ec7n l\u1ed1i r\u1ebd v\u00e0o \u0111\u01b0\u1eddng T\u1ee9 Hi\u1ec7p 70m - \u0110\u00ea H\u1eefu H\u1ed3ng", "8": "G\u1ea7n h\u1ea7m \u0111\u01b0\u1eddng c\u1ea7u chui d\u1eabn sinh T\u1ee9 Hi\u1ec7p", "9": "Tr\u01b0\u1eddng Ti\u1ec3u h\u1ecdc T\u1ee9 Hi\u1ec7p", "10": "G\u1ea7n C\u1ea7u Tr\u1ea7n Th\u1ee7 \u0110\u1ed9", "11": "C\u00f4ng vi\u00ean khu \u0111\u00f4 th\u1ecb T\u1ee9 Hi\u1ec7p Ph\u00e1p V\u00e2n (\u0111\u1ed1i di\u1ec7n t\u00f2a nh\u00e0 N\u01a1 3) - Tr\u1ea7n Th\u1ee7 \u0110\u1ed9", "12": "B\u1ebfn xe N\u01b0\u1edbc Ng\u1ea7m", "13": "\u0110\u1ed1i di\u1ec7n Tr\u1ee5 s\u1edf C\u00f4ng an Ph\u01b0\u1eddng Ho\u00e0ng Li\u1ec7t- 1277 Gi\u1ea3i Ph\u00f3ng", "14": "D\u1ea3i \u0111\u1ed7 s\u1ed1 3 b\u1ebfn xe Gi\u00e1p B\u00e1t - Tuy\u1ebfn 06 - 08 - 36", "15": "Toyota Gi\u1ea3i Ph\u00f3ng - 807 Gi\u1ea3i Ph\u00f3ng", "16": "649 Gi\u1ea3i Ph\u00f3ng", "17": "487 Gi\u1ea3i Ph\u00f3ng", "18": "197 \u0110\u1ea1i La - Qua Ph\u1ed1 V\u1ecdng", "19": "T\u01b0\u1eddng r\u00e0o \u0110\u1ea1i h\u1ecdc KTQD - Tr\u1ea7n \u0110\u1ea1i Ngh\u0129a", "20": "S\u00e2n v\u1eadn \u0111\u1ed9ng B\u00e1ch Khoa - L\u00ea Thanh Ngh\u1ecb", "21": "\u0110\u1ed1i di\u1ec7n 58 L\u00ea Thanh Ngh\u1ecb (Qua Ng\u00e3 4 L\u00ea Thanh Ngh\u1ecb - T\u1ea1 Quang B\u1eedu)", "22": "215 B\u1ea1ch Mai", "23": "319 Ph\u1ed1 Hu\u1ebf", "24": "149 Ph\u1ed1 Hu\u1ebf", "25": "25A-25B Ph\u1ed1 Hu\u1ebf", "26": "25 L\u00fd Th\u01b0\u1eddng Ki\u1ec7t", "27": "\u0110\u1ed1i di\u1ec7n 6C Phan Chu Trinh", "28": "51 L\u00fd Th\u00e1i T\u1ed5 - Ng\u00e2n h\u00e0ng Nh\u00e0 n\u01b0\u1edbc Vi\u1ec7t Nam", "29": "23 H\u00e0ng Tre", "30": "S\u1ed1 3 H\u00e0ng Mu\u1ed1i", "31": "E1.1 \u0110i\u1ec3m trung chuy\u1ec3n Long Bi\u00ean", "32": "(A) Long Bi\u00ean - Tuy\u1ebfn 08BCT"}}