{"Lat": {"0": 20.982292, "1": 20.98475, "2": 20.9888, "3": 20.9941, "4": 20.99745, "5": 21.002, "6": 21.0029166667, "7": 21.003083333299998, "8": 21.002883333299998, "9": 21.0017, "10": 21.0049166667, "11": 21.009733333299998, "12": 21.00785, "13": 21.007485, "14": 21.009833, "15": 21.0131, "16": 21.016066666700002, "17": 21.017016666700002, "18": 21.0195, "19": 21.021452, "20": 21.023837, "21": 21.0273666667, "22": 21.028795000000002, "23": 21.0319333333, "24": 21.034438, "25": 21.0357833333, "26": 21.036583333299998, "27": 21.0367333333, "28": 21.03785, "29": 21.0360166667, "30": 21.0316333333, "31": 21.02515, "32": 21.0196}, "BusStopCode": {"0": 1721, "1": 525, "2": 526, "3": 527, "4": 293, "5": 294, "6": 684, "7": 685, "8": 345, "9": 346, "10": 170, "11": 591, "12": 592, "13": 69, "14": 672, "15": 673, "16": 674, "17": 247, "18": 248, "19": 472, "20": 473, "21": 88, "22": 62, "23": 4054, "24": 60, "25": 65, "26": 2111, "27": 2112, "28": 245, "29": 334, "30": 335, "31": 336, "32": 1789}, "FleetOver": {"0": "26", "1": "26,30,38,42", "2": "26,30,38,42", "3": "04,26,30,38,42", "4": "04,26,30,42", "5": "04,26,30,42", "6": "26,51", "7": "18,26", "8": "08A,08ACT,08B,08BCT,18,23,26,31,47B", "9": "23,26", "10": "21A,21B,26", "11": "21A,21B,26,35A,44,51", "12": "21A,21B,26,35A,44,51,99", "13": "12,18,21A,21B,23,26,35A,44,51", "14": "12,26,35A,84", "15": "12,26,35A,84", "16": "12,26,30,35A,50", "17": "09,09CT,12,26,35A", "18": "09,09CT,12,26,35A", "19": "09,09CT,107,12,22A,26,27", "20": "107,12,22A,26,27", "21": "26,49", "22": "09,09CT,105,20A,20B,26,27,28,32,34,38", "23": "07,16,20A,20B,26,27,28,32,34,49", "24": "16,20A,20B,26,27,28,32,34,49", "25": "16,20A,20B,26,32,34,49", "26": "16,20A,20B,26,32,34,49", "27": "16,20A,20B,26,32,34,49", "28": "13,26,49", "29": "26,49", "30": "26,97", "31": "104,26,84", "32": "26"}, "Lng": {"0": 105.863518, "1": 105.86383333299999, "2": 105.86336666700001, "3": 105.8628, "4": 105.861883333, "5": 105.861466667, "6": 105.85923333299999, "7": 105.85311666700001, "8": 105.84748333299999, "9": 105.84418333299999, "10": 105.84155, "11": 105.835433333, "12": 105.83316666700001, "13": 105.828726, "14": 105.823374, "15": 105.82, "16": 105.8158, "17": 105.81423333299999, "18": 105.809125, "19": 105.809325, "20": 105.810741, "21": 105.80946666700001, "22": 105.803723, "23": 105.79955, "24": 105.796241, "25": 105.79188333299999, "26": 105.78843333299999, "27": 105.784066667, "28": 105.774533333, "29": 105.770683333, "30": 105.7693, "31": 105.76701666700001, "32": 105.76718333299999}, "Name": {"0": "(A) Mai \u0110\u1ed9ng - Tuy\u1ebfn 26", "1": "C\u00f4ng ty da gi\u1ea7y H\u00e0 N\u1ed9i - 441 Nguy\u1ec5n Tam Trinh", "2": "251-253 Nguy\u1ec5n Tam Trinh", "3": "89 Nguy\u1ec5n Tam Trinh", "4": "\u0110\u1ed1i di\u1ec7n 346 Kim Ng\u01b0u - (Ng\u00e3 4 Kim Ng\u01b0u - Minh Khai)", "5": "\u0110\u1ed1i di\u1ec7n T\u1eadp th\u1ec3 E6 Qu\u1ef3nh Mai - Kim Ng\u01b0u", "6": "Qua c\u1ed5ng B\u1ec7nh vi\u1ec7n Thanh Nh\u00e0n 50m - 42 Thanh Nh\u00e0n", "7": "G\u1ea7n chung c\u01b0 A3B (s\u1ed1 92) Thanh Nh\u00e0n", "8": "Qua Vi\u1ec7n tin h\u1ecdc ph\u00e1p ng\u1eef 20m - L\u00ea Thanh Ngh\u1ecb", "9": "170 - 172 L\u00ea Thanh Ngh\u1ecb", "10": "G\u1ea7n c\u1ed5ng Parabol \u0110H B\u00e1ch Khoa - 17 Gi\u1ea3i Ph\u00f3ng (c\u1ed9t tr\u01b0\u1edbc)", "11": "101A2 TT Trung T\u1ef1 - Ph\u1ea1m Ng\u1ecdc Th\u1ea1ch", "12": "104 C1 T\u1eadp th\u1ec3 Trung T\u1ef1 - Ph\u1ea1m Ng\u1ecdc Th\u1ea1ch", "13": "C\u00f4ng ty in th\u01b0\u01a1ng m\u1ea1i & d\u1ecbch v\u1ee5 ng\u00e2n h\u00e0ng - S\u1ed1 10 Ch\u00f9a B\u1ed9c", "14": "2 Th\u00e1i H\u00e0", "15": "176 Th\u00e1i H\u00e0", "16": "R\u1ea1p chi\u1ebfu phim Qu\u1ed1c Gia - Th\u00e1i H\u00e0", "17": "\u0110\u1ed1i di\u1ec7n \u0110\u00e0i Truy\u1ec1n h\u00ecnh H\u00e0 N\u1ed9i - 5 Hu\u1ef3nh Th\u00fac Kh\u00e1ng", "18": "20 Hu\u1ef3nh Th\u00fac Kh\u00e1ng", "19": "89 Nguy\u1ec5n Ch\u00ed Thanh - KTX \u0110\u1ea1i h\u1ecdc Lu\u1eadt", "20": "73 Nguy\u1ec5n Ch\u00ed Thanh - \u0110\u1ed1i di\u1ec7n Kh\u00e1ch s\u1ea1n B\u1ea3o S\u01a1n", "21": "Ng\u00f5 1072 \u0110\u00ea La Th\u00e0nh", "22": "\u0110i\u1ec3m trung chuy\u1ec3n C\u1ea7u Gi\u1ea5y - Th\u1ee7 L\u1ec7 02", "23": "S\u1ed1 112 C\u1ea7u Gi\u1ea5y", "24": "250-252 C\u1ea7u Gi\u1ea5y", "25": "370 C\u1ea7u Gi\u1ea5y", "26": "H\u1ecdc vi\u1ec7n B\u00e1o ch\u00ed v\u00e0 Tuy\u00ean truy\u1ec1n - 36 Xu\u00e2n Th\u1ee7y", "27": "G\u1ea7n nh\u00e0 s\u00e1ch S\u01b0 ph\u1ea1m (\u0110\u1ea1i h\u1ecdc S\u01b0 ph\u1ea1m H\u00e0 N\u1ed9i) - 136 Xu\u00e2n Th\u1ee7y", "28": "\u0110\u1ed1i di\u1ec7n \u0110H Th\u01b0\u01a1ng M\u1ea1i - 6 H\u1ed3 T\u00f9ng M\u1eadu (c\u1ed9t sau)", "29": "Trung \u01b0\u01a1ng H\u1ed9i KHH Gia \u0111\u00ecnh Vi\u1ec7t Nam - 2 L\u00ea \u0110\u1ee9c Th\u1ecd", "30": "Nh\u00e0 CT2B K\u0110T M\u1ef9 \u0110\u00ecnh - L\u00ea \u0110\u1ee9c Th\u1ecd", "31": "\u0110\u1ed1i di\u1ec7n \u0111\u01b0\u1eddng v\u00e0o Tr\u01b0\u1eddng C\u0110 ngh\u1ec1 Tr\u1ea7n H\u01b0ng \u0110\u1ea1o - L\u00ea \u0110\u1ee9c Th\u1ecd", "32": "(B) SV\u0110 Qu\u1ed1c Gia - Tuy\u1ebfn 26"}}