{"Lat": {"0": 20.97985, "1": 20.98355, "2": 20.9812833333, "3": 20.9762666667, "4": 20.9717833333, "5": 20.97105, "6": 20.96965, "7": 20.970537, "8": 20.9723, "9": 20.9763833333, "10": 20.98145, "11": 20.9853833333, "12": 20.9905333333, "13": 20.99335, "14": 20.9955666667, "15": 21.000283, "16": 21.0028666667, "17": 21.0067, "18": 21.010703, "19": 21.01502, "20": 21.01876, "21": 21.01885, "22": 21.0229, "23": 21.027151, "24": 21.0344, "25": 21.037538, "26": 21.0401333333, "27": 21.0424166667, "28": 21.0442, "29": 21.0458666667, "30": 21.04745, "31": 21.0496333333, "32": 21.052198999999998, "33": 21.0548666667, "34": 21.05805, "35": 21.0624166667, "36": 21.064997, "37": 21.0667333333, "38": 21.0696, "39": 21.07255, "40": 21.07705, "41": 21.0811666667}, "BusStopCode": {"0": 1675, "1": 4122, "2": 1933, "3": 163, "4": 164, "5": 490, "6": 491, "7": 56, "8": 567, "9": 568, "10": 569, "11": 565, "12": 566, "13": 4072, "14": 546, "15": 547, "16": 225, "17": 226, "18": 465, "19": 466, "20": 467, "21": 576, "22": 577, "23": 578, "24": 580, "25": 244, "26": 4185, "27": 1049, "28": 1050, "29": 1051, "30": 1052, "31": 1053, "32": 1054, "33": 1041, "34": 1414, "35": 1415, "36": 1416, "37": 1417, "38": 1418, "39": 1839, "40": 1840, "41": 1791}, "FleetOver": {"0": "29", "1": "101,106,29,37,42,94", "2": "101,29,36,36CT,37,94", "3": "03B,06A,06B,06C,06D,06E,08A,08ACT,08B,08BCT,101,106,12,16,21B,22C,29,36,36CT,37,94", "4": "03B,06A,06B,06C,06D,06E,08A,08ACT,08B,08BCT,101,106,12,16,21B,22C,29,36,36CT,37,94", "5": "22C,29,36,36CT,60B", "6": "104,22C,29,36,36CT,60B,84", "7": "05,22C,29,37,60A,60B", "8": "22C,29,60A", "9": "22C,29,60A", "10": "22C,29,60A", "11": "22C,29,60A", "12": "22C,29,60A", "13": "01,02,05,105,19,21A,21B,27,29,60A", "14": "05,105,29,44,60A,60B", "15": "05,105,29,44,60A,60B", "16": "05,29,30,44,85", "17": "05,29,30,44,85", "18": "05,29,30,44,85", "19": "29,30,44,85", "20": "29,30,44", "21": "103,104,21B,22B,29,30,33,35A,39,44,60A,60B,74,84,87,88", "22": "103,104,21B,22B,29,30,33,35A,39,44,46,60A,60B,74,84,87,88", "23": "103,16,21B,22B,29,30,33,34,44,46,53B,60A,60B,74,84,88", "24": "16,29,33,34,35A,46,53B,60A,60B,61,97", "25": "20A,20B,29,32", "26": "05,13,20A,20B,29,32", "27": "20A,20B,29,32", "28": "20A,20B,29,32", "29": "20A,20B,29,32", "30": "20A,20B,29,32,57", "31": "20A,20B,29,32,57", "32": "20A,20B,20C,29,32,57,92", "33": "20A,20B,29,92", "34": "20A,20B,29,92", "35": "20A,20B,29,92", "36": "20A,20B,29,92", "37": "20A,20B,29,92", "38": "20A,20B,29,92", "39": "29", "40": "29", "41": "29"}, "Lng": {"0": 105.841916667, "1": 105.844316667, "2": 105.8453, "3": 105.84078333299999, "4": 105.84076666700001, "5": 105.8364, "6": 105.83098333299999, "7": 105.826017, "8": 105.82071666700001, "9": 105.81466666700001, "10": 105.810966667, "11": 105.808066667, "12": 105.80436666700001, "13": 105.806233333, "14": 105.805516667, "15": 105.801833, "16": 105.799783333, "17": 105.79676666700001, "18": 105.793346, "19": 105.789877, "20": 105.78696000000001, "21": 105.781516667, "22": 105.77903333299999, "23": 105.77920800000001, "24": 105.78043333299999, "25": 105.77531499999999, "26": 105.766483333, "27": 105.759616667, "28": 105.754916667, "29": 105.75051666700001, "30": 105.74663333299999, "31": 105.74101666700001, "32": 105.736056, "33": 105.732166667, "34": 105.72741666700001, "35": 105.72105, "36": 105.71675, "37": 105.71368333299999, "38": 105.70841666700001, "39": 105.708766667, "40": 105.710066667, "41": 105.71295}, "Name": {"0": "(A) BX Gi\u00e1p B\u00e1t - Tuy\u1ebfn 29", "1": "S\u1ed1 36 Kim \u0110\u1ed3ng", "2": "658 Tr\u01b0\u01a1ng \u0110\u1ecbnh", "3": "Ga Gi\u00e1p B\u00e1t - \u0110\u1ed1i di\u1ec7n 1035 Gi\u1ea3i Ph\u00f3ng", "4": "\u0110\u1ed1i di\u1ec7n 1251 Gi\u1ea3i Ph\u00f3ng", "5": "G\u1ea7n \u0111\u01b0\u1eddng v\u00e0o K\u0110T \u0110\u1ea1i Kim - 45 Nguy\u1ec5n H\u1eefu Th\u1ecd", "6": "\u0110\u1ed1i di\u1ec7n \u0111\u00e0i t\u01b0\u1edfng ni\u1ec7m ch\u1ee7 t\u1ecbch HCM - \u0111\u01b0\u1eddng Nguy\u1ec5n H\u1eefu Th\u1ecd", "7": "\u0110i\u1ec3m x\u00e9n h\u00e8 (To\u00e0 nh\u00e0 CT2 - K\u0110T B\u1eafc Linh \u0110\u00e0m) - C\u1ea7u D\u1eadu", "8": "\u0110\u1ed1i di\u1ec7n kh\u00e1n \u0111\u00e0i A (Trung t\u00e2m thi \u0111\u1ea5u v\u00e0 hu\u1ea5n luy\u1ec7n th\u1ec3 thao CAND) - Nghi\u00eam Xu\u00e2n Y\u00eam", "9": "Tr\u01b0\u1eddng \u0110\u1ea1i h\u1ecdc Th\u0103ng Long - Nghi\u00eam Xu\u00e2n Y\u00eam", "10": "Tr\u01b0\u1edbc ng\u00e3 3 Nguy\u1ec5n Xi\u1ec3n - Ho\u00e0ng \u0110\u1ea1o Th\u00e0nh (h\u01b0\u1edbng \u0111i Nguy\u1ec5n Tr\u00e3i)", "11": "\u0110i\u1ec3m x\u00e9n h\u00e8 h\u1ea7m \u0111\u01b0\u1eddng b\u1ed9 s\u1ed1 4 - Nguy\u1ec5n Xi\u1ec3n", "12": "\u0110i\u1ec3m x\u00e9n h\u00e8 h\u1ea7m \u0111\u01b0\u1eddng b\u1ed9 (Vi\u1ec7n C\u00f4ng ngh\u1ec7 th\u1ef1c ph\u1ea9m TW) - Nguy\u1ec5n Xi\u1ec3n", "13": "Tr\u01b0\u1edbc s\u1ed1 277 Nguy\u1ec5n Tr\u00e3i - B\u00e1ch h\u00f3a gi\u00e0y Th\u01b0\u1ee3ng \u0110\u00ecnh", "14": "90 Nguy\u1ec5n Tu\u00e2n", "15": "L\u00e0ng Sinh vi\u00ean Hacinco - Nguy\u1ec5n Tu\u00e2n", "16": "Qua Nh\u00e0 N1A K\u0110T Trung H\u00f2a Nh\u00e2n Ch\u00ednh 50m - Ho\u00e0ng Minh Gi\u00e1m", "17": "Tr\u01b0\u1eddng THPT chuy\u00ean H\u00e0 N\u1ed9i - Amsterdam (Ho\u00e0ng Minh Gi\u00e1m)", "18": "Tr\u01b0\u1eddng THPT Nguy\u1ec5n B\u1ec9nh Khi\u00eam - \u0111\u01b0\u1eddng Nguy\u1ec5n Ch\u00e1nh", "19": "\u0110\u1ed1i di\u1ec7n nh\u00e0 B6C - K\u0110T Nam Trung Y\u00ean", "20": "Tr\u01b0\u1edbc tr\u01b0\u1eddng Ti\u1ec3u h\u1ecdc Nam Trung Y\u00ean 100m - \u0111\u01b0\u1eddng Nguy\u1ec5n Ch\u00e1nh", "21": "\u0110\u1ed1i di\u1ec7n nh\u00e0 CT5 K\u0110T S\u00f4ng \u0110\u00e0 M\u1ef9 \u0110\u00ecnh - Ph\u1ea1m H\u00f9ng", "22": "Qua ng\u00e3 4 Ph\u1ea1m H\u00f9ng - \u0110\u00ecnh Th\u00f4n (H\u01b0\u1edbng \u0111i Ph\u1ea1m V\u0103n \u0110\u1ed3ng)", "23": "\u0110\u1ed1i di\u1ec7n B\u1ebfn xe kh\u00e1ch M\u1ef9 \u0110\u00ecnh - Ph\u1ea1m H\u00f9ng (c\u1ed9t tr\u01b0\u1edbc)", "24": "\u0110\u1ed1i di\u1ec7n B\u1ec7nh vi\u1ec7n \u0111a khoa y h\u1ecdc c\u1ed5 truy\u1ec1n - Ph\u1ea1m H\u00f9ng", "25": "\u0110\u1ed1i di\u1ec7n \u0110H Th\u01b0\u01a1ng M\u1ea1i - 6 H\u1ed3 T\u00f9ng M\u1eadu (c\u1ed9t tr\u01b0\u1edbc)", "26": "202 H\u1ed3 T\u00f9ng M\u1eadu", "27": "Trung t\u00e2m ki\u1ec3m \u0111\u1ecbnh xe m\u00e1y qu\u00e2n s\u1ef1 (C\u1ea7u Di\u1ec5n) - \u0110\u01b0\u1eddng 32", "28": "C\u1ea1nh Trung \u0111o\u00e0n th\u00f4ng tin 21(C\u1eeda h\u00e0ng D\u1ea7u b\u00f3ng Pupe C\u1ea7u Di\u1ec5n) - \u0110\u01b0\u1eddng 32", "29": "135 T\u1ed5 3 (\u0110\u1ed1i di\u1ec7n tr\u01b0\u1eddng m\u1ea7m non Sao Mai - Ki\u1ec1u Mai) - \u0110\u01b0\u1eddng 32", "30": "\u0110\u1ed1i di\u1ec7n Cty CP ch\u1ebf t\u1ea1o \u0111i\u1ec7n c\u01a1 H\u00e0 N\u1ed9i - \u0110\u01b0\u1eddng 32", "31": "\u0110\u00ecnh v\u00e0 Mi\u1ebfu \u0110\u1ed3ng C\u1ed5 (Th\u00f4n Nguy\u00ean X\u00e1) - \u0110\u01b0\u1eddng 32", "32": "\u0110i\u1ec3m trung chuy\u1ec3n Nh\u1ed5n (c\u1ed9t sau) - Tr\u01b0\u1eddng \u0110\u1ea1i h\u1ecdc c\u00f4ng nghi\u1ec7p H\u00e0 N\u1ed9i - \u0110\u01b0\u1eddng 32", "33": "22 ph\u1ed1 Nh\u1ed5n", "34": "C\u00f4ng ty CP x\u00e2y d\u1ef1ng Th\u0103ng Long - Qu\u1ed1c l\u1ed9 32", "35": "\u0110\u1ea1i h\u1ecdc Th\u00e0nh \u0110\u00f4 - Qu\u1ed1c l\u1ed9 32", "36": "\u0110\u1ed1i di\u1ec7n K\u0110T Kim Chung - Di Tr\u1ea1ch", "37": "Qua l\u1ed1i r\u1ebd HV Khoa h\u1ecdc Qu\u00e2n S\u1ef1 - Qu\u1ed1c l\u1ed9 32", "38": "B\u01b0u \u0111i\u1ec7n Ho\u00e0i \u0110\u1ee9c - Qu\u1ed1c l\u1ed9 32", "39": "Tr\u01b0\u1edbc K\u0110T Lideco 25m - t\u1ec9nh l\u1ed9 422", "40": "Qua 30m \u0111\u1ed1i di\u1ec7n c\u1ed5ng l\u00e0ng H\u1ea1nh \u0110\u00e0n - t\u1ec9nh l\u1ed9 422", "41": "(B) T\u00e2n L\u1eadp - Tuy\u1ebfn 29"}}