{"Lat": {"0": 20.9646, "1": 20.9591333333, "2": 20.9591333333, "3": 20.9650833333, "4": 20.982566666700002, "5": 20.98795, "6": 21.0014166667, "7": 21.004383333299998, "8": 21.0077666667, "9": 21.01125, "10": 21.0134, "11": 21.0184, "12": 21.02145, "13": 21.023866666700002, "14": 21.02715, "15": 21.0289, "16": 21.027683, "17": 21.0242666667, "18": 21.02498, "19": 21.006283, "20": 21.0106333333, "21": 21.015, "22": 21.0177333333, "23": 21.018493, "24": 21.020566666700002, "25": 21.0230833333, "26": 21.024033, "27": 21.024998999999998, "28": 21.026183, "29": 21.025548999999998, "30": 21.023285, "31": 21.0172333333}, "BusStopCode": {"0": 1735, "1": 1179, "2": 1180, "3": 1181, "4": 1182, "5": 1183, "6": 1174, "7": 1176, "8": 1184, "9": 1185, "10": 1186, "11": 1187, "12": 1188, "13": 2971, "14": 1195, "15": 1196, "16": 2969, "17": 2970, "18": 1816, "19": 515, "20": 516, "21": 762, "22": 763, "23": 753, "24": 347, "25": 2183, "26": 179, "27": 180, "28": 181, "29": 325, "30": 326, "31": 1704}, "FleetOver": {"0": "40", "1": "40", "2": "40", "3": "40", "4": "40", "5": "40", "6": "40,52A,52B", "7": "40,52A,52B", "8": "40,52A,52B", "9": "40,52A,52B", "10": "40,52A,52B", "11": "100,40,52A,52B", "12": "100,11,40,52A,52B", "13": "100,40,52A,52B", "14": "100,11,40,52A,52B", "15": "100,11,40,52A,52B", "16": "100,40,52B,98", "17": "100,40,52B,98", "18": "100,106,40,47B,52B,98", "19": "24,40,45,47B,48,51,55,55B", "20": "19,24,40,45,48,51,55,55B", "21": "19,40,45", "22": "19,40,45", "23": "03,40,42,43,44,45", "24": "02,09CT,14CT,18,23,40,45,49", "25": "02,40", "26": "02,09CT,34,36CT,40", "27": "02,09CT,34,36,36CT,40", "28": "01,34,38,40", "29": "01,32,38,40", "30": "01,03,11,32,40,49", "31": "40"}, "Lng": {"0": 105.9945, "1": 105.99746666700001, "2": 105.9979, "3": 105.9946, "4": 105.98299999999999, "5": 105.977066667, "6": 105.96563333299999, "7": 105.96255, "8": 105.957066667, "9": 105.952266667, "10": 105.9492, "11": 105.9425, "12": 105.9375, "13": 105.93175, "14": 105.92376666700001, "15": 105.918383333, "16": 105.911367, "17": 105.9067, "18": 105.90128899999999, "19": 105.86838300000001, "20": 105.864516667, "21": 105.86265, "22": 105.862016667, "23": 105.860813, "24": 105.85826666700001, "25": 105.85706666700001, "26": 105.85366, "27": 105.850397, "28": 105.846402, "29": 105.84142, "30": 105.841429, "31": 105.84385}, "Name": {"0": "(B) V\u0103n L\u00e2m - Tuy\u1ebfn 40", "1": "138 - 140 Ch\u1ee3 \u0111\u01b0\u1eddng C\u00e1i -C\u1ea1nh Qu\u1ea3ng c\u00e1o Ho\u00e0ng Gia (\u0111\u1ed1i di\u1ec7n si\u00eau th\u1ecb Ph\u01b0\u01a1ng H\u1ea3i) - QL5", "2": "15 - 17 Ch\u1ee3 \u0111\u01b0\u1eddng C\u00e1i (g\u1ea7n si\u00eau th\u1ecb Ph\u01b0\u01a1ng H\u1ea3i)", "3": "Tr\u01b0\u1edbc c\u1ed5ng tr\u1ea1m tr\u1ed9n BT Vi\u1ec7t \u0110\u1ee9c 100m (\u0111\u1ed1i di\u1ec7n tr\u01b0\u1eddng Cao \u0111\u1eb3ng Asean) - QL5", "4": "V\u1ecbnh ch\u1edd xe bu\u00fdt g\u1ea7n c\u1ea7u v\u01b0\u1ee3t ch\u1ee3 Nh\u01b0 Qu\u1ef3nh - QL5", "5": "\u0110i\u1ec3m cu\u1ed1i tuy\u1ebfn 40 Nh\u01b0 Qu\u1ef3nh - QL5", "6": "Qua c\u1ea7u v\u01b0\u1ee3t Ph\u00fa Th\u1ecb - Nguy\u1ec5n B\u00ecnh", "7": "S\u1ed1 45 Ga Ph\u00fa Th\u1ecb - Nguy\u1ec5n B\u00ecnh", "8": "Qua \u0111\u01b0\u1eddng v\u00e0o Nh\u00e0 m\u00e1y S\u1eefa H\u00e0 N\u1ed9i - Nguy\u1ec5n \u0110\u1ee9c Thu\u1eadn", "9": "KCN Gia L\u00e2m - Nguy\u1ec5n \u0110\u1ee9c Thu\u1eadn", "10": "Tr\u01b0\u1edbc c\u1ed5ng K\u0110T \u0110\u1eb7ng X\u00e1 100m - 827 Nguy\u1ec5n \u0110\u1ee9c Thu\u1eadn", "11": "Trung t\u00e2m Th\u1ec3 d\u1ee5c th\u1ec3 thao huy\u1ec7n Gia L\u00e2m - 399 Nguy\u1ec5n \u0110\u1ee9c Thu\u1eadn", "12": "b\u01b0u \u0111i\u1ec7n Tr\u00e2u Qu\u1ef3 - Nguy\u1ec5n \u0110\u1ee9c Thu\u1eadn", "13": "G\u1ea7n ng\u00e3 ba c\u1ea7u Thanh Tr\u00ec - Nguy\u1ec5n \u0110\u1ee9c Thu\u1eadn", "14": "Qua ng\u00e3 3 c\u1ea7u Thanh Tr\u00ec - Nguy\u1ec5n V\u0103n Linh", "15": "C\u00f4ng ty May 10 - Nguy\u1ec5n V\u0103n Linh", "16": "Tr\u01b0\u1edbc 50m ng\u00f5 12 Th\u1ea1ch B\u00e0n", "17": "\u0110\u1ed1i di\u1ec7n tr\u01b0\u1eddng THCS Th\u1ea1ch B\u00e0n - \u0111\u01b0\u1eddng Th\u1ea1ch B\u00e0n", "18": "Aeon Mall Long Bi\u00ean (\u0110\u1ed1i di\u1ec7n C\u1ed9t \u0111i\u1ec7n T4A/2A-B \u0111\u01b0\u1eddng C\u1ed5 Linh)", "19": "287 Nguy\u1ec5n Kho\u00e1i (Ng\u00e3 3 D\u1ed1c Minh Khai)", "20": "\u0110\u1ed1i di\u1ec7n BX L\u01b0\u01a1ng Y\u00ean (Tr\u01b0\u1edbc nh\u00e0 17B1 \u0110\u1ea7m Tr\u1ea5u) - Nguy\u1ec5n Kho\u00e1i", "21": "\u0110\u1ed1i di\u1ec7n ph\u00f2ng ch\u1ee5p c\u1eaft l\u1edbp vi t\u00ednh 64 l\u1edbp - s\u1ed1 1 Tr\u1ea7n Kh\u00e1nh D\u01b0 (\u0111\u01b0\u1eddng d\u01b0\u1edbi)", "22": "\u0110\u1ed1i di\u1ec7n Khoa A11 Vi\u1ec7n 108 (C\u00e1ch ng\u00e3 3 Tr\u1ea7n Kh\u00e1nh D\u01b0 - Tr\u1ea7n H\u01b0ng \u0110\u1ea1o 80m)", "23": "C\u1ed5ng b\u1ec7nh vi\u1ec7n Qu\u00e2n y 108 - \u0110\u1ed1i di\u1ec7n 2E Tr\u1ea7n H\u01b0ng \u0110\u1ea1o", "24": "\u0110\u1ea1i h\u1ecdc Khoa h\u1ecdc t\u1ef1 nhi\u00ean - 19 L\u00ea Th\u00e1nh T\u00f4ng", "25": "H\u00e8 c\u1ea1nh v\u01b0\u1eddn hoa 19-8, \u0111\u01b0\u1eddng Hai B\u00e0 Tr\u01b0ng", "26": "22B Hai B\u00e0 Tr\u01b0ng - C\u1ea1nh Tr\u00e0ng Ti\u1ec1n Plaza", "27": "48 Hai B\u00e0 Tr\u01b0ng - Vi\u1ec7n Ki\u1ec3m Nghi\u1ec7m thu\u1ed1c Trung \u01b0\u01a1ng", "28": "\u0110\u1ed1i di\u1ec7n th\u00e1p H\u00e0 N\u1ed9i - Hai B\u00e0 Tr\u01b0ng (c\u1ea1nh 56 Hai B\u00e0 Tr\u01b0ng)", "29": "T\u1ed5ng c\u00f4ng ty \u0110\u01b0\u1eddng s\u1eaft Vi\u1ec7t Nam - 116 L\u00ea Du\u1ea9n", "30": "Ga H\u00e0 N\u1ed9i - 120 L\u00ea Du\u1ea9n", "31": "(A) CV Th\u1ed1ng Nh\u1ea5t - Tuy\u1ebfn 40"}}