{"Lat": {"0": 20.95355, "1": 20.955613, "2": 20.95765, "3": 20.9579, "4": 20.9647666667, "5": 20.9661166667, "6": 20.9664666667, "7": 20.9649333333, "8": 20.965, "9": 20.9672166667, "10": 20.970537, "11": 20.9723, "12": 20.9763833333, "13": 20.98145, "14": 20.9853833333, "15": 20.9905333333, "16": 20.99335, "17": 20.9955666667, "18": 21.000283, "19": 21.0029, "20": 21.0074166667, "21": 21.0101666667, "22": 21.00725, "23": 21.006866666700002, "24": 21.0127666667, "25": 21.015587, "26": 21.01885, "27": 21.0229, "28": 21.027151, "29": 21.0344, "30": 21.0406, "31": 21.050738, "32": 21.0574666667, "33": 21.0622, "34": 21.07015, "35": 21.0771833333, "36": 21.078000000000003, "37": 21.075983333299998, "38": 21.0741, "39": 21.07135, "40": 21.0736, "41": 21.0758666667}, "BusStopCode": {"0": 3417, "1": 3271, "2": 3272, "3": 447, "4": 3287, "5": 118, "6": 119, "7": 480, "8": 494, "9": 495, "10": 56, "11": 567, "12": 568, "13": 569, "14": 565, "15": 566, "16": 4072, "17": 546, "18": 547, "19": 359, "20": 210, "21": 740, "22": 741, "23": 573, "24": 574, "25": 575, "26": 576, "27": 577, "28": 578, "29": 580, "30": 593, "31": 594, "32": 595, "33": 597, "34": 596, "35": 598, "36": 485, "37": 486, "38": 487, "39": 488, "40": 314, "41": 3902}, "FleetOver": {"0": "60A", "1": "60A,99", "2": "60A,99", "3": "06A,06B,06C,06D,06E,08A,08ACT,101,12,60A,94,99", "4": "06A,06B,06C,06D,06E,08A,08B,08BCT,106,12,21B,37,60A,94,99", "5": "106,37,60A", "6": "106,37,60A", "7": "05,36,36CT,37,60A", "8": "05,106,36,36CT,37,60A,84", "9": "05,104,36,36CT,37,60A,84", "10": "05,22C,29,37,60A,60B", "11": "22C,29,60A", "12": "22C,29,60A", "13": "22C,29,60A", "14": "22C,29,60A", "15": "22C,29,60A", "16": "01,02,05,105,19,21A,21B,27,29,60A", "17": "05,105,29,44,60A,60B", "18": "05,105,29,44,60A,60B", "19": "105,29,30,44,60A,60B", "20": "105,60A,60B", "21": "105,107,22A,35A,50,60A,60B", "22": "107,35A,50,60A,60B", "23": "103,21B,22B,35A,39,50,60A,60B,87", "24": "103,21B,22B,33,35A,39,50,60A,60B,87", "25": "103,21B,22B,33,35A,39,50,60A,60B,87", "26": "103,104,21B,22B,29,30,33,35A,39,44,60A,60B,74,84,87,88", "27": "103,104,21B,22B,29,30,33,35A,39,44,46,60A,60B,74,84,87,88", "28": "103,16,21B,22B,29,30,33,34,44,46,53B,60A,60B,74,84,88", "29": "16,29,33,34,35A,46,53B,60A,60B,61,97", "30": "33,46,60A,60B,61", "31": "07,14,14CT,27,35A,38,45,46,53A,53B,60A,60B,61", "32": "07,14,14CT,27,35A,38,45,46,53A,53B,60A,60B,61", "33": "07,14,14CT,27,28,35A,38,45,46,53A,53B,60A,60B,61", "34": "07,14,14CT,28,35B,46,53A,53B,56A,56C,57,60A,60B,61,93,95", "35": "07,14,14CT,28,35B,46,53A,53B,56A,56C,57,60A,60B,61,93,95", "36": "60A", "37": "60A", "38": "60A", "39": "60A", "40": "13,55,55B,60A", "41": "60A"}, "Lng": {"0": 105.85011666700001, "1": 105.846924, "2": 105.84425, "3": 105.84291666700001, "4": 105.84211666700001, "5": 105.83815, "6": 105.835066667, "7": 105.83126666700001, "8": 105.82665, "9": 105.8265, "10": 105.826017, "11": 105.82071666700001, "12": 105.81466666700001, "13": 105.810966667, "14": 105.808066667, "15": 105.80436666700001, "16": 105.806233333, "17": 105.805516667, "18": 105.801833, "19": 105.80145, "20": 105.80275, "21": 105.79876666700001, "22": 105.794816667, "23": 105.791233333, "24": 105.78646666700001, "25": 105.784246, "26": 105.781516667, "27": 105.77903333299999, "28": 105.77920800000001, "29": 105.78043333299999, "30": 105.781033333, "31": 105.781663, "32": 105.782766667, "33": 105.784016667, "34": 105.78555, "35": 105.7868, "36": 105.789233333, "37": 105.79453333299999, "38": 105.79935, "39": 105.806766667, "40": 105.81293333299999, "41": 105.81601666700001}, "Name": {"0": "(A) K\u0110T Ph\u00e1p V\u00e2n T\u1ee9 Hi\u1ec7p - Tuy\u1ebfn 60A", "1": "\u0110\u1ed1i di\u1ec7n nh\u00e0 No9 K\u0110T Ph\u00e1p V\u00e2n", "2": "\u0110\u1ed1i di\u1ec7n t\u1eadp th\u1ec3 810 Ng\u00f5 83", "3": "C\u00f4ng ty bi\u1ebfn th\u1ebf ABB - Ng\u1ecdc H\u1ed3i", "4": "B\u1ebfn xe N\u01b0\u1edbc Ng\u1ea7m", "5": "H\u00e8 tr\u01b0\u1edbc t\u01b0\u1ee3ng \u0111\u00e0i Li\u1ec7t s\u0129 ph\u01b0\u1eddng Ho\u00e0ng Li\u1ec7t 30m", "6": "UBND ph\u01b0\u1eddng Ho\u00e0ng Li\u1ec7t", "7": "Nh\u00e0 N\u01a0. 1A K\u0110T Linh \u0110\u00e0m - Nguy\u1ec5n Duy Trinh", "8": "\u0110\u1ed1i di\u1ec7n Tr\u1ea1m c\u1ea5p n\u01b0\u1edbc Linh \u0110\u00e0m (\u0111\u1ed1i di\u1ec7n chung c\u01b0 HH1C) - Nguy\u1ec5n H\u1eefu Th\u1ecd", "9": "C\u00f4ng vi\u00ean B\u1eafc Linh \u0110\u00e0m - \u0110\u1ed1i di\u1ec7n L\u00f4 1 CT1 B\u1eafc Linh \u0110\u00e0m - Nguy\u1ec5n H\u1eefu Th\u1ecd", "10": "\u0110i\u1ec3m x\u00e9n h\u00e8 (To\u00e0 nh\u00e0 CT2 - K\u0110T B\u1eafc Linh \u0110\u00e0m) - C\u1ea7u D\u1eadu", "11": "\u0110\u1ed1i di\u1ec7n kh\u00e1n \u0111\u00e0i A (Trung t\u00e2m thi \u0111\u1ea5u v\u00e0 hu\u1ea5n luy\u1ec7n th\u1ec3 thao CAND) - Nghi\u00eam Xu\u00e2n Y\u00eam", "12": "Tr\u01b0\u1eddng \u0110\u1ea1i h\u1ecdc Th\u0103ng Long - Nghi\u00eam Xu\u00e2n Y\u00eam", "13": "Tr\u01b0\u1edbc ng\u00e3 3 Nguy\u1ec5n Xi\u1ec3n - Ho\u00e0ng \u0110\u1ea1o Th\u00e0nh (h\u01b0\u1edbng \u0111i Nguy\u1ec5n Tr\u00e3i)", "14": "\u0110i\u1ec3m x\u00e9n h\u00e8 h\u1ea7m \u0111\u01b0\u1eddng b\u1ed9 s\u1ed1 4 - Nguy\u1ec5n Xi\u1ec3n", "15": "\u0110i\u1ec3m x\u00e9n h\u00e8 h\u1ea7m \u0111\u01b0\u1eddng b\u1ed9 (Vi\u1ec7n C\u00f4ng ngh\u1ec7 th\u1ef1c ph\u1ea9m TW) - Nguy\u1ec5n Xi\u1ec3n", "16": "Tr\u01b0\u1edbc s\u1ed1 277 Nguy\u1ec5n Tr\u00e3i - B\u00e1ch h\u00f3a gi\u00e0y Th\u01b0\u1ee3ng \u0110\u00ecnh", "17": "90 Nguy\u1ec5n Tu\u00e2n", "18": "L\u00e0ng Sinh vi\u00ean Hacinco - Nguy\u1ec5n Tu\u00e2n", "19": "\u0110\u1ed1i di\u1ec7n Nh\u00e0 N2E K\u0110T Trung H\u00f2a Nh\u00e2n Ch\u00ednh - L\u00ea V\u0103n L\u01b0\u01a1ng", "20": "Nh\u00e0 24T2 K\u0110T Trung Ho\u00e0 Nh\u00e2n Ch\u00ednh - Ho\u00e0ng \u0110\u1ea1o Th\u00fay", "21": "\u0110\u1ed1i di\u1ec7n B\u1ed9 Khoa h\u1ecdc & C\u00f4ng ngh\u1ec7 - 146 Tr\u1ea7n Duy H\u01b0ng", "22": "220 Tr\u1ea7n Duy H\u01b0ng - C\u1ea1nh Si\u00eau th\u1ecb Big C", "23": "Ng\u00e3 4 Ph\u1ea1m H\u00f9ng - Khu\u1ea5t Duy Ti\u1ebfn (\u0110\u1ed1i di\u1ec7n Trung t\u00e2m H\u1ed9i ngh\u1ecb Qu\u1ed1c Gia)", "24": "Qua 130m Doanh tr\u1ea1i B\u1ed9 ch\u1ec9 huy qu\u00e2n s\u1ef1 HN - 99A Ph\u1ea1m H\u00f9ng", "25": "T\u00f2a nh\u00e0 Landmark 72 - \u0111\u01b0\u1eddng Ph\u1ea1m H\u00f9ng", "26": "\u0110\u1ed1i di\u1ec7n nh\u00e0 CT5 K\u0110T S\u00f4ng \u0110\u00e0 M\u1ef9 \u0110\u00ecnh - Ph\u1ea1m H\u00f9ng", "27": "Qua ng\u00e3 4 Ph\u1ea1m H\u00f9ng - \u0110\u00ecnh Th\u00f4n (H\u01b0\u1edbng \u0111i Ph\u1ea1m V\u0103n \u0110\u1ed3ng)", "28": "\u0110\u1ed1i di\u1ec7n B\u1ebfn xe kh\u00e1ch M\u1ef9 \u0110\u00ecnh - Ph\u1ea1m H\u00f9ng (c\u1ed9t tr\u01b0\u1edbc)", "29": "\u0110\u1ed1i di\u1ec7n B\u1ec7nh vi\u1ec7n \u0111a khoa y h\u1ecdc c\u1ed5 truy\u1ec1n - Ph\u1ea1m H\u00f9ng", "30": "\u0110H S\u01b0 ph\u1ea1m Ngo\u1ea1i ng\u1eef - \u0110\u1ed1i di\u1ec7n s\u1ed1 9 Ph\u1ea1m V\u0103n \u0110\u1ed3ng", "31": "36A Ph\u1ea1m V\u0103n \u0110\u1ed3ng", "32": "527 Ph\u1ea1m V\u0103n \u0110\u1ed3ng", "33": "Qua 70m \u0111\u01b0\u1eddng v\u00e0o c\u00f4ng vi\u00ean H\u00f2a B\u00ecnh - Ph\u1ea1m V\u0103n \u0110\u1ed3ng", "34": "373 Ph\u1ea1m V\u0103n \u0110\u1ed3ng", "35": "113 Ph\u1ea1m V\u0103n \u0110\u1ed3ng", "36": "771 - 773 Nguy\u1ec5n Ho\u00e0ng T\u00f4n", "37": "T\u1eadp th\u1ec3 Ph\u00e1o Binh 563 - 565 Nguy\u1ec5n Ho\u00e0ng T\u00f4n", "38": "393 Nguy\u1ec5n Ho\u00e0ng T\u00f4n", "39": "\u0110\u1ed1i di\u1ec7n 40 Nguy\u1ec5n Ho\u00e0ng T\u00f4n", "40": "S\u1ed1 442-444 L\u1ea1c Long Qu\u00e2n (g\u1ea7n tr\u01b0\u1eddng THCS Nh\u1eadt T\u00e2n - 474 L\u1ea1c Long Qu\u00e2n)", "41": "(B) CV N\u01b0\u1edbc H\u1ed3 T\u00e2y - Tuy\u1ebfn 60A"}}