{"Lat": {"0": 21.0875, "1": 21.0827166667, "2": 21.076966666700002, "3": 21.0711666667, "4": 21.062196, "5": 21.0547333333, "6": 21.051595000000002, "7": 21.0460166667, "8": 21.0460333333, "9": 21.046, "10": 21.046031, "11": 21.046083, "12": 21.0475833333, "13": 21.0462833333, "14": 21.0432666667, "15": 21.042066666700002, "16": 21.0408, "17": 21.0399, "18": 21.0418833333, "19": 21.040634, "20": 21.039885, "21": 21.037567000000003, "22": 21.0334666667, "23": 21.0281166667, "24": 21.0252833333, "25": 21.0232166667}, "BusStopCode": {"0": 1758, "1": 922, "2": 599, "3": 601, "4": 600, "5": 602, "6": 603, "7": 238, "8": 229, "9": 230, "10": 231, "11": 232, "12": 216, "13": 217, "14": 218, "15": 219, "16": 220, "17": 221, "18": 222, "19": 607, "20": 608, "21": 770, "22": 489, "23": 390, "24": 780, "25": 1936}, "FleetOver": {"0": "14,14CT", "1": "14,14CT", "2": "07,14,14CT,28,35B,46,53A,53B,56A,56C,57,60A,60B,61,93,95", "3": "07,14,14CT,28,35B,46,53A,53B,56A,56C,57,60A,60B,61,93,95", "4": "07,14,14CT,27,28,35A,38,45,46,53A,53B,60A,60B,61", "5": "07,14,14CT,27,35A,38,45,46,53A,53B,60A,60B,61", "6": "07,14,14CT,27,35A,38,45,46,53A,53B,60A,60B,61", "7": "07,14,14CT,33", "8": "07,14,14CT,33,38,45", "9": "07,14,14CT,33,38,45", "10": "07,14,14CT,33,38,45", "11": "13,14,14CT,33,45,96", "12": "14,14CT,45", "13": "14,14CT,45,90", "14": "14,14CT,45,90", "15": "09,09CT,14,14CT,45", "16": "09,09CT,14,14CT,45", "17": "14,14CT,45", "18": "14,14CT,45", "19": "14,14CT,22A", "20": "14,14CT,22A,41", "21": "01,03,100,10B,11,14,14CT,17,18,22A,23,34,47A,54,98", "22": "04,08A,08ACT,08B,08BCT,11,14,14CT,18,23", "23": "04,08A,08ACT,08B,08BCT,11,14CT,18,23", "24": "03,14CT,24,42,43,48,55,55B", "25": "14CT"}, "Lng": {"0": 105.785816667, "1": 105.7851, "2": 105.7864, "3": 105.7855, "4": 105.783753, "5": 105.781916667, "6": 105.781554, "7": 105.78375, "8": 105.787066667, "9": 105.7922, "10": 105.796345, "11": 105.80113300000001, "12": 105.80645, "13": 105.81081666700001, "14": 105.81413333299999, "15": 105.81965, "16": 105.82445, "17": 105.829033333, "18": 105.83301666700001, "19": 105.841591, "20": 105.84576200000001, "21": 105.85275, "22": 105.85441666700001, "23": 105.85565, "24": 105.85961666700001, "25": 105.860683333}, "Name": {"0": "(B) C\u1ed5 Nhu\u1ebf - Tuy\u1ebfn 14", "1": "\u0110\u1ed1i di\u1ec7n C.ty th\u00ed nghi\u1ec7m v\u00e0 x\u00e2y d\u1ef1ng s\u1ed1 8 Th\u0103ng Long - 31 T\u00e2n Xu\u00e2n (Ch\u00e2n c\u1ea7u Th\u0103ng Long)", "2": "96 Ph\u1ea1m V\u0103n \u0110\u1ed3ng (Ng\u00e3 4 Ph\u1ea1m V\u0103n \u0110\u1ed3ng - Xu\u00e2n \u0110\u1ec9nh)", "3": "Showroom \u00f4 t\u00f4 Trung S\u01a1n (\u0111\u1ed1i di\u1ec7n 315 Ph\u1ea1m V\u0103n \u0110\u1ed3ng)", "4": "Tr\u01b0\u1edbc 100m ng\u00f5 218 Ph\u1ea1m V\u0103n \u0110\u1ed3ng (\u0111\u1ed1i di\u1ec7n c\u00f4ng vi\u00ean H\u00f2a B\u00ecnh)", "5": "Si\u00eau th\u1ecb Metro Th\u0103ng Long - \u0110\u1ed1i di\u1ec7n ng\u00f5 599 Ph\u1ea1m V\u0103n \u0110\u1ed3ng", "6": "B\u1ed9 c\u00f4ng an - \u0111\u1ed1i di\u1ec7n 36A Ph\u1ea1m V\u0103n \u0110\u1ed3ng", "7": "Tr\u1ea1m trung chuy\u1ec3n xe bu\u00fdt Ho\u00e0ng Qu\u1ed1c Vi\u1ec7t (c\u1ed9t sau) - chi\u1ec1u \u0111i B\u01b0\u1edfi", "8": "H\u1ecdc vi\u1ec7n Ch\u00ednh tr\u1ecb Qu\u1ed1c Gia H\u1ed3 Ch\u00ed Minh (\u0110\u1ed1i di\u1ec7n 108 Ho\u00e0ng Qu\u1ed1c Vi\u1ec7t)", "9": "Cao \u0111\u1eb3ng s\u01b0 ph\u1ea1m m\u1eabu gi\u00e1o Trung \u01b0\u01a1ng - 387 Ho\u00e0ng Qu\u1ed1c Vi\u1ec7t", "10": "247-249 Ho\u00e0ng Qu\u1ed1c Vi\u1ec7t", "11": "G\u1ea7n H\u1ecdc vi\u1ec7n Qu\u1ed1c Ph\u00f2ng - 91 Ho\u00e0ng Qu\u1ed1c Vi\u1ec7t", "12": "741-743 Ho\u00e0ng Hoa Th\u00e1m", "13": "\u0110\u1ed1i di\u1ec7n 580 - 582 Ho\u00e0ng Hoa Th\u00e1m - Tr\u01b0\u1eddng Ti\u1ec3u H\u1ecdc Ho\u00e0ng Hoa Th\u00e1m", "14": "B\u1ec7nh vi\u1ec7n Ph\u1ed5i Trung \u01b0\u01a1ng - 463 Ho\u00e0ng Hoa Th\u00e1m (\u0110\u1ed1i di\u1ec7n 410 Ho\u00e0ng Hoa Th\u00e1m)", "15": "239-241 Ho\u00e0ng Hoa Th\u00e1m", "16": "Tr\u01b0\u1eddng THCS Ba \u0110\u00ecnh - 145 Ho\u00e0ng Hoa Th\u00e1m", "17": "C\u00f4ng vi\u00ean B\u00e1ch Th\u1ea3o - Ho\u00e0ng Hoa Th\u00e1m (Qua ph\u1ed1 Ng\u1ecdc H\u00e0)", "18": "C\u00f4ng vi\u00ean B\u00e1ch Th\u1ea3o - Ho\u00e0ng Hoa Th\u00e1m (\u0110D Tr\u01b0\u1eddng THCS Chu V\u0103n An)", "19": "Th\u00e0nh c\u1ed5 H\u00e0 N\u1ed9i - \u0110\u1ed1i di\u1ec7n 38 Phan \u0110\u00ecnh Ph\u00f9ng", "20": "3A Phan \u0110\u00ecnh Ph\u00f9ng", "21": "80 Tr\u1ea7n Nh\u1eadt Du\u1eadt", "22": "54 Nguy\u1ec5n H\u1eefu Hu\u00e2n", "23": "36 L\u00fd Th\u00e1i T\u1ed5 - Cung thi\u1ebfu nhi H\u00e0 N\u1ed9i", "24": "V\u01b0\u1eddn hoa Tr\u1ea7n Quang Kh\u1ea3i (\u0110\u1ed1i di\u1ec7n BQL X\u00e2y d\u1ef1ng c\u00f4ng tr\u00ecnh C\u00f4ng \u00edch)", "25": "(A) Tr\u1ea7n Kh\u00e1nh D\u01b0 - Tuy\u1ebfn 14CT"}}