{"Lat": {"0": 21.0281, "1": 21.0233166667, "2": 21.018608, "3": 21.0147333333, "4": 21.0112666667, "5": 21.0067666667, "6": 21.0026, "7": 20.9980166667, "8": 20.9948333333, "9": 20.99335, "10": 20.995383333299998, "11": 20.99855, "12": 21.000738000000002, "13": 21.007426000000002, "14": 21.0087333333, "15": 21.006912, "16": 21.007683333299997, "17": 21.009096, "18": 21.007917000000003, "19": 21.0049166667, "20": 21.00095, "21": 20.9931833333, "22": 20.9876, "23": 20.9842333333, "24": 20.9803833333, "25": 20.9762666667, "26": 20.9717833333, "27": 20.9655166667, "28": 20.959633333299998, "29": 20.9583666667, "30": 20.95355}, "BusStopCode": {"0": 2963, "1": 583, "2": 585, "3": 586, "4": 587, "5": 588, "6": 259, "7": 2827, "8": 260, "9": 4072, "10": 541, "11": 542, "12": 543, "13": 664, "14": 67, "15": 68, "16": 589, "17": 590, "18": 78, "19": 157, "20": 158, "21": 159, "22": 160, "23": 161, "24": 162, "25": 163, "26": 164, "27": 117, "28": 1132, "29": 1133, "30": 1685}, "FleetOver": {"0": "21B", "1": "103,21B,29,44", "2": "103,104,21B,22B,29,30,33,35A,39,44,60A,60B,74,84,87,88", "3": "103,21B,22B,33,35A,39,50,60A,60B,87", "4": "103,21B,22B,35A,39,50,60A,60B,87", "5": "103,21B,22B,35A,39,50,60A,60B,87", "6": "103,21B,22B,39", "7": "21B,22B,39", "8": "21B,22B,39", "9": "01,02,05,105,19,21A,21B,27,29,60A", "10": "01,02,05,19,21A,21B,27,44,60B", "11": "01,02,19,21A,21B,27,44", "12": "01,02,104,19,21A,21B,27,44", "13": "01,02,21A,21B,44,84", "14": "12,18,21A,21B,23,26,35A,44,51", "15": "12,18,21A,21B,23,26,35A,44,51", "16": "18,21A,21B,23,26,35A,44,51", "17": "21A,21B,26,35A,44,51", "18": "21A,21B,25,26,28", "19": "03,21A,21B,25,28,32,41", "20": "03,18,21A,21B,23,25,28,32,41,99", "21": "03,03B,08A,08ACT,08B,08BCT,16,21A,21B,25,28,32,41", "22": "03,03B,08A,08ACT,08B,08BCT,16,21A,21B,25,28,32,41", "23": "03,03B,08A,08ACT,08B,08BCT,12,16,21A,21B,25,28,32,41", "24": "03B,06A,06B,06C,06D,06E,08A,08ACT,08B,08BCT,106,12,16,21B,22C", "25": "03B,06A,06B,06C,06D,06E,08A,08ACT,08B,08BCT,101,106,12,16,21B,22C,29,36,36CT,37,94", "26": "03B,06A,06B,06C,06D,06E,08A,08ACT,08B,08BCT,101,106,12,16,21B,22C,29,36,36CT,37,94", "27": "08B,08BCT,21B,99", "28": "08B,08BCT,21B", "29": "21B", "30": "21B"}, "Lng": {"0": 105.7785, "1": 105.77845, "2": 105.78126100000001, "3": 105.78423333299999, "4": 105.78705, "5": 105.79068333299999, "6": 105.7941, "7": 105.7978, "8": 105.800316667, "9": 105.806233333, "10": 105.80908333299999, "11": 105.8138, "12": 105.817132, "13": 105.82351299999999, "14": 105.825616667, "15": 105.82948400000001, "16": 105.83301666700001, "17": 105.834791, "18": 105.83921699999999, "19": 105.8412, "20": 105.84118333299999, "21": 105.84108333299999, "22": 105.84095, "23": 105.840916667, "24": 105.84085, "25": 105.84078333299999, "26": 105.84076666700001, "27": 105.843016667, "28": 105.846066667, "29": 105.84803333299999, "30": 105.85011666700001}, "Name": {"0": "(B) BX M\u1ef9 \u0110\u00ecnh - Tuy\u1ebfn 21B", "1": "G\u1ea7n ng\u00e3 4 Ph\u1ea1m H\u00f9ng - \u0110\u00ecnh Th\u00f4n (H\u01b0\u1edbng \u0111i Khu\u1ea5t Duy Ti\u1ebfn)-c\u1ed9t tr\u01b0\u1edbc", "2": "Nh\u00e0 CT5 K\u0110T S\u00f4ng \u0110\u00e0 M\u1ef9 \u0110\u00ecnh - Ph\u1ea1m H\u00f9ng", "3": "Nh\u00e0 CT5-D K\u0110T M\u1ef9 \u0110\u00ecnh - Ph\u1ea1m H\u00f9ng", "4": "B\u1ea3o t\u00e0ng H\u00e0 N\u1ed9i - Ph\u1ea1m H\u00f9ng", "5": "Ng\u00e3 4 Ph\u1ea1m H\u00f9ng - Khu\u1ea5t Duy Ti\u1ebfn (Trung t\u00e2m H\u1ed9i ngh\u1ecb Qu\u1ed1c Gia)", "6": "246 Khu\u1ea5t Duy Ti\u1ebfn", "7": "39 - 41 Khu\u1ea5t Duy Ti\u1ebfn", "8": "Qu\u1eadn u\u1ef7 Thanh Xu\u00e2n - S\u1ed1 9 Khu\u1ea5t Duy Ti\u1ebfn", "9": "Tr\u01b0\u1edbc s\u1ed1 277 Nguy\u1ec5n Tr\u00e3i - B\u00e1ch h\u00f3a gi\u00e0y Th\u01b0\u1ee3ng \u0110\u00ecnh", "10": "C\u00f4ng ty thu\u1ed1c l\u00e1 Th\u0103ng Long - 235 Nguy\u1ec5n Tr\u00e3i", "11": "Ng\u00e3 3 Kim Giang - 185A Nguy\u1ec5n Tr\u00e3i", "12": "S\u00e2n v\u1eadn \u0111\u1ed9ng Th\u01b0\u1ee3ng \u0110\u00ecnh - 129 Nguy\u1ec5n Tr\u00e3i", "13": "\u0110\u1ea1i h\u1ecdc Thu\u1ef7 L\u1ee3i - 175 T\u00e2y S\u01a1n (c\u1ed9t tr\u01b0\u1edbc)", "14": "251 Ch\u00f9a B\u1ed9c", "15": "49E Ch\u00f9a B\u1ed9c", "16": "Si\u00eau th\u1ecb Uni mart - 8 Ph\u1ea1m Ng\u1ecdc Th\u1ea1ch", "17": "B10 T\u1eadp th\u1ec3 Kim Li\u00ean (\u0110\u1ed1i di\u1ec7n ng\u00f5 46B Ph\u1ea1m Ng\u1ecdc Th\u1ea1ch)", "18": "Ng\u00e2n h\u00e0ng GP Bank - s\u1ed1 7 \u0110\u00e0o Duy Anh", "19": "\u0110\u1ed1i di\u1ec7n c\u1ed5ng Parabol \u0110H B\u00e1ch Khoa - 64 Gi\u1ea3i Ph\u00f3ng", "20": "B\u1ec7nh vi\u1ec7n B\u1ea1ch Mai - 78 Gi\u1ea3i Ph\u00f3ng", "21": "196 Gi\u1ea3i Ph\u00f3ng - Ng\u00e2n h\u00e0ng N\u00f4ng nghi\u1ec7p & PTNT Chi nh\u00e1nh Nam H\u00e0 N\u1ed9i", "22": "352 Gi\u1ea3i Ph\u00f3ng", "23": "\u0110\u1ed1i di\u1ec7n 807 Gi\u1ea3i Ph\u00f3ng", "24": "\u0110\u1ed1i di\u1ec7n B\u1ebfn xe Gi\u00e1p B\u00e1t - Gi\u1ea3i Ph\u00f3ng", "25": "Ga Gi\u00e1p B\u00e1t - \u0110\u1ed1i di\u1ec7n 1035 Gi\u1ea3i Ph\u00f3ng", "26": "\u0110\u1ed1i di\u1ec7n 1251 Gi\u1ea3i Ph\u00f3ng", "27": "C\u1ed5ng C b\u1ebfn xe N\u01b0\u1edbc ng\u1ea7m", "28": "T\u00f2a nh\u00e0 N\u01a1 3 - Tr\u1ea7n Th\u1ee7 \u0110\u1ed9", "29": "T\u01b0\u1eddng r\u00e0o C\u00f4ng ty Hino (g\u1ea7n t\u00f2a nh\u00e0 sinh vi\u00ean)", "30": "(A) K\u0110T Ph\u00e1p V\u00e2n T\u1ee9 Hi\u1ec7p - Tuy\u1ebfn 21B"}}