{"Lat": {"0": 21.0422666667, "1": 21.0414333333, "2": 21.0372, "3": 21.0310666667, "4": 21.0266, "5": 21.025, "6": 21.022033333299998, "7": 21.0192, "8": 21.01605, "9": 21.0113, "10": 21.0039833333, "11": 21.0000666667, "12": 20.996783333299998, "13": 20.99425, "14": 20.9905166667, "15": 20.9852333333, "16": 20.9812833333, "17": 20.9762666667, "18": 20.9717833333, "19": 20.97105, "20": 20.96965, "21": 20.9687166667, "22": 20.964862, "23": 20.963582000000002, "24": 20.963616666700002}, "BusStopCode": {"0": 3867, "1": 865, "2": 185, "3": 186, "4": 824, "5": 177, "6": 33, "7": 34, "8": 35, "9": 36, "10": 40, "11": 41, "12": 42, "13": 817, "14": 818, "15": 819, "16": 1933, "17": 163, "18": 164, "19": 490, "20": 491, "21": 492, "22": 493, "23": 479, "24": 3868}, "FleetOver": {"0": "36CT", "1": "04,08A,08ACT,08B,08BCT,36,36CT,55,55B,65,86,86CT", "2": "01,36,36CT", "3": "01,36,36CT", "4": "01,36,36CT", "5": "02,09,09CT,34,36,36CT,40", "6": "08A,08ACT,08B,08BCT,09,09CT,31,36,36CT", "7": "08A,08ACT,08B,08BCT,09,09CT,31,35A,36,36CT,38", "8": "08A,08ACT,08B,08BCT,31,35A,36,36CT,38,52A,52B", "9": "08A,08ACT,08B,08BCT,23,31,35A,36,36CT,38,52A,52B", "10": "08A,08ACT,08B,08BCT,36,36CT,38,52A,52B", "11": "36,36CT,38,52A,52B", "12": "36,36CT,38,52A,52B", "13": "36,36CT", "14": "36,36CT", "15": "36,36CT,99", "16": "101,29,36,36CT,37,94", "17": "03B,06A,06B,06C,06D,06E,08A,08ACT,08B,08BCT,101,106,12,16,21B,22C,29,36,36CT,37,94", "18": "03B,06A,06B,06C,06D,06E,08A,08ACT,08B,08BCT,101,106,12,16,21B,22C,29,36,36CT,37,94", "19": "22C,29,36,36CT,60B", "20": "104,22C,29,36,36CT,60B,84", "21": "104,36,36CT,60A,84", "22": "05,106,36,36CT,37,60A,84", "23": "05,36,36CT,37,60A,84", "24": "36CT"}, "Lng": {"0": 105.84855, "1": 105.84925, "2": 105.847016667, "3": 105.8472, "4": 105.84761666700001, "5": 105.85013333299999, "6": 105.8504, "7": 105.84941666700001, "8": 105.84921666700001, "9": 105.84905, "10": 105.85106666700001, "11": 105.8505, "12": 105.85008333299999, "13": 105.84965, "14": 105.847783333, "15": 105.84631666700001, "16": 105.8453, "17": 105.84078333299999, "18": 105.84076666700001, "19": 105.8364, "20": 105.83098333299999, "21": 105.82815, "22": 105.826297, "23": 105.830398, "24": 105.83046666700001}, "Name": {"0": "(A) Long Bi\u00ean - Tuy\u1ebfn 36CT", "1": "E3.4 \u0110i\u1ec3m trung chuy\u1ec3n Long Bi\u00ean", "2": "50 H\u00e0ng C\u00f3t", "3": "28 \u0110\u01b0\u1eddng Th\u00e0nh", "4": "B\u1ec7nh vi\u1ec7n Ph\u1ee5 s\u1ea3n TW - \u0110\u1ed1i di\u1ec7n s\u1ed1 4 Tri\u1ec7u Qu\u1ed1c \u0110\u1ea1t", "5": "37 Hai B\u00e0 Tr\u01b0ng - B\u1ec7nh vi\u1ec7n Vi\u1ec7t Nam Cu Ba", "6": "58B B\u00e0 Tri\u1ec7u", "7": "92-94 B\u00e0 Tri\u1ec7u", "8": "180 - 182 B\u00e0 Tri\u1ec7u", "9": "\u0110\u1ed1i di\u1ec7n Vincom Tower - B\u00e0 Tri\u1ec7u", "10": "216-218 B\u1ea1ch Mai", "11": "368-370 B\u1ea1ch Mai", "12": "512-514 B\u1ea1ch Mai", "13": "64 Tr\u01b0\u01a1ng \u0110\u1ecbnh", "14": "194-196 Tr\u01b0\u01a1ng \u0110\u1ecbnh", "15": "468 Tr\u01b0\u01a1ng \u0110\u1ecbnh", "16": "658 Tr\u01b0\u01a1ng \u0110\u1ecbnh", "17": "Ga Gi\u00e1p B\u00e1t - \u0110\u1ed1i di\u1ec7n 1035 Gi\u1ea3i Ph\u00f3ng", "18": "\u0110\u1ed1i di\u1ec7n 1251 Gi\u1ea3i Ph\u00f3ng", "19": "G\u1ea7n \u0111\u01b0\u1eddng v\u00e0o K\u0110T \u0110\u1ea1i Kim - 45 Nguy\u1ec5n H\u1eefu Th\u1ecd", "20": "\u0110\u1ed1i di\u1ec7n \u0111\u00e0i t\u01b0\u1edfng ni\u1ec7m ch\u1ee7 t\u1ecbch HCM - \u0111\u01b0\u1eddng Nguy\u1ec5n H\u1eefu Th\u1ecd", "21": "B\u00e3i \u0111\u1ed7 xe K\u0110T Linh \u0110\u00e0m - Nguy\u1ec5n H\u1eefu Th\u1ecd", "22": "Nh\u00e0 HH1C (C\u00e1ch \u0111\u01b0\u1eddng v\u00e0o Tr\u1ea1m c\u1ea5p n\u01b0\u1edbc Linh \u0110\u00e0m 40m)", "23": "Nh\u00e0 N\u01a0. 7B K\u0110T Linh \u0110\u00e0m - Nguy\u1ec5n Duy Trinh", "24": "(B) K\u0110T Linh \u0110\u00e0m - Tuy\u1ebfn 36CT"}}