{"Lat": {"0": 20.9498, "1": 20.951423000000002, "2": 20.9543666667, "3": 20.947554, "4": 20.94345, "5": 20.937164000000003, "6": 20.9283333333, "7": 20.9162, "8": 20.9100333333, "9": 20.901866666700002, "10": 20.8944, "11": 20.890283333299998, "12": 20.8783166667, "13": 20.8711833333, "14": 20.864944, "15": 20.85995, "16": 20.8561833333, "17": 20.8526, "18": 20.84265, "19": 20.83565, "20": 20.8289666667, "21": 20.8176, "22": 20.8135833333, "23": 20.8079333333, "24": 20.7999666667, "25": 20.7953833333, "26": 20.7869166667, "27": 20.7743, "28": 20.7739166667, "29": 20.7768833333, "30": 20.7775833333, "31": 20.77925, "32": 20.769916666700002, "33": 20.7657833333, "34": 20.75915}, "BusStopCode": {"0": 2693, "1": 1487, "2": 2694, "3": 2695, "4": 2696, "5": 2697, "6": 2698, "7": 2699, "8": 2700, "9": 2701, "10": 2702, "11": 2703, "12": 2704, "13": 2705, "14": 2706, "15": 4051, "16": 2707, "17": 2708, "18": 2709, "19": 2710, "20": 2711, "21": 2712, "22": 2713, "23": 4103, "24": 2714, "25": 2715, "26": 2716, "27": 2717, "28": 2718, "29": 2719, "30": 2720, "31": 2721, "32": 2639, "33": 2640, "34": 2722}, "FleetOver": {"0": "91", "1": "01,02,21A,27,33,37,57,62,89,91", "2": "91", "3": "91", "4": "91", "5": "91", "6": "91", "7": "91", "8": "91", "9": "91", "10": "91", "11": "91", "12": "103,91,94", "13": "103,91,94", "14": "103,91,94", "15": "103,91,94", "16": "103,91,94", "17": "103,91", "18": "103,91", "19": "103,91", "20": "103,91", "21": "103,91", "22": "103,91", "23": "103,91", "24": "103,91", "25": "103,91", "26": "103,91", "27": "103,91", "28": "91", "29": "91", "30": "91", "31": "91", "32": "06E,91", "33": "06E,91", "34": "91"}, "Lng": {"0": 105.747316667, "1": 105.750547, "2": 105.75725, "3": 105.75685, "4": 105.75678333299999, "5": 105.757494, "6": 105.758016667, "7": 105.75943333299999, "8": 105.76081666700001, "9": 105.76236666700001, "10": 105.76405, "11": 105.76345, "12": 105.759533333, "13": 105.75875, "14": 105.761117, "15": 105.7641, "16": 105.766383333, "17": 105.769016667, "18": 105.77058333299999, "19": 105.771583333, "20": 105.772416667, "21": 105.77451666700001, "22": 105.77571666700001, "23": 105.77645, "24": 105.77823333299999, "25": 105.7794, "26": 105.779766667, "27": 105.7706, "28": 105.7762, "29": 105.78516666700001, "30": 105.79486666700001, "31": 105.803633333, "32": 105.80916666700001, "33": 105.81041666700001, "34": 105.81251666700001}, "Name": {"0": "(A) BX Y\u00ean Ngh\u0129a - Tuy\u1ebfn 91", "1": "Tr\u01b0\u1eddng trung c\u1ea5p Kinh t\u1ebf - T\u00e0i ch\u00ednh H\u00e0 N\u1ed9i", "2": "46 Ba La - Trung c\u1ea5p Y H\u00e0 N\u1ed9i", "3": "Trung c\u1ea5p K\u1ef9 thu\u1eadt Y d\u01b0\u1ee3c H\u00e0 N\u1ed9i (\u0110\u1ed1i di\u1ec7n \u0110H \u0110\u1ea1i Nam)", "4": "124 Ph\u1ed1 X\u1ed1m", "5": "90 t\u1ed5 7 Ph\u00fa L\u00e3m", "6": "C\u1ee5m C\u00f4ng nghi\u1ec7p Thanh Oai", "7": "306-308 Th\u1ea1ch B\u00edch", "8": "570-572 Th\u1ea1ch B\u00edch", "9": "Tr\u01b0\u1eddng C\u0110 ngh\u1ec1 Simco S\u00f4ng \u0110\u00e0", "10": "X\u00f3m Ch\u1ee3, B\u00ecnh \u0110\u00e0", "11": "Ng\u00e3 3 t\u1ec9nh l\u1ed9 427 (\u0111\u01b0\u1eddng 71 c\u0169)", "12": "\u0110\u1ed1i di\u1ec7n Vigracega T\u1eeb Li\u00eam", "13": "C\u1eeda h\u00e0ng s\u1eeda ch\u1eefa xe m\u00e1y Xu\u00e2n B\u1eafc (Ph\u1ed1 Ba H\u00e0ng)", "14": "Qua l\u1ed1i v\u00e0o BV huy\u1ec7n Thanh Oai 30m ", "15": "Tr\u01b0\u1edbc 30m \u0111\u1ed1i di\u1ec7n l\u1ed1i v\u00e0o tr\u1ea1m bi\u1ebfn \u00e1p Thanh Oai - QL21B", "16": "Ch\u1ee3 Kim B\u00e0i", "17": "\u0110\u1ed1i di\u1ec7n UBND huy\u1ec7n Thanh Oai", "18": "Th\u00f4n T\u00e2n Th\u01b0", "19": "Th\u00f4n \u0110\u00f4n Th\u01b0, x\u00e3 Kim Th\u01b0 (Chi\u1ec1u \u0111i Ph\u00fa T\u00fac)", "20": "Trung t\u00e2m Gi\u00e1o d\u1ee5c th\u01b0\u1eddng xuy\u00ean Thanh Oai", "21": "\u0110\u1ed1i di\u1ec7n c\u1ed5ng l\u00e0ng V\u0169 L\u0103ng - Km 16 Qu\u1ed1c l\u1ed9 21B", "22": "\u0110\u1ed1i di\u1ec7n c\u00e2y x\u0103ng Ph\u1ed1 V\u00e1c", "23": "Qua \u0111\u1ed1i di\u1ec7n \u0111\u1ecbnh l\u00e0ng Canh Ho\u1ea1ch - QL21B 100m (Tr\u01b0\u1edbc c\u1ed9t s\u1ed1 V\u00e2n \u0110\u00ecnh 9km)", "24": "\u0110\u1ed1i di\u1ec7n c\u1ed5ng l\u00e0ng Ng\u1ecdc \u0110\u00ecnh", "25": "L\u00e0ng T\u1ea3o D\u01b0\u01a1ng", "26": "Qua 300m c\u1ea7u X\u00e0 Ki\u1ec1u", "27": "Ngh\u0129a trang li\u1ec7t s\u1ef9 x\u00e3 Qu\u1ea3ng Ph\u00fa C\u1ea7u (\u0111\u1ed1i di\u1ec7n CH x\u0103ng d\u1ea7u s\u1ed1 26 Qu\u00e1n Tr\u00f2n)", "28": "\u0110\u00ecnh Qu\u1ea3ng Nguy\u00ean - T\u1ec9nh l\u1ed9 429 (Chi\u1ec1u \u0111i Ph\u00fa T\u00fac)", "29": "\u0110\u1ed1i di\u1ec7n c\u1eeda h\u00e0ng x\u0103ng d\u1ea7u Qu\u1ea3ng Ph\u00fa - T\u1ec9nh l\u1ed9 429", "30": "X\u00f3m B\u1ea7u B\u1eafc - Th\u00f4n B\u1ea7u - T\u1ec9nh l\u1ed9 429 (Chi\u1ec1u \u0111i Ph\u00fa T\u00fac)", "31": "CH x\u0103ng d\u1ea7u Ph\u00fa Ng\u1ecdc - T\u1ec9nh l\u1ed9 429", "32": "C\u1ed5ng l\u00e0ng Ph\u00fa T\u00fac", "33": "\u0110\u1ed1i di\u1ec7n c\u1ed5ng th\u00f4n L\u01b0u Th\u01b0\u1ee3ng", "34": "(B) Ph\u00fa T\u00fac (B\u0110X Ph\u00fa T\u00fac) - Tuy\u1ebfn 91"}}