{"Lat": {"0": 21.137383, "1": 21.1302, "2": 21.1259166667, "3": 21.1199166667, "4": 21.112916666700002, "5": 21.1088833333, "6": 21.1034, "7": 21.102733333299998, "8": 21.102933333299998, "9": 21.10434, "10": 21.1097333333, "11": 21.120483333299997, "12": 21.124732, "13": 21.124817, "14": 21.1222666667, "15": 21.11875, "16": 21.1161, "17": 21.076966666700002, "18": 21.0711666667, "19": 21.062196, "20": 21.0547333333, "21": 21.051595000000002, "22": 21.04035, "23": 21.0344833333, "24": 21.0305, "25": 21.0281}, "BusStopCode": {"0": 3432, "1": 929, "2": 930, "3": 931, "4": 932, "5": 933, "6": 934, "7": 1344, "8": 1345, "9": 1346, "10": 1347, "11": 1348, "12": 3434, "13": 3870, "14": 992, "15": 993, "16": 994, "17": 599, "18": 601, "19": 600, "20": 602, "21": 603, "22": 604, "23": 581, "24": 582, "25": 3431}, "FleetOver": {"0": "46", "1": "46", "2": "46", "3": "46", "4": "46", "5": "46", "6": "46", "7": "15,17,43,46,59,65", "8": "15,17,43,46,59", "9": "15,17,43,46,59", "10": "15,17,43,46,59", "11": "15,17,43,46,59", "12": "46", "13": "46,96", "14": "46", "15": "46", "16": "46", "17": "07,14,14CT,28,35B,46,53A,53B,56A,56C,57,60A,60B,61,93,95", "18": "07,14,14CT,28,35B,46,53A,53B,56A,56C,57,60A,60B,61,93,95", "19": "07,14,14CT,27,28,35A,38,45,46,53A,53B,60A,60B,61", "20": "07,14,14CT,27,35A,38,45,46,53A,53B,60A,60B,61", "21": "07,14,14CT,27,35A,38,45,46,53A,53B,60A,60B,61", "22": "13,33,35A,46,53B,60A,60B,61", "23": "16,29,33,34,35A,46,53B,60A,60B,61,97", "24": "16,29,33,34,35A,46,53B,60A,60B,97", "25": "46"}, "Lng": {"0": 105.86105, "1": 105.86508333299999, "2": 105.86861666700001, "3": 105.873416667, "4": 105.876583333, "5": 105.87711666700001, "6": 105.874266667, "7": 105.87241666700001, "8": 105.864983333, "9": 105.85715900000001, "10": 105.84945, "11": 105.84515, "12": 105.831079, "13": 105.820264, "14": 105.814766667, "15": 105.802966667, "16": 105.78948333299999, "17": 105.7864, "18": 105.7855, "19": 105.783753, "20": 105.781916667, "21": 105.781554, "22": 105.7807, "23": 105.78001666700001, "24": 105.779266667, "25": 105.7785}, "Name": {"0": "(B) C\u1ed5 Loa - Tuy\u1ebfn 46", "1": "Tr\u01b0\u1edbc tr\u1ee5 s\u1edf H\u1ed9i ng\u01b0\u1eddi m\u00f9 \u0110\u00f4ng Anh 30m - \u0111\u01b0\u1eddng C\u1ed5 Loa", "2": "Qua c\u1ed5ng v\u00e0o X\u00f3m B\u00e3i 50m - \u0111\u01b0\u1eddng C\u1ed5 Loa (chi\u1ec1u \u0111i c\u1ea7u \u0110u\u1ed1ng)", "3": "UBND x\u00e3 C\u1ed5 Loa - \u0111\u01b0\u1eddng C\u1ed5 Loa", "4": "Tr\u01b0\u1edbc \u0111\u01b0\u1eddng v\u00e0o Th\u00e0nh C\u1ed5 Loa 120m - \u0111\u01b0\u1eddng C\u1ed5 Loa", "5": "\u0110\u1ea7u l\u00e0ng C\u1ed5 Loa (ch\u1ee3 C\u1ed5 Loa, \u0111i\u1ec3m cu\u1ed1i tuy\u1ebfn 46)", "6": "Tr\u01b0\u1edbc ng\u00e3 3 C\u1ed5 Loa - QL3 70m, \u0111\u01b0\u1eddng C\u1ed5 Loa", "7": "\u0110\u01b0\u1eddng v\u00e0o khu di t\u00edch C\u1ed5 Loa - Km 5 Qu\u1ed1c l\u1ed9 3", "8": "C\u00e2y \u0111a B\u00e1c H\u1ed3 - Km 5+800 Qu\u1ed1c l\u1ed9 3", "9": "C\u1ea1nh C\u00f4ng Ty B\u00ea T\u00f4ng Appha, \u0110\u00f4ng H\u1ed9i - Km 6+600 Qu\u1ed1c l\u1ed9 3", "10": "Th\u00f4n V\u1ea1n L\u1ed9c (Qua \u0111\u1ed1i di\u1ec7n ng\u00e3 3 \u0111\u01b0\u1eddng tr\u00e1nh QL5 200m)", "11": "Ng\u00e3 3 V\u0129nh Ng\u1ecdc - Km 9+230 Qu\u1ed1c l\u1ed9 3", "12": "Ti\u1ec7m c\u01a1m Thu Giang - \u0110\u01b0\u1eddng 23A (V\u0129nh Ng\u1ecdc)", "13": "\u0110\u1ed1i di\u1ec7n V\u1ecbnh xe bu\u00fdt \u0111\u01b0\u1eddng Ho\u00e0ng Sa", "14": "Qua \u0111\u1ed1i di\u1ec7n c\u1ed5ng l\u00e0ng Ph\u01b0\u01a1ng Tr\u1ea1ch 200m", "15": "\u0110\u1ed1i di\u1ec7n li\u00ean doanh EBARA - V\u0129nh Ng\u1ecdc", "16": "\u0110\u1ed1i di\u1ec7n ch\u1ee3 \u0111\u1ea7u m\u1ed1i H\u1ea3i B\u1ed1i", "17": "96 Ph\u1ea1m V\u0103n \u0110\u1ed3ng (Ng\u00e3 4 Ph\u1ea1m V\u0103n \u0110\u1ed3ng - Xu\u00e2n \u0110\u1ec9nh)", "18": "Showroom \u00f4 t\u00f4 Trung S\u01a1n (\u0111\u1ed1i di\u1ec7n 315 Ph\u1ea1m V\u0103n \u0110\u1ed3ng)", "19": "Tr\u01b0\u1edbc 100m ng\u00f5 218 Ph\u1ea1m V\u0103n \u0110\u1ed3ng (\u0111\u1ed1i di\u1ec7n c\u00f4ng vi\u00ean H\u00f2a B\u00ecnh)", "20": "Si\u00eau th\u1ecb Metro Th\u0103ng Long - \u0110\u1ed1i di\u1ec7n ng\u00f5 599 Ph\u1ea1m V\u0103n \u0110\u1ed3ng", "21": "B\u1ed9 c\u00f4ng an - \u0111\u1ed1i di\u1ec7n 36A Ph\u1ea1m V\u0103n \u0110\u1ed3ng", "22": "S\u1ed1 9 Ph\u1ea1m V\u0103n \u0110\u1ed3ng", "23": "B\u1ec7nh vi\u1ec7n \u0111a khoa y h\u1ecdc c\u1ed5 truy\u1ec1n - 6 Ph\u1ea1m H\u00f9ng", "24": "\u0110\u1ed1i di\u1ec7n B\u01b0u c\u1ee5c Th\u0103ng Long - \u0111\u01b0\u1eddng Ph\u1ea1m H\u00f9ng", "25": "(A) BX M\u1ef9 \u0110\u00ecnh - Tuy\u1ebfn 46"}}