{"Lat": {"0": 20.986316666700002, "1": 20.981617, "2": 20.9768666667, "3": 20.9717166667, "4": 20.966516666700002, "5": 20.957283333299998, "6": 20.954416666700002, "7": 20.9499333333, "8": 20.94575, "9": 20.9459, "10": 20.9467666667, "11": 20.94825, "12": 20.9538833333, "13": 20.9553833333, "14": 20.9589333333, "15": 20.963283333299998, "16": 20.96645, "17": 20.9717166667, "18": 20.9713666667, "19": 20.9730833333, "20": 20.9825, "21": 20.9927333333, "22": 20.9992833333, "23": 21.0096, "24": 21.016583333299998, "25": 21.0218, "26": 21.02498, "27": 21.006283, "28": 21.009273, "29": 21.0061833333, "30": 21.002883333299998, "31": 20.999737}, "BusStopCode": {"0": 4278, "1": 4279, "2": 4280, "3": 4281, "4": 4282, "5": 1831, "6": 4283, "7": 1832, "8": 4284, "9": 4285, "10": 4286, "11": 4287, "12": 4288, "13": 4289, "14": 4290, "15": 4291, "16": 4292, "17": 2132, "18": 1072, "19": 4208, "20": 1094, "21": 1095, "22": 1096, "23": 1097, "24": 1098, "25": 1828, "26": 1816, "27": 515, "28": 766, "29": 660, "30": 345, "31": 4098}, "FleetOver": {"0": "47B", "1": "47B", "2": "47B", "3": "47B", "4": "47B", "5": "47B", "6": "47B", "7": "47B", "8": "47B", "9": "47B", "10": "47B", "11": "47B", "12": "47B", "13": "47B", "14": "47B", "15": "47B", "16": "47B", "17": "47B", "18": "47B", "19": "47B", "20": "47A,47B", "21": "47A,47B", "22": "47A,47B", "23": "47A,47B", "24": "47A,47B", "25": "47B", "26": "100,106,40,47B,52B,98", "27": "24,40,45,47B,48,51,55,55B", "28": "18,44,47B", "29": "23,31,47B", "30": "08A,08ACT,08B,08BCT,18,23,26,31,47B", "31": "47B"}, "Lng": {"0": 105.960483333, "1": 105.9595, "2": 105.95846666700001, "3": 105.956916667, "4": 105.955233333, "5": 105.9514, "6": 105.947183333, "7": 105.94426666700001, "8": 105.93785, "9": 105.9321, "10": 105.92763333299999, "11": 105.923583333, "12": 105.91956666700001, "13": 105.9097, "14": 105.904416667, "15": 105.90475, "16": 105.90628333299999, "17": 105.909116667, "18": 105.91771666700001, "19": 105.919683333, "20": 105.919733333, "21": 105.9161, "22": 105.91105, "23": 105.9051, "24": 105.90461666700001, "25": 105.90363333299999, "26": 105.90128899999999, "27": 105.86838300000001, "28": 105.85821499999999, "29": 105.847283333, "30": 105.84748333299999, "31": 105.845431}, "Name": {"0": "(B) Ki\u00eau Ky\u0323 - Tuy\u1ebfn 47B", "1": "Tr\u01b0\u1eddng m\u1ea7m non Sao Mai - \u0111\u01b0\u1eddng 179", "2": "B\u01b0u \u0111i\u1ec7n Ki\u00eau K\u1ef5 - \u0111\u01b0\u1eddng 179", "3": "Qua tr\u01b0\u1eddng Trung c\u1ea5p GTVT Mi\u1ec1n B\u1eafc 100m - \u0111\u01b0\u1eddng 179", "4": "\u0110\u1ed1i di\u1ec7n c\u1eeda h\u00e0ng th\u00e9p B\u00e1ch Vi\u1ec7t, th\u00f4n Th\u01b0\u1ee3ng x\u00e3 C\u1eedu Cao - \u0111\u01b0\u1eddng 179", "5": "G\u1ea7n tr\u1ea1m x\u0103ng d\u1ea7u x\u00e3 C\u1eedu Cao", "6": "Tr\u01b0\u1edbc \u0111\u1ed1i di\u1ec7n \u0111\u01b0\u1eddng v\u00e0o Mi\u1ebfu Ngh\u00e8 100m - \u0111\u01b0\u1eddng 179", "7": "H\u0110ND, UBND huy\u1ec7n V\u0103n Giang", "8": "H\u00e8 tr\u01b0\u1edbc nh\u00e0 234 th\u1ecb tr\u1ea5n V\u0103n Giang - \u0111\u01b0\u1eddng 179", "9": "\u0110\u1ed1i di\u1ec7n Tr\u01b0\u1eddng trung c\u1ea5p c\u1ea3nh s\u00e1t Nh\u00e2n D\u00e2n - \u0111\u01b0\u1eddng 179", "10": "Ph\u00f2ng GD-\u0110T huy\u1ec7n V\u0103n Giang", "11": "Tr\u01b0\u1edbc Y h\u1ecdc c\u1ed5 truy\u1ec1n \u0110\u1ea1i h\u1eefu x\u00e3 Ph\u1ee5ng C\u00f4ng - \u0111\u01b0\u1eddng 378", "12": "Qua \u0111i\u1ebfm canh \u0111\u00ea Ph\u1ee5ng C\u00f4ng 50m (Nh\u00e0 v\u01b0\u1eddn Thanh T\u00f9ng) \u0111\u01b0\u1eddng 378", "13": "\u0110i\u1ec7n l\u1ea1nh Qu\u00fd Th\u01a1m, \u0111\u01b0\u1eddng Ph\u00e0 Xu\u00e2n Quan", "14": "Tr\u1ea1m Y t\u1ebf x\u00e3 Kim lan \u0111\u01b0\u1eddng li\u00ean x\u00e3 Kim Lan", "15": "\u0110\u1ed1i di\u1ec7n UBND x\u00e3 Kim Lan - \u0111\u01b0\u1eddng li\u00ean x\u00e3 Kim Lan", "16": "Qua tr\u1ea1m b\u01a1m Kim Lan 20m - \u0111\u01b0\u1eddng li\u00ean x\u00e3 Kim Lan", "17": "Tr\u01b0\u1edbc \u0111\u1ed1i di\u1ec7n c\u1ed9t \u0111i\u1ec7n KL29 - \u0111\u01b0\u1eddng li\u00ean x\u00e3 Kim Lan, V\u0103n \u0110\u1ee9c", "18": "Tr\u01b0\u1edbc \u0111\u1ed1i di\u1ec7n c\u1ed9t \u0111i\u1ec7n BKD12 - \u0111\u01b0\u1eddng li\u00ean x\u00e3 Kim Lan, V\u0103n \u0110\u1ee9c", "19": "Qua ng\u00e3 3 B\u00e1t Tr\u00e0ng - Xu\u00e2n Quan 30m (chi\u1ec1u \u0111i H\u00e0 N\u1ed9i)", "20": "\u0110\u1ed3n c\u1ea3nh s\u00e1t \u0110a T\u1ed1n (Km 10+330 \u0110\u01b0\u1eddng Long Bi\u00ean Xu\u00e2n Quan)", "21": "\u0110i\u1ebfm th\u00f4n \u0110\u00f4ng D\u01b0 H\u1ea1 (Km 8 + 990 \u0110\u01b0\u1eddng Long Bi\u00ean Xu\u00e2n Quan)", "22": "\u0110i\u1ebfm th\u00f4n \u0110\u00f4ng D\u01b0 Th\u01b0\u1ee3ng - C\u1ea7u Thanh Tr\u00ec (Km 7 + 970 \u0110\u01b0\u1eddng Long Bi\u00ean Xu\u00e2n Quan)", "23": "\u0110i\u1ebfm C\u1ef1 Kh\u1ed1i (Km 6+525 \u0110\u01b0\u1eddng Long Bi\u00ean Xu\u00e2n Quan)", "24": "\u0110i\u1ebfm th\u00f4n Ng\u00f4 (Km 5+680 \u0110\u01b0\u1eddng Long Bi\u00ean Xu\u00e2n Quan)", "25": "259-261 \u0111\u01b0\u1eddng Th\u1ea1ch B\u00e0n", "26": "Aeon Mall Long Bi\u00ean (\u0110\u1ed1i di\u1ec7n C\u1ed9t \u0111i\u1ec7n T4A/2A-B \u0111\u01b0\u1eddng C\u1ed5 Linh)", "27": "287 Nguy\u1ec5n Kho\u00e1i (Ng\u00e3 3 D\u1ed1c Minh Khai)", "28": "340-342 Tr\u1ea7n Kh\u00e1t Tr\u00e2n", "29": "B13 KTX B\u00e1ch Khoa - T\u1ea1 Quang B\u1eedu", "30": "Qua Vi\u1ec7n tin h\u1ecdc ph\u00e1p ng\u1eef 20m - L\u00ea Thanh Ngh\u1ecb", "31": "(A) \u0110\u1ea1i h\u1ecdc KTQD - Tuy\u1ebfn 47B"}}