{"Lat": {"0": 21.067232999999998, "1": 21.0676666667, "2": 21.061295, "3": 21.057883, "4": 21.052338, "5": 21.0497, "6": 21.04555, "7": 21.042351999999998, "8": 21.0321333333, "9": 21.0252833333, "10": 21.0222333333, "11": 21.0186, "12": 21.0164333333, "13": 21.0139, "14": 21.011587, "15": 21.0067166667, "16": 21.002119, "17": 20.997533333299998, "18": 20.992183333299998, "19": 20.987583333299998, "20": 20.9842333333, "21": 20.9837666667, "22": 20.9836833333, "23": 20.9838166667, "24": 20.9837833333, "25": 20.97985}, "BusStopCode": {"0": 3426, "1": 3224, "2": 418, "3": 419, "4": 549, "5": 550, "6": 552, "7": 553, "8": 779, "9": 780, "10": 759, "11": 754, "12": 662, "13": 663, "14": 385, "15": 296, "16": 297, "17": 298, "18": 661, "19": 528, "20": 529, "21": 3278, "22": 3279, "23": 3280, "24": 4142, "25": 3425}, "FleetOver": {"0": "42", "1": "42,98", "2": "10A,10B,15,17,42,43,54", "3": "10A,10B,15,17,42,43,54", "4": "10A,10B,11,15,17,42,43,48,54,65", "5": "01,10B,22A,42,43,54", "6": "01,03,100,10A,10B,17,22A,34,42,43,48,54,65", "7": "01,03,100,10A,10B,17,22A,34,42,43,48,54,65", "8": "03,24,34,42,43,48,55,55B,86,86CT", "9": "03,14CT,24,42,43,48,55,55B", "10": "02,03,24,35A,40,42,43,44,48,49,51,55,55B", "11": "02,03,09CT,14CT,35A,42,43,44,45,49", "12": "04,18,42,44", "13": "04,42", "14": "04,18,30,42,44", "15": "04,30,42", "16": "04,26,30,42", "17": "04,26,30,42", "18": "04,26,30,38,42", "19": "26,30,38,42", "20": "26,30,38,42", "21": "42,99", "22": "106,42,99", "23": "106,42,99", "24": "106,42", "25": "42"}, "Lng": {"0": 105.884983, "1": 105.89035, "2": 105.893869, "3": 105.89042099999999, "4": 105.885754, "5": 105.883467, "6": 105.875283333, "7": 105.870446, "8": 105.8561, "9": 105.85961666700001, "10": 105.86118333299999, "11": 105.86056666700001, "12": 105.8585, "13": 105.85921666700001, "14": 105.859204, "15": 105.86088333299999, "16": 105.861329, "17": 105.8618, "18": 105.8624, "19": 105.86338333299999, "20": 105.86376666700001, "21": 105.86171666700001, "22": 105.853283333, "23": 105.84885, "24": 105.844333333, "25": 105.841916667}, "Name": {"0": "(B) \u0110\u1ee9c Giang - Tuy\u1ebfn 42", "1": "59 \u0110\u1ee9c Giang (C\u00f4ng ty May \u0110\u1ee9c Giang)", "2": "279 Ng\u00f4 Gia T\u1ef1", "3": "B\u01b0u c\u1ee5c Long Bi\u00ean - 79 Ng\u00f4 Gia T\u1ef1", "4": "Si\u00eau th\u1ecb Fivimart - 583 Nguy\u1ec5n V\u0103n C\u1eeb", "5": "549 Nguy\u1ec5n V\u0103n C\u1eeb (c\u1ed9t tr\u01b0\u1edbc)", "6": "Cty C\u1ea7u 5 Th\u0103ng Long - 307 Nguy\u1ec5n V\u0103n C\u1eeb", "7": "135 Nguy\u1ec5n V\u0103n C\u1eeb", "8": "162 Tr\u1ea7n Quang Kh\u1ea3i - Vi\u1ec7n Quy ho\u1ea1ch Th\u1ee7y L\u1ee3i", "9": "V\u01b0\u1eddn hoa Tr\u1ea7n Quang Kh\u1ea3i (\u0110\u1ed1i di\u1ec7n BQL X\u00e2y d\u1ef1ng c\u00f4ng tr\u00ecnh C\u00f4ng \u00edch)", "10": "Tr\u1ea1m trung chuy\u1ec3n xe bu\u00fdt Tr\u1ea7n Kh\u00e1nh D\u01b0 (Khu \u0111\u00f3n kh\u00e1ch)", "11": "\u0110\u1ed1i di\u1ec7n B\u1ec7nh Vi\u1ec7n Trung \u01b0\u01a1ng Qu\u00e2n \u0111\u1ed9i 108 - Tr\u1ea7n H\u01b0ng \u0110\u1ea1o", "12": "34-36 T\u0103ng B\u1ea1t H\u1ed5", "13": "48B T\u0103ng B\u1ea1t H\u1ed5 - Vi\u1ec7n Dinh D\u01b0\u1ee1ng - B\u1ed9 y t\u1ebf", "14": "172 L\u00f2 \u0110\u00fac (C\u1eeda h\u00e0ng xe m\u00e1y Hon \u0110a)", "15": "86 Kim Ng\u01b0u", "16": "T\u1eadp th\u1ec3 E6 Qu\u1ef3nh Mai - Kim Ng\u01b0u", "17": "C\u1eeda h\u00e0ng nh\u1ef1a \u0111\u01b0\u1eddng s\u1ed1 3 - 344 Kim Ng\u01b0u", "18": "C\u00e1ch c\u1ed5ng C\u00f4ng ty c\u01a1 kh\u00ed Tr\u1ea7n H\u01b0ng \u0110\u1ea1o 40m - 18 Tam Trinh", "19": "\u0110\u1ed1i di\u1ec7n 303 Nguy\u1ec5n Tam Trinh", "20": "\u0110\u1ed1i di\u1ec7n 411 Nguy\u1ec5n Tam Trinh", "21": "Ch\u1ee3 \u0110\u1ea7u m\u1ed1i ( G\u1ea7n C\u1ea7u \u0110\u1ec1n L\u1eeb)", "22": "C\u00f4ng vi\u00ean h\u1ed3 \u0110\u1ec1n L\u1eeb", "23": "Tr\u01b0\u1eddng THCS T\u00e2n Mai", "24": "S\u1ed1 79 Kim \u0110\u1ed3ng", "25": "(A) B\u1ebfn xe Gi\u00e1p B\u00e1t - Tuy\u1ebfn 42"}}