{"Lat": {"0": 21.371579999999998, "1": 21.3617333333, "2": 21.3555166667, "3": 21.352733333299998, "4": 21.3455833333, "5": 21.3323666667, "6": 21.3232, "7": 21.3163166667, "8": 21.3149333333, "9": 21.31305, "10": 21.3107666667, "11": 21.30705, "12": 21.3043333333, "13": 21.2950166667, "14": 21.2866333333, "15": 21.27875, "16": 21.274516666700002, "17": 21.2706, "18": 21.2645833333, "19": 21.2578, "20": 21.24925, "21": 21.2440833333, "22": 21.2353666667, "23": 21.2270666667, "24": 21.22425, "25": 21.2121833333, "26": 21.2067833333, "27": 21.2016166667, "28": 21.1945833333, "29": 21.1873, "30": 21.1856333333, "31": 21.1662833333, "32": 21.1579333333, "33": 21.151766666700002, "34": 21.1415, "35": 21.1316666667, "36": 21.1265333333, "37": 21.11955, "38": 21.076966666700002, "39": 21.0711666667, "40": 21.067283}, "BusStopCode": {"0": 2997, "1": 3024, "2": 3025, "3": 3026, "4": 3027, "5": 3028, "6": 3029, "7": 3030, "8": 3031, "9": 3032, "10": 3033, "11": 3034, "12": 3035, "13": 3036, "14": 3037, "15": 3038, "16": 3039, "17": 3040, "18": 3041, "19": 3042, "20": 3043, "21": 3044, "22": 3045, "23": 3046, "24": 3047, "25": 3048, "26": 3049, "27": 1823, "28": 1824, "29": 1825, "30": 1826, "31": 908, "32": 909, "33": 910, "34": 911, "35": 912, "36": 884, "37": 913, "38": 599, "39": 601, "40": 2996}, "FleetOver": {"0": "93", "1": "93", "2": "93", "3": "93", "4": "93", "5": "93", "6": "93", "7": "64,93", "8": "64,93", "9": "64,93", "10": "93", "11": "64,93", "12": "64,93", "13": "64,93", "14": "64,93", "15": "64,93", "16": "64,93", "17": "64,93", "18": "64,93", "19": "64,93", "20": "64,93", "21": "64,93", "22": "64,93", "23": "58,64,93,95", "24": "93", "25": "93", "26": "93", "27": "53B,93", "28": "53B,93", "29": "53B,93", "30": "53B,93", "31": "07,53B,56A,56C,58,64,93,95", "32": "07,35B,53A,53B,56A,56C,58,61,64,93,95", "33": "07,35B,53A,53B,56A,56C,58,61,64,93,95", "34": "07,35B,53A,53B,56A,56C,58,61,64,93,95", "35": "07,35B,53A,53B,56A,56C,58,61,64,93,95", "36": "07,35B,53A,53B,56A,56C,58,61,64,93,95", "37": "07,35B,53A,53B,56A,56C,58,60B,61,93,95", "38": "07,14,14CT,28,35B,46,53A,53B,56A,56C,57,60A,60B,61,93,95", "39": "07,14,14CT,28,35B,46,53A,53B,56A,56C,57,60A,60B,61,93,95", "40": "93"}, "Lng": {"0": 105.81599399999999, "1": 105.82018333299999, "2": 105.825033333, "3": 105.82831666700001, "4": 105.83526666700001, "5": 105.844416667, "6": 105.851183333, "7": 105.85526666700001, "8": 105.8502, "9": 105.8399, "10": 105.83013333299999, "11": 105.820516667, "12": 105.81673333299999, "13": 105.8116, "14": 105.805783333, "15": 105.7987, "16": 105.79503333299999, "17": 105.79148333299999, "18": 105.787466667, "19": 105.781033333, "20": 105.77258333299999, "21": 105.767833333, "22": 105.76375, "23": 105.76166666700001, "24": 105.75996666700001, "25": 105.755, "26": 105.752383333, "27": 105.75381666700001, "28": 105.762283333, "29": 105.77108333299999, "30": 105.77536666700001, "31": 105.77955, "32": 105.77918333299999, "33": 105.7789, "34": 105.77845, "35": 105.77908333299999, "36": 105.78071666700001, "37": 105.78315, "38": 105.7864, "39": 105.7855, "40": 105.787067}, "Name": {"0": "(B) B\u1eafc S\u01a1n (B\u00e3i \u0111\u1ed7 xe bu\u00fdt th\u00f4n \u0110a H\u1ed9i, x\u00e3 B\u1eafc S\u01a1n, S\u00f3c S\u01a1n) - Tuy\u1ebfn 93", "1": "\u0110\u01b0\u1eddng v\u00e0o U\u1ef7 Ban Nh\u00e2n D\u00e2n x\u00e3 B\u1eafc S\u01a1n", "2": "C\u1eeda h\u00e0ng \u0111i\u1ec7n tho\u1ea1i H\u1ea3i Anh Mobile ( L\u01b0\u01a1ng \u0110\u00ecnh - B\u1eafc S\u01a1n - S\u00f3c S\u01a1n)", "3": "\u0110\u01b0\u1eddng v\u00e0o th\u00f4n Nam L\u00fd - B\u1eafc S\u01a1n", "4": "HTX M\u1ea1nh T\u1ea5n ( VLXD) Lai S\u01a1n - B\u1eafc S\u01a1n - S\u00f3c S\u01a1n", "5": "C\u1eeda h\u00e0ng x\u0103ng d\u1ea7u B\u00edch H\u1ed3ng", "6": "\u0110\u1ed1i di\u1ec7n X\u01b0\u1edfng c\u01a1 kh\u00ed To\u00e0n Th\u1eafng", "7": "Tr\u01b0\u1edbc 100m UBND X\u00e3 H\u1ed3ng K\u1ef3 - T\u1ec9nh l\u1ed9 35", "8": "C\u1ed9t m\u1ed1c Km2 T\u1ec9nh l\u1ed9 35 - x\u00e3 H\u1ed3ng K\u1ef3", "9": "C\u1ed9t m\u1ed1c Km3 - T\u1ec9nh l\u1ed9 35 - x\u00e3 H\u1ed3ng K\u1ef3", "10": "C\u1eeda h\u00e0ng x\u0103ng d\u1ea7u s\u1ed1 94 x\u00e3 Nam S\u01a1n", "11": "UBND x\u00e3 Nam S\u01a1n - T\u1ec9nh l\u1ed9 35", "12": "Cty TNHH th\u01b0\u01a1ng m\u1ea1i c\u00f4ng ngh\u1ec7 v\u00e0 m\u00f4i tr\u01b0\u1eddng Nh\u1eadt Anh (c\u1ed9t m\u1ed1c H8/5, t\u1ec9nh l\u1ed9 35)", "13": "Tr\u01b0\u1eddng Ti\u1ec3u h\u1ecdc x\u00e3 Nam S\u01a1n -T\u1ec9nh l\u1ed9 35", "14": "X\u01b0\u1edfng s\u1eeda ch\u1eefa t\u1ed5ng h\u1ee3p - L\u1eef \u0111o\u00e0n 86 (qua 100m Km8, T\u1ec9nh l\u1ed9 35)", "15": "B\u01b0u \u0111i\u1ec7n - tr\u01b0\u1eddng THPT Minh Ph\u00fa", "16": "Tr\u01b0\u1edbc 30m l\u1ed1i v\u00e0o Ph\u00f2ng kh\u00e1m \u0111a khoa Minh Ph\u00fa - x\u00e3 Minh Ph\u00fa - T\u1ec9nh l\u1ed9 35", "17": "Tr\u01b0\u1edbc 70m c\u1ed9t m\u1ed1c H4/10 - Doanh tr\u1ea1i Q\u0110ND Vi\u1ec7t Nam, X\u00f3m Ph\u00fa C\u01b0\u1eddng, Hi\u1ec1n Ninh, T\u1ec9nh l\u1ed9 35", "18": "Qua 70m c\u1ea7u Ph\u00fa H\u1eefu (KM11+229 TL35) - x\u00e3 Minh Ph\u00fa", "19": "\u0110\u1ed1i di\u1ec7n tr\u01b0\u1edbc B\u1ed1t T\u00e9p 100m - X\u00e3 Hi\u1ec1n Ninh - T\u1ec9nh L\u1ed9 35", "20": "\u0110\u1ea1i l\u00fd b\u00e1n l\u1ebb x\u0103ng d\u1ea7u s\u1ed1 55 - Nam C\u01b0\u01a1ng, Hi\u1ec1n Ninh - S\u00f3c S\u01a1n,T\u1ec9nh l\u1ed9 35", "21": "Tr\u01b0\u1eddng Cao \u0111\u1eb3ng ngh\u1ec1 \u0111i\u1ec7n - Xu\u00e2n L\u1ec5 - T\u00e2n D\u00e2n, T\u1ec9nh l\u1ed9 35", "22": "\u0110\u1ed1i di\u1ec7n \u0111\u1ea7u th\u00f4n B\u00e1i Th\u01b0\u1ee3ng - X\u00e3 Thanh Xu\u00e2n, T\u1ec9nh l\u1ed9 35", "23": "C\u1ed9t m\u1ed1c Km 10+00 - Qu\u1ed1c l\u1ed9 2A", "24": "T\u01b0\u1eddng r\u00e0o THCS Thanh Xu\u00e2n (\u0111\u1ed1i di\u1ec7n s\u1ed1 nh\u00e0 189)", "25": "UBND Th\u1ecb tr\u1ea5n Chi \u0110\u00f4ng", "26": "\u0110\u1ed1i di\u1ec7n THCS Chi \u0110\u00f4ng", "27": "C\u00f4ng ty TNHH MTV", "28": "C\u00f4ng ty C\u1ed5 ph\u1ea7n Th\u00f4ng Minh MK", "29": "T\u1ed5ng c\u00f4ng ty LIAMA", "30": "C\u00f4ng ty CP VNSTEEL Th\u0103ng Long", "31": "\u0110\u1ed1i di\u1ec7n C\u00f4ng ty c\u01a1 kh\u00ed Nam H\u1ed3ng- Km 5+950 Cao t\u1ed1c BTL-NB", "32": "Qua c\u1ea7u v\u01b0\u1ee3t ng\u00e3 4 Nam H\u1ed3ng 70m Cao t\u1ed1c BTL-NB", "33": "\u0110\u1ea7m V\u00e2n Tr\u00ec- Km 4+400 Cao t\u1ed1c BTL-NB", "34": "Qua c\u1ea7u chui d\u00e2n sinh s\u1ed1 4 - \u0111\u1ed1i di\u1ec7n \u0111\u01b0\u1eddng v\u00e0o th\u00f4n Nhu\u1ebf, Km 11+200 (chi\u1ec1u s\u00e2n bay N\u1ed9i B\u00e0i \u0111i H\u00e0 N\u1ed9i)", "35": "UBND x\u00e3 Kim Chung- Km 2+200 Cao t\u1ed1c BTL-NB", "36": "Tr\u01b0\u1edbc ng\u00e3 t\u01b0 khu CN Th\u0103ng Long 100m (chi\u1ec1u N\u1ed9i B\u00e0i - H\u00e0 N\u1ed9i)", "37": "KCN B\u1eafc Th\u0103ng Long - Km 0+800 Cao t\u1ed1c BTL-NB", "38": "96 Ph\u1ea1m V\u0103n \u0110\u1ed3ng (Ng\u00e3 4 Ph\u1ea1m V\u0103n \u0110\u1ed3ng - Xu\u00e2n \u0110\u1ec9nh)", "39": "Showroom \u00f4 t\u00f4 Trung S\u01a1n (\u0111\u1ed1i di\u1ec7n 315 Ph\u1ea1m V\u0103n \u0110\u1ed3ng)", "40": "(A) Nam Th\u0103ng Long - Tuy\u1ebfn 93"}}