{"Lat": {"0": 20.9451, "1": 20.9465333333, "2": 20.950566666700002, "3": 20.9562333333, "4": 20.9578166667, "5": 20.961226999999997, "6": 20.96235, "7": 20.964648999999998, "8": 20.96725, "9": 20.97015, "10": 20.9726666667, "11": 20.9758333333, "12": 20.9796166667, "13": 20.9810833333, "14": 20.983065, "15": 20.9862, "16": 20.9885166667, "17": 20.9902166667, "18": 20.9957666667, "19": 20.9984, "20": 21.003866666700002, "21": 21.006866666700002, "22": 21.0127666667, "23": 21.015587, "24": 21.01885, "25": 21.0229, "26": 21.027151, "27": 21.0281}, "BusStopCode": {"0": 3164, "1": 2149, "2": 2150, "3": 2151, "4": 2152, "5": 2153, "6": 2142, "7": 1057, "8": 624, "9": 625, "10": 626, "11": 801, "12": 802, "13": 803, "14": 804, "15": 538, "16": 539, "17": 545, "18": 261, "19": 2828, "20": 262, "21": 573, "22": 574, "23": 575, "24": 576, "25": 577, "26": 578, "27": 2846}, "FleetOver": {"0": "22B", "1": "22B", "2": "22B", "3": "22B", "4": "22B", "5": "103,105,22B", "6": "103,105,22B", "7": "103,105,106,22B,37,39,62", "8": "103,105,106,22B,37,39,62", "9": "103,105,106,22B,37,62", "10": "103,105,106,22B", "11": "01,02,103,105,106,19,21A,22B,22C,27,33", "12": "01,02,103,105,106,19,21A,22B,22C,27,33,39,85", "13": "01,02,103,105,19,21A,22B,22C,27,33,39", "14": "01,02,105,19,21A,22B,22C,27,39", "15": "01,02,105,19,21A,22B,22C,27,39", "16": "01,02,105,19,21A,22B,22C,27,39", "17": "01,02,105,19,21A,22B,22C,27,39", "18": "21B,22B,39", "19": "21B,22B,39", "20": "103,21B,22B,39", "21": "103,21B,22B,35A,39,50,60A,60B,87", "22": "103,21B,22B,33,35A,39,50,60A,60B,87", "23": "103,21B,22B,33,35A,39,50,60A,60B,87", "24": "103,104,21B,22B,29,30,33,35A,39,44,60A,60B,74,84,87,88", "25": "103,104,21B,22B,29,30,33,35A,39,44,46,60A,60B,74,84,87,88", "26": "103,16,21B,22B,29,30,33,34,44,46,53B,60A,60B,74,84,88", "27": "22B"}, "Lng": {"0": 105.792516667, "1": 105.79121666700001, "2": 105.79121666700001, "3": 105.793016667, "4": 105.790433333, "5": 105.79343600000001, "6": 105.79485, "7": 105.793957, "8": 105.789083333, "9": 105.784466667, "10": 105.78258333299999, "11": 105.7826, "12": 105.78745, "13": 105.7892, "14": 105.79176000000001, "15": 105.796016667, "16": 105.79931666700001, "17": 105.8017, "18": 105.80025, "19": 105.798133333, "20": 105.79375, "21": 105.791233333, "22": 105.78646666700001, "23": 105.784246, "24": 105.781516667, "25": 105.77903333299999, "26": 105.77920800000001, "27": 105.7785}, "Name": {"0": "(A) K\u0110T Ki\u1ebfn H\u01b0ng - Tuy\u1ebfn 22B", "1": "Tr\u01b0\u1eddng M\u1ea7m non H\u00e0ng \u0110\u00e0o", "2": "Ban ch\u1ec9 huy qu\u00e2n s\u1ef1 qu\u1eadn H\u00e0 \u0110\u00f4ng - Doanh tr\u1ea1i Q\u0110ND - \u0110\u01b0\u1eddng L\u00ea Xu\u00e2n \u0110i\u1ec7p", "3": "Trung t\u00e2m th\u1ec3 thao M\u1eadu M\u01b0\u01a1ng - \u0110\u01b0\u1eddng L\u00ea Xu\u00e2n \u0110i\u1ec7p", "4": "Mi\u1ebfu l\u00e0ng M\u1eadu L\u01b0\u01a1ng - Ph\u1ed1 M\u1eadu L\u01b0\u01a1ng", "5": "\u0110\u1ed1i di\u1ec7n Nh\u00e0 CT4B Khu \u0111\u00f4 th\u1ecb Xa La - Ph\u00fac La", "6": "Nh\u00e0 CT2B - K\u0110T Xa La - \u0110\u01b0\u1eddng Ph\u00fac La", "7": "\u0110\u1ed1i di\u1ec7n T\u00f2a nh\u00e0 CT2 Chung c\u01b0 vi\u1ec7n b\u1ecfng, g\u1ea7n ng\u00e3 ba Y\u00ean X\u00e1 - Ph\u00f9ng H\u01b0ng (H\u00e0 \u0110\u00f4ng)", "8": "Vi\u1ec7n 103 - Ph\u00f9ng H\u01b0ng (H\u00e0 \u0110\u00f4ng)", "9": "C\u00f4ng ty CP X\u00e2y l\u1eafp \u0111i\u1ec7n H\u00e0 T\u00e2y - 113 Ph\u00f9ng H\u01b0ng (H\u00e0 \u0110\u00f4ng)", "10": "Trung t\u00e2m V\u0103n h\u00f3a Th\u00f4ng tin - Ph\u00f9ng H\u01b0ng (H\u00e0 \u0110\u00f4ng)", "11": "Li\u00ean minh c\u00e1c HTX H\u00e0 N\u1ed9i - S\u1ed1 1 Tr\u1ea7n Ph\u00fa (H\u00e0 \u0110\u00f4ng)", "12": "Si\u00eau th\u1ecb Nguy\u1ec5n Kim - Km10 Nguy\u1ec5n Tr\u00e3i (H\u00e0 \u0110\u00f4ng)", "13": "\u0110\u1ea1i h\u1ecdc Ki\u1ebfn Tr\u00fac - Tr\u1ea7n Ph\u00fa (H\u00e0 \u0110\u00f4ng)", "14": "H\u1ecdc vi\u1ec7n An ninh nh\u00e2n d\u00e2n - Tr\u1ea7n Ph\u00fa (H\u00e0 \u0110\u00f4ng )", "15": "C\u00f4ng ty CP T\u01b0 v\u1ea5n \u0111\u1ea7u t\u01b0 M\u1ecf v\u00e0 C\u00f4ng nghi\u1ec7p - 565 Nguy\u1ec5n Tr\u00e3i", "16": "T\u1ed5ng C\u00f4ng ty x\u00e2y d\u1ef1ng S\u00f4ng \u0110\u00e0 - 493 Nguy\u1ec5n Tr\u00e3i", "17": "477 Nguy\u1ec5n Tr\u00e3i - H\u1ecdc vi\u1ec7n Khoa h\u1ecdc X\u00e3 h\u1ed9i", "18": "90 Khu\u1ea5t Duy ti\u1ebfn", "19": "162 Khu\u1ea5t Duy Ti\u1ebfn (\u0111\u1ed1i di\u1ec7n khu d\u00e2n c\u01b0 11 - T\u1ed5 d\u00e2n ph\u1ed1 32 ph\u01b0\u1eddng Thanh Xu\u00e2n B\u1eafc).", "20": "\u0110\u1ed1i di\u1ec7n 289A Khu\u1ea5t Duy Ti\u1ebfn - Vinaconex1", "21": "Ng\u00e3 4 Ph\u1ea1m H\u00f9ng - Khu\u1ea5t Duy Ti\u1ebfn (\u0110\u1ed1i di\u1ec7n Trung t\u00e2m H\u1ed9i ngh\u1ecb Qu\u1ed1c Gia)", "22": "Qua 130m Doanh tr\u1ea1i B\u1ed9 ch\u1ec9 huy qu\u00e2n s\u1ef1 HN - 99A Ph\u1ea1m H\u00f9ng", "23": "T\u00f2a nh\u00e0 Landmark 72 - \u0111\u01b0\u1eddng Ph\u1ea1m H\u00f9ng", "24": "\u0110\u1ed1i di\u1ec7n nh\u00e0 CT5 K\u0110T S\u00f4ng \u0110\u00e0 M\u1ef9 \u0110\u00ecnh - Ph\u1ea1m H\u00f9ng", "25": "Qua ng\u00e3 4 Ph\u1ea1m H\u00f9ng - \u0110\u00ecnh Th\u00f4n (H\u01b0\u1edbng \u0111i Ph\u1ea1m V\u0103n \u0110\u1ed3ng)", "26": "\u0110\u1ed1i di\u1ec7n B\u1ebfn xe kh\u00e1ch M\u1ef9 \u0110\u00ecnh - Ph\u1ea1m H\u00f9ng (c\u1ed9t tr\u01b0\u1edbc)", "27": "(B) BX M\u1ef9 \u0110\u00ecnh - Tuy\u1ebfn 22B"}}