{"Lat": {"0": 21.043183, "1": 21.0412666667, "2": 21.0440666667, "3": 21.046466666700002, "4": 21.0479166667, "5": 21.043466666700002, "6": 21.0391166667, "7": 21.03415, "8": 21.0316833333, "9": 21.032288, "10": 21.02705, "11": 21.0228, "12": 21.017566666700002, "13": 21.0151166667, "14": 21.016066666700002, "15": 21.0132833333, "16": 21.013107, "17": 21.012416666700002, "18": 21.0101666667, "19": 21.00725, "20": 21.006866666700002, "21": 21.0127666667, "22": 21.015587, "23": 21.016683333299998, "24": 21.01245, "25": 21.013, "26": 21.0196}, "BusStopCode": {"0": 1719, "1": 855, "2": 859, "3": 860, "4": 688, "5": 689, "6": 214, "7": 215, "8": 774, "9": 287, "10": 3253, "11": 2857, "12": 208, "13": 209, "14": 674, "15": 322, "16": 149, "17": 739, "18": 740, "19": 741, "20": 573, "21": 574, "22": 575, "23": 153, "24": 154, "25": 330, "26": 1790}, "FleetOver": {"0": "50", "1": "41,50,55,55B,86,86CT", "2": "31,50,55,55B,58", "3": "31,41,50,55,55B,58,86,86CT", "4": "50", "5": "50", "6": "22A,45,50", "7": "22A,45,50", "8": "22A,32,34,50", "9": "18,25,50", "10": "50,99", "11": "50,99", "12": "18,23,30,50", "13": "18,30,50", "14": "12,26,30,35A,50", "15": "09,09CT,30,50", "16": "16,24,27,50,51", "17": "105,107,22A,35A,50", "18": "105,107,22A,35A,50,60A,60B", "19": "107,35A,50,60A,60B", "20": "103,21B,22B,35A,39,50,60A,60B,87", "21": "103,21B,22B,33,35A,39,50,60A,60B,87", "22": "103,21B,22B,33,35A,39,50,60A,60B,87", "23": "50,74,88", "24": "50,74,88", "25": "50", "26": "50"}, "Lng": {"0": 105.84781699999999, "1": 105.8497, "2": 105.84705, "3": 105.844016667, "4": 105.8377, "5": 105.83596666700001, "6": 105.839683333, "7": 105.838927, "8": 105.835783333, "9": 105.829453, "10": 105.82756666700001, "11": 105.8265, "12": 105.82385, "13": 105.81975, "14": 105.8158, "15": 105.812683333, "16": 105.808025, "17": 105.80136666700001, "18": 105.79876666700001, "19": 105.794816667, "20": 105.791233333, "21": 105.78646666700001, "22": 105.784246, "23": 105.78045, "24": 105.7746, "25": 105.770733333, "26": 105.76718333299999}, "Name": {"0": "(A) Long Bi\u00ean - Tuy\u1ebfn 50", "1": "E1.4 \u0110i\u1ec3m trung chuy\u1ec3n Long Bi\u00ean", "2": "Qua n\u00fat giao H\u00e0ng Than 50m - Y\u00ean Ph\u1ee5 (\u0111\u01b0\u1eddng xe bu\u00fdt)", "3": "Tr\u01b0\u1edbc n\u00fat giao C\u1eeda B\u1eafc 30m - Y\u00ean Ph\u1ee5 (\u0111\u01b0\u1eddng xe bu\u00fdt)", "4": "Ch\u00f9a Tr\u1ea5n Qu\u1ed1c - Thanh Ni\u00ean", "5": "\u0110\u1ed1i di\u1ec7n \u0111\u1ec1n Qu\u00e1n Th\u00e1nh - Thanh Ni\u00ean", "6": "Ng\u00e3 3 Ho\u00e0ng Di\u1ec7u - Ho\u00e0ng V\u0103n Th\u1ee5", "7": "34 - 36 Ho\u00e0ng Di\u1ec7u", "8": "\u0110\u1ed1i di\u1ec7n B\u1ec7nh vi\u1ec7n Xanh p\u00f4n - 60 Tr\u1ea7n Ph\u00fa (B\u1ed9 T\u01b0 ph\u00e1p)", "9": "Kim M\u00e3 ", "10": "\u0110\u1ed1i di\u1ec7n 116 H\u00e0o Nam", "11": "H\u00e8 qua c\u1ed5ng H\u1ecdc vi\u1ec7n \u00c2m nh\u1ea1c Qu\u1ed1c gia Vi\u1ec7t Nam - 77 H\u00e0o Nam", "12": "\u0110\u1ed1i di\u1ec7n Trung t\u00e2m th\u1ec3 thao Ho\u00e0ng C\u1ea7u - H\u1ed3 Ho\u00e0ng C\u1ea7u", "13": "Qua 50m ng\u00e3 ba \u0110\u1eb7ng Ti\u1ebfn \u0110\u00f4ng \u2013 Ho\u00e0ng C\u1ea7u (\u0111i Th\u00e1i H\u00e0)", "14": "R\u1ea1p chi\u1ebfu phim Qu\u1ed1c Gia - Th\u00e1i H\u00e0", "15": "Vi\u1ec7n C\u00f4ng Ngh\u1ec7 X\u1ea1 Hi\u1ebfm - 48 L\u00e1ng H\u1ea1", "16": "Ch\u1ee3 L\u00e1ng H\u1ea1 A - 572 \u0110\u01b0\u1eddng L\u00e1ng", "17": "\u0110\u1ed1i di\u1ec7n Tr\u01b0\u1eddng \u0110\u1ea1i h\u1ecdc Lao \u0111\u1ed9ng & X\u00e3 H\u1ed9i - 48 Tr\u1ea7n Duy H\u01b0ng", "18": "\u0110\u1ed1i di\u1ec7n B\u1ed9 Khoa h\u1ecdc & C\u00f4ng ngh\u1ec7 - 146 Tr\u1ea7n Duy H\u01b0ng", "19": "220 Tr\u1ea7n Duy H\u01b0ng - C\u1ea1nh Si\u00eau th\u1ecb Big C", "20": "Ng\u00e3 4 Ph\u1ea1m H\u00f9ng - Khu\u1ea5t Duy Ti\u1ebfn (\u0110\u1ed1i di\u1ec7n Trung t\u00e2m H\u1ed9i ngh\u1ecb Qu\u1ed1c Gia)", "21": "Qua 130m Doanh tr\u1ea1i B\u1ed9 ch\u1ec9 huy qu\u00e2n s\u1ef1 HN - 99A Ph\u1ea1m H\u00f9ng", "22": "T\u00f2a nh\u00e0 Landmark 72 - \u0111\u01b0\u1eddng Ph\u1ea1m H\u00f9ng", "23": "Nh\u00e0 h\u00e0ng H\u00e0n Qu\u1ed1c, nh\u00e0 CT4 \u0110N K\u0110T M\u1ef9 \u0110\u00ecnh - \u0110\u01b0\u1eddng M\u1ec5 Tr\u00ec", "24": "T\u01b0\u1eddng r\u00e0o Tr\u1ea1m y t\u1ebf M\u1ec5 Tr\u00ec - \u0110\u01b0\u1eddng M\u1ec5 Tr\u00ec", "25": "\u0110\u1ed1i di\u1ec7n Tr\u01b0\u1eddng TH C\u01a1 s\u1edf Ph\u00fa \u0110\u00f4 - L\u00ea \u0110\u1ee9c Th\u1ecd", "26": "(B) SV\u0110 Qu\u1ed1c Gia - Tuy\u1ebfn 50"}}