{"Lat": {"0": 21.0288666667, "1": 21.0293166667, "2": 21.0285166667, "3": 21.02515, "4": 21.0249833333, "5": 21.0252, "6": 21.0272166667, "7": 21.0288166667, "8": 21.0277666667, "9": 21.0229833333, "10": 21.018608, "11": 21.019508, "12": 21.0220833333, "13": 21.0179333333, "14": 21.01495, "15": 21.012598, "16": 21.0093833333, "17": 21.0059666667, "18": 21.00625, "19": 21.007544, "20": 21.0101, "21": 21.010616666700002, "22": 21.0099833333, "23": 21.0071333333, "24": 20.9990666667, "25": 20.9970833333, "26": 20.9961833333, "27": 20.99295, "28": 20.9882833333, "29": 20.9822, "30": 20.97615, "31": 20.9726333333, "32": 20.96965, "33": 20.9687166667, "34": 20.964862, "35": 20.963582000000002, "36": 20.963616666700002}, "BusStopCode": {"0": 1892, "1": 1893, "2": 1894, "3": 336, "4": 331, "5": 1895, "6": 1896, "7": 1814, "8": 1915, "9": 584, "10": 585, "11": 3298, "12": 809, "13": 1898, "14": 805, "15": 738, "16": 1899, "17": 364, "18": 2143, "19": 362, "20": 143, "21": 1900, "22": 671, "23": 668, "24": 1901, "25": 1902, "26": 352, "27": 353, "28": 2090, "29": 459, "30": 460, "31": 461, "32": 491, "33": 492, "34": 493, "35": 479, "36": 1903}, "FleetOver": {"0": "84", "1": "84,97", "2": "84,97", "3": "104,26,84", "4": "104,26,84", "5": "104,84", "6": "84", "7": "05,84,97", "8": "33,84", "9": "104,22B,30,33,35A,39,46,60A,60B,74,84,87,88", "10": "103,104,21B,22B,29,30,33,35A,39,44,60A,60B,74,84,87,88", "11": "104,30,84", "12": "05,104,51,84,85", "13": "84", "14": "105,51,84", "15": "105,107,22A,35A,50,51,84", "16": "84", "17": "30,84", "18": "30,84", "19": "30,84", "20": "09,09CT,16,24,27,51,84", "21": "09,09CT,84", "22": "12,26,35A,84", "23": "01,02,09,09CT,18,21A,21B,44,51,84", "24": "84", "25": "84", "26": "12,84", "27": "12,84", "28": "84", "29": "84", "30": "84", "31": "84", "32": "104,22C,29,36,36CT,60B,84", "33": "104,36,36CT,60A,84", "34": "05,106,36,36CT,37,60A,84", "35": "05,36,36CT,37,60A,84", "36": "84"}, "Lng": {"0": 105.761333333, "1": 105.76333333299999, "2": 105.76583333299999, "3": 105.76701666700001, "4": 105.7676, "5": 105.771533333, "6": 105.7739, "7": 105.77845, "8": 105.778466667, "9": 105.778566667, "10": 105.78126100000001, "11": 105.785067, "12": 105.79066666700001, "13": 105.7963, "14": 105.8013, "15": 105.802057, "16": 105.804583333, "17": 105.80545, "18": 105.806133, "19": 105.808077, "20": 105.81196666700001, "21": 105.81623333299999, "22": 105.822983333, "23": 105.82313333299999, "24": 105.82191666700001, "25": 105.82438333299999, "26": 105.83006666700001, "27": 105.83205, "28": 105.834933333, "29": 105.83508333299999, "30": 105.835866667, "31": 105.83596666700001, "32": 105.83098333299999, "33": 105.82815, "34": 105.826297, "35": 105.830398, "36": 105.83046666700001}, "Name": {"0": "(A) Khu \u0111\u00f4 th\u1ecb M\u1ef9 \u0110\u00ecnh I - Tuy\u1ebfn 84", "1": "\u0110\u1ed1i di\u1ec7n nh\u00e0 C6 K\u0110T M\u1ef9 \u0110\u00ecnh I - \u0111\u01b0\u1eddng Tr\u1ea7n H\u1eefu D\u1ef1c", "2": "\u0110\u1ed1i di\u1ec7n nh\u00e0 CT5-\u0110N1 K\u0110T M\u1ef9 \u0110\u00ecnh I - \u0111\u01b0\u1eddng Tr\u1ea7n H\u1eefu D\u1ef1c", "3": "\u0110\u1ed1i di\u1ec7n \u0111\u01b0\u1eddng v\u00e0o Tr\u01b0\u1eddng C\u0110 ngh\u1ec1 Tr\u1ea7n H\u01b0ng \u0110\u1ea1o - L\u00ea \u0110\u1ee9c Th\u1ecd", "4": "\u0110\u01b0\u1eddng v\u00e0o Tr\u01b0\u1eddng C\u0110 ngh\u1ec1 Tr\u1ea7n H\u01b0ng \u0110\u1ea1o - L\u00ea \u0110\u1ee9c Th\u1ecd", "5": "\u0110\u1ed1i di\u1ec7n THCS-THPT Tr\u1ea7n Qu\u1ed1c Tu\u1ea5n", "6": "Tr\u01b0\u1eddng ti\u1ec3u h\u1ecdc M\u1ef9 \u0110\u00ecnh 2 - \u0110\u1ed1i di\u1ec7n 216 \u0111\u01b0\u1eddng M\u1ef9 \u0110\u00ecnh", "7": "Tr\u01b0\u1edbc 100m ng\u00e3 4 Nguy\u1ec5n Ho\u00e0ng - Ph\u1ea1m H\u00f9ng (\u0111\u1ed1i di\u1ec7n c\u00f4ng ty CP S\u00f4ng \u0110\u00e0 9)", "8": "Qu\u1ea3ng tr\u01b0\u1eddng BX M\u1ef9 \u0110\u00ecnh", "9": "G\u1ea7n ng\u00e3 4 Ph\u1ea1m H\u00f9ng - \u0110\u00ecnh Th\u00f4n (H\u01b0\u1edbng \u0111i Khu\u1ea5t Duy Ti\u1ebfn)-c\u1ed9t sau", "10": "Nh\u00e0 CT5 K\u0110T S\u00f4ng \u0110\u00e0 M\u1ef9 \u0110\u00ecnh - Ph\u1ea1m H\u00f9ng", "11": "S\u1ed1 16 D\u01b0\u01a1ng \u0110\u00ecnh Ngh\u1ec7 - T\u01b0\u1eddng r\u00e0o t\u00f2a nh\u00e0 Keangnam", "12": "\u0110\u1ed1i di\u1ec7n tr\u01b0\u1eddng THCS Y\u00ean H\u00f2a - 282 Trung K\u00ednh", "13": "\u0110\u1ed1i di\u1ec7n tr\u01b0\u1eddng m\u1ea7m non qu\u1ed1c t\u1ebf Global", "14": "L\u00f4 14B Khu \u0111\u00f4 th\u1ecb Trung Y\u00ean - Qua ng\u00f5 36 Trung H\u00f2a", "15": "\u0110\u1ea1i h\u1ecdc Lao \u0111\u1ed9ng & X\u00e3 h\u1ed9i - 43 Tr\u1ea7n Duy H\u01b0ng", "16": "Tr\u01b0\u1eddng ti\u1ec3u h\u1ecdc L\u00fd Th\u00e1i T\u1ed5", "17": "Nh\u00e0 18T1 K\u0110T Trung H\u00f2a Nh\u00e2n Ch\u00ednh - L\u00ea V\u0103n L\u01b0\u01a1ng", "18": "Tr\u01b0\u1edbc l\u00f4 2.6 \u0111\u01b0\u1eddng L\u00ea V\u0103n L\u01b0\u01a1ng ", "19": "33 L\u00ea V\u0103n L\u01b0\u01a1ng (\u0111\u1ed1i di\u1ec7n Doanh tr\u1ea1i qu\u00e2n \u0111\u1ed9i)", "20": "\u0110\u1ed1i di\u1ec7n 498 \u0110\u01b0\u1eddng L\u00e1ng", "21": "119 Y\u00ean L\u00e3ng", "22": "3 Th\u00e1i H\u00e0 - B\u1ec3 b\u01a1i Th\u00e1i H\u00e0", "23": "290 T\u00e2y S\u01a1n", "24": "Tr\u01b0\u1edbc s\u1ed1 nh\u00e0 84 V\u01b0\u01a1ng Th\u1eeba V\u0169", "25": "131 Ho\u00e0ng V\u0103n Th\u00e1i", "26": "150 L\u00ea Tr\u1ecdng T\u1ea5n", "27": "Nh\u00e0 c\u00f4ng v\u1ee5 QC PKKQ - 210 L\u00ea Tr\u1ecdng T\u1ea5n", "28": "CT36 Tower - 24 L\u00ea Tr\u1ecdng T\u1ea5n", "29": "Qua c\u1ea7u \u0110\u1ecbnh C\u00f4ng 50m - Nguy\u1ec5n C\u1ea3nh D\u1ecb (chi\u1ec1u \u0111i Linh \u0110\u00e0m)", "30": "Nh\u00e0 A5 \u0110\u1ea1i Kim - Nguy\u1ec5n C\u1ea3nh D\u1ecb", "31": "\u0110\u1ed1i di\u1ec7n Cty c\u1ed5 ph\u1ea9n t\u1eadp \u0111o\u00e0n \u0111\u1ea7u t\u01b0 - s\u1ed1 2 l\u00f4 F1 Nguy\u1ec5n C\u1ea3nh D\u1ecb", "32": "\u0110\u1ed1i di\u1ec7n \u0111\u00e0i t\u01b0\u1edfng ni\u1ec7m ch\u1ee7 t\u1ecbch HCM - \u0111\u01b0\u1eddng Nguy\u1ec5n H\u1eefu Th\u1ecd", "33": "B\u00e3i \u0111\u1ed7 xe K\u0110T Linh \u0110\u00e0m - Nguy\u1ec5n H\u1eefu Th\u1ecd", "34": "Nh\u00e0 HH1C (C\u00e1ch \u0111\u01b0\u1eddng v\u00e0o Tr\u1ea1m c\u1ea5p n\u01b0\u1edbc Linh \u0110\u00e0m 40m)", "35": "Nh\u00e0 N\u01a0. 7B K\u0110T Linh \u0110\u00e0m - Nguy\u1ec5n Duy Trinh", "36": "(B) Nh\u00e0 N\u01a0. 4B K\u0110T Linh \u0110\u00e0m - Nguy\u1ec5n Duy Trinh - Tuy\u1ebfn 84"}}