{"Lat": {"0": 21.043714, "1": 21.0413333333, "2": 21.037567000000003, "3": 21.0423833333, "4": 21.045683333299998, "5": 21.047071, "6": 21.048514, "7": 21.05225, "8": 21.056712, "9": 21.06125, "10": 21.0645166667, "11": 21.0684166667, "12": 21.074547, "13": 21.079559, "14": 21.08035, "15": 21.0879666667, "16": 21.092883333299998, "17": 21.100635, "18": 21.102733333299998, "19": 21.102933333299998, "20": 21.10434, "21": 21.1097333333, "22": 21.120483333299997, "23": 21.1272833333, "24": 21.1328666667, "25": 21.1397333333, "26": 21.1480666667, "27": 21.153897, "28": 21.1641666667, "29": 21.1716166667, "30": 21.1773666667, "31": 21.1876333333, "32": 21.19485, "33": 21.199716666700002, "34": 21.1985166667, "35": 21.1981666667, "36": 21.1982333333, "37": 21.1983333333, "38": 21.1983833333, "39": 21.2061166667, "40": 21.209768, "41": 21.2119333333, "42": 21.2147166667}, "BusStopCode": {"0": 1715, "1": 866, "2": 770, "3": 555, "4": 556, "5": 557, "6": 3416, "7": 559, "8": 420, "9": 421, "10": 422, "11": 423, "12": 424, "13": 196, "14": 1340, "15": 1341, "16": 1342, "17": 1343, "18": 1344, "19": 1345, "20": 1346, "21": 1347, "22": 1348, "23": 1351, "24": 1349, "25": 1352, "26": 1353, "27": 1354, "28": 1355, "29": 1356, "30": 3106, "31": 1358, "32": 1359, "33": 1328, "34": 1329, "35": 1330, "36": 1331, "37": 1332, "38": 1333, "39": 900, "40": 915, "41": 916, "42": 1782}, "FleetOver": {"0": "17", "1": "100,10A,10B,17,50,98", "2": "01,03,100,10B,11,14,14CT,17,18,22A,23,34,47A,54,98", "3": "03,100,10A,17,34,43,48,54,65", "4": "01,03,100,10A,10B,17,22A,34,42,43,48,54,65", "5": "10A,10B,17,42,43,48,54,65", "6": "10A,10B,17,42,43,48,54,65", "7": "10A,10B,11,15,17,42,43,48,54,65", "8": "10A,10B,15,17,42,43,54", "9": "10A,10B,15,17,42,43,54", "10": "10A,10B,15,17,43,54,98", "11": "10A,10B,15,17,43,54,98", "12": "10A,10B,15,17,43,54,59", "13": "10A,10B,15,17,43,54,59", "14": "15,17,43,59", "15": "15,17,43,59", "16": "15,17,43,59", "17": "15,17,43,59,65", "18": "15,17,43,46,59,65", "19": "15,17,43,46,59", "20": "15,17,43,46,59", "21": "15,17,43,46,59", "22": "15,17,43,46,59", "23": "15,17,43,59", "24": "15,17,43,59", "25": "15,17,43,59", "26": "15,17", "27": "15,17", "28": "15,17", "29": "15,17,96", "30": "15,17,96", "31": "15,17", "32": "15,17", "33": "17", "34": "17", "35": "17", "36": "17", "37": "17", "38": "17", "39": "17", "40": "17,90", "41": "17,86,86CT,90", "42": "17"}, "Lng": {"0": 105.847307, "1": 105.84935, "2": 105.85275, "3": 105.87076666700001, "4": 105.875983333, "5": 105.87885, "6": 105.88176499999999, "7": 105.88600000000001, "8": 105.889698, "9": 105.89406699999999, "10": 105.89725, "11": 105.900983333, "12": 105.90704099999999, "13": 105.91156200000002, "14": 105.90641699999999, "15": 105.902966667, "16": 105.894466667, "17": 105.88425900000001, "18": 105.87241666700001, "19": 105.864983333, "20": 105.85715900000001, "21": 105.84945, "22": 105.84515, "23": 105.843883333, "24": 105.84363333299999, "25": 105.84461666700001, "26": 105.84588333299999, "27": 105.84688899999999, "28": 105.84663333299999, "29": 105.84681666700001, "30": 105.847033333, "31": 105.8483, "32": 105.848233333, "33": 105.84636666700001, "34": 105.840116667, "35": 105.83396666700001, "36": 105.83035, "37": 105.82538333299999, "38": 105.82026666700001, "39": 105.81731666700001, "40": 105.814383, "41": 105.80731666700001, "42": 105.80143333299999}, "Name": {"0": "(A) Long Bi\u00ean - Tuy\u1ebfn 17", "1": "E3.3 \u0110i\u1ec3m trung chuy\u1ec3n Long Bi\u00ean", "2": "80 Tr\u1ea7n Nh\u1eadt Du\u1eadt", "3": "T\u1ed5ng c\u1ee5c H\u1ea3i Quan - 162 Nguy\u1ec5n V\u0103n C\u1eeb (c\u1ed9t sau)", "4": "358 - 360 Nguy\u1ec5n V\u0103n C\u1eeb", "5": "436 - 438 Nguy\u1ec5n V\u0103n C\u1eeb", "6": "S\u1ed1 548 Nguy\u1ec5n V\u0103n C\u1eeb", "7": "Ph\u00f2ng C\u00f4ng Ch\u1ee9ng s\u1ed1 2 TPHN - 654 Nguy\u1ec5n V\u0103n C\u1eeb", "8": "18-20 Ng\u00f4 Gia T\u1ef1", "9": "170 - 172 Ng\u00f4 Gia T\u1ef1", "10": "318 Ng\u00f4 Gia T\u1ef1", "11": "368 Ng\u00f4 Gia T\u1ef1 - Ng\u00e3 3 \u0111\u01b0\u1eddng v\u00e0o c\u00f4ng An qu\u1eadn Long Bi\u00ean", "12": "608 - 610 Ng\u00f4 Gia T\u1ef1 - g\u1ea7n \u0111\u01b0\u1eddng l\u00ean C\u1ea7u \u0110u\u1ed1ng", "13": "C\u1ea1nh \u0111\u01b0\u1eddng v\u00e0o Ph\u00f9 \u0110\u1ed5ng - 44 H\u00e0 Huy T\u1eadp", "14": "122 Thi\u00ean \u0110\u1ee9c, Y\u00ean Vi\u00ean - Qu\u1ed1c l\u1ed9 3", "15": "C\u1ea1nh ng\u00f5 v\u00e0o Cty CP v\u1eadt t\u01b0 M\u1ecf \u0110\u1ecba ch\u1ea5t - Qu\u1ed1c l\u1ed9 3", "16": "\u0110\u1ed1i di\u1ec7n C\u00f4ng ty \u0110\u00fac Mai L\u00e2m - Qu\u1ed1c l\u1ed9 3", "17": "\u0110\u1ed1i di\u1ec7n Trung t\u00e2m l\u01b0u tr\u00fa L\u1ed9c H\u00e0 - Qu\u1ed1c l\u1ed9 3", "18": "\u0110\u01b0\u1eddng v\u00e0o khu di t\u00edch C\u1ed5 Loa - Km 5 Qu\u1ed1c l\u1ed9 3", "19": "C\u00e2y \u0111a B\u00e1c H\u1ed3 - Km 5+800 Qu\u1ed1c l\u1ed9 3", "20": "C\u1ea1nh C\u00f4ng Ty B\u00ea T\u00f4ng Appha, \u0110\u00f4ng H\u1ed9i - Km 6+600 Qu\u1ed1c l\u1ed9 3", "21": "Th\u00f4n V\u1ea1n L\u1ed9c (Qua \u0111\u1ed1i di\u1ec7n ng\u00e3 3 \u0111\u01b0\u1eddng tr\u00e1nh QL5 200m)", "22": "Ng\u00e3 3 V\u0129nh Ng\u1ecdc - Km 9+230 Qu\u1ed1c l\u1ed9 3", "23": "Tr\u01b0\u1edbc c\u1ed5ng c\u00f4ng ty Minh C\u01b0\u1eddng 50m - Km 10+900 Qu\u1ed1c l\u1ed9 3", "24": "Tr\u01b0\u1edbc ng\u00e3 3 c\u00f4ng vi\u00ean C\u1ea7u \u0110\u00f4i 70m - Km11 Qu\u1ed1c l\u1ed9 3 (chi\u1ec1u H\u00e0 N\u1ed9i - \u0110\u00f4ng Anh)", "25": "\u0110\u1ed1i di\u1ec7n Cty x\u00e2y l\u1eafp \u0110i\u1ec7n 4, Th\u1ecb tr\u1ea5n \u0110\u00f4ng Anh - Km 11+100 Qu\u1ed1c l\u1ed9 3", "26": "Nh\u00e0 m\u00e1y t\u1ea5m l\u1ee3p \u0110\u00f4ng Anh - Km 12+650 Qu\u1ed1c l\u1ed9 3", "27": "Nh\u00e0 m\u00e1y k\u1ebft c\u1ea5u th\u00e9p kim kh\u00ed \u0110\u00f4ng Anh - Km 13+300 Qu\u1ed1c l\u1ed9 3", "28": "Qua \u0111\u01b0\u1eddng v\u00e0o Cty CP ch\u1ebf t\u1ea1o thi\u1ebft b\u1ecb \u0111i\u1ec7n \u0110\u00f4ng Anh 50m - Qu\u1ed1c l\u1ed9 3", "29": "C\u00f4ng ty Ch\u1ebf t\u1ea1o m\u00e1y \u0111i\u1ec7n Vi\u1ec7t Hung - Km 15+240 Qu\u1ed1c l\u1ed9 3", "30": "\u0110\u01b0\u1eddng v\u00e0o Tr\u1ea1i g\u00e0 Nguy\u00ean Kh\u00ea - Km 16+000 Qu\u1ed1c l\u1ed9", "31": "G\u1ea7n c\u1ea7u Ph\u00f9 L\u1ed7 \u2013 Km 16+900 Qu\u1ed1c l\u1ed9 3", "32": "\u0110\u1ed1i di\u1ec7n Tr\u01b0\u1eddng THPT Lam H\u1ed3ng - Km 17+850 Qu\u1ed1c l\u1ed9 3", "33": "C\u1eeda h\u00e0ng KD t\u1ed5ng h\u1ee3p s\u1ed1 3 - Km 0+200 Qu\u1ed1c l\u1ed9 2", "34": "S\u00e2n v\u1eadn \u0111\u1ed9ng x\u00e3 Ph\u00f9 L\u1ed7 - Km 0+750 Qu\u1ed1c l\u1ed9 2", "35": "C\u1ea1nh c\u00e2y x\u0103ng Vinapco - Km 1+360 Qu\u1ed1c l\u1ed9 2", "36": "C\u00f4ng ty ch\u00e8 Kim Anh - Km 1+900 Qu\u1ed1c l\u1ed9 2", "37": "S\u1ed1 9 Ph\u1ee7 L\u1ed7 - Km 2+400 Qu\u1ed1c l\u1ed9 2", "38": "\u0110\u1ed1i di\u1ec7n b\u01b0u \u0111i\u1ec7n Ph\u00fa Minh - Km 2+850 Qu\u1ed1c l\u1ed9 2", "39": "\u0110\u1ed1i di\u1ec7n Cty CP giao nh\u1eadn kho v\u1eadn h\u00e0ng kh\u00f4ng TBS - N\u1ed9i B\u00e0i", "40": "C\u00f4ng ty x\u0103ng d\u1ea7u h\u00e0ng kh\u00f4ng Vi\u1ec7t Nam (Vinapco) - \u0111\u01b0\u1eddng V\u00f5 V\u0103n Ki\u1ec7t", "41": "Nh\u00e0 ga h\u00e0ng h\u00f3a N\u1ed9i B\u00e0i - \u0111\u01b0\u1eddng V\u00f5 V\u0103n Ki\u1ec7t", "42": "(B) N\u1ed9i B\u00e0i - Tuy\u1ebfn 17"}}