{"Lat": {"0": 21.32495, "1": 21.3198333333, "2": 21.3139, "3": 21.31315, "4": 21.31645, "5": 21.3163166667, "6": 21.3149333333, "7": 21.31305, "8": 21.30705, "9": 21.3043333333, "10": 21.2950166667, "11": 21.2866333333, "12": 21.27875, "13": 21.274516666700002, "14": 21.2706, "15": 21.2645833333, "16": 21.2578, "17": 21.24925, "18": 21.2440833333, "19": 21.2353666667, "20": 21.2270666667, "21": 21.222716666700002, "22": 21.215183, "23": 21.205018, "24": 21.192593, "25": 21.18675, "26": 21.1662833333, "27": 21.1579333333, "28": 21.151766666700002, "29": 21.1415, "30": 21.1316666667, "31": 21.1265333333, "32": 21.1264666667}, "BusStopCode": {"0": 3463, "1": 1378, "2": 1379, "3": 3466, "4": 3467, "5": 3030, "6": 3031, "7": 3032, "8": 3034, "9": 3035, "10": 3036, "11": 3037, "12": 3038, "13": 3039, "14": 3040, "15": 3041, "16": 3042, "17": 3043, "18": 3044, "19": 3045, "20": 3046, "21": 3145, "22": 903, "23": 892, "24": 891, "25": 907, "26": 908, "27": 909, "28": 910, "29": 911, "30": 912, "31": 884, "32": 3462}, "FleetOver": {"0": "64", "1": "15,64", "2": "15,64", "3": "64", "4": "64", "5": "64,93", "6": "64,93", "7": "64,93", "8": "64,93", "9": "64,93", "10": "64,93", "11": "64,93", "12": "64,93", "13": "64,93", "14": "64,93", "15": "64,93", "16": "64,93", "17": "64,93", "18": "64,93", "19": "64,93", "20": "58,64,93,95", "21": "58,64,95", "22": "07,56A,56C,58,64,95", "23": "07,56A,56C,58,64,95", "24": "07,56A,56C,58,64,95", "25": "07,53B,56A,56C,58,64,93,95", "26": "07,53B,56A,56C,58,64,93,95", "27": "07,35B,53A,53B,56A,56C,58,61,64,93,95", "28": "07,35B,53A,53B,56A,56C,58,61,64,93,95", "29": "07,35B,53A,53B,56A,56C,58,61,64,93,95", "30": "07,35B,53A,53B,56A,56C,58,61,64,93,95", "31": "07,35B,53A,53B,56A,56C,58,61,64,93,95", "32": "64"}, "Lng": {"0": 105.87299999999999, "1": 105.86945, "2": 105.86781666700001, "3": 105.867116667, "4": 105.858433333, "5": 105.85526666700001, "6": 105.8502, "7": 105.8399, "8": 105.820516667, "9": 105.81673333299999, "10": 105.8116, "11": 105.805783333, "12": 105.7987, "13": 105.79503333299999, "14": 105.79148333299999, "15": 105.787466667, "16": 105.781033333, "17": 105.77258333299999, "18": 105.767833333, "19": 105.76375, "20": 105.76166666700001, "21": 105.767866667, "22": 105.778476, "23": 105.779777, "24": 105.78072900000001, "25": 105.780383, "26": 105.77955, "27": 105.77918333299999, "28": 105.7789, "29": 105.77845, "30": 105.77908333299999, "31": 105.78071666700001, "32": 105.78043333299999}, "Name": {"0": "(B) Ph\u1ed1 N\u1ec9 - Tuy\u1ebfn 64", "1": "Qua \u0111\u01b0\u1eddng v\u00e0o Nh\u00e0 v\u0103n h\u00f3a th\u00f4n B\u00ecnh An, Trung Gi\u00e3 - Km31+950 Qu\u1ed1c l\u1ed9 3", "2": "UBND x\u00e3 Trung Gi\u00e3 - Km 31+300 Qu\u1ed1c l\u1ed9 3", "3": "Tr\u01b0\u1edbc 50m \u0111\u01b0\u1eddng v\u00e0o tr\u01b0\u1eddng ti\u1ec3u h\u1ecdc Trung Gi\u00e3 v\u00e0 ch\u00f9a Ph\u1ed1 N\u1ec9, T\u1ec9nh l\u1ed9 35", "4": "C\u1ed9t m\u1ed1c Km1 QL2 T\u1ec9nh l\u1ed9 35, x\u00e3 H\u1ed3ng K\u1ef3", "5": "Tr\u01b0\u1edbc 100m UBND X\u00e3 H\u1ed3ng K\u1ef3 - T\u1ec9nh l\u1ed9 35", "6": "C\u1ed9t m\u1ed1c Km2 T\u1ec9nh l\u1ed9 35 - x\u00e3 H\u1ed3ng K\u1ef3", "7": "C\u1ed9t m\u1ed1c Km3 - T\u1ec9nh l\u1ed9 35 - x\u00e3 H\u1ed3ng K\u1ef3", "8": "UBND x\u00e3 Nam S\u01a1n - T\u1ec9nh l\u1ed9 35", "9": "Cty TNHH th\u01b0\u01a1ng m\u1ea1i c\u00f4ng ngh\u1ec7 v\u00e0 m\u00f4i tr\u01b0\u1eddng Nh\u1eadt Anh (c\u1ed9t m\u1ed1c H8/5, t\u1ec9nh l\u1ed9 35)", "10": "Tr\u01b0\u1eddng Ti\u1ec3u h\u1ecdc x\u00e3 Nam S\u01a1n -T\u1ec9nh l\u1ed9 35", "11": "X\u01b0\u1edfng s\u1eeda ch\u1eefa t\u1ed5ng h\u1ee3p - L\u1eef \u0111o\u00e0n 86 (qua 100m Km8, T\u1ec9nh l\u1ed9 35)", "12": "B\u01b0u \u0111i\u1ec7n - tr\u01b0\u1eddng THPT Minh Ph\u00fa", "13": "Tr\u01b0\u1edbc 30m l\u1ed1i v\u00e0o Ph\u00f2ng kh\u00e1m \u0111a khoa Minh Ph\u00fa - x\u00e3 Minh Ph\u00fa - T\u1ec9nh l\u1ed9 35", "14": "Tr\u01b0\u1edbc 70m c\u1ed9t m\u1ed1c H4/10 - Doanh tr\u1ea1i Q\u0110ND Vi\u1ec7t Nam, X\u00f3m Ph\u00fa C\u01b0\u1eddng, Hi\u1ec1n Ninh, T\u1ec9nh l\u1ed9 35", "15": "Qua 70m c\u1ea7u Ph\u00fa H\u1eefu (KM11+229 TL35) - x\u00e3 Minh Ph\u00fa", "16": "\u0110\u1ed1i di\u1ec7n tr\u01b0\u1edbc B\u1ed1t T\u00e9p 100m - X\u00e3 Hi\u1ec1n Ninh - T\u1ec9nh L\u1ed9 35", "17": "\u0110\u1ea1i l\u00fd b\u00e1n l\u1ebb x\u0103ng d\u1ea7u s\u1ed1 55 - Nam C\u01b0\u01a1ng, Hi\u1ec1n Ninh - S\u00f3c S\u01a1n,T\u1ec9nh l\u1ed9 35", "18": "Tr\u01b0\u1eddng Cao \u0111\u1eb3ng ngh\u1ec1 \u0111i\u1ec7n - Xu\u00e2n L\u1ec5 - T\u00e2n D\u00e2n, T\u1ec9nh l\u1ed9 35", "19": "\u0110\u1ed1i di\u1ec7n \u0111\u1ea7u th\u00f4n B\u00e1i Th\u01b0\u1ee3ng - X\u00e3 Thanh Xu\u00e2n, T\u1ec9nh l\u1ed9 35", "20": "C\u1ed9t m\u1ed1c Km 10+00 - Qu\u1ed1c l\u1ed9 2A", "21": "\u0110\u1ed1i di\u1ec7n 72 Th\u1ea1ch L\u1ed7i Thanh Xu\u00e2n", "22": "Qua ng\u00e3 t\u01b0 cao t\u1ed1c TL - Ph\u00fac Y\u00ean - Km 11+380 Cao t\u1ed1c BTL-NB", "23": "So\u00e1t v\u00e9 cao t\u1ed1c B\u1eafc Th\u0103ng Long - Km 10+230 Cao t\u1ed1c BTL-NB", "24": "Nh\u00e0 m\u00e1y t\u1ea5m l\u1ee3p VitMetal- Km 8+850 Cao t\u1ed1c BTL-NB", "25": "KCN Quang Minh - Km 8+150 Cao t\u1ed1c BTL-NB", "26": "\u0110\u1ed1i di\u1ec7n C\u00f4ng ty c\u01a1 kh\u00ed Nam H\u1ed3ng- Km 5+950 Cao t\u1ed1c BTL-NB", "27": "Qua c\u1ea7u v\u01b0\u1ee3t ng\u00e3 4 Nam H\u1ed3ng 70m Cao t\u1ed1c BTL-NB", "28": "\u0110\u1ea7m V\u00e2n Tr\u00ec- Km 4+400 Cao t\u1ed1c BTL-NB", "29": "Qua c\u1ea7u chui d\u00e2n sinh s\u1ed1 4 - \u0111\u1ed1i di\u1ec7n \u0111\u01b0\u1eddng v\u00e0o th\u00f4n Nhu\u1ebf, Km 11+200 (chi\u1ec1u s\u00e2n bay N\u1ed9i B\u00e0i \u0111i H\u00e0 N\u1ed9i)", "30": "UBND x\u00e3 Kim Chung- Km 2+200 Cao t\u1ed1c BTL-NB", "31": "Tr\u01b0\u1edbc ng\u00e3 t\u01b0 khu CN Th\u0103ng Long 100m (chi\u1ec1u N\u1ed9i B\u00e0i - H\u00e0 N\u1ed9i)", "32": "(A) KCN B\u1eaeC TH\u0102NG LONG - Tuy\u1ebfn 64"}}