{"Lat": {"0": 20.613181, "1": 20.614933333299998, "2": 20.6168333333, "3": 20.6185166667, "4": 20.6223166667, "5": 20.6256166667, "6": 20.6278, "7": 20.6296833333, "8": 20.64255, "9": 20.6566833333, "10": 20.6634166667, "11": 20.6658333333, "12": 20.6753666667, "13": 20.6793166667, "14": 20.6839833333, "15": 20.686177, "16": 20.689, "17": 20.6915, "18": 20.70375, "19": 20.7063166667, "20": 20.7170833333, "21": 20.7235833333, "22": 20.7270166667, "23": 20.731916666700002, "24": 20.7358833333, "25": 20.7405166667, "26": 20.746983333299998, "27": 20.7575166667, "28": 20.7610333333, "29": 20.76715, "30": 20.7737166667, "31": 20.786383333299998, "32": 20.793983333299998, "33": 20.8004, "34": 20.8091333333, "35": 20.8134166667, "36": 20.8171833333, "37": 20.82785, "38": 20.8361833333, "39": 20.8432666667, "40": 20.85205, "41": 20.8553333333, "42": 20.860766666700002, "43": 20.865384, "44": 20.8715333333, "45": 20.878866666700002, "46": 20.88815, "47": 20.8872666667, "48": 20.8866166667, "49": 20.88755, "50": 20.8920333333, "51": 20.9190666667, "52": 20.9387666667, "53": 20.94885, "54": 20.961226999999997, "55": 20.96235, "56": 20.964648999999998, "57": 20.96725, "58": 20.97015, "59": 20.9726666667, "60": 20.9758333333, "61": 20.9796166667, "62": 20.9810833333, "63": 20.983451000000002, "64": 20.985698, "65": 20.9857833333, "66": 20.9880666667, "67": 20.9900166667, "68": 20.9940333333, "69": 20.9957, "70": 20.997757999999997, "71": 21.003866666700002, "72": 21.006866666700002, "73": 21.0127666667, "74": 21.015587, "75": 21.01885, "76": 21.0229, "77": 21.027151, "78": 21.0281}, "BusStopCode": {"0": 3796, "1": 3853, "2": 3854, "3": 3855, "4": 3856, "5": 3857, "6": 3858, "7": 3800, "8": 3859, "9": 3801, "10": 3860, "11": 3861, "12": 3862, "13": 3803, "14": 3804, "15": 3805, "16": 4107, "17": 3806, "18": 3807, "19": 4108, "20": 3808, "21": 4110, "22": 3809, "23": 3551, "24": 3649, "25": 3650, "26": 3651, "27": 3652, "28": 3653, "29": 3810, "30": 2727, "31": 2728, "32": 2729, "33": 2730, "34": 4109, "35": 2731, "36": 2732, "37": 2733, "38": 2734, "39": 2735, "40": 2736, "41": 2737, "42": 4052, "43": 2738, "44": 3052, "45": 2739, "46": 3067, "47": 3068, "48": 4111, "49": 3069, "50": 3863, "51": 3864, "52": 4112, "53": 3865, "54": 2153, "55": 2142, "56": 1057, "57": 624, "58": 625, "59": 626, "60": 801, "61": 802, "62": 803, "63": 2843, "64": 1928, "65": 2909, "66": 3172, "67": 703, "68": 704, "69": 2842, "70": 705, "71": 262, "72": 573, "73": 574, "74": 575, "75": 576, "76": 577, "77": 578, "78": 3781}, "FleetOver": {"0": "103", "1": "103", "2": "103", "3": "103", "4": "103", "5": "103", "6": "103", "7": "103", "8": "103", "9": "103", "10": "103", "11": "103", "12": "103", "13": "103", "14": "103", "15": "103", "16": "103", "17": "103", "18": "103", "19": "103", "20": "103", "21": "103", "22": "103", "23": "101,103", "24": "102,103", "25": "102,103", "26": "102,103", "27": "102,103", "28": "102,103", "29": "103", "30": "103,91", "31": "103,91", "32": "103,91", "33": "103,91", "34": "103,91", "35": "103,91", "36": "103,91", "37": "103,91", "38": "103,91", "39": "103,91", "40": "103,91", "41": "103,91,94", "42": "103,91,94", "43": "103,91,94", "44": "103,91,94", "45": "103,91,94", "46": "103,94", "47": "103,94", "48": "103,94", "49": "103,94", "50": "103", "51": "103", "52": "103", "53": "103", "54": "103,105,22B", "55": "103,105,22B", "56": "103,105,106,22B,37,39,62", "57": "103,105,106,22B,37,39,62", "58": "103,105,106,22B,37,62", "59": "103,105,106,22B", "60": "01,02,103,105,106,19,21A,22B,22C,27,33", "61": "01,02,103,105,106,19,21A,22B,22C,27,33,39,85", "62": "01,02,103,105,19,21A,22B,22C,27,33,39", "63": "103,33,85", "64": "103,33,85", "65": "103,33,85", "66": "103,33", "67": "103,85", "68": "103,85", "69": "103,85", "70": "103,85", "71": "103,21B,22B,39", "72": "103,21B,22B,35A,39,50,60A,60B,87", "73": "103,21B,22B,33,35A,39,50,60A,60B,87", "74": "103,21B,22B,33,35A,39,50,60A,60B,87", "75": "103,104,21B,22B,29,30,33,35A,39,44,60A,60B,74,84,87,88", "76": "103,104,21B,22B,29,30,33,35A,39,44,46,60A,60B,74,84,87,88", "77": "103,16,21B,22B,29,30,33,34,44,46,53B,60A,60B,74,84,88", "78": "103"}, "Lng": {"0": 105.78750900000001, "1": 105.78641666700001, "2": 105.78386666700001, "3": 105.7824, "4": 105.777566667, "5": 105.77706666700001, "6": 105.7828, "7": 105.78808333299999, "8": 105.7837, "9": 105.77696666700001, "10": 105.7679, "11": 105.76355, "12": 105.752716667, "13": 105.74835, "14": 105.74356666700001, "15": 105.743931, "16": 105.748933333, "17": 105.75378333299999, "18": 105.762716667, "19": 105.76403333299999, "20": 105.76798333299999, "21": 105.77258333299999, "22": 105.77173333299999, "23": 105.77096666700001, "24": 105.770766667, "25": 105.77021666700001, "26": 105.76831666700001, "27": 105.7665, "28": 105.7668, "29": 105.768633333, "30": 105.7704, "31": 105.77945, "32": 105.779766667, "33": 105.77821666700001, "34": 105.776283333, "35": 105.775866667, "36": 105.7748, "37": 105.7726, "38": 105.771583333, "39": 105.7706, "40": 105.76915, "41": 105.76708333299999, "42": 105.76366666700001, "43": 105.760883, "44": 105.75875, "45": 105.75973333299999, "46": 105.765166667, "47": 105.775033333, "48": 105.77991666700001, "49": 105.78399999999999, "50": 105.794383333, "51": 105.78425, "52": 105.784066667, "53": 105.7867, "54": 105.79343600000001, "55": 105.79485, "56": 105.793957, "57": 105.789083333, "58": 105.784466667, "59": 105.78258333299999, "60": 105.7826, "61": 105.78745, "62": 105.7892, "63": 105.788546, "64": 105.78388700000001, "65": 105.78038333299999, "66": 105.77975, "67": 105.78255, "68": 105.78931666700001, "69": 105.7917, "70": 105.794723, "71": 105.79375, "72": 105.791233333, "73": 105.78646666700001, "74": 105.784246, "75": 105.781516667, "76": 105.77903333299999, "77": 105.77920800000001, "78": 105.7785}, "Name": {"0": "(B) BX H\u01b0\u01a1ng S\u01a1n - Tuy\u1ebfn 103", "1": "\u0110\u1ed1i di\u1ec7n nh\u00e0 v\u0103n h\u00f3a th\u00f4n \u0110\u1ee5c Kh\u00ea - TL419", "2": "Tr\u01b0\u1edbc 100m \u0110i\u1ec7n M\u00e1y Xanh - TL419", "3": "\u0110\u1ed1i di\u1ec7n nh\u00e0 v\u0103n h\u00f3a th\u00f4n H\u1ed9i X\u00e1", "4": "\u0110\u1ed1i di\u1ec7n \u0110\u1ed3n C\u00f4ng an H\u01b0\u01a1ng Son", "5": "\u0110\u1ed1i di\u1ec7n tr\u1ea1m b\u01a1m B\u1ea1ch Tuy\u1ebft", "6": "\u0110\u1ed1i di\u1ec7n l\u1ed1i v\u00e0o tr\u01b0\u1eddng THPT M\u1ef9 \u0110\u1ee9c C", "7": "Tr\u1ea1m Y T\u1ebf X\u00e3 \u0110\u1ed1c T\u00edn", "8": "\u0110\u1ed1i di\u1ec7n \u0111\u01b0\u1eddng v\u00e0o X\u00e3 H\u00f9ng Ti\u1ebfn", "9": "Qua 200m c\u1ed5ng l\u00e0ng Kim B\u00f4i - X\u00e3 \u0110\u1ea1i Kim", "10": "Tr\u01b0\u1edbc 50m \u0111\u01b0\u1eddng v\u00e0o l\u00e0ng Trinh Ti\u1ebft", "11": "C\u00e2y x\u0103ng \u0110\u1ea1i H\u01b0ng - TL419", "12": "Tr\u01b0\u1edbc 50m \u0111\u01b0\u1eddng v\u00e0o B\u1ec7nh vi\u1ec7n \u0110a khoa huy\u1ec7n M\u1ef9 \u0110\u1ee9c - TL419", "13": "G\u1ea7n \u0111\u01b0\u1eddng v\u00e0o tr\u01b0\u1eddng PTTH M\u1ef9 \u0110\u1ee9c A", "14": "\u0110\u1ed1i di\u1ec7n ngh\u0129a trang li\u1ec7t s\u1ef9 Huy\u1ec7n M\u1ef9 \u0110\u1ee9c - Th\u1ecb tr\u1ea5n T\u1ebf Ti\u00eau (v\u1ec1)", "15": "\u0110\u1ed1i di\u1ec7n UBND huy\u1ec7n M\u1ef9 \u0110\u1ee9c - \u0110\u01b0\u1eddng 76", "16": "Qua \u0111\u1ed1i di\u1ec7n Trung t\u00e2m Viettel M\u1ef9 \u0110\u1ee9c 50m", "17": "Qua \u0111\u1ea7u \u0111\u00ea H\u00f2a X\u00e1, C\u00e2y x\u0103ng - Qu\u1ed1c L\u1ed9 21B", "18": "Qua \u0111\u01b0\u1eddng v\u00e0o l\u00e0ng N\u1ed9i X\u00e1 - Qu\u1ed1c L\u1ed9 21B", "19": "C\u00e2y x\u0103ng Th\u00e1i \u0110\u01b0\u1eddng (Th\u00f4n Th\u00e1i B\u00ecnh x\u00e3 V\u1ea1n Th\u00e1i)", "20": "C\u1ed9t m\u1ed1c Km28 - Qu\u1ed1c L\u1ed9 21B", "21": "Tr\u01b0\u1edbc \u0111\u01b0\u1eddng v\u00e0o B\u1ec7nh vi\u1ec7n V\u00e2n \u0110\u00ecnh 50m", "22": "C\u1ea7u V\u00e2n \u0110\u00ecnh (V\u1ec1)", "23": "B\u01b0u \u0111i\u1ec7n huy\u1ec7n \u1ee8ng H\u00f2a (32 Quang Trung - Th\u1ecb Tr\u1ea5n V\u00e2n \u0110\u00ecnh)",