{"Lat": {"0": 20.95, "1": 20.9454666667, "2": 20.941608, "3": 20.9385333333, "4": 20.935, "5": 20.93225, "6": 20.9304666667, "7": 20.925253, "8": 20.9227666667, "9": 20.9185833333, "10": 20.9163, "11": 20.9123166667, "12": 20.9012, "13": 20.8958, "14": 20.8904333333, "15": 20.8878166667, "16": 20.88145, "17": 20.87375, "18": 20.86985, "19": 20.8645333333, "20": 20.8601333333, "21": 20.8556166667, "22": 20.8425333333, "23": 20.8400666667, "24": 20.834766666700002, "25": 20.8276, "26": 20.8207666667, "27": 20.8138333333, "28": 20.8097, "29": 20.80671, "30": 20.80245, "31": 20.79255, "32": 20.7876666667, "33": 20.7769833333, "34": 20.77725, "35": 20.7756666667, "36": 20.769816666700002, "37": 20.7666166667, "38": 20.76095, "39": 20.75805, "40": 20.74755, "41": 20.7404333333, "42": 20.736083333299998, "43": 20.734717}, "BusStopCode": {"0": 3612, "1": 1472, "2": 1473, "3": 1474, "4": 1475, "5": 3685, "6": 1476, "7": 1477, "8": 3613, "9": 3614, "10": 3615, "11": 3616, "12": 3617, "13": 3618, "14": 3619, "15": 3620, "16": 3621, "17": 3622, "18": 3623, "19": 3624, "20": 3625, "21": 3626, "22": 3627, "23": 3628, "24": 3629, "25": 3630, "26": 3631, "27": 3632, "28": 3633, "29": 3634, "30": 3635, "31": 3636, "32": 3637, "33": 3638, "34": 3639, "35": 3640, "36": 3641, "37": 3642, "38": 3643, "39": 3644, "40": 3645, "41": 3646, "42": 3647, "43": 3648}, "FleetOver": {"0": "102", "1": "102,37,57,72", "2": "102,37,57,72", "3": "102,37,57,72", "4": "102,37,57,72", "5": "102,37,57,72", "6": "102,37,57,72", "7": "102,37,57,72", "8": "102", "9": "102", "10": "102", "11": "102", "12": "102", "13": "102", "14": "102", "15": "102", "16": "102", "17": "102", "18": "102", "19": "102", "20": "102", "21": "102", "22": "102", "23": "102", "24": "102", "25": "102", "26": "102", "27": "102", "28": "102", "29": "102", "30": "102", "31": "102", "32": "102", "33": "102", "34": "102", "35": "102", "36": "102", "37": "102", "38": "102,103", "39": "102,103", "40": "102,103", "41": "102,103", "42": "102,103", "43": "102"}, "Lng": {"0": 105.747666667, "1": 105.74271666700001, "2": 105.736824, "3": 105.73066666700001, "4": 105.72368, "5": 105.7195, "6": 105.716783333, "7": 105.708968, "8": 105.70246666700001, "9": 105.70105, "10": 105.70163333299999, "11": 105.69995, "12": 105.698033333, "13": 105.698016667, "14": 105.6991, "15": 105.69991666700001, "16": 105.70025, "17": 105.70163333299999, "18": 105.70126666700001, "19": 105.700183333, "20": 105.701016667, "21": 105.702216667, "22": 105.705233333, "23": 105.701383333, "24": 105.70376666700001, "25": 105.70305, "26": 105.7045, "27": 105.704833333, "28": 105.704416667, "29": 105.709166, "30": 105.71008333299999, "31": 105.714666667, "32": 105.71793333299999, "33": 105.730566667, "34": 105.742983333, "35": 105.74948333299999, "36": 105.76445, "37": 105.766133333, "38": 105.76671666700001, "39": 105.76655, "40": 105.7681, "41": 105.77015, "42": 105.77066666700001, "43": 105.769474}, "Name": {"0": "(A) BX Y\u00ean Ngh\u0129a - Tuy\u1ebfn 102", "1": "Ao l\u00e0ng Do L\u1ed9 - \u0110\u1ed1i di\u1ec7n 1099 Quang Trung (H\u00e0 \u0110\u00f4ng), Qu\u1ed1c l\u1ed9 6", "2": "\u0110\u1ed1i di\u1ec7n C\u00f4ng ty c\u1ed5 ph\u1ea7n G\u1ed7 Th\u00e9p \u0110\u1ea1i L\u1ed9c (\u0110\u1ed3ng Mai) - Qu\u1ed1c l\u1ed9 6", "3": "Ch\u1ee3 c\u1ea7u Mai L\u0129nh - S\u1ed1 nh\u00e0 1392 Quang Trung (H\u00e0 \u0110\u00f4ng), Qu\u1ed1c l\u1ed9 6", "4": "\u0110\u1ed1i di\u1ec7n C\u00f4ng ty c\u1ed5 ph\u1ea7n c\u01a1 kh\u00ed x\u00e2y d\u1ef1ng H\u00e0 Th\u00e1i (Bi\u00ean Giang) - Qu\u1ed1c l\u1ed9 6", "5": "Nh\u00e0 th\u1edd Gi\u00e1o h\u1ecd Ph\u01b0\u1ee3ng B\u00e3i, g\u1ea7n \u0111\u01b0\u1eddng v\u00e0o \u0110H S\u01b0 ph\u1ea1m TTDTT Trung \u01b0\u01a1ng - 114 Bi\u00ean Giang, Qu\u1ed1c l\u1ed9 6", "6": "UBND x\u00e3 Bi\u00ean Giang - 224 Bi\u00ean Giang, Qu\u1ed1c l\u1ed9 6", "7": "G\u1ea7n Tr\u1ee5 s\u1edf C\u00f4ng an huy\u1ec7n Ch\u01b0\u01a1ng M\u1ef9 - Qu\u1ed1c l\u1ed9 6", "8": "UBND huy\u1ec7n Ch\u01b0\u01a1ng M\u1ef9 - \u0110\u1ed1i di\u1ec7n 65 B\u1eafc S\u01a1n, T\u1ec9nh l\u1ed9 419", "9": "Tr\u01b0\u1eddng Ti\u1ec3u h\u1ecdc Th\u1ecb tr\u1ea5n Ch\u00fac S\u01a1n - H\u00f2a S\u01a1n, T\u1ec9nh l\u1ed9 419", "10": "\u0110\u1ed1i di\u1ec7n Ngh\u0129a trang li\u1ec7t s\u1ef9 Th\u1ecb tr\u1ea5n Ch\u00fac S\u01a1n - \u0110\u1ed1i di\u1ec7n 12 Y\u00ean S\u01a1n, T\u1ec9nh l\u1ed9 419", "11": "\u0110\u1ed1i di\u1ec7n Tr\u01b0\u1eddng PTTH Ch\u01b0\u01a1ng M\u1ef9 A - 107 Y\u00ean S\u01a1n, T\u1ec9nh l\u1ed9 419", "12": "Tr\u01b0\u1eddng THCS \u0110\u1ea1i Y\u00ean (\u0110\u1ed1i di\u1ec7n Nh\u00e0 v\u0103n h\u00f3a x\u00e3 \u0110\u1ea1i Y\u00ean) - T\u1ec9nh l\u1ed9 419", "13": "\u0110\u1ed1i di\u1ec7n c\u1ed5ng Ng\u00f5 tr\u00ean, x\u00f3m D\u00e3y, x\u00e3 \u0110\u1ea1i Y\u00ean - T\u1ec9nh l\u1ed9 419", "14": "Tr\u01b0\u1eddng M\u1ea7m non \u0110\u1ea1i Y\u00ean, x\u00f3m D\u1eaby - T\u1ec9nh l\u1ed9 419", "15": "Tr\u01b0\u1eddng THPT \u0110\u1eb7ng Ti\u1ebfn \u0110\u00f4ng, th\u00f4n \u0110o\u00e0n K\u1ebft, x\u00e3 \u0110\u1ea1i Y\u00ean - T\u1ec9nh l\u1ed9 419", "16": "\u0110\u1ed1i di\u1ec7n Nh\u00e0 v\u0103n h\u00f3a th\u00f4n \u0110\u1ed3ng Du, x\u00e3 H\u1ee3p \u0110\u1ed3ng, Ch\u01b0\u01a1ng M\u1ef9 - T\u1ec9nh l\u1ed9 419", "17": "\u0110\u1ed1i di\u1ec7n c\u1ed5ng l\u00e0ng Ng\u00f5 Tr\u00ean (x\u00f3m Th\u01b0\u1ee3ng - th\u00f4n \u0110\u1ea1o Ng\u1ea1n - x\u00e3 H\u1ee3p \u0110\u1ed3ng) - T\u1ec9nh l\u1ed9 419", "18": "\u0110\u1ed1i di\u1ec7n Nh\u00e0 v\u0103n h\u00f3a th\u00f4n \u0110\u1ea1o Ng\u1ea1n", "19": "\u0110\u1ed1i di\u1ec7n \u0110\u00ecnh ch\u00f9a Qu\u1ea3ng B\u1ecb (UBND x\u00e3 Qu\u1ea3ng B\u1ecb, Tr\u01b0\u1eddng THCS Qu\u1ea3ng B\u1ecb) - T\u1ec9nh l\u1ed9 419", "20": "\u0110\u1ed1i di\u1ec7n C\u1ed5ng l\u00e0ng x\u00f3m Dinh (th\u00f4n Hai - Qu\u1ea3ng B\u1ecb) - T\u1ec9nh l\u1ed9 419", "21": "\u0110\u1ed1i di\u1ec7n ng\u00e3 3 \u0111\u01b0\u1eddng v\u00e0o th\u00f4n \u0110\u1ed3ng Lu\u00e2n, x\u00e3 Qu\u1ea3ng B\u1ecb - T\u1ec9nh l\u1ed9 419", "22": "Ph\u1ed1 C\u1ea7u, l\u00e0ng H\u1ea1 D\u1ee5c, x\u00e3 \u0110\u1ed3ng Ph\u00fa - T\u1ec9nh l\u1ed9 419", "23": "C\u00e2y \u0110a \u0111\u1ed1i di\u1ec7n \u0110\u00ecnh H\u1ea1 l\u00e0ng L\u1ec5 Kh\u00ea, x\u00e3 H\u1ed3ng Phong - \u0110\u01b0\u1eddng Ph\u00fac L\u00e2m H\u1ea1 D\u1ee5c", "24": "\u0110\u1ed1i di\u1ec7n \u0111\u01b0\u1eddng v\u00e0o th\u00f4n Y\u00ean C\u1ed1c, x\u00e3 H\u1ed3ng Phong - \u0110\u01b0\u1eddng Ph\u00fac L\u00e2m H\u1ea1 D\u1ee5c", "25": "\u0110\u1ed1i di\u1ec7n \u0111\u01b0\u1eddng v\u00e0o th\u00f4n Kh\u1ea3m L\u00e2m, x\u00e3 Ph\u00fac L\u00e2m - \u0110\u01b0\u1eddng Ph\u00fac L\u00e2m H\u1ea1 D\u1ee5c", "26": "Qua ng\u00e3 4 \u0111\u01b0\u1eddng v\u00e0o l\u00e0ng Ph\u00fac L\u00e2m 50m - \u0110\u01b0\u1eddng Ph\u00fac L\u00e2m H\u1ea1 D\u1ee5c", "27": "C\u00e1ch c\u1ed5ng l\u00e0ng Ph\u00fac L\u00e2m 70m (Tr\u01b0\u1eddng Ti\u1ec3u h\u1ecdc Ph\u00fac L\u00e2m) - \u0110\u01b0\u1eddng Ph\u00fac L\u00e2m H\u1ea1 D\u1ee5c", "28": "\u0110\u1ed1i di\u1ec7n tr\u1ea1m Y t\u1ebf x\u00e3 Ph\u00fac L\u00e2m, M\u1ef9 \u0110\u1ee9c - \u0110\u01b0\u1eddng Ph\u00fac L\u00e2m H\u1ea1 D\u1ee5c", "29": "Qu\u00e1n caf\u00e9 Linh, Ba Th\u00e1 (Qua c\u00e2y x\u0103ng S\u01a1n H\u1ea3i 150m) - T\u1ec9nh l\u1ed9 419", "30": "\u0110\u1ed1i di\u1ec7n c\u1ed5ng l\u00e0ng th\u00f4n Ph\u00f9 Y\u00ean (x\u00e3 Vi\u00ean An - \u1ee8ng H\u00f2a) - T\u1ec9nh l\u1ed9 429B", "31": "\u0110\u1ed1i di\u1ec7n C\u1ed5ng l\u00e0ng Th\u00f4n Th\u01b0\u1ee3ng (Tr\u01b0\u1eddng Ti\u1ec3u h\u1ecdc Vi\u00ean N\u1ed9i) - T\u1ec9nh l\u1ed9 429B", "32": "\u0110\u1ed1i di\u1ec7n C\u1ed5ng l\u00e0ng Th\u00f4n Giang, X\u00e3 Vi\u00ean N\u1ed9i, \u1ee8ng H\u00f2a - T\u1ec9nh l\u1ed9 429B", "33": "\u0110\u1ed1i di\u1ec7n Nh\u00e0 th\u1edd x\u00f3m C\u00e1t, x\u00e3 Cao Th\u00e0nh - T\u1ec9nh l\u1ed9 429B", "34": "\u0110\u1ed1i di\u1ec7n nh\u00e0 th\u1edd Gi\u00e1o x\u1ee9 S\u01a1n Mi\u00eang, th\u00f4n Mi\u00eang Th\u01b0\u1ee3ng, x\u00e3 Hoa S\u01a1n - T\u1ec9nh l\u1ed9 429B",