{"Lat": {"0": 21.0426, "1": 21.0414333333, "2": 21.0334666667, "3": 21.0281166667, "4": 21.022683333299998, "5": 21.0229833333, "6": 21.022033333299998, "7": 21.0192, "8": 21.01605, "9": 21.0113, "10": 21.0039833333, "11": 21.0034166667, "12": 21.002883333299998, "13": 20.9996, "14": 20.997476000000002, "15": 20.9931833333, "16": 20.9876, "17": 20.9842333333, "18": 20.9803833333, "19": 20.9762666667, "20": 20.9717833333, "21": 20.9655166667, "22": 20.959633333299998, "23": 20.9504166667, "24": 20.94735, "25": 20.9448166667, "26": 20.9424666667, "27": 20.9345, "28": 20.9258666667, "29": 20.9221666667, "30": 20.9233666667, "31": 20.9212666667, "32": 20.9140833333, "33": 20.9112833333}, "BusStopCode": {"0": 4196, "1": 865, "2": 489, "3": 390, "4": 425, "5": 393, "6": 33, "7": 34, "8": 35, "9": 36, "10": 40, "11": 344, "12": 345, "13": 743, "14": 744, "15": 159, "16": 160, "17": 161, "18": 162, "19": 163, "20": 164, "21": 117, "22": 1132, "23": 4189, "24": 4190, "25": 4191, "26": 943, "27": 944, "28": 945, "29": 946, "30": 963, "31": 947, "32": 948, "33": 4197}, "FleetOver": {"0": "08BCT", "1": "04,08A,08ACT,08B,08BCT,36,36CT,55,55B,65,86,86CT", "2": "04,08A,08ACT,08B,08BCT,11,14,14CT,18,23", "3": "04,08A,08ACT,08B,08BCT,11,14CT,18,23", "4": "08A,08ACT,08B,08BCT,11", "5": "08A,08ACT,08B,08BCT,45,49", "6": "08A,08ACT,08B,08BCT,09,09CT,31,36,36CT", "7": "08A,08ACT,08B,08BCT,09,09CT,31,35A,36,36CT,38", "8": "08A,08ACT,08B,08BCT,31,35A,36,36CT,38,52A,52B", "9": "08A,08ACT,08B,08BCT,23,31,35A,36,36CT,38,52A,52B", "10": "08A,08ACT,08B,08BCT,36,36CT,38,52A,52B", "11": "08A,08ACT,08B,08BCT,18", "12": "08A,08ACT,08B,08BCT,18,23,26,31,47B", "13": "08A,08ACT,08B,08BCT", "14": "08A,08ACT,08B,08BCT,18,47B", "15": "03,03B,08A,08ACT,08B,08BCT,16,21A,21B,25,28,32,41", "16": "03,03B,08A,08ACT,08B,08BCT,16,21A,21B,25,28,32,41", "17": "03,03B,08A,08ACT,08B,08BCT,12,16,21A,21B,25,28,32,41", "18": "03B,06A,06B,06C,06D,06E,08A,08ACT,08B,08BCT,106,12,16,21B,22C", "19": "03B,06A,06B,06C,06D,06E,08A,08ACT,08B,08BCT,101,106,12,16,21B,22C,29,36,36CT,37,94", "20": "03B,06A,06B,06C,06D,06E,08A,08ACT,08B,08BCT,101,106,12,16,21B,22C,29,36,36CT,37,94", "21": "08B,08BCT,21B,99", "22": "08B,08BCT,21B", "23": "08B,08BCT", "24": "08B,08BCT", "25": "08B,08BCT", "26": "08B,08BCT", "27": "08B,08BCT", "28": "08B,08BCT", "29": "08B,08BCT", "30": "08B,08BCT", "31": "08B,08BCT", "32": "08B,08BCT", "33": "08BCT"}, "Lng": {"0": 105.8483, "1": 105.84925, "2": 105.85441666700001, "3": 105.85565, "4": 105.85436666700001, "5": 105.85185, "6": 105.8504, "7": 105.84941666700001, "8": 105.84921666700001, "9": 105.84905, "10": 105.85106666700001, "11": 105.84856666700001, "12": 105.84748333299999, "13": 105.845316667, "14": 105.84591100000002, "15": 105.84108333299999, "16": 105.84095, "17": 105.840916667, "18": 105.84085, "19": 105.84078333299999, "20": 105.84076666700001, "21": 105.843016667, "22": 105.846066667, "23": 105.847816667, "24": 105.85068333299999, "25": 105.859316667, "26": 105.864033333, "27": 105.86315, "28": 105.86845, "29": 105.8739, "30": 105.87975, "31": 105.88348333299999, "32": 105.8908, "33": 105.89126666700001}, "Name": {"0": "(A) Long Bi\u00ean - Tuy\u1ebfn 08BCT", "1": "E3.4 \u0110i\u1ec3m trung chuy\u1ec3n Long Bi\u00ean", "2": "54 Nguy\u1ec5n H\u1eefu Hu\u00e2n", "3": "36 L\u00fd Th\u00e1i T\u1ed5 - Cung thi\u1ebfu nhi H\u00e0 N\u1ed9i", "4": "40 Ng\u00f4 Quy\u1ec1n - TT Giao D\u1ecbch C\u00f4ng Ngh\u1ec7", "5": "\u0110\u1ed1i di\u1ec7n 39 L\u00fd Th\u01b0\u1eddng Ki\u1ec7t", "6": "58B B\u00e0 Tri\u1ec7u", "7": "92-94 B\u00e0 Tri\u1ec7u", "8": "180 - 182 B\u00e0 Tri\u1ec7u", "9": "\u0110\u1ed1i di\u1ec7n Vincom Tower - B\u00e0 Tri\u1ec7u", "10": "216-218 B\u1ea1ch Mai", "11": "60 L\u00ea Thanh Ngh\u1ecb", "12": "Qua Vi\u1ec7n tin h\u1ecdc ph\u00e1p ng\u1eef 20m - L\u00ea Thanh Ngh\u1ecb", "13": "K\u00ed t\u00fac x\u00e1 \u0110H X\u00e2y D\u1ef1ng", "14": "106 Tr\u1ea7n \u0110\u1ea1i Ngh\u0129a", "15": "196 Gi\u1ea3i Ph\u00f3ng - Ng\u00e2n h\u00e0ng N\u00f4ng nghi\u1ec7p & PTNT Chi nh\u00e1nh Nam H\u00e0 N\u1ed9i", "16": "352 Gi\u1ea3i Ph\u00f3ng", "17": "\u0110\u1ed1i di\u1ec7n 807 Gi\u1ea3i Ph\u00f3ng", "18": "\u0110\u1ed1i di\u1ec7n B\u1ebfn xe Gi\u00e1p B\u00e1t - Gi\u1ea3i Ph\u00f3ng", "19": "Ga Gi\u00e1p B\u00e1t - \u0110\u1ed1i di\u1ec7n 1035 Gi\u1ea3i Ph\u00f3ng", "20": "\u0110\u1ed1i di\u1ec7n 1251 Gi\u1ea3i Ph\u00f3ng", "21": "C\u1ed5ng C b\u1ebfn xe N\u01b0\u1edbc ng\u1ea7m", "22": "T\u00f2a nh\u00e0 N\u01a1 3 - Tr\u1ea7n Th\u1ee7 \u0110\u1ed9", "23": "Qua C\u1ea7u Tr\u1ea7n Th\u1ee7 \u0110\u1ed9", "24": "\u0110\u1ed1i di\u1ec7n Tr\u01b0\u1eddng Ti\u1ec3u h\u1ecdc T\u1ee9 Hi\u1ec7p", "25": "Qua h\u1ea7m \u0111\u01b0\u1eddng c\u1ea7u chui d\u1eabn sinh T\u1ee9 Hi\u1ec7p", "26": "Qua l\u1ed1i r\u1ebd v\u00e0o \u0111\u01b0\u1eddng T\u1ee9 Hi\u1ec7p 50m - \u0110\u00ea H\u1eefu H\u1ed3ng", "27": "\u0110i\u1ebfm canh \u0111\u00ea s\u1ed1 30 - \u0110\u00ea H\u1eefu H\u1ed3ng", "28": "\u0110i\u1ebfm canh \u0111\u00ea s\u1ed1 31 th\u00f4n \u0110\u00f4ng Tr\u1ea1ch - \u0110\u00ea H\u1eefu H\u1ed3ng", "29": "\u0110i\u1ebfm canh \u0111\u00ea s\u1ed1 32 (G\u1ea7n l\u1ed1i r\u1ebd v\u00e0o \u0111\u01b0\u1eddng \u0110\u00f4ng M\u1ef9) - \u0110\u00ea H\u1eefu H\u1ed3ng", "30": "Tr\u1ea1m b\u01a1m \u0110\u00f4ng M\u1ef9", "31": "C\u1ed5ng l\u00e0ng v\u0103n ho\u00e1 M\u1ef9 \u00c1 th\u00f4n \u0110\u00f4ng M\u1ef9 - \u0110\u00ea H\u1eefu H\u1ed3ng", "32": "C\u00e1ch l\u1ed1i r\u1ebd v\u00e0o UBND x\u00e3 V\u1ea1n Ph\u00fac 70m - \u0110\u00ea H\u1eefu H\u1ed3ng", "33": "(B) V\u1ea1n Ph\u00fac - Thanh Tr\u00ec - Tuy\u1ebfn 08BCT"}}