{"Lat": {"0": 21.0405166667, "1": 21.0372166667, "2": 21.03549, "3": 21.0324166667, "4": 21.02695, "5": 21.0222, "6": 21.018205, "7": 21.0182, "8": 21.019182999999998, "9": 21.017232999999997, "10": 21.0158, "11": 21.0145166667, "12": 21.0099833333, "13": 21.0087333333, "14": 21.006912, "15": 21.0028, "16": 20.9961833333, "17": 20.99295, "18": 20.9894833333, "19": 20.987, "20": 20.9846333333, "21": 20.9842333333, "22": 20.9803833333, "23": 20.9762666667, "24": 20.9717833333, "25": 20.964876999999998, "26": 20.960063, "27": 20.9549833333, "28": 20.9521333333, "29": 20.94655, "30": 20.9422833333, "31": 20.9389, "32": 20.9353, "33": 20.9321833333, "34": 20.9268, "35": 20.92395, "36": 20.9231, "37": 20.92715, "38": 20.9246333333, "39": 20.9196666667, "40": 20.915333333299998, "41": 20.9081833333}, "BusStopCode": {"0": 1699, "1": 500, "2": 501, "3": 77, "4": 475, "5": 477, "6": 478, "7": 471, "8": 249, "9": 250, "10": 669, "11": 670, "12": 671, "13": 67, "14": 68, "15": 724, "16": 352, "17": 353, "18": 97, "19": 98, "20": 99, "21": 161, "22": 162, "23": 163, "24": 164, "25": 429, "26": 430, "27": 431, "28": 432, "29": 433, "30": 434, "31": 435, "32": 436, "33": 437, "34": 438, "35": 1211, "36": 1212, "37": 1213, "38": 1217, "39": 1218, "40": 1221, "41": 1760}, "FleetOver": {"0": "12", "1": "12,38", "2": "12,38", "3": "12,25", "4": "107,12,22A,27", "5": "09,09CT,107,12,22A,26,27", "6": "09,09CT,107,12,22A,26,27,35A", "7": "09,09CT,107,12,22A,26,27,35A", "8": "09,09CT,12,26,35A", "9": "09,09CT,12,26,35A", "10": "12,26,30,35A,50", "11": "12,26,30,35A,50", "12": "12,26,35A,84", "13": "12,18,21A,21B,23,26,35A,44,51", "14": "12,18,21A,21B,23,26,35A,44,51", "15": "12", "16": "12,84", "17": "12,84", "18": "12", "19": "12", "20": "12", "21": "03,03B,08A,08ACT,08B,08BCT,12,16,21A,21B,25,28,32,41", "22": "03B,06A,06B,06C,06D,06E,08A,08ACT,08B,08BCT,106,12,16,21B,22C", "23": "03B,06A,06B,06C,06D,06E,08A,08ACT,08B,08BCT,101,106,12,16,21B,22C,29,36,36CT,37,94", "24": "03B,06A,06B,06C,06D,06E,08A,08ACT,08B,08BCT,101,106,12,16,21B,22C,29,36,36CT,37,94", "25": "03B,04,06A,06B,06C,06D,06E,08A,08ACT,101,106,12,16,37,60A,60B,94,99", "26": "03B,04,06A,06B,06C,06D,06E,08A,08ACT,101,106,12,16,37,48,60A,60B,94,99", "27": "06A,06B,06C,06D,06E,08A,08ACT,101,12,94", "28": "06A,06B,06C,06D,06E,08A,08ACT,101,12,94", "29": "06A,06B,06C,06D,06E,08A,08ACT,101,12,39,94", "30": "06A,06B,06C,06D,06E,08A,08ACT,101,12,62,94", "31": "06A,06B,06C,06D,06E,08A,08ACT,101,12,62,94", "32": "06A,06B,06C,06D,06E,08A,08ACT,101,12,62,94", "33": "06A,06B,06C,06D,06E,08A,08ACT,101,12,62,94", "34": "06A,06B,06C,06D,06E,08A,08ACT,101,12,62,94", "35": "12", "36": "12", "37": "12", "38": "12", "39": "12", "40": "12", "41": "12"}, "Lng": {"0": 105.7974, "1": 105.80145, "2": 105.80373700000001, "3": 105.80871666700001, "4": 105.811933333, "5": 105.809366667, "6": 105.807047, "7": 105.80741666700001, "8": 105.80961200000002, "9": 105.813565, "10": 105.81605, "11": 105.817783333, "12": 105.822983333, "13": 105.825616667, "14": 105.82948400000001, "15": 105.8299, "16": 105.83006666700001, "17": 105.83205, "18": 105.83041666700001, "19": 105.8322, "20": 105.83348333299999, "21": 105.840916667, "22": 105.84085, "23": 105.84078333299999, "24": 105.84076666700001, "25": 105.84183200000001, "26": 105.84218600000001, "27": 105.84321666700001, "28": 105.84381666700001, "29": 105.84416666700001, "30": 105.84386666700001, "31": 105.84428333299999, "32": 105.845733333, "33": 105.846966667, "34": 105.8493, "35": 105.8482, "36": 105.84471666700001, "37": 105.837116667, "38": 105.83486666700001, "39": 105.83351666700001, "40": 105.83221666700001, "41": 105.83038333299999}, "Name": {"0": "(A) CV Ngh\u0129a \u0110\u00f4 - Tuy\u1ebfn 12", "1": "15B1 Nguy\u1ec5n Kh\u00e1nh To\u00e0n", "2": "H\u00e8 tr\u01b0\u1edbc \u0111\u1ed1i di\u1ec7n s\u1ed1 nh\u00e0 26 - 28 Nguy\u1ec5n Kh\u00e1nh To\u00e0n", "3": "S\u1ed1 9 \u0110\u00e0o T\u1ea5n (\u0111\u1ed1i di\u1ec7n 22 \u0110\u00e0o T\u1ea5n)", "4": "H\u1ed3 Ng\u1ecdc Kh\u00e1nh - \u0110\u1ed1i di\u1ec7n 37 Nguy\u1ec5n Ch\u00ed Thanh", "5": "\u0110\u1ed1i di\u1ec7n \u0110\u1ea1i h\u1ecdc Lu\u1eadt H\u00e0 N\u1ed9i - Nguy\u1ec5n Ch\u00ed Thanh", "6": "Trung t\u00e2m y t\u1ebf d\u1ef1 ph\u00f2ng HN - 70 Nguy\u1ec5n Ch\u00ed Thanh", "7": "KTX \u0110\u1ea1i h\u1ecdc Giao th\u00f4ng V\u1eadn t\u1ea3i - 99 Nguy\u1ec5n Ch\u00ed Thanh", "8": "57A Hu\u1ef3nh Th\u00fac Kh\u00e1ng", "9": "7 Hu\u1ef3nh Th\u00fac Kh\u00e1ng - C\u1ea1nh \u0110\u00e0i Truy\u1ec1n h\u00ecnh H\u00e0 N\u1ed9i", "10": "Tr\u1ea1m bi\u1ebfn \u00e1p F3 Th\u00e0nh C\u00f4ng - 171 Th\u00e1i H\u00e0", "11": "161-163 Th\u00e1i H\u00e0", "12": "3 Th\u00e1i H\u00e0 - B\u1ec3 b\u01a1i Th\u00e1i H\u00e0", "13": "251 Ch\u00f9a B\u1ed9c", "14": "49E Ch\u00f9a B\u1ed9c", "15": "20 T\u00f4n Th\u1ea5t T\u00f9ng - \u0110\u1ed1i di\u1ec7n \u0110\u1ea1i h\u1ecdc Y H\u00e0 N\u1ed9i", "16": "150 L\u00ea Tr\u1ecdng T\u1ea5n", "17": "Nh\u00e0 c\u00f4ng v\u1ee5 QC PKKQ - 210 L\u00ea Tr\u1ecdng T\u1ea5n", "18": "\u0110\u1ed1i di\u1ec7n si\u00eau th\u1ecb ACE Mart - \u0110\u1ecbnh C\u00f4ng", "19": "C\u00f4ng vi\u00ean \u0110\u1ecbnh C\u00f4ng", "20": "\u0110\u1ed1i di\u1ec7n Ch\u1ee3 xanh \u0110\u1ecbnh C\u00f4ng", "21": "\u0110\u1ed1i di\u1ec7n 807 Gi\u1ea3i Ph\u00f3ng", "22": "\u0110\u1ed1i di\u1ec7n B\u1ebfn xe Gi\u00e1p B\u00e1t - Gi\u1ea3i Ph\u00f3ng", "23": "Ga Gi\u00e1p B\u00e1t - \u0110\u1ed1i di\u1ec7n 1035 Gi\u1ea3i Ph\u00f3ng", "24": "\u0110\u1ed1i di\u1ec7n 1251 Gi\u1ea3i Ph\u00f3ng", "25": "\u0110\u1ed1i di\u1ec7n T\u1eadp th\u1ec3 B\u1ebfn xe N\u01b0\u1edbc ng\u1ea7m H\u00e0 N\u1ed9i - Ng\u1ecdc H\u1ed3i", "26": "Tr\u01b0\u1eddng PTTH Vi\u1ec7t Nam Balan (\u0110\u1ed1i di\u1ec7n Kh\u00e1ch s\u1ea1n Nam Th\u00e0nh) - Ng\u1ecdc H\u1ed3i", "27": "Qua \u0111\u01b0\u1eddng v\u00e0o B\u1ec7nh vi\u1ec7n \u0111a khoa Th\u0103ng Long 60m - \u0110\u1ed1i di\u1ec7n 171 Ng\u1ecdc H\u1ed3i", "28": "\u0110\u1ed1i di\u1ec7n TCT c\u01a1 \u0111i\u1ec7n n\u00f4ng nghi\u1ec7p & Th\u1ee7y l\u1ee3i (V\u0103n \u0110i\u1ec3n) - 264 Ng\u1ecdc H\u1ed3i", "29": "\u0110\u1ed1i di\u1ec7n Tr\u1ee5 s\u1edf H\u0110ND huy\u1ec7n Thanh Tr\u00ec - Ng\u1ecdc H\u1ed3i", "30": "Qua ng\u00e3 3 Ng\u1ecdc H\u1ed3i - Phan Tr\u1ecdng Tu\u1ec7 100m - Ng\u1ecdc H\u1ed3i", "31": "Qua Khu t\u1eadp th\u1ec3 LIC\u00d4LA 100m - Ng\u1ecdc H\u1ed3i", "32": "G\u1ea7n ng\u00e3 3 \u0111\u01b0\u1eddng Qu\u1ef3nh \u0110\u00f4 - Ng\u1ecdc H\u1ed3i", "33": "Qua C\u00f4ng ty CP V\u1eadn t\u1ea3i & D\u1ecbch v\u1ee5 TS 15m - Ng\u1ecdc H\u1ed3i", "34": "Vi\u1ec7n nghi\u00ean c\u1ee9u tr\u1ed3ng & ph\u00e1t tri\u1ec3n c\u00e2y thu\u1ed1c", "35": "Ch\u00f9a Ng\u1ecdc H\u1ed3i - \u0110\u01b0\u1eddng m\u1edbi", "36": "\u0110\u1ed1i di\u1ec7n tr\u01b0\u1eddng THCS Ng\u1ecdc H\u1ed3i - \u0110\u01b0\u1eddng m\u1edbi", "37": "Tr\u01b0\u1edbc ng\u00e3 3 L\u1ea1c Th\u1ecb 200m - \u0110\u01b0\u1eddng m\u1edbi", "38": "Qua Ch\u1ee3 L\u1ea1c Th\u1ecb 200m", "39": "Qua l\u1ed1i v\u00e0o Ch\u00f9a Thanh D\u01b0\u01a1ng 100m", "40": "\u0110\u1ea1i l\u00fd thu\u1ed1c t\u00e2n d\u01b0\u1ee3c th\u00f4n V\u0129nh Th\u1ecbnh", "41": "(B) \u0110\u1ea1i \u00c1ng - Tuy\u1ebfn 12"}}