{"Lat": {"0": 21.0405166667, "1": 21.038452, "2": 21.03835, "3": 21.0339166667, "4": 21.03135, "5": 21.02965, "6": 21.0280833333, "7": 21.028717, "8": 21.0229833333, "9": 21.018608, "10": 21.0147333333, "11": 21.0112666667, "12": 21.0067666667, "13": 21.0026, "14": 20.9980166667, "15": 20.9948333333, "16": 20.9904666667, "17": 20.988163, "18": 20.985882999999998, "19": 20.983446, "20": 20.980401, "21": 20.9783666667, "22": 20.976083, "23": 20.9741833333, "24": 20.969062, "25": 20.9668833333, "26": 20.9644833333, "27": 20.961683333299998, "28": 20.9594833333, "29": 20.9573666667, "30": 20.95485, "31": 20.95215, "32": 20.9477333333, "33": 20.944566666700002, "34": 20.9434666667, "35": 20.94415, "36": 20.947, "37": 20.9526333333}, "BusStopCode": {"0": 1700, "1": 747, "2": 522, "3": 789, "4": 787, "5": 788, "6": 720, "7": 721, "8": 584, "9": 585, "10": 586, "11": 587, "12": 588, "13": 259, "14": 2827, "15": 260, "16": 544, "17": 536, "18": 537, "19": 797, "20": 798, "21": 1843, "22": 1844, "23": 1845, "24": 1846, "25": 623, "26": 1058, "27": 1059, "28": 1060, "29": 615, "30": 614, "31": 617, "32": 618, "33": 619, "34": 620, "35": 443, "36": 444, "37": 1795}, "FleetOver": {"0": "39", "1": "27,39,97", "2": "39", "3": "39", "4": "39", "5": "39,51,61", "6": "05,39,61", "7": "05,39,61", "8": "104,22B,30,33,35A,39,46,60A,60B,74,84,87,88", "9": "103,104,21B,22B,29,30,33,35A,39,44,60A,60B,74,84,87,88", "10": "103,21B,22B,33,35A,39,50,60A,60B,87", "11": "103,21B,22B,35A,39,50,60A,60B,87", "12": "103,21B,22B,35A,39,50,60A,60B,87", "13": "103,21B,22B,39", "14": "21B,22B,39", "15": "21B,22B,39", "16": "01,02,105,19,21A,22B,22C,27,39", "17": "01,02,105,19,21A,22B,22C,27,39", "18": "01,02,105,19,21A,22B,22C,27,39", "19": "01,02,105,19,21A,22B,22C,27,39", "20": "01,02,103,105,19,21A,22B,22C,27,33,39,85", "21": "39,85", "22": "39,85", "23": "39", "24": "39", "25": "103,105,106,22B,37,39,62", "26": "103,105,106,22B,37,39,62", "27": "106,37,39,62", "28": "106,37,39,62", "29": "106,37,39,62", "30": "39,62", "31": "39,62", "32": "39,62", "33": "39,62", "34": "39,62", "35": "06A,06B,06C,06D,06E,08A,08ACT,101,12,39,94", "36": "06A,06B,06C,06D,06E,08A,08ACT,101,12,39,94", "37": "39"}, "Lng": {"0": 105.7974, "1": 105.79294499999999, "2": 105.7903, "3": 105.7888, "4": 105.7882, "5": 105.78776666700001, "6": 105.78485, "7": 105.780833, "8": 105.778566667, "9": 105.78126100000001, "10": 105.78423333299999, "11": 105.78705, "12": 105.79068333299999, "13": 105.7941, "14": 105.7978, "15": 105.800316667, "16": 105.80138333299999, "17": 105.798207, "18": 105.794981, "19": 105.79166200000002, "20": 105.7879, "21": 105.787116667, "22": 105.788967, "23": 105.78971666700001, "24": 105.78681399999999, "25": 105.78948333299999, "26": 105.79408333299999, "27": 105.7992, "28": 105.80325, "29": 105.80725, "30": 105.8121, "31": 105.817483333, "32": 105.82583333299999, "33": 105.83275, "34": 105.84041666700001, "35": 105.84456666700001, "36": 105.844466667, "37": 105.84971666700001}, "Name": {"0": "(A) CV Ngh\u0129a \u0110\u00f4 - Tuy\u1ebfn 39", "1": "B5 L\u00e0ng Qt\u1ebf Th\u0103ng Long (\u0110\u1ed1i di\u1ec7n 161 Tr\u1ea7n \u0110\u0103ng Ninh)", "2": "C\u1ed5ng v\u00e0o KTX H\u1ecdc vi\u1ec7n B\u00e1o ch\u00ed tuy\u00ean truy\u1ec1n - \u0110\u1ed1i di\u1ec7n 100 Nguy\u1ec5n Phong S\u1eafc", "3": "45 A Tr\u1ea7n Th\u00e1i T\u00f4ng", "4": "38 Tr\u1ea7n Th\u00e1i T\u00f4ng", "5": "Qua ng\u00e3 4 Duy T\u00e2n - Tr\u1ea7n Th\u00e1i T\u00f4ng 200m", "6": "S\u00e2n b\u00f3ng \u0110\u1ed3ng B\u00f4ng - T\u00f4n Th\u1ea5t Thuy\u1ebft (g\u1ea7n \u0110H FPT)", "7": "Toyota M\u1ef9 \u0110\u00ecnh - \u0111\u01b0\u1eddng T\u00f4n Th\u1ea5t Thuy\u1ebft", "8": "G\u1ea7n ng\u00e3 4 Ph\u1ea1m H\u00f9ng - \u0110\u00ecnh Th\u00f4n (H\u01b0\u1edbng \u0111i Khu\u1ea5t Duy Ti\u1ebfn)-c\u1ed9t sau", "9": "Nh\u00e0 CT5 K\u0110T S\u00f4ng \u0110\u00e0 M\u1ef9 \u0110\u00ecnh - Ph\u1ea1m H\u00f9ng", "10": "Nh\u00e0 CT5-D K\u0110T M\u1ef9 \u0110\u00ecnh - Ph\u1ea1m H\u00f9ng", "11": "B\u1ea3o t\u00e0ng H\u00e0 N\u1ed9i - Ph\u1ea1m H\u00f9ng", "12": "Ng\u00e3 4 Ph\u1ea1m H\u00f9ng - Khu\u1ea5t Duy Ti\u1ebfn (Trung t\u00e2m H\u1ed9i ngh\u1ecb Qu\u1ed1c Gia)", "13": "246 Khu\u1ea5t Duy Ti\u1ebfn", "14": "39 - 41 Khu\u1ea5t Duy Ti\u1ebfn", "15": "Qu\u1eadn u\u1ef7 Thanh Xu\u00e2n - S\u1ed1 9 Khu\u1ea5t Duy Ti\u1ebfn", "16": "B\u00e1ch h\u00f3a Thanh Xu\u00e2n - \u0111\u01b0\u1eddng Nguy\u1ec5n Tr\u00e3i", "17": "204-206 Nguy\u1ec5n Tr\u00e3i (G\u1ea7n ng\u00e3 3 Nguy\u1ec5n Tr\u00e3i - L\u01b0\u01a1ng Th\u1ebf Vinh )", "18": "C\u00f4ng ty CP C\u00f4ng tr\u00ecnh GT 873 - Nguy\u1ec5n Tr\u00e3i", "19": "S\u1ed1 10 Tr\u1ea7n Ph\u00fa - Si\u00eau Th\u1ecb Vi\u1ec7t Long", "20": "H\u1ecdc vi\u1ec7n c\u00f4ng ngh\u1ec7 b\u01b0u ch\u00ednh vi\u1ec5n th\u00f4ng - Tr\u1ea7n Ph\u00fa (H\u00e0 \u0110\u00f4ng)", "21": "\u0110\u1ed1i di\u1ec7n chung c\u01b0 Hesco \u2013 Nguy\u1ec5n Khuy\u1ebfn (H\u00e0 \u0110\u00f4ng)", "22": "\u0110\u1ed1i di\u1ec7n chung c\u01b0 New Skyline \u2013 Nguy\u1ec5n Khuy\u1ebfn (H\u00e0 \u0110\u00f4ng)", "23": "Kiot 19-20 CT7B K\u0110T V\u0103n Qu\u00e1n - H\u00e0 \u0110\u00f4ng", "24": "\u0110\u1ed1i di\u1ec7n g\u1ea7n c\u1ed5ng sau vi\u1ec7n 103 - K\u0110T V\u0103n Qu\u00e1n - H\u00e0 \u0110\u00f4ng", "25": "H\u1ecdc vi\u1ec7n Qu\u00e2n Y - Ph\u00f9ng H\u01b0ng (H\u00e0 \u0110\u00f4ng)", "26": "C\u1ed5ng th\u00f4n Y\u00ean X\u00e1 - 89 C\u1ea7u B\u01b0\u01a1u", "27": "G\u1ea7n \u0111\u01b0\u1eddng v\u00e0o Tr\u1ea1i t\u1ea1m giam - C\u1ea7u B\u01b0\u01a1u", "28": "\u0110\u1ed1i di\u1ec7n Cty XNK L\u00e2m n\u00f4ng s\u1ea3n s\u1ed1 1 S\u00e0i G\u00f2n - C\u1ea7u B\u01b0\u01a1u", "29": "Tr\u01b0\u1edbc nh\u00e0 CT8B chung c\u01b0 \u0110\u1ea1i Thanh - \u0111\u01b0\u1eddng C\u1ea7u B\u01b0\u01a1u", "30": "Qua C\u1ea7u T\u00f3 150m - Phan Tr\u1ecdng Tu\u1ec7", "31": "Qua TT gi\u00e1o d\u1ee5c TX Huy\u1ec7n Thanh Tr\u00ec 100m - Phan Tr\u1ecdng Tu\u1ec7", "32": "\u0110\u1ed1i di\u1ec7n XN KD Kim Kh\u00ed v\u00e0 D.v\u1ee5 s\u1ed1 3 - Phan Tr\u1ecdng Tu\u1ec7", "33": "\u0110\u1ed1i di\u1ec7n C\u00f4ng ty Ph\u00e2n L\u00e2n V\u0103n \u0110i\u1ec3n - Phan Tr\u1ecdng Tu\u1ec7", "34": "Tr\u01b0\u1eddng CN c\u01a1 \u0111i\u1ec7n &PTNT - Phan Tr\u1ecdng Tu\u1ec7", "35": "449 - 451 Ng\u1ecdc H\u1ed3i", "36": "373 Ng\u1ecdc H\u1ed3i", "37": "(B) T\u1ee9 Hi\u1ec7p - Tuy\u1ebfn 39"}}