{"Lat": {"0": 21.0478833333, "1": 21.049533, "2": 21.04555, "3": 21.042351999999998, "4": 21.0377166667, "5": 21.0321333333, "6": 21.024817000000002, "7": 21.0247833333, "8": 21.024033, "9": 21.024998999999998, "10": 21.026183, "11": 21.02945, "12": 21.031033333299998, "13": 21.0316833333, "14": 21.0327, "15": 21.0317, "16": 21.030818, "17": 21.029975, "18": 21.028795000000002, "19": 21.0319333333, "20": 21.034438, "21": 21.0357833333, "22": 21.036583333299998, "23": 21.0367333333, "24": 21.0344833333, "25": 21.0305, "26": 21.0281}, "BusStopCode": {"0": 1741, "1": 551, "2": 552, "3": 553, "4": 769, "5": 779, "6": 728, "7": 729, "8": 179, "9": 180, "10": 181, "11": 95, "12": 773, "13": 774, "14": 3297, "15": 289, "16": 290, "17": 2760, "18": 62, "19": 4054, "20": 60, "21": 65, "22": 2111, "23": 2112, "24": 581, "25": 582, "26": 1692}, "FleetOver": {"0": "34", "1": "03,10A,11,15,17,34,48,65", "2": "01,03,100,10A,10B,17,22A,34,42,43,48,54,65", "3": "01,03,100,10A,10B,17,22A,34,42,43,48,54,65", "4": "03,100,10B,11,34,47A,54,98", "5": "03,24,34,42,43,48,55,55B,86,86CT", "6": "34", "7": "34", "8": "02,09CT,34,36CT,40", "9": "02,09CT,34,36,36CT,40", "10": "01,34,38,40", "11": "02,09,09CT,32,34,45", "12": "02,23,32,34", "13": "22A,32,34,50", "14": "22A,32,34", "15": "22A,32,34", "16": "107,22A,25,32,34,38,90", "17": "09,09CT,27,28,32,34,38", "18": "09,09CT,105,20A,20B,26,27,28,32,34,38", "19": "07,16,20A,20B,26,27,28,32,34,49", "20": "16,20A,20B,26,27,28,32,34,49", "21": "16,20A,20B,26,32,34,49", "22": "16,20A,20B,26,32,34,49", "23": "16,20A,20B,26,32,34,49", "24": "16,29,33,34,35A,46,53B,60A,60B,61,97", "25": "16,29,33,34,35A,46,53B,60A,60B,97", "26": "34"}, "Lng": {"0": 105.878583333, "1": 105.88321699999999, "2": 105.875283333, "3": 105.870446, "4": 105.852983333, "5": 105.8561, "6": 105.858567, "7": 105.85563333299999, "8": 105.85366, "9": 105.850397, "10": 105.846402, "11": 105.84238333299999, "12": 105.83936666700001, "13": 105.835783333, "14": 105.82931666700001, "15": 105.82403333299999, "16": 105.817857, "17": 105.811073, "18": 105.803723, "19": 105.79955, "20": 105.796241, "21": 105.79188333299999, "22": 105.78843333299999, "23": 105.784066667, "24": 105.78001666700001, "25": 105.779266667, "26": 105.7785}, "Name": {"0": "(B) BX Gia L\u00e2m - Tuy\u1ebfn 34", "1": "549 Nguy\u1ec5n V\u0103n C\u1eeb (c\u1ed9t sau)", "2": "Cty C\u1ea7u 5 Th\u0103ng Long - 307 Nguy\u1ec5n V\u0103n C\u1eeb", "3": "135 Nguy\u1ec5n V\u0103n C\u1eeb", "4": "Tr\u1ea7n Nh\u1eadt Du\u1eadt (373 H\u1ed3ng H\u00e0) - G\u1ea7n H\u00e0m T\u1eed Quan", "5": "162 Tr\u1ea7n Quang Kh\u1ea3i - Vi\u1ec7n Quy ho\u1ea1ch Th\u1ee7y L\u1ee3i", "6": "1A Tr\u00e0ng ti\u1ec1n - T\u1eadp \u0111o\u00e0n h\u00f3a ch\u1ea5t Vi\u1ec7t Nam", "7": "30-32 Tr\u00e0ng Ti\u1ec1n", "8": "22B Hai B\u00e0 Tr\u01b0ng - C\u1ea1nh Tr\u00e0ng Ti\u1ec1n Plaza", "9": "48 Hai B\u00e0 Tr\u01b0ng - Vi\u1ec7n Ki\u1ec3m Nghi\u1ec7m thu\u1ed1c Trung \u01b0\u01a1ng", "10": "\u0110\u1ed1i di\u1ec7n th\u00e1p H\u00e0 N\u1ed9i - Hai B\u00e0 Tr\u01b0ng (c\u1ea1nh 56 Hai B\u00e0 Tr\u01b0ng)", "11": "12A \u0110i\u1ec7n Bi\u00ean Ph\u1ee7", "12": "C\u00f4ng vi\u00ean L\u00ea nin - \u0110\u1ed1i di\u1ec7n 35 Tr\u1ea7n Ph\u00fa", "13": "\u0110\u1ed1i di\u1ec7n B\u1ec7nh vi\u1ec7n Xanh p\u00f4n - 60 Tr\u1ea7n Ph\u00fa (B\u1ed9 T\u01b0 ph\u00e1p)", "14": "140 S\u01a1n T\u00e2y", "15": "240 Kim M\u00e3", "16": "\u0110\u1ed1i di\u1ec7n 311 Kim M\u00e3 (G\u1ea7n ng\u00e3 4 Kim M\u00e3 - V\u1ea1n B\u1ea3o)", "17": "H\u00e8 c\u1ea1nh Kh\u00e1ch s\u1ea1n Daewoo H\u00e0 N\u1ed9i", "18": "\u0110i\u1ec3m trung chuy\u1ec3n C\u1ea7u Gi\u1ea5y - Th\u1ee7 L\u1ec7 02", "19": "S\u1ed1 112 C\u1ea7u Gi\u1ea5y", "20": "250-252 C\u1ea7u Gi\u1ea5y", "21": "370 C\u1ea7u Gi\u1ea5y", "22": "H\u1ecdc vi\u1ec7n B\u00e1o ch\u00ed v\u00e0 Tuy\u00ean truy\u1ec1n - 36 Xu\u00e2n Th\u1ee7y", "23": "G\u1ea7n nh\u00e0 s\u00e1ch S\u01b0 ph\u1ea1m (\u0110\u1ea1i h\u1ecdc S\u01b0 ph\u1ea1m H\u00e0 N\u1ed9i) - 136 Xu\u00e2n Th\u1ee7y", "24": "B\u1ec7nh vi\u1ec7n \u0111a khoa y h\u1ecdc c\u1ed5 truy\u1ec1n - 6 Ph\u1ea1m H\u00f9ng", "25": "\u0110\u1ed1i di\u1ec7n B\u01b0u c\u1ee5c Th\u0103ng Long - \u0111\u01b0\u1eddng Ph\u1ea1m H\u00f9ng", "26": "(A) BX M\u1ef9 \u0110\u00ecnh - Tuy\u1ebfn 34"}}