{"Lat": {"0": 20.6511, "1": 20.652416666700002, "2": 20.6546166667, "3": 20.660833333299998, "4": 20.6651, "5": 20.668983333299998, "6": 20.673066666700002, "7": 20.6794666667, "8": 20.6833666667, "9": 20.6872166667, "10": 20.692866666700002, "11": 20.69625, "12": 20.70005, "13": 20.7033, "14": 20.7086333333, "15": 20.7087, "16": 20.7122, "17": 20.7154333333, "18": 20.7182333333, "19": 20.7189833333, "20": 20.72135, "21": 20.731716666700002, "22": 20.7368666667, "23": 20.741633333299998, "24": 20.74625, "25": 20.752983333299998, "26": 20.7627666667, "27": 20.76905, "28": 20.7737333333, "29": 20.7854, "30": 20.79635, "31": 20.8061166667, "32": 20.8228833333, "33": 20.8301166667, "34": 20.8426166667, "35": 20.8537666667, "36": 20.8644833333}, "BusStopCode": {"0": 4240, "1": 4241, "2": 4242, "3": 4243, "4": 4244, "5": 4245, "6": 4246, "7": 4247, "8": 4248, "9": 4249, "10": 4250, "11": 4251, "12": 4252, "13": 4253, "14": 4254, "15": 4255, "16": 4256, "17": 4257, "18": 4258, "19": 4259, "20": 1252, "21": 1253, "22": 1254, "23": 4260, "24": 1255, "25": 1256, "26": 1257, "27": 1258, "28": 1259, "29": 1260, "30": 1261, "31": 1262, "32": 1263, "33": 1264, "34": 1265, "35": 1266, "36": 4219}, "FleetOver": {"0": "108", "1": "108", "2": "108", "3": "108", "4": "108", "5": "108", "6": "108", "7": "108", "8": "108", "9": "108", "10": "108", "11": "108", "12": "108", "13": "108", "14": "108", "15": "108", "16": "108", "17": "108", "18": "108", "19": "108", "20": "06A,101,108", "21": "06A,101,108", "22": "06A,101,108", "23": "06A,101,108", "24": "06A,101,108", "25": "06A,06D,101,108", "26": "06A,06D,101,108", "27": "06A,06D,101,108", "28": "06A,06C,06D,101,108", "29": "06A,06C,06D,101,108", "30": "06A,06C,06D,101,108", "31": "06A,06C,06D,06E,101,108", "32": "06A,06C,06D,06E,101,108", "33": "06A,06C,06D,06E,101,108", "34": "06A,06C,06D,06E,101,108", "35": "06A,06C,06D,06E,101,108", "36": "108"}, "Lng": {"0": 105.957916667, "1": 105.953183333, "2": 105.94665, "3": 105.94375, "4": 105.945333333, "5": 105.95373333299999, "6": 105.95715, "7": 105.95761666700001, "8": 105.95708333299999, "9": 105.95643333299999, "10": 105.95535, "11": 105.956116667, "12": 105.95466666700001, "13": 105.9515, "14": 105.9454, "15": 105.94215, "16": 105.92985, "17": 105.927883333, "18": 105.918866667, "19": 105.91185, "20": 105.91185, "21": 105.912433333, "22": 105.9132, "23": 105.913416667, "24": 105.91185, "25": 105.911516667, "26": 105.90891666700001, "27": 105.90363333299999, "28": 105.898833333, "29": 105.892383333, "30": 105.8871, "31": 105.88398333299999, "32": 105.88225, "33": 105.878133333, "34": 105.8729, "35": 105.87035, "36": 105.866983333}, "Name": {"0": "(B) Minh T\u00e2n (B\u0110X bu\u00fdt Minh T\u00e2n)  - Tuy\u1ebfn 108", "1": "C\u1ed5ng \u0111\u1ed9i s\u1ea3n xu\u1ea5t s\u1ed1 9, th\u00f4n Th\u1ea7n Quy - DT428", "2": "Qua c\u1eeda h\u00e0ng t\u1ea1p h\u00f3a Ng\u00e2n Ti\u1ebfn 10m, th\u00f4n Th\u1ea7n Quy - DT428", "3": "Tr\u1ea1m b\u01a1m Th\u1ea7n Quy - DT428", "4": "Tr\u01b0\u1edbc b\u1ebfn \u0111\u00f2 V\u0103n Ph\u00e1i 20m (C\u1eeda h\u00e0ng s\u01a1n - Nasun) - DT428", "5": "C\u1eeda h\u00e0ng xe m\u00e1y \u0111i\u1ec7n Quang Soi (c\u1ea7u H\u00f2a Kh\u00ea) - DT428", "6": "Qua l\u1ed1i v\u00f2a UBND x\u00e3 Minh T\u00e2n 70m (\u0110\u1ed1i di\u1ec7n c\u1eeda h\u00e0ng nh\u1ef1a Ti\u1ec1n Phong) - DT428", "7": "Nh\u00e0 may C\u01b0\u01a1ng Li\u00ean (Ch\u1ee3 B\u00e1i) - DT428", "8": "\u0110\u1ed1i di\u1ec7n trung t\u00e2m m\u00e1y t\u00ednh \u0110\u1ee9c Hoan, Ch\u1ee3 B\u00e1i - DT428", "9": "Qua Ng\u00e3 3 Ho\u00e0ng Nguy\u00ean 10m (c\u1eeda h\u00e0ng t\u00f3c H\u1ed3ng Quy\u00ean) - DT428", "10": "Qua c\u1ea7u B\u1ea1ch H\u1ea1 60m (\u0111\u01b0\u1eddng v\u00e0o l\u00e0ng Ho\u00e0ng Nguy\u00ean) - DT428", "11": "C\u1eeda h\u00e0ng s\u1eeda ch\u1eefa xe Quang Thi\u1ebft (c\u1ed5ng l\u00e0ng V\u0129nh Ninh)", "12": "Tr\u01b0\u1eddng THCS Tri Th\u1ee7y (\u0111\u1ed1i di\u1ec7n c\u1eeba h\u00e0ng gas Th\u1ecbnh Th\u01a1m) - DT428", "13": "Nh\u00e0 v\u0103n h\u00f3a th\u00f4n Nh\u00e2n S\u01a1n, x\u00e3 Tri Th\u1ee7y - DT428", "14": "B\u01b0u \u0111i\u1ec7n ch\u1ee3 B\u00ecm (c\u1ea1nh t\u01b0\u1eddng r\u00e0o) - DT428", "15": "Tr\u01b0\u1edbc 20m tr\u01b0\u1eddng THPT Ph\u00fa Xuy\u00ean B (Ngh\u0129 trang Li\u1ec7t S\u1ef9 Tri Th\u1ee7y) - DT428", "16": "\u0110\u1ed1i di\u1ec7n c\u1eeda h\u00e0ng ph\u00e2n ph\u1ed1i s\u01a1n (T\u00e2n Thanh Hi\u1ebfu) - DT428", "17": "Qua 20m \u0111\u1ed1i di\u1ec7n l\u1ed1i v\u00e0o Ch\u00f9a Ninh Ph\u00fac (th\u00f4n Ki\u1ec1u \u0110\u00f4ng) - DT428", "18": "Tr\u01b0\u1edbc 30m h\u1ea7m cao t\u1ed1c QL1A m\u1edbi (C\u1eeda h\u00e0ng s\u01a1n Nanomax) - DT428", "19": "Tr\u01b0\u1edbc 20m \u0111\u1ed1i di\u1ec7n c\u1eeda h\u00e0ng c\u00e1 Thu\u1eadt Huy\u1ec1n - DT428", "20": "Ph\u1ed1 Gu\u1ed9t (C\u1eeda h\u00e0ng b\u00e1nh k\u1eb9o Huy\u1ec1n T\u01b0\u1eddng) - Qu\u1ed1c L\u1ed9 1A", "21": "\u0110\u1ea1i l\u00fd b\u1ebfp ga Ho\u00e0ng Hi\u1ec7p - Ch\u1ee3 L\u1ecbm - Qu\u1ed1c L\u1ed9 1A", "22": "\u0110\u1ed1i di\u1ec7n Ga Ph\u00fa Xuy\u00ean (Tr\u01b0\u1eddng Ph\u00fa Xuy\u00ean A)- Km 208+500 - Qu\u1ed1c L\u1ed9 1A", "23": "Tr\u01b0\u1edbc 30m l\u1ed1i v\u00e0o C\u00f4ng ty \u0111i\u1ec7n l\u1ef1c Ph\u00fa Xuy\u00ean - Qu\u1ed1c l\u1ed9 1A", "24": "Nha khoa th\u1ea9m m\u1ef9 Ho\u00e0ng Anh - Qu\u1ed1c L\u1ed9 1A", "25": "\u0110\u1ed1i di\u1ec7n n\u1ed9i th\u1ea5t Duy H\u01b0ng - Ph\u1ed1 S\u1ed5 - Qu\u1ed1c L\u1ed9 1A", "26": "\u0110\u00ecnh L\u0103ng Kh\u00f4n - Qu\u1ed1c L\u1ed9 1A", "27": "C\u1eeda h\u00e0ng Tr\u01b0\u1eddng Hoa - Qu\u1ed1c L\u1ed9 1A", "28": "C\u1eeda h\u00e0ng \u0111\u1ed3 g\u1ed7 Ph\u1ea5n Th\u1ee7y - g\u1ea7n c\u1ea7u \u0110\u1ed7 X\u00e1 - Qu\u1ed1c l\u1ed9 1A", "29": "C\u00e1ch \u0111\u00ecnh Ngu\u1ed9n 70m - Qu\u1ed1c L\u1ed9 1A", "30": "\u0110\u1ed1i di\u1ec7n c\u1eeda h\u00e0ng Nokia (\u0110inh X\u00e1 - V\u0103n T\u1ef1 - Th\u01b0\u1eddng T\u00edn) - Qu\u1ed1c L\u1ed9 1A", "31": "C\u1eeda h\u00e0ng v\u00e0ng b\u1ea1c Loan L\u1ef1u - Qu\u1ed1c L\u1ed9 1A", "32": "C\u1eeda h\u00e0ng b\u00ecnh n\u01b0\u1edbc n\u00f3ng si\u00eau t\u1ed1c - Qu\u1ed1c L\u1ed9 1A", "33": "C\u1eeda h\u00e0ng Nokia Ch\u1ee3 C\u1ea7u - Qu\u1ed1c L\u1ed9 1A", "34": "C\u1eeda h\u00e0ng Thanh H\u01b0\u1edfng (\u0110\u1ea1m - L\u00e2n - Kali) - Qu\u1ed1c L\u1ed9 1A", "35": "C\u00e1ch c\u00f4ng ty PTXD Ho\u00e0ng Long 50m - Qu\u1ed1c L\u1ed9 1A", "36": "(A) BX Th\u01b0\u1eddng T\u00edn - Tuy\u1ebfn 108"}}