{"Lat": {"0": 21.0231833333, "1": 21.0222333333, "2": 21.0186, "3": 21.0195, "4": 21.020348000000002, "5": 21.021501999999998, "6": 21.0192, "7": 21.01605, "8": 21.0113, "9": 21.0081833333, "10": 21.009733333299998, "11": 21.00785, "12": 21.007485, "13": 21.009833, "14": 21.0131, "15": 21.016066666700002, "16": 21.017016666700002, "17": 21.0195, "18": 21.018205, "19": 21.012416666700002, "20": 21.0101666667, "21": 21.00725, "22": 21.006866666700002, "23": 21.0127666667, "24": 21.015587, "25": 21.01885, "26": 21.0229, "27": 21.027516666700002, "28": 21.0344, "29": 21.038632999999997, "30": 21.050738, "31": 21.0574666667, "32": 21.0622, "33": 21.067283}, "BusStopCode": {"0": 1730, "1": 759, "2": 754, "3": 755, "4": 756, "5": 757, "6": 34, "7": 35, "8": 36, "9": 80, "10": 591, "11": 592, "12": 69, "13": 672, "14": 673, "15": 674, "16": 247, "17": 248, "18": 478, "19": 739, "20": 740, "21": 741, "22": 573, "23": 574, "24": 575, "25": 576, "26": 577, "27": 579, "28": 580, "29": 2137, "30": 594, "31": 595, "32": 597, "33": 1775}, "FleetOver": {"0": "35A", "1": "02,03,24,35A,40,42,43,44,48,49,51,55,55B", "2": "02,03,09CT,14CT,35A,42,43,44,45,49", "3": "03,23,35A,43", "4": "03,35A,43", "5": "03,11,35A,43", "6": "08A,08ACT,08B,08BCT,09,09CT,31,35A,36,36CT,38", "7": "08A,08ACT,08B,08BCT,31,35A,36,36CT,38,52A,52B", "8": "08A,08ACT,08B,08BCT,23,31,35A,36,36CT,38,52A,52B", "9": "35A,44,51", "10": "21A,21B,26,35A,44,51", "11": "21A,21B,26,35A,44,51,99", "12": "12,18,21A,21B,23,26,35A,44,51", "13": "12,26,35A,84", "14": "12,26,35A,84", "15": "12,26,30,35A,50", "16": "09,09CT,12,26,35A", "17": "09,09CT,12,26,35A", "18": "09,09CT,107,12,22A,26,27,35A", "19": "105,107,22A,35A,50", "20": "105,107,22A,35A,50,60A,60B", "21": "107,35A,50,60A,60B", "22": "103,21B,22B,35A,39,50,60A,60B,87", "23": "103,21B,22B,33,35A,39,50,60A,60B,87", "24": "103,21B,22B,33,35A,39,50,60A,60B,87", "25": "103,104,21B,22B,29,30,33,35A,39,44,60A,60B,74,84,87,88", "26": "103,104,21B,22B,29,30,33,35A,39,44,46,60A,60B,74,84,87,88", "27": "35A,39,87", "28": "16,29,33,34,35A,46,53B,60A,60B,61,97", "29": "13,35A,53B", "30": "07,14,14CT,27,35A,38,45,46,53A,53B,60A,60B,61", "31": "07,14,14CT,27,35A,38,45,46,53A,53B,60A,60B,61", "32": "07,14,14CT,27,28,35A,38,45,46,53A,53B,60A,60B,61", "33": "35A"}, "Lng": {"0": 105.86083333299999, "1": 105.86118333299999, "2": 105.86056666700001, "3": 105.85743333299999, "4": 105.8545, "5": 105.850773, "6": 105.84941666700001, "7": 105.84921666700001, "8": 105.84905, "9": 105.8461, "10": 105.835433333, "11": 105.83316666700001, "12": 105.828726, "13": 105.823374, "14": 105.82, "15": 105.8158, "16": 105.81423333299999, "17": 105.809125, "18": 105.807047, "19": 105.80136666700001, "20": 105.79876666700001, "21": 105.794816667, "22": 105.791233333, "23": 105.78646666700001, "24": 105.784246, "25": 105.781516667, "26": 105.77903333299999, "27": 105.779266667, "28": 105.78043333299999, "29": 105.781067, "30": 105.781663, "31": 105.782766667, "32": 105.784016667, "33": 105.787067}, "Name": {"0": "(A) Tr\u1ea7n Kh\u00e1nh D\u01b0 - Tuy\u1ebfn 35A", "1": "Tr\u1ea1m trung chuy\u1ec3n xe bu\u00fdt Tr\u1ea7n Kh\u00e1nh D\u01b0 (Khu \u0111\u00f3n kh\u00e1ch)", "2": "\u0110\u1ed1i di\u1ec7n B\u1ec7nh Vi\u1ec7n Trung \u01b0\u01a1ng Qu\u00e2n \u0111\u1ed9i 108 - Tr\u1ea7n H\u01b0ng \u0110\u1ea1o", "3": "16 Tr\u1ea7n H\u01b0ng \u0110\u1ea1o", "4": "32 Tr\u1ea7n H\u01b0ng \u0110\u1ea1o", "5": "Th\u01b0 vi\u1ec7n H\u00e0 N\u1ed9i - 54E Tr\u1ea7n H\u01b0ng \u0110\u1ea1o", "6": "92-94 B\u00e0 Tri\u1ec7u", "7": "180 - 182 B\u00e0 Tri\u1ec7u", "8": "\u0110\u1ed1i di\u1ec7n Vincom Tower - B\u00e0 Tri\u1ec7u", "9": "120 \u0110\u1ea1i C\u1ed3 Vi\u1ec7t", "10": "101A2 TT Trung T\u1ef1 - Ph\u1ea1m Ng\u1ecdc Th\u1ea1ch", "11": "104 C1 T\u1eadp th\u1ec3 Trung T\u1ef1 - Ph\u1ea1m Ng\u1ecdc Th\u1ea1ch", "12": "C\u00f4ng ty in th\u01b0\u01a1ng m\u1ea1i & d\u1ecbch v\u1ee5 ng\u00e2n h\u00e0ng - S\u1ed1 10 Ch\u00f9a B\u1ed9c", "13": "2 Th\u00e1i H\u00e0", "14": "176 Th\u00e1i H\u00e0", "15": "R\u1ea1p chi\u1ebfu phim Qu\u1ed1c Gia - Th\u00e1i H\u00e0", "16": "\u0110\u1ed1i di\u1ec7n \u0110\u00e0i Truy\u1ec1n h\u00ecnh H\u00e0 N\u1ed9i - 5 Hu\u1ef3nh Th\u00fac Kh\u00e1ng", "17": "20 Hu\u1ef3nh Th\u00fac Kh\u00e1ng", "18": "Trung t\u00e2m y t\u1ebf d\u1ef1 ph\u00f2ng HN - 70 Nguy\u1ec5n Ch\u00ed Thanh", "19": "\u0110\u1ed1i di\u1ec7n Tr\u01b0\u1eddng \u0110\u1ea1i h\u1ecdc Lao \u0111\u1ed9ng & X\u00e3 H\u1ed9i - 48 Tr\u1ea7n Duy H\u01b0ng", "20": "\u0110\u1ed1i di\u1ec7n B\u1ed9 Khoa h\u1ecdc & C\u00f4ng ngh\u1ec7 - 146 Tr\u1ea7n Duy H\u01b0ng", "21": "220 Tr\u1ea7n Duy H\u01b0ng - C\u1ea1nh Si\u00eau th\u1ecb Big C", "22": "Ng\u00e3 4 Ph\u1ea1m H\u00f9ng - Khu\u1ea5t Duy Ti\u1ebfn (\u0110\u1ed1i di\u1ec7n Trung t\u00e2m H\u1ed9i ngh\u1ecb Qu\u1ed1c Gia)", "23": "Qua 130m Doanh tr\u1ea1i B\u1ed9 ch\u1ec9 huy qu\u00e2n s\u1ef1 HN - 99A Ph\u1ea1m H\u00f9ng", "24": "T\u00f2a nh\u00e0 Landmark 72 - \u0111\u01b0\u1eddng Ph\u1ea1m H\u00f9ng", "25": "\u0110\u1ed1i di\u1ec7n nh\u00e0 CT5 K\u0110T S\u00f4ng \u0110\u00e0 M\u1ef9 \u0110\u00ecnh - Ph\u1ea1m H\u00f9ng", "26": "Qua ng\u00e3 4 Ph\u1ea1m H\u00f9ng - \u0110\u00ecnh Th\u00f4n (H\u01b0\u1edbng \u0111i Ph\u1ea1m V\u0103n \u0110\u1ed3ng)", "27": "\u0110\u1ed1i di\u1ec7n B\u1ebfn xe kh\u00e1ch M\u1ef9 \u0110\u00ecnh - Ph\u1ea1m H\u00f9ng (c\u1ed9t sau)", "28": "\u0110\u1ed1i di\u1ec7n B\u1ec7nh vi\u1ec7n \u0111a khoa y h\u1ecdc c\u1ed5 truy\u1ec1n - Ph\u1ea1m H\u00f9ng", "29": "H\u00e8 g\u1ea7n h\u1ea7m chui cho ng\u01b0\u1eddi \u0111i b\u1ed9 qua \u0111\u01b0\u1eddng khu v\u1ef1c c\u1ea7u Mai D\u1ecbch (tr\u01b0\u1edbc c\u1ed5ng tr\u01b0\u1eddng \u0110HNN 70m)", "30": "36A Ph\u1ea1m V\u0103n \u0110\u1ed3ng", "31": "527 Ph\u1ea1m V\u0103n \u0110\u1ed3ng", "32": "Qua 70m \u0111\u01b0\u1eddng v\u00e0o c\u00f4ng vi\u00ean H\u00f2a B\u00ecnh - Ph\u1ea1m V\u0103n \u0110\u1ed3ng", "33": "(B) Nam Th\u0103ng Long - Tuy\u1ebfn 35A"}}