{"Lat": {"0": 21.029283, "1": 21.0271833333, "2": 21.0259333333, "3": 21.02585, "4": 21.0240333333, "5": 21.022, "6": 21.017566666700002, "7": 21.0122666667, "8": 21.0078333333, "9": 21.0014166667, "10": 21.004383333299998, "11": 21.0077666667, "12": 21.01125, "13": 21.0134, "14": 21.0184, "15": 21.02145, "16": 21.023866666700002, "17": 21.02715, "18": 21.0289, "19": 21.0299166667, "20": 21.0332166667, "21": 21.0300333333, "22": 20.997866666700002, "23": 20.9968166667, "24": 20.9957166667, "25": 20.995279999999998, "26": 20.9957833333, "27": 20.9963333333, "28": 21.00102, "29": 21.00431, "30": 21.010077, "31": 21.014253, "32": 21.017288, "33": 21.0172333333}, "BusStopCode": {"0": 1771, "1": 1539, "2": 1540, "3": 1541, "4": 1542, "5": 1543, "6": 1550, "7": 1551, "8": 1552, "9": 1174, "10": 1176, "11": 1184, "12": 1185, "13": 1186, "14": 1187, "15": 1188, "16": 2971, "17": 1195, "18": 1196, "19": 1197, "20": 1198, "21": 1210, "22": 400, "23": 401, "24": 402, "25": 403, "26": 404, "27": 37, "28": 38, "29": 39, "30": 627, "31": 628, "32": 768, "33": 1705}, "FleetOver": {"0": "52A", "1": "52A", "2": "52A", "3": "52A", "4": "52A", "5": "52A", "6": "52A,52B", "7": "52A,52B", "8": "52A,52B", "9": "40,52A,52B", "10": "40,52A,52B", "11": "40,52A,52B", "12": "40,52A,52B", "13": "40,52A,52B", "14": "100,40,52A,52B", "15": "100,11,40,52A,52B", "16": "100,40,52A,52B", "17": "100,11,40,52A,52B", "18": "100,11,40,52A,52B", "19": "11,52A", "20": "11,52A", "21": "03B,52A", "22": "03B,19,24,52A,52B", "23": "03B,19,24,52A,52B", "24": "03B,19,24,38,52A,52B", "25": "03B,19,24,38,52A,52B", "26": "03B,19,24,38,52A,52B", "27": "18,36,36CT,38,52A,52B", "28": "18,36,36CT,38,52A,52B", "29": "08A,08ACT,08B,08BCT,36,36CT,38,52A,52B", "30": "08A,08ACT,08B,08BCT,31,35A,36,36CT,38,52A,52B", "31": "08A,08ACT,08B,08BCT,31,35A,36,36CT,38,52A,52B", "32": "09,09CT,30,52A,52B", "33": "52A"}, "Lng": {"0": 106.0081, "1": 105.999, "2": 105.98915, "3": 105.983566667, "4": 105.97643333299999, "5": 105.97045, "6": 105.96505, "7": 105.965983333, "8": 105.9666, "9": 105.96563333299999, "10": 105.96255, "11": 105.957066667, "12": 105.952266667, "13": 105.9492, "14": 105.9425, "15": 105.9375, "16": 105.93175, "17": 105.92376666700001, "18": 105.918383333, "19": 105.9148, "20": 105.90748333299999, "21": 105.898666667, "22": 105.8667, "23": 105.863716667, "24": 105.86033333299999, "25": 105.855877, "26": 105.85095, "27": 105.850033333, "28": 105.850695, "29": 105.851118, "30": 105.85162, "31": 105.85172, "32": 105.845721, "33": 105.84385}, "Name": {"0": "(B) L\u1ec7 Chi - Gia L\u00e2m - Tuy\u1ebfn 52A", "1": "\u0110\u01b0\u1eddng v\u00e0o ch\u00f9a Sen H\u1ed3 - \u0110\u01b0\u1eddng 181", "2": "Ch\u1ee3 Keo - \u0110\u01b0\u1eddng 181", "3": "\u0110\u01b0\u1eddng v\u00e0o di t\u00edch l\u1ecbch s\u1eed Kim S\u01a1n - \u0110\u01b0\u1eddng 181", "4": "\u0110\u1ed1i di\u1ec7n C\u1eeda h\u00e0ng x\u0103ng d\u1ea7u s\u1ed1 65 Ph\u00fa Th\u1ecb - \u0110\u01b0\u1eddng 181", "5": "S\u00e2n v\u1eadn \u0111\u1ed9ng x\u00e3 Ph\u00fa Th\u1ecb - \u0110\u01b0\u1eddng 181", "6": "Ch\u1ee3 S\u1ee7i - \u0110\u01b0\u1eddng \u1ef6 Lan", "7": "\u0110\u1ed1i di\u1ec7n ch\u00f9a Y\u00ean B\u00ecnh - \u0110\u01b0\u1eddng \u1ef6 Lan", "8": "\u0110\u1ed1i di\u1ec7n Tr\u01b0\u1eddng THCS D\u01b0\u01a1ng X\u00e1 - \u0110\u01b0\u1eddng \u1ef6 Lan", "9": "Qua c\u1ea7u v\u01b0\u1ee3t Ph\u00fa Th\u1ecb - Nguy\u1ec5n B\u00ecnh", "10": "S\u1ed1 45 Ga Ph\u00fa Th\u1ecb - Nguy\u1ec5n B\u00ecnh", "11": "Qua \u0111\u01b0\u1eddng v\u00e0o Nh\u00e0 m\u00e1y S\u1eefa H\u00e0 N\u1ed9i - Nguy\u1ec5n \u0110\u1ee9c Thu\u1eadn", "12": "KCN Gia L\u00e2m - Nguy\u1ec5n \u0110\u1ee9c Thu\u1eadn", "13": "Tr\u01b0\u1edbc c\u1ed5ng K\u0110T \u0110\u1eb7ng X\u00e1 100m - 827 Nguy\u1ec5n \u0110\u1ee9c Thu\u1eadn", "14": "Trung t\u00e2m Th\u1ec3 d\u1ee5c th\u1ec3 thao huy\u1ec7n Gia L\u00e2m - 399 Nguy\u1ec5n \u0110\u1ee9c Thu\u1eadn", "15": "b\u01b0u \u0111i\u1ec7n Tr\u00e2u Qu\u1ef3 - Nguy\u1ec5n \u0110\u1ee9c Thu\u1eadn", "16": "G\u1ea7n ng\u00e3 ba c\u1ea7u Thanh Tr\u00ec - Nguy\u1ec5n \u0110\u1ee9c Thu\u1eadn", "17": "Qua ng\u00e3 3 c\u1ea7u Thanh Tr\u00ec - Nguy\u1ec5n V\u0103n Linh", "18": "C\u00f4ng ty May 10 - Nguy\u1ec5n V\u0103n Linh", "19": "G\u1ea7n \u0111\u01b0\u1eddng v\u00e0o C\u00f4ng ty X22 - 705 Nguy\u1ec5n V\u0103n Linh", "20": "C\u00f4ng ty th\u00ed nghi\u1ec7m mi\u1ec1n B\u1eafc - 465 Nguy\u1ec5n V\u0103n Linh", "21": "\u0110\u1ed1i di\u1ec7n s\u00e2n golf  Long Bi\u00ean", "22": "423 Minh Khai", "23": "259 Minh Khai", "24": "199 Minh Khai", "25": "169C-169D Minh Khai", "26": "Ch\u1ee3 M\u01a1 - 5 Minh Khai", "27": "Ch\u1ee3 M\u01a1 - 459D B\u1ea1ch Mai", "28": "327 B\u1ea1ch Mai", "29": "215 B\u1ea1ch Mai", "30": "319 Ph\u1ed1 Hu\u1ebf", "31": "149 Ph\u1ed1 Hu\u1ebf", "32": "\u0110\u1ed1i di\u1ec7n Trung t\u00e2m gi\u1ea3i tr\u00ed Ng\u00f4i Sao Xanh (H\u1ed3 Thi\u1ec1n Quang) - Tr\u1ea7n Nh\u00e2n T\u00f4ng", "33": "(A) CV Th\u1ed1ng Nh\u1ea5t - Tuy\u1ebfn 52A"}}