{"Lat": {"0": 20.999737, "1": 20.997476000000002, "2": 21.000966666700002, "3": 21.0018333333, "4": 21.002753, "5": 21.0065, "6": 21.008983333299998, "7": 21.006532999999997, "8": 21.02545, "9": 21.0221166667, "10": 21.0169666667, "11": 21.0097833333, "12": 20.9997666667, "13": 20.992711, "14": 20.9819666667, "15": 20.97145, "16": 20.971833333299998, "17": 20.9662333333, "18": 20.9633333333, "19": 20.9593666667, "20": 20.9555333333, "21": 20.95425, "22": 20.9479666667, "23": 20.9467833333, "24": 20.9458166667, "25": 20.94565, "26": 20.9510666667, "27": 20.954283333299998, "28": 20.9569166667, "29": 20.9667, "30": 20.9718, "31": 20.9765333333, "32": 20.9812333333, "33": 20.986316666700002}, "BusStopCode": {"0": 4098, "1": 744, "2": 169, "3": 341, "4": 342, "5": 659, "6": 765, "7": 2139, "8": 1815, "9": 1827, "10": 1083, "11": 1084, "12": 1085, "13": 1086, "14": 1087, "15": 2131, "16": 1070, "17": 4264, "18": 4265, "19": 4266, "20": 4267, "21": 4268, "22": 4269, "23": 4270, "24": 4271, "25": 4272, "26": 1829, "27": 4273, "28": 1830, "29": 4274, "30": 4275, "31": 4276, "32": 4277, "33": 4278}, "FleetOver": {"0": "47B", "1": "08A,08ACT,08B,08BCT,18,47B", "2": "03,18,21A,21B,25,28,32,41,47B,99", "3": "18,23,47B", "4": "08A,08ACT,08B,08BCT,23,26,31,47B", "5": "23,31,47B", "6": "18,44,47B", "7": "19,24,40,47B,48,51,55,55B", "8": "100,106,40,47B,52B,98", "9": "47B", "10": "47A,47B", "11": "47A,47B", "12": "47A,47B", "13": "47A,47B", "14": "47A,47B", "15": "47B", "16": "47B", "17": "47B", "18": "47B", "19": "47B", "20": "47B", "21": "47B", "22": "47B", "23": "47B", "24": "47B", "25": "47B", "26": "47B", "27": "47B", "28": "47B", "29": "47B", "30": "47B", "31": "47B", "32": "47B", "33": "47B"}, "Lng": {"0": 105.845431, "1": 105.84591100000002, "2": 105.84145, "3": 105.84386666700001, "4": 105.84754199999999, "5": 105.84723333299999, "6": 105.85921666700001, "7": 105.86791699999999, "8": 105.8998, "9": 105.90415, "10": 105.90446666700001, "11": 105.90491666700001, "12": 105.910816667, "13": 105.91557, "14": 105.919666667, "15": 105.91645, "16": 105.9089, "17": 105.90605, "18": 105.90458333299999, "19": 105.9043, "20": 105.90975, "21": 105.919417, "22": 105.9237, "23": 105.927383333, "24": 105.93226666700001, "25": 105.93738333299999, "26": 105.9449, "27": 105.94696666700001, "28": 105.95121666700001, "29": 105.955316667, "30": 105.957016667, "31": 105.95843333299999, "32": 105.9594, "33": 105.960483333}, "Name": {"0": "(A) \u0110\u1ea1i h\u1ecdc KTQD - Tuy\u1ebfn 47B", "1": "106 Tr\u1ea7n \u0110\u1ea1i Ngh\u0129a", "2": "175-177 Gi\u1ea3i Ph\u00f3ng (Ng\u00e3 3 L\u00ea Thanh Ngh\u1ecb)", "3": "95 L\u00ea Thanh Ngh\u1ecb (\u0110\u1ed1i di\u1ec7n 186 L\u00ea Thanh Ngh\u1ecb)", "4": "S\u00e2n v\u1eadn \u0111\u1ed9ng B\u00e1ch Khoa - L\u00ea Thanh Ngh\u1ecb", "5": "\u0110\u1ed1i di\u1ec7n B13 K\u00fd t\u00fac x\u00e1 B\u00e1ch Khoa - T\u1ea1 Quang B\u1eedu", "6": "Ng\u00e2n h\u00e0ng C\u00f4ng th\u01b0\u01a1ng khu v\u1ef1c Hai B\u00e0 Tr\u01b0ng - 285 Tr\u1ea7n Kh\u00e1t Ch\u00e2n", "7": "H\u00e8 tr\u01b0\u1edbc s\u1ed1 nh\u00e0 202 - 204 Nguy\u1ec5n Kho\u00e1i", "8": "\u0110\u1ed1i di\u1ec7n Aeon Mall Long Bi\u00ean (C\u1ed9t \u0111i\u1ec7n T4A/2A-B \u0111\u01b0\u1eddng C\u1ed5 Linh)", "9": "T\u01b0\u1eddng r\u00e0o tr\u1ea1m th\u00fa y Long Bi\u00ean - \u0110\u1ed1i di\u1ec7n 269 Th\u1ea1ch B\u00e0n", "10": "\u0110\u1ed1i di\u1ec7n \u0110i\u1ebfm th\u00f4n Ng\u00f4 (Km 5+625 \u0110\u01b0\u1eddng Long Bi\u00ean Xu\u00e2n Quan)", "11": "\u0110\u1ed1i di\u1ec7n \u0110i\u1ebfm C\u1ef1 Kh\u1ed1i - C\u00f4ng an Ph\u01b0\u1eddng C\u1ef1 Kh\u1ed1i (Km 6+475 \u0110\u01b0\u1eddng Long Bi\u00ean Xu\u00e2n Quan)", "12": "\u0110\u1ed1i di\u1ec7n \u0110i\u1ebfm th\u00f4n \u0110\u00f4ng D\u01b0 Th\u01b0\u1ee3ng - C\u1ea7u Thanh Tr\u00ec (Km 7+915 \u0110\u01b0\u1eddng Long Bi\u00ean Xu\u00e2n Quan)", "13": "\u0110\u1ed1i di\u1ec7n \u0110i\u1ebfm th\u00f4n \u0110\u00f4ng D\u01b0 H\u1ea1 (Km 8+960 \u0110\u01b0\u1eddng Long Bi\u00ean Xu\u00e2n Quan)", "14": "\u0110\u1ed1i di\u1ec7n \u0111\u01b0\u1eddng v\u00e0o \u0110\u1ed3n c\u1ea3nh s\u00e1t \u0110a T\u1ed1n (Km 10+270 \u0110\u01b0\u1eddng Long Bi\u00ean Xu\u00e2n Quan)", "15": "Tr\u01b0\u1edbc c\u1ed9t \u0111i\u1ec7n BKD12 - \u0111\u01b0\u1eddng li\u00ean x\u00e3 Kim Lan, V\u0103n \u0110\u1ee9c", "16": "Tr\u01b0\u1edbc c\u1ed9t \u0111i\u1ec7n KL29 - \u0111\u01b0\u1eddng li\u00ean x\u00e3 Kim Lan, V\u0103n \u0110\u1ee9c", "17": "Tr\u01b0\u1edbc \u0111\u1ed1i di\u1ec7n Tr\u1ea1m B\u01a1m KL10m", "18": "UBND Xa\u0303 Kim Lan", "19": "Tr\u01b0\u01a1\u0300ng THCS Kim Lan", "20": "Th\u00f4n 10 x\u00e3 Xu\u00e2n Quan (\u0111\u1ed1i di\u1ec7n nh\u00e0 v\u01b0\u1eddn Ki\u00ean Hu\u1ebf) \u0111\u01b0\u1eddng Ph\u00e0 Xu\u00e2n Quan", "21": "\u0110\u1ed1i di\u1ec7n \u0110i\u1ebfm canh \u0111\u00ea Ph\u1ee5ng C\u00f4ng - \u0111\u01b0\u1eddng 378", "22": "\u0110\u1ed1i di\u1ec7n nh\u00e0 v\u01b0\u1eddn Tu\u1ea5n T\u00fa th\u00f4ng \u0110\u1ebfn x\u00e3 Ph\u1ee5ng C\u00f4ng - \u0111\u01b0\u1eddng 378", "23": "H\u00e8 tr\u01b0\u1edbc Agribank V\u0103n Giang, Th\u1ecb tr\u1ea5n v\u0103n Giang - \u0111\u01b0\u1eddng 179", "24": "Tr\u01b0\u1eddng Trung c\u1ea5p c\u1ea3nh s\u00e1t Nh\u00e2n D\u00e2n (\u0111\u1ed1i di\u1ec7n m\u00e1y t\u00ednh Mai Anh), th\u1ecb tr\u1ea5n V\u0103n Giang - \u0111\u01b0\u1eddng 179", "25": "H\u00e8 tr\u01b0\u1edbc s\u1ed1 nh\u00e0 263 th\u1ecb tr\u1ea5n V\u0103n Giang", "26": "\u0110\u1ed1i di\u1ec7n Tr\u1ea1m y t\u1ebf huy\u1ec7n V\u0103n Giang", "27": "Qua \u0111\u01b0\u1eddng v\u00e0o Mi\u1ebfu Ngh\u00e8 30m th\u00f4n H\u1ea1 x\u00e3 C\u1eedu Cao - \u0111\u01b0\u1eddng 179", "28": "\u0110\u1ed1i di\u1ec7n qua tr\u1ea1m x\u0103ng d\u1ea7u C\u1eedu Cao (g\u1ea7n UBND x\u00e3 C\u1eedu Cao)", "29": "Tr\u01b0\u1edbc Salon \u0110\u1ee9c Trung, th\u00f4n Th\u01b0\u1ee3ng x\u00e3 C\u1eedu Cao - \u0111\u01b0\u1eddng 179", "30": "\u0110\u1ed1i di\u1ec7n tr\u01b0\u1eddng Trung c\u1ea5p GTVT Mi\u1ec1n B\u1eafc - \u0111\u01b0\u1eddng 179", "31": "\u0110\u1ed1i di\u1ec7n B\u01b0u \u0111i\u1ec7n x\u00e3 Ki\u00eau K\u1ef5 - \u0111\u01b0\u1eddng 179", "32": "Qua 50m Cty TNHH MTV 76 - \u0111\u01b0\u1eddng 179", "33": "(B) Ki\u00eau Ky\u0323 - Tuy\u1ebfn 47B"}}