{"Lat": {"0": 21.0279833333, "1": 21.028795000000002, "2": 21.0319333333, "3": 21.034438, "4": 21.0357833333, "5": 21.036583333299998, "6": 21.0367333333, "7": 21.037538, "8": 21.0401333333, "9": 21.0401333333, "10": 21.0424166667, "11": 21.0442, "12": 21.0458666667, "13": 21.04745, "14": 21.0496333333, "15": 21.052198999999998, "16": 21.0548666667, "17": 21.05805, "18": 21.0624166667, "19": 21.064997, "20": 21.0667333333, "21": 21.0696, "22": 21.072582999999998, "23": 21.0753, "24": 21.076767, "25": 21.079063, "26": 21.08025, "27": 21.082971, "28": 21.0852, "29": 21.08605, "30": 21.0853, "31": 21.086026999999998, "32": 21.086382999999998, "33": 21.085182999999997, "34": 21.0857333333, "35": 21.086952, "36": 21.08795, "37": 21.092302, "38": 21.09375, "39": 21.0974, "40": 21.101682999999998, "41": 21.1029833333, "42": 21.1045833333, "43": 21.10595, "44": 21.109417, "45": 21.1189333333, "46": 21.124274, "47": 21.130817, "48": 21.1304333333}, "BusStopCode": {"0": 1698, "1": 62, "2": 4054, "3": 60, "4": 65, "5": 2111, "6": 2112, "7": 244, "8": 4185, "9": 4185, "10": 1049, "11": 1050, "12": 1051, "13": 1052, "14": 1053, "15": 1054, "16": 1041, "17": 1414, "18": 1415, "19": 1416, "20": 1417, "21": 1418, "22": 1419, "23": 1420, "24": 1421, "25": 1422, "26": 1423, "27": 1424, "28": 1425, "29": 1426, "30": 2859, "31": 1427, "32": 1428, "33": 1429, "34": 1430, "35": 2860, "36": 1431, "37": 1432, "38": 1433, "39": 1434, "40": 2669, "41": 1435, "42": 1436, "43": 1437, "44": 1438, "45": 1439, "46": 1440, "47": 1441, "48": 1787}, "FleetOver": {"0": "20B", "1": "09,09CT,105,20A,20B,26,27,28,32,34,38", "2": "07,16,20A,20B,26,27,28,32,34,49", "3": "16,20A,20B,26,27,28,32,34,49", "4": "16,20A,20B,26,32,34,49", "5": "16,20A,20B,26,32,34,49", "6": "16,20A,20B,26,32,34,49", "7": "20A,20B,29,32", "8": "05,13,20A,20B,29,32", "9": "05,13,20A,20B,29,32", "10": "20A,20B,29,32", "11": "20A,20B,29,32", "12": "20A,20B,29,32", "13": "20A,20B,29,32,57", "14": "20A,20B,29,32,57", "15": "20A,20B,20C,29,32,57,92", "16": "20A,20B,29,92", "17": "20A,20B,29,92", "18": "20A,20B,29,92", "19": "20A,20B,29,92", "20": "20A,20B,29,92", "21": "20A,20B,29,92", "22": "20A,20B,92", "23": "20A,20B,92", "24": "20A,20B,92", "25": "20A,20B,92", "26": "20A,20B,92", "27": "20A,20B,92", "28": "20B,92", "29": "20B,92", "30": "20B,92", "31": "20B,92", "32": "20B,92", "33": "20B,92", "34": "20B,92", "35": "20B,92", "36": "20B,92", "37": "20B,92", "38": "20B,92", "39": "20B,92", "40": "20B,92", "41": "20B,89,92", "42": "20B,89,92", "43": "20B,89,92", "44": "20B,89,92", "45": "20B,89,92", "46": "20B,89,92", "47": "20B,89,92", "48": "20B"}, "Lng": {"0": 105.805516667, "1": 105.803723, "2": 105.79955, "3": 105.796241, "4": 105.79188333299999, "5": 105.78843333299999, "6": 105.784066667, "7": 105.77531499999999, "8": 105.766483333, "9": 105.766483333, "10": 105.759616667, "11": 105.754916667, "12": 105.75051666700001, "13": 105.74663333299999, "14": 105.74101666700001, "15": 105.736056, "16": 105.732166667, "17": 105.72741666700001, "18": 105.72105, "19": 105.71675, "20": 105.71368333299999, "21": 105.70841666700001, "22": 105.703033, "23": 105.69796699999999, "24": 105.695218, "25": 105.68855, "26": 105.683416667, "27": 105.673667, "28": 105.66831666700001, "29": 105.66223333299999, "30": 105.65745, "31": 105.65371699999999, "32": 105.63451699999999, "33": 105.624233, "34": 105.61511666700001, "35": 105.60523899999998, "36": 105.5987, "37": 105.582329, "38": 105.57831666700001, "39": 105.56758333299999, "40": 105.555333, "41": 105.551066667, "42": 105.54445, "43": 105.54073333299999, "44": 105.534667, "45": 105.525516667, "46": 105.51988600000001, "47": 105.51295, "48": 105.50896666700001}, "Name": {"0": "(A) C\u1ea7u Gi\u1ea5y - Tuy\u1ebfn 20B", "1": "\u0110i\u1ec3m trung chuy\u1ec3n C\u1ea7u Gi\u1ea5y - Th\u1ee7 L\u1ec7 02", "2": "S\u1ed1 112 C\u1ea7u Gi\u1ea5y", "3": "250-252 C\u1ea7u Gi\u1ea5y", "4": "370 C\u1ea7u Gi\u1ea5y", "5": "H\u1ecdc vi\u1ec7n B\u00e1o ch\u00ed v\u00e0 Tuy\u00ean truy\u1ec1n - 36 Xu\u00e2n Th\u1ee7y", "6": "G\u1ea7n nh\u00e0 s\u00e1ch S\u01b0 ph\u1ea1m (\u0110\u1ea1i h\u1ecdc S\u01b0 ph\u1ea1m H\u00e0 N\u1ed9i) - 136 Xu\u00e2n Th\u1ee7y", "7": "\u0110\u1ed1i di\u1ec7n \u0110H Th\u01b0\u01a1ng M\u1ea1i - 6 H\u1ed3 T\u00f9ng M\u1eadu (c\u1ed9t tr\u01b0\u1edbc)", "8": "202 H\u1ed3 T\u00f9ng M\u1eadu", "9": "202 H\u1ed3 T\u00f9ng M\u1eadu", "10": "Trung t\u00e2m ki\u1ec3m \u0111\u1ecbnh xe m\u00e1y qu\u00e2n s\u1ef1 (C\u1ea7u Di\u1ec5n) - \u0110\u01b0\u1eddng 32", "11": "C\u1ea1nh Trung \u0111o\u00e0n th\u00f4ng tin 21(C\u1eeda h\u00e0ng D\u1ea7u b\u00f3ng Pupe C\u1ea7u Di\u1ec5n) - \u0110\u01b0\u1eddng 32", "12": "135 T\u1ed5 3 (\u0110\u1ed1i di\u1ec7n tr\u01b0\u1eddng m\u1ea7m non Sao Mai - Ki\u1ec1u Mai) - \u0110\u01b0\u1eddng 32", "13": "\u0110\u1ed1i di\u1ec7n Cty CP ch\u1ebf t\u1ea1o \u0111i\u1ec7n c\u01a1 H\u00e0 N\u1ed9i - \u0110\u01b0\u1eddng 32", "14": "\u0110\u00ecnh v\u00e0 Mi\u1ebfu \u0110\u1ed3ng C\u1ed5 (Th\u00f4n Nguy\u00ean X\u00e1) - \u0110\u01b0\u1eddng 32", "15": "\u0110i\u1ec3m trung chuy\u1ec3n Nh\u1ed5n (c\u1ed9t sau) - Tr\u01b0\u1eddng \u0110\u1ea1i h\u1ecdc c\u00f4ng nghi\u1ec7p H\u00e0 N\u1ed9i - \u0110\u01b0\u1eddng 32", "16": "22 ph\u1ed1 Nh\u1ed5n", "17": "C\u00f4ng ty CP x\u00e2y d\u1ef1ng Th\u0103ng Long - Qu\u1ed1c l\u1ed9 32", "18": "\u0110\u1ea1i h\u1ecdc Th\u00e0nh \u0110\u00f4 - Qu\u1ed1c l\u1ed9 32", "19": "\u0110\u1ed1i di\u1ec7n K\u0110T Kim Chung - Di Tr\u1ea1ch", "20": "Qua l\u1ed1i r\u1ebd HV Khoa h\u1ecdc Qu\u00e2n S\u1ef1 - Qu\u1ed1c l\u1ed9 32", "21": "B\u01b0u \u0111i\u1ec7n Ho\u00e0i \u0110\u1ee9c - Qu\u1ed1c l\u1ed9 32", "22": "Khu \u0111\u00f4 th\u1ecb T\u00e2n T\u00e2y \u0110\u00f4", "23": "Tr\u01b0\u1eddng THPT B\u00ecnh Minh - Qu\u1ed1c l\u1ed9 32", "24": "XN thu\u1ed1c th\u00fa y Trung \u01b0\u01a1ng (\u0110\u1ee9c Th\u01b0\u1ee3ng Ho\u00e0i \u0110\u1ee9c) - Qu\u1ed1c l\u1ed9 32", "25": "\u0110\u1ed1i di\u1ec7n XN May M\u1ef9 Anh (X\u00e3 \u0110\u1ee9c Ph\u01b0\u1ee3ng) \u2013 Qu\u1ed1c l\u1ed9 32", "26": "\u0110\u1ed1i di\u1ec7n \u0111\u01b0\u1eddng v\u00e0o Ch\u00f9a Di\u00ean Ph\u00fac (C\u1ea1nh Th\u1ea1ch Th\u1ea3o Lisa) - Qu\u1ed1c l\u1ed9 32", "27": "Tr\u1ea1m th\u00fa y \u0110an Ph\u01b0\u1ee3ng", "28": "34-36 Phan \u0110\u00ecnh Ph\u00f9ng (Th\u1ecb tr\u1ea5n Ph\u00f9ng) - Qu\u1ed1c l\u1ed9 32 ", "29": "\u0110\u1ed1i di\u1ec7n C\u00f4ng an Th\u1ecb tr\u1ea5n Ph\u00f9ng - Qu\u1ed1c l\u1ed9 32 (C\u1ecdc ti\u00eau H6/21)", "30": "Qua 30m tr\u01b0\u1eddng THCS L\u01b0\u01a1ng Th\u1ebf Vinh th\u1ecb tr\u1ea5n Ph\u00f9ng, Km 22+100 Qu\u1ed1c l\u1ed9 32", "31": "Vi\u1ec7n nghi\u00ean c\u1ee9u ng\u00f4 Qu\u1ed1c Gia - Qu\u1ed1c l\u1ed9 32 (C\u1ecdc ti\u00eau H2/22)", "32": "G\u1ea7n \u0111\u01b0\u1eddng v\u00e0o th\u00f4n Ngo\u1ea1i x\u00e3 Tam Thu\u1ea5n 50m - Qu\u1ed1c l\u1ed9 32", "33": "G\u1ea7n d\u1ed1c Quai Ch\u00e8 x\u00e3 Tam Hi\u1ec7p 70m - Qu\u1ed1c l\u1ed9 32", "34": "Qua \u0111\u01b0\u1eddng v\u00e0o Khu sinh th\u00e1i C\u1ea9m \u0110\u00ecnh Hi\u1ec7p Thu\u1eadn 100n - Qu\u1ed1c l\u1ed9 32", "35": "Ph\u00f2ng kh\u00e1m \u0111a khoa khu v\u1ef1c Ng\u1ecdc T\u1ea3o", "36": "Qua \u0111\u01b0\u1eddng v\u00e0o ch\u1ee3 Ng\u1ecdc T\u1ea3o - Qu\u1ed1c l\u1ed9 32", "37": "Tr\u01b0\u1eddng THCS Ph\u1ee5ng Th\u01b0\u1ee3ng - Qu\u1ed1c l\u1ed9 32", "38": "\u0110\u1ed1i di\u1ec7n c\u00e2y x\u0103ng x\u00e3 Ph\u1ee5ng Th\u01b0\u1ee3ng - Qu\u1ed1c l\u1ed9 32", "39": "\u0110\u1ed1i di\u1ec7n c\u1eeda h\u00e0ng \u0111\u1ed3 g\u1ed7 Ch\u00fac Hi\u1ec1n - Ph\u1ed1 Qu\u1ea1t x\u00e3 \u0110\u1ea1i \u0110\u1ed3ng - Qu\u1ed1c l\u1ed9 32", "40": "B\u1ec7nh vi\u1ec7n \u0110a khoa Ph\u00fac Th\u1ecd", "41": "\u0110\u1ed1i di\u1ec7n C\u00f4ng an huy\u1ec7n Ph\u00fac Th\u1ecd - Qu\u1ed1c l\u1ed9 32", "42": "Tr\u1ea1m y t\u1ebf th\u1ecb tr\u1ea5n Ph\u00fac Th\u1ecd", "43": "\u0110\u1ed1i di\u1ec7n hi\u1ec7u s\u00e1ch nh\u00e2n d\u00e2n Ph\u00fac Th\u1ecd - Qu\u1ed1c l\u1ed9 32",