{"Lat": {"0": 20.69615, "1": 20.702066666700002, "2": 20.70905, "3": 20.7146166667, "4": 20.72135, "5": 20.731716666700002, "6": 20.7368666667, "7": 20.741633333299998, "8": 20.74625, "9": 20.752983333299998, "10": 20.7627666667, "11": 20.76905, "12": 20.7737333333, "13": 20.7854, "14": 20.79635, "15": 20.8061166667, "16": 20.8228833333, "17": 20.8301166667, "18": 20.8426166667, "19": 20.8537666667, "20": 20.8645666667, "21": 20.8704666667, "22": 20.8762166667, "23": 20.8793, "24": 20.886983333299998, "25": 20.894033333299998, "26": 20.9019833333, "27": 20.90755, "28": 20.9112333333, "29": 20.9186, "30": 20.922933333299998, "31": 20.9267166667, "32": 20.931938, "33": 20.93545, "34": 20.939083333299997, "35": 20.94415, "36": 20.947, "37": 20.951628, "38": 20.9556, "39": 20.9579, "40": 20.9647666667, "41": 20.971045999999998, "42": 20.97995}, "BusStopCode": {"0": 1755, "1": 3083, "2": 3084, "3": 3085, "4": 1252, "5": 1253, "6": 1254, "7": 4260, "8": 1255, "9": 1256, "10": 1257, "11": 1258, "12": 1259, "13": 1260, "14": 1261, "15": 1262, "16": 1263, "17": 1264, "18": 1265, "19": 1266, "20": 1267, "21": 1268, "22": 1223, "23": 1270, "24": 1271, "25": 1272, "26": 1273, "27": 1274, "28": 1275, "29": 1276, "30": 1277, "31": 439, "32": 440, "33": 441, "34": 442, "35": 443, "36": 444, "37": 445, "38": 446, "39": 447, "40": 3287, "41": 165, "42": 1679}, "FleetOver": {"0": "06A", "1": "06A,101", "2": "06A,101", "3": "06A,101", "4": "06A,101,108", "5": "06A,101,108", "6": "06A,101,108", "7": "06A,101,108", "8": "06A,101,108", "9": "06A,06D,101,108", "10": "06A,06D,101,108", "11": "06A,06D,101,108", "12": "06A,06C,06D,101,108", "13": "06A,06C,06D,101,108", "14": "06A,06C,06D,101,108", "15": "06A,06C,06D,06E,101,108", "16": "06A,06C,06D,06E,101,108", "17": "06A,06C,06D,06E,101,108", "18": "06A,06C,06D,06E,101,108", "19": "06A,06C,06D,06E,101,108", "20": "06A,06C,06D,06E,101", "21": "06A,06C,06D,06E,101,62,94", "22": "06A,06B,06C,06D,06E,101,62,94", "23": "06A,06B,06C,06D,06E,101,62,94", "24": "06A,06B,06C,06D,06E,101,62,94", "25": "06A,06B,06C,06D,06E,101,62,94", "26": "06A,06B,06C,06D,06E,101,62,94", "27": "06A,06B,06C,06D,06E,101,62,94", "28": "06A,06B,06C,06D,06E,101,62,94", "29": "06A,06B,06C,06D,06E,101,62,94", "30": "06A,06B,06C,06D,06E,101,62,94", "31": "06A,06B,06C,06D,06E,08A,08ACT,101,12,62,94", "32": "06A,06B,06C,06D,06E,08A,08ACT,101,12,62,94", "33": "06A,06B,06C,06D,06E,08A,08ACT,101,12,62,94", "34": "06A,06B,06C,06D,06E,08A,08ACT,101,12,62,94", "35": "06A,06B,06C,06D,06E,08A,08ACT,101,12,39,94", "36": "06A,06B,06C,06D,06E,08A,08ACT,101,12,39,94", "37": "06A,06B,06C,06D,06E,08A,08ACT,101,12,94", "38": "06A,06B,06C,06D,06E,08A,08ACT,101,12,94", "39": "06A,06B,06C,06D,06E,08A,08ACT,101,12,60A,94,99", "40": "06A,06B,06C,06D,06E,08A,08B,08BCT,106,12,21B,37,60A,94,99", "41": "03B,06A,06B,06C,06D,06E,08A,08ACT,08B,08BCT,101,106,12,16,21B,22C,29,36,36CT,37,94", "42": "06A"}, "Lng": {"0": 105.910467, "1": 105.91053333299999, "2": 105.9108, "3": 105.910766667, "4": 105.91185, "5": 105.912433333, "6": 105.9132, "7": 105.913416667, "8": 105.91185, "9": 105.911516667, "10": 105.90891666700001, "11": 105.90363333299999, "12": 105.898833333, "13": 105.892383333, "14": 105.8871, "15": 105.88398333299999, "16": 105.88225, "17": 105.878133333, "18": 105.8729, "19": 105.87035, "20": 105.86675, "21": 105.864883333, "22": 105.86251666700001, "23": 105.86081666700001, "24": 105.85821666700001, "25": 105.855983333, "26": 105.85363333299999, "27": 105.85273333299999, "28": 105.85255, "29": 105.85241666700001, "30": 105.85175, "31": 105.849566667, "32": 105.84730800000001, "33": 105.84595, "34": 105.8445, "35": 105.84456666700001, "36": 105.844466667, "37": 105.84413799999999, "38": 105.84338333299999, "39": 105.84291666700001, "40": 105.84211666700001, "41": 105.84128, "42": 105.841617}, "Name": {"0": "(B) C\u1ea7u Gi\u1ebd - Tuy\u1ebfn 06", "1": "X\u00f3m M\u1edbi, th\u00f4n C\u1ed5 Trai (tr\u01b0\u1edbc 20m c\u1ed9t \u0111i\u1ec7n 09 - \u0110X 10)- Qu\u1ed1c l\u1ed9 1", "2": "Ng\u00e3 3 Th\u01b0\u1ee3ng Y\u00ean (qua 50m \u0111\u1ed1i di\u1ec7n \u0111\u01b0\u1eddng v\u00e0o th\u00f4n Th\u01b0\u1ee3ng Y\u00ean) - Qu\u1ed1c l\u1ed9 1", "3": "Th\u00f4n Ki\u1ec1u \u0110o\u00e0i - Qu\u1ed1c l\u1ed9 1", "4": "Ph\u1ed1 Gu\u1ed9t (C\u1eeda h\u00e0ng b\u00e1nh k\u1eb9o Huy\u1ec1n T\u01b0\u1eddng) - Qu\u1ed1c L\u1ed9 1A", "5": "\u0110\u1ea1i l\u00fd b\u1ebfp ga Ho\u00e0ng Hi\u1ec7p - Ch\u1ee3 L\u1ecbm - Qu\u1ed1c L\u1ed9 1A", "6": "\u0110\u1ed1i di\u1ec7n Ga Ph\u00fa Xuy\u00ean (Tr\u01b0\u1eddng Ph\u00fa Xuy\u00ean A)- Km 208+500 - Qu\u1ed1c L\u1ed9 1A", "7": "Tr\u01b0\u1edbc 30m l\u1ed1i v\u00e0o C\u00f4ng ty \u0111i\u1ec7n l\u1ef1c Ph\u00fa Xuy\u00ean - Qu\u1ed1c l\u1ed9 1A", "8": "Nha khoa th\u1ea9m m\u1ef9 Ho\u00e0ng Anh - Qu\u1ed1c L\u1ed9 1A", "9": "\u0110\u1ed1i di\u1ec7n n\u1ed9i th\u1ea5t Duy H\u01b0ng - Ph\u1ed1 S\u1ed5 - Qu\u1ed1c L\u1ed9 1A", "10": "\u0110\u00ecnh L\u0103ng Kh\u00f4n - Qu\u1ed1c L\u1ed9 1A", "11": "C\u1eeda h\u00e0ng Tr\u01b0\u1eddng Hoa - Qu\u1ed1c L\u1ed9 1A", "12": "C\u1eeda h\u00e0ng \u0111\u1ed3 g\u1ed7 Ph\u1ea5n Th\u1ee7y - g\u1ea7n c\u1ea7u \u0110\u1ed7 X\u00e1 - Qu\u1ed1c l\u1ed9 1A", "13": "C\u00e1ch \u0111\u00ecnh Ngu\u1ed9n 70m - Qu\u1ed1c L\u1ed9 1A", "14": "\u0110\u1ed1i di\u1ec7n c\u1eeda h\u00e0ng Nokia (\u0110inh X\u00e1 - V\u0103n T\u1ef1 - Th\u01b0\u1eddng T\u00edn) - Qu\u1ed1c L\u1ed9 1A", "15": "C\u1eeda h\u00e0ng v\u00e0ng b\u1ea1c Loan L\u1ef1u - Qu\u1ed1c L\u1ed9 1A", "16": "C\u1eeda h\u00e0ng b\u00ecnh n\u01b0\u1edbc n\u00f3ng si\u00eau t\u1ed1c - Qu\u1ed1c L\u1ed9 1A", "17": "C\u1eeda h\u00e0ng Nokia Ch\u1ee3 C\u1ea7u - Qu\u1ed1c L\u1ed9 1A", "18": "C\u1eeda h\u00e0ng Thanh H\u01b0\u1edfng (\u0110\u1ea1m - L\u00e2n - Kali) - Qu\u1ed1c L\u1ed9 1A", "19": "C\u00e1ch c\u00f4ng ty PTXD Ho\u00e0ng Long 50m - Qu\u1ed1c L\u1ed9 1A", "20": "BX Th\u01b0\u1eddng T\u00edn - Qu\u1ed1c L\u1ed9 1A", "21": "\u0110\u1ed1i di\u1ec7n V\u0103n ph\u00f2ng Lu\u1eadt s\u01b0 VLAW - s\u1ed1 13 ph\u1ed1 Ga, th\u1ecb tr\u1ea5n Th\u01b0\u1eddng T\u00edn - Qu\u1ed1c L\u1ed9 1A", "22": "\u0110\u1ed1i di\u1ec7n 83 Ph\u1ed1 Ga, th\u1ecb tr\u1ea5n Th\u01b0\u1eddng T\u00edn - Km 191+950 Qu\u1ed1c L\u1ed9 1A", "23": "\u0110\u1ed1i di\u1ec7n Tr\u1ea1m bi\u1ebfn \u00e1p 500KV- Km 191+470 Qu\u1ed1c L\u1ed9 1A", "24": "\u0110\u00ecnh L\u00e0ng V\u0103n Gi\u00e1p - Km 190+550 Qu\u1ed1c L\u1ed9 1A", "25": "\u0110\u1ed1i di\u1ec7n \u0111\u01b0\u1eddng v\u00e0o L\u00e0ng ngh\u1ec1 ti\u1ec7n Nh\u1ecb Kh\u00ea - Km 189+730 Qu\u1ed1c L\u1ed9 1A", "26": "\u0110\u1ed1i di\u1ec7n t\u1eadp th\u1ec3 C\u00f4ng ty 810 - Km 188+650 Qu\u1ed1c L\u1ed9 1A", "27": "C\u00e1ch \u0111\u01b0\u1eddng v\u00e0o \u0110\u00ecnh L\u00e0ng Y\u00ean Ph\u00fa 150m(Chi\u1ec1u Th\u01b0\u1eddng T\u00edn - Ga HN) - Qu\u1ed1c l\u1ed9 1A", "28": "C\u00e1ch \u0111\u01b0\u1eddng v\u00e0o UBND x\u00e3 Li\u00ean Ninh 50m - Km 187+800 Qu\u1ed1c L\u1ed9 1A", "29": "\u0110\u1ed1i di\u1ec7n C\u1ee5m CN Ng\u1ecdc H\u1ed3i - Km 186+850 Qu\u1ed1c l\u1ed9 1A", "30": "C\u1eeda h\u00e0ng S\u01a1n Lucky house - Km 186+450 Qu\u1ed1c L\u1ed9 1A", "31": "C\u00f4ng ty c\u00f4ng tr\u00ecnh giao th\u00f4ng 124 (Km 12 + 500 Qu\u1ed1c l\u1ed9 1A) - Ng\u1ecdc H\u1ed3i", "32": "C\u00f4ng ty 17 L\u1eef \u0111o\u00e0n 17 Binh \u0111o\u00e0n 12 - Ng\u1ecdc H\u1ed3i", "33": "Qua ng\u00e3 3 \u0111\u01b0\u1eddng Qu\u1ef3nh \u0110\u00f4 - Ng\u1ecdc H\u1ed3i", "34": "\u0110\u1ed1i di\u1ec7n Khu t\u1eadp th\u1ec3 LIC\u00d4LA - Ng\u1ecdc H\u1ed3i", "35": "449 - 451 Ng\u1ecdc H\u1ed3i", "36": "373 Ng\u1ecdc H\u1ed3i", "37": "TCT c\u01a1 \u0111i\u1ec7n n\u00f4ng nghi\u1ec7p & Th\u1ee7y l\u1ee3i (V\u0103n \u0110i\u1ec3n) - Ng\u1ecdc H\u1ed3i", "38": "\u0110\u1ed1i di\u1ec7n 184 Ng\u1ecdc H\u1ed3i", "39": "C\u00f4ng ty bi\u1ebfn th\u1ebf ABB - Ng\u1ecdc H\u1ed3i", "40": "B\u1ebfn xe N\u01b0\u1edbc Ng\u1ea7m", "41": "\u0110\u1ed1i di\u1ec7n Tr\u1ee5 s\u1edf C\u00f4ng an Ph\u01b0\u1eddng Ho\u00e0ng Li\u1ec7t- 1277 Gi\u1ea3i Ph\u00f3ng",