{"Lat": {"0": 21.0431833333, "1": 21.0414333333, "2": 21.0423833333, "3": 21.045683333299998, "4": 21.047071, "5": 21.048514, "6": 21.05225, "7": 21.05885, "8": 21.0846, "9": 21.0917, "10": 21.0963, "11": 21.1023666667, "12": 21.1026666667, "13": 21.102733333299998, "14": 21.107, "15": 21.111833333299998, "16": 21.116433333299998, "17": 21.1257166667, "18": 21.1338166667, "19": 21.1376333333, "20": 21.138, "21": 21.139397, "22": 21.14341, "23": 21.1500166667, "24": 21.1544833333, "25": 21.1599166667, "26": 21.1646333333, "27": 21.167716666700002, "28": 21.1694333333, "29": 21.1728166667, "30": 21.1732833333, "31": 21.1756333333}, "BusStopCode": {"0": 3395, "1": 865, "2": 555, "3": 556, "4": 557, "5": 3416, "6": 559, "7": 3396, "8": 3397, "9": 3398, "10": 3399, "11": 3400, "12": 1409, "13": 3401, "14": 3402, "15": 3403, "16": 3404, "17": 3405, "18": 3406, "19": 3364, "20": 877, "21": 878, "22": 3407, "23": 3408, "24": 3409, "25": 3410, "26": 3411, "27": 3412, "28": 3413, "29": 3414, "30": 3415, "31": 3374}, "FleetOver": {"0": "65", "1": "04,08A,08ACT,08B,08BCT,36,36CT,55,55B,65,86,86CT", "2": "03,100,10A,17,34,43,48,54,65", "3": "01,03,100,10A,10B,17,22A,34,42,43,48,54,65", "4": "10A,10B,17,42,43,48,54,65", "5": "10A,10B,17,42,43,48,54,65", "6": "10A,10B,11,15,17,42,43,48,54,65", "7": "65", "8": "65", "9": "65", "10": "65", "11": "65", "12": "15,17,43,46,59,65", "13": "65", "14": "65", "15": "65", "16": "65", "17": "65", "18": "65", "19": "61,65", "20": "43,53A,59,61,65", "21": "43,53A,59,61,65", "22": "65", "23": "65", "24": "65", "25": "65", "26": "65", "27": "65", "28": "65", "29": "65", "30": "65", "31": "65"}, "Lng": {"0": 105.847816667, "1": 105.84925, "2": 105.87076666700001, "3": 105.875983333, "4": 105.87885, "5": 105.88176499999999, "6": 105.88600000000001, "7": 105.88425, "8": 105.8724, "9": 105.8677, "10": 105.867083333, "11": 105.86903333299999, "12": 105.871866667, "13": 105.88558333299999, "14": 105.886333333, "15": 105.8918, "16": 105.890633333, "17": 105.882566667, "18": 105.87326666700001, "19": 105.86821666700001, "20": 105.85905, "21": 105.85441100000001, "22": 105.855822, "23": 105.86033333299999, "24": 105.862016667, "25": 105.86385, "26": 105.86593333299999, "27": 105.87153333299999, "28": 105.879483333, "29": 105.891933333, "30": 105.898766667, "31": 105.90578333299999}, "Name": {"0": "(B) Long Bi\u00ean - Tuy\u1ebfn 65", "1": "E3.4 \u0110i\u1ec3m trung chuy\u1ec3n Long Bi\u00ean", "2": "T\u1ed5ng c\u1ee5c H\u1ea3i Quan - 162 Nguy\u1ec5n V\u0103n C\u1eeb (c\u1ed9t sau)", "3": "358 - 360 Nguy\u1ec5n V\u0103n C\u1eeb", "4": "436 - 438 Nguy\u1ec5n V\u0103n C\u1eeb", "5": "S\u1ed1 548 Nguy\u1ec5n V\u0103n C\u1eeb", "6": "Ph\u00f2ng C\u00f4ng Ch\u1ee9ng s\u1ed1 2 TPHN - 654 Nguy\u1ec5n V\u0103n C\u1eeb", "7": "G\u1ea7n c\u1ea7u \u0110\u00f4ng Tr\u00f9 (v\u1ecbnh xe bu\u00fdt  tr\u01b0\u1edbc bi\u1ec3n r\u1ebd Ng\u1ecdc Th\u1ee5y) - QL5 k\u00e9o d\u00e0i", "8": "UBND x\u00e3 \u0110\u00f4ng H\u1ed9i - \u0111\u01b0\u1eddng \u0110\u00f4ng H\u1ed9i", "9": "95 ph\u1ed1 \u0110\u00f4ng H\u1ed9i", "10": "G\u1ea7n Tr\u01b0\u1eddng TPHT C\u1ed5 Loa - \u0111\u01b0\u1eddng \u0110\u00f4ng H\u1ed9i", "11": "Tr\u01b0\u1edbc n\u00fat giao QL3 25m - \u0111\u01b0\u1eddng \u0110\u00f4ng H\u1ed9i", "12": "G\u1ea7n \u0111\u01b0\u1eddng v\u00e0o Khu di t\u00edch C\u1ed5 Loa 150m - Km 5+50 Qu\u1ed1c l\u1ed9 3", "13": "Qua ng\u00e3 3 QL3 - D\u1ee5c T\u00fa 70m (\u0111\u1ed1i di\u1ec7n c\u00f4ng ty c\u01a1 kh\u00ed \u0110\u1ed3ng Th\u00e1p, c\u1ed9t \u0111i\u1ec7n LN2/26B), \u0111\u01b0\u1eddng D\u1ee5c T\u00fa", "14": "Qua c\u1ed5ng th\u00f4n L\u00fd Nh\u00e2n 100m, \u0111\u01b0\u1eddng D\u1ee5c T\u00fa", "15": "Qua x\u01b0\u1edfng Doanh nghi\u1ec7p t\u01b0 nh\u00e2n  Ph\u00fac L\u1ed9c 50m, \u0111\u01b0\u1eddng D\u1ee5c T\u00fa", "16": "Tr\u01b0\u1edbc ng\u00e3 3 c\u1ed5ng v\u00e0o th\u00f4n Ph\u00fac H\u1eadu 200m - Th\u00f4n Ph\u00fac H\u1eadu", "17": "Qua ng\u00e3 3 v\u00e0o th\u00f4n Gia L\u01b0\u01a1ng 70m", "18": "Qua ng\u00e3 3 D\u1ee5c N\u1ed9i 70m (t\u01b0\u1eddng r\u00e0o Nh\u00e0 m\u00e1y ch\u00e8 C\u1ed5 Loa), \u0111\u01b0\u1eddng Vi\u1ec7t H\u00f9ng", "19": "Qua ng\u00e3 4 Vi\u1ec7t H\u00f9ng, Cao L\u1ed7 300m - Cao L\u1ed7", "20": "S\u1ed1 25 - 27 Cao L\u1ed7", "21": "17-19 Ph\u1ed1 T\u00f3, Uy N\u1ed7 - Cao L\u1ed7", "22": "G\u1ea7n \u0111\u1ed1i di\u1ec7n tr\u01b0\u1eddng Ti\u1ec3u h\u1ecdc Uy N\u1ed7 100m", "23": "C\u00f4ng ty c\u1ed5 ph\u1ea7n Viglacera \u0110\u00f4ng Anh, \u0111\u01b0\u1eddng \u0110\u1ea3n D\u1ecb", "24": "\u0110\u1ed1i di\u1ec7n t\u1ed5 v\u0103n h\u00f3a 43 - 44, \u0111\u01b0\u1eddng \u0110\u1ea3n D\u1ecb", "25": "\u0110\u1ed1i di\u1ec7n t\u1ed5 v\u0103n h\u00f3a 46, \u0111\u01b0\u1eddng \u0110\u1ea3n D\u1ecb", "26": "X\u00f3m 3 Th\u00f4n L\u01b0\u01a1ng Quy, \u0111\u01b0\u1eddng \u0110\u1ea3n D\u1ecb", "27": "\u0110\u1ed1i di\u1ec7n c\u00e1ch 70m c\u1ed5ng \"L\u00e0ng v\u0103n h\u00f3a th\u00f4n \u0110\u01b0\u1eddng Y\u00ean\", \u0111\u01b0\u1eddng Th\u1ee5y L\u00e2m", "28": "Qua bi\u1ec3n b\u00e1o H\u00c0 L\u00c2M 200m", "29": "Tr\u01b0\u1eddng THCS, Ti\u1ec3u h\u1ecdc Th\u1ee5y L\u00e2m (c\u00e1ch c\u1ed5ng tr\u01b0\u1eddng 70m), \u0111\u01b0\u1eddng Th\u1ee5y L\u00e2m", "30": "Tr\u01b0\u1edbc ng\u00e3 3 giao Th\u01b0 L\u00e2m - Th\u1ee5y L\u00f4i 70m, \u0111\u01b0\u1eddng Th\u1ee5y L\u00e2m", "31": "(A) Th\u1ee5y L\u00e2m (\u0110\u00f4ng Anh) - Tuy\u1ebfn 65"}}