{"Lat": {"0": 21.0281, "1": 21.027151, "2": 21.0344, "3": 21.036516666700003, "4": 21.036351999999997, "5": 21.0325666667, "6": 21.026866666700002, "7": 21.0230666667, "8": 21.0179333333, "9": 21.01405, "10": 21.0124, "11": 21.0101, "12": 21.0079166667, "13": 21.003633333299998, "14": 21.0022, "15": 21.0003166667, "16": 20.998417, "17": 20.9931833333, "18": 20.9876, "19": 20.9842333333, "20": 20.9803833333, "21": 20.9762666667, "22": 20.9717833333, "23": 20.964876999999998, "24": 20.960063, "25": 20.96465}, "BusStopCode": {"0": 1744, "1": 578, "2": 580, "3": 2113, "4": 2114, "5": 58, "6": 138, "7": 139, "8": 140, "9": 141, "10": 142, "11": 143, "12": 144, "13": 145, "14": 811, "15": 812, "16": 815, "17": 159, "18": 160, "19": 161, "20": 162, "21": 163, "22": 164, "23": 429, "24": 430, "25": 1693}, "FleetOver": {"0": "16", "1": "103,16,21B,22B,29,30,33,34,44,46,53B,60A,60B,74,84,88", "2": "16,29,33,34,35A,46,53B,60A,60B,61,97", "3": "16,20A,20B,26,32,34,49", "4": "16,20A,20B,26,32,34,49", "5": "07,16,20A,20B,26,27,28,32,34,49", "6": "09,09CT,105,16,24", "7": "09,09CT,16,24", "8": "16,24", "9": "16,24,27,50,51", "10": "16,24,27,50,51", "11": "09,09CT,16,24,27,51,84", "12": "16,24,27,51", "13": "16,19,24,27,51", "14": "16,19,24", "15": "16,19,24", "16": "16,19,24", "17": "03,03B,08A,08ACT,08B,08BCT,16,21A,21B,25,28,32,41", "18": "03,03B,08A,08ACT,08B,08BCT,16,21A,21B,25,28,32,41", "19": "03,03B,08A,08ACT,08B,08BCT,12,16,21A,21B,25,28,32,41", "20": "03B,06A,06B,06C,06D,06E,08A,08ACT,08B,08BCT,106,12,16,21B,22C", "21": "03B,06A,06B,06C,06D,06E,08A,08ACT,08B,08BCT,101,106,12,16,21B,22C,29,36,36CT,37,94", "22": "03B,06A,06B,06C,06D,06E,08A,08ACT,08B,08BCT,101,106,12,16,21B,22C,29,36,36CT,37,94", "23": "03B,04,06A,06B,06C,06D,06E,08A,08ACT,101,106,12,16,37,60A,60B,94,99", "24": "03B,04,06A,06B,06C,06D,06E,08A,08ACT,101,106,12,16,37,48,60A,60B,94,99", "25": "16"}, "Lng": {"0": 105.7785, "1": 105.77920800000001, "2": 105.78043333299999, "3": 105.78431666700001, "4": 105.788399, "5": 105.7986, "6": 105.79886666700001, "7": 105.79931666700001, "8": 105.80285, "9": 105.806366667, "10": 105.80858333299999, "11": 105.81196666700001, "12": 105.81498333299999, "13": 105.81855, "14": 105.823066667, "15": 105.830266667, "16": 105.83826699999999, "17": 105.84108333299999, "18": 105.84095, "19": 105.840916667, "20": 105.84085, "21": 105.84078333299999, "22": 105.84076666700001, "23": 105.84183200000001, "24": 105.84218600000001, "25": 105.84255}, "Name": {"0": "(A) BX M\u1ef9 \u0110\u00ecnh - Tuy\u1ebfn 16", "1": "\u0110\u1ed1i di\u1ec7n B\u1ebfn xe kh\u00e1ch M\u1ef9 \u0110\u00ecnh - Ph\u1ea1m H\u00f9ng (c\u1ed9t tr\u01b0\u1edbc)", "2": "\u0110\u1ed1i di\u1ec7n B\u1ec7nh vi\u1ec7n \u0111a khoa y h\u1ecdc c\u1ed5 truy\u1ec1n - Ph\u1ea1m H\u00f9ng", "3": "S\u1ed1 197-199 Xu\u00e2n Th\u1ee7y (\u0110\u1ed1i di\u1ec7n \u0110\u1ea1i h\u1ecdc S\u01b0 ph\u1ea1m H\u00e0 N\u1ed9i)", "4": "S\u1ed1 79 Xu\u00e2n Th\u1ee7y (\u0110\u1ed1i di\u1ec7n H\u1ecdc vi\u1ec7n B\u00e1o ch\u00ed v\u00e0 Tuy\u00ean truy\u1ec1n)", "5": "165 C\u1ea7u Gi\u1ea5y - B\u01b0u \u0111i\u1ec7n C\u1ea7u Gi\u1ea5y", "6": "C\u1ea7u Y\u00ean H\u00f2a - \u0110\u1ed1i di\u1ec7n 1166 \u0111\u01b0\u1eddng L\u00e1ng", "7": "\u0110\u1ed1i di\u1ec7n 1014 \u0110\u01b0\u1eddng L\u00e1ng - C\u1ea7u C\u00f3t", "8": "\u0110\u1ed1i di\u1ec7n 794 \u0110\u01b0\u1eddng L\u00e1ng", "9": "\u0110\u1ed1i di\u1ec7n 608 \u0110\u01b0\u1eddng L\u00e1ng", "10": "\u0110\u1ed1i di\u1ec7n Ch\u1ee3 L\u00e1ng H\u1ea1 B - 564 \u0110\u01b0\u1eddng L\u00e1ng", "11": "\u0110\u1ed1i di\u1ec7n 498 \u0110\u01b0\u1eddng L\u00e1ng", "12": "\u0110\u1ed1i di\u1ec7n 310 \u0110\u01b0\u1eddng L\u00e1ng", "13": "Flatfom d\u00e0nh ri\u00eang cho xe bu\u00fdt tr\u01b0\u1edbc nh\u00e0 45 \u0110\u01b0\u1eddng L\u00e1ng", "14": "315 Tr\u01b0\u1eddng Chinh", "15": "\u0110\u1ed1i di\u1ec7n 196 Tr\u01b0\u1eddng Chinh", "16": "83A Tr\u01b0\u1eddng Chinh", "17": "196 Gi\u1ea3i Ph\u00f3ng - Ng\u00e2n h\u00e0ng N\u00f4ng nghi\u1ec7p & PTNT Chi nh\u00e1nh Nam H\u00e0 N\u1ed9i", "18": "352 Gi\u1ea3i Ph\u00f3ng", "19": "\u0110\u1ed1i di\u1ec7n 807 Gi\u1ea3i Ph\u00f3ng", "20": "\u0110\u1ed1i di\u1ec7n B\u1ebfn xe Gi\u00e1p B\u00e1t - Gi\u1ea3i Ph\u00f3ng", "21": "Ga Gi\u00e1p B\u00e1t - \u0110\u1ed1i di\u1ec7n 1035 Gi\u1ea3i Ph\u00f3ng", "22": "\u0110\u1ed1i di\u1ec7n 1251 Gi\u1ea3i Ph\u00f3ng", "23": "\u0110\u1ed1i di\u1ec7n T\u1eadp th\u1ec3 B\u1ebfn xe N\u01b0\u1edbc ng\u1ea7m H\u00e0 N\u1ed9i - Ng\u1ecdc H\u1ed3i", "24": "Tr\u01b0\u1eddng PTTH Vi\u1ec7t Nam Balan (\u0110\u1ed1i di\u1ec7n Kh\u00e1ch s\u1ea1n Nam Th\u00e0nh) - Ng\u1ecdc H\u1ed3i", "25": "(B) BX N\u01b0\u1edbc Ng\u1ea7m - Tuy\u1ebfn 16"}}