{"Lat": {"0": 21.031983333299998, "1": 21.0284166667, "2": 21.030818, "3": 21.02695, "4": 21.0222, "5": 21.018205, "6": 21.012416666700002, "7": 21.0101666667, "8": 21.00725, "9": 21.003159, "10": 21.004438, "11": 21.0056666667, "12": 21.0076, "13": 21.009142999999998, "14": 21.009969, "15": 21.0111666667, "16": 21.0116833333, "17": 21.011070999999998, "18": 21.010581, "19": 21.008136999999998, "20": 21.0054833333, "21": 21.004, "22": 21.0033333333, "23": 21.003624, "24": 21.004110999999998, "25": 21.00365, "26": 21.002921, "27": 21.001712, "28": 20.9993, "29": 20.993783333299998, "30": 20.9895, "31": 20.99035, "32": 20.9905833333, "33": 20.991, "34": 20.990916666700002, "35": 21.000383, "36": 21.008533, "37": 21.009672, "38": 21.0064333333, "39": 21.0000833333, "40": 20.9902833333, "41": 20.9898333333, "42": 20.98965, "43": 20.9917166667, "44": 20.9956833333, "45": 21.0101166667, "46": 21.0145833333, "47": 21.036844}, "BusStopCode": {"0": 4147, "1": 174, "2": 290, "3": 475, "4": 477, "5": 478, "6": 739, "7": 740, "8": 741, "9": 2085, "10": 2086, "11": 1958, "12": 1959, "13": 1960, "14": 1961, "15": 1962, "16": 1963, "17": 4148, "18": 1964, "19": 2655, "20": 1966, "21": 1967, "22": 2656, "23": 2657, "24": 1968, "25": 1969, "26": 1970, "27": 1971, "28": 1972, "29": 1973, "30": 1974, "31": 1975, "32": 1976, "33": 1977, "34": 1978, "35": 3689, "36": 3688, "37": 3687, "38": 4149, "39": 4150, "40": 4151, "41": 4152, "42": 4153, "43": 4154, "44": 4155, "45": 4156, "46": 4157, "47": 4158}, "FleetOver": {"0": "107", "1": "107,18,23,25,38,90", "2": "107,22A,25,32,34,38,90", "3": "107,12,22A,27", "4": "09,09CT,107,12,22A,26,27", "5": "09,09CT,107,12,22A,26,27,35A", "6": "105,107,22A,35A,50", "7": "105,107,22A,35A,50,60A,60B", "8": "107,35A,50,60A,60B", "9": "107,87", "10": "107,87", "11": "107,74,87,88", "12": "107,74,87,88", "13": "107,74,87,88", "14": "107,74,87,88", "15": "107,74,87,88", "16": "107,74,87,88", "17": "107,87,88", "18": "107,74,87,88", "19": "107,74,87,88", "20": "107,74,87,88", "21": "107,74,87,88", "22": "107,74,87,88", "23": "107,74,87,88", "24": "107,74,87,88", "25": "107,74,88,89", "26": "107,74,88", "27": "107,74,88", "28": "107,74,88", "29": "107,74,88", "30": "107,74,88", "31": "107,74,88", "32": "107,74,88", "33": "107,74,88", "34": "107,74,88", "35": "107,74", "36": "107,74", "37": "107,74", "38": "107", "39": "107", "40": "107", "41": "107", "42": "107", "43": "107", "44": "107", "45": "107", "46": "107", "47": "107"}, "Lng": {"0": 105.829733333, "1": 105.825466667, "2": 105.817857, "3": 105.811933333, "4": 105.809366667, "5": 105.807047, "6": 105.80136666700001, "7": 105.79876666700001, "8": 105.794816667, "9": 105.78071899999999, "10": 105.775948, "11": 105.77021666700001, "12": 105.75943333299999, "13": 105.75260300000001, "14": 105.74501799999999, "15": 105.72875, "16": 105.719383333, "17": 105.71366599999999, "18": 105.711003, "19": 105.70028, "20": 105.68586666700001, "21": 105.66796699999999, "22": 105.6574, "23": 105.650896, "24": 105.642326, "25": 105.63566666700001, "26": 105.629494, "27": 105.61017199999999, "28": 105.5952, "29": 105.58565, "30": 105.57285, "31": 105.5595, "32": 105.5561, "33": 105.54555, "34": 105.537933333, "35": 105.533367, "36": 105.530533, "37": 105.52460400000001, "38": 105.51833333299999, "39": 105.522016667, "40": 105.51625, "41": 105.5105, "42": 105.50405, "43": 105.494983333, "44": 105.48791666700001, "45": 105.46845, "46": 105.4635, "47": 105.454971}, "Name": {"0": "(A) Kim M\u00e3 (T\u00f2a nh\u00e0 PTA Kim M\u00e3) - Tuy\u1ebfn 107", "1": "B\u1ed9 Y T\u1ebf - 138A Gi\u1ea3ng V\u00f5", "2": "\u0110\u1ed1i di\u1ec7n 311 Kim M\u00e3 (G\u1ea7n ng\u00e3 4 Kim M\u00e3 - V\u1ea1n B\u1ea3o)", "3": "H\u1ed3 Ng\u1ecdc Kh\u00e1nh - \u0110\u1ed1i di\u1ec7n 37 Nguy\u1ec5n Ch\u00ed Thanh", "4": "\u0110\u1ed1i di\u1ec7n \u0110\u1ea1i h\u1ecdc Lu\u1eadt H\u00e0 N\u1ed9i - Nguy\u1ec5n Ch\u00ed Thanh", "5": "Trung t\u00e2m y t\u1ebf d\u1ef1 ph\u00f2ng HN - 70 Nguy\u1ec5n Ch\u00ed Thanh", "6": "\u0110\u1ed1i di\u1ec7n Tr\u01b0\u1eddng \u0110\u1ea1i h\u1ecdc Lao \u0111\u1ed9ng & X\u00e3 H\u1ed9i - 48 Tr\u1ea7n Duy H\u01b0ng", "7": "\u0110\u1ed1i di\u1ec7n B\u1ed9 Khoa h\u1ecdc & C\u00f4ng ngh\u1ec7 - 146 Tr\u1ea7n Duy H\u01b0ng", "8": "220 Tr\u1ea7n Duy H\u01b0ng - C\u1ea1nh Si\u00eau th\u1ecb Big C", "9": "Ng\u00e3 3 Mi\u1ebfu \u0110\u1ea7m - \u0110\u1ea1i l\u1ed9 Th\u0103ng Long", "10": "Nh\u00e0 CT3A K\u0110T M\u1ec5 Tr\u00ec Th\u01b0\u1ee3ng - \u0110\u1ea1i l\u1ed9 Th\u0103ng Long", "11": "T\u01b0\u1eddng r\u00e0o s\u00e2n Golf M\u1ef9 \u0110\u00ecnh Pearl - \u0110\u1ea1i l\u1ed9 Th\u0103ng Long", "12": "X\u00f3m La, \u0110\u1ea1i M\u1ed7 - \u0110\u1ea1i l\u1ed9 Th\u0103ng Long", "13": "Qua \u0111\u1ed1i di\u1ec7n l\u1ed1i v\u00e0o THPT \u0110\u1ea1i M\u1ed7 - \u0110\u1ea1i l\u1ed9 Th\u0103ng Long", "14": "Tr\u1ee5 s\u1edf B\u1ed9 t\u01b0 l\u1ec7nh C\u1ea3nh s\u00e1t bi\u1ec3n - \u0110\u1ea1i l\u1ed9 Th\u0103ng Long", "15": "\u0110\u1ed1i di\u1ec7n Thi\u00ean \u0110\u01b0\u1eddng B\u1ea3o S\u01a1n - \u0110\u1ea1i l\u1ed9 Th\u0103ng Long", "16": "Qua l\u1ed1i r\u1ebd v\u00e0o UBND x\u00e3 An Kh\u00e1nh - \u0110\u1ea1i l\u1ed9 Th\u0103ng Long", "17": "\u0110\u00f4ng y d\u01b0\u1ee3c B\u1ea3o Long - \u0110\u1ea1i l\u1ed9 Th\u0103ng Long", "18": "Ch\u00f9a B\u00e0 - th\u00f4n Y\u00ean L\u0169ng, An Kh\u00e1nh - \u0110\u1ea1i l\u1ed9 Th\u0103ng Long", "19": "Tr\u01b0\u1edbc 50m l\u1ed1i v\u00e0o UBND huy\u1ec7n Ho\u00e0i \u0110\u1ee9c", "20": "C\u1ea7u v\u01b0\u1ee3t Song Ph\u01b0\u01a1ng - \u0110\u1ea1i l\u1ed9 Th\u0103ng Long", "21": "L\u00e0ng v\u0103n h\u00f3a th\u00f4n Quy\u1ebft Ti\u1ebfn (tr\u01b0\u1edbc 200m C\u1ea7u s\u00f4ng \u0110\u00e1y)", "22": "Ch\u00f9a S\u01a1n Trung, x\u00e3 Y\u00ean S\u01a1n", "23": "Ng\u00e3 3 Ch\u00f9a Th\u1ea7y, g\u1ea7n c\u1ea7u v\u01b0\u1ee3t S\u00e0i S\u01a1n", "24": "C\u1ea7u v\u01b0\u1ee3t Ho\u00e0ng X\u00e1 - c\u1ed9t m\u1ed1c H7/17 \u0110\u1ea1i l\u1ed9 Th\u0103ng Long", "25": "KCN Th\u1ea1ch Th\u1ea5t - \u0110\u1ea1i l\u1ed9 Th\u0103ng Long", "26": "Ng\u00e3 3 t\u1ec9nh l\u1ed9 419 - \u0110\u1ea1i l\u1ed9 Th\u0103ng Long - KCN Th\u1ea1ch Th\u1ea5t", "27": "Cty Sun House, x\u00e3 Ng\u1ecdc Li\u1ec7p - \u0110\u1ea1i l\u1ed9 Th\u0103ng Long", "28": "\u0110\u01b0\u1eddng v\u00e0o ch\u00f9a Kim Long - \u0110\u1ea1i l\u1ed9 Th\u0103ng Long", "29": "Th\u00f4n Li\u1ec7p Mai, x\u00e3 Ng\u1ecdc Li\u1ec7p - \u0110\u1ea1i l\u1ed9 Th\u0103ng Long", "30": "Th\u00f4n \u0110\u1ed3ng Kho, x\u00e3 \u0110\u1ed3ng Tr\u00fac - \u0110\u1ea1i l\u1ed9 Th\u0103ng Long", "31": "C\u1ea7u chui d\u00e2n sinh s\u1ed1 19 - \u0110\u1ea1i l\u1ed9 Th\u0103ng Long", "32": "Th\u00f4n \u0110\u1ed3i B\u00f4ng, x\u00e3 \u0110\u1ed3ng Tr\u00fac - \u0110\u1ea1i l\u1ed9 Th\u0103ng Long", "33": "Tr\u1ea1m 110KV Th\u1ea1ch Th\u1ea5t - \u0110\u1ea1i l\u1ed9 Th\u0103ng Long", "34": "\u0110\u01b0\u1eddng v\u00e0o KCN cao H\u00f2a L\u1ea1c - \u0110\u1ea1i l\u1ed9 Th\u0103ng Long", "35": "Tr\u01b0\u1eddng PTTH H\u00f2a L\u1ea1c", "36": "T\u00f2a Nh\u00e0 Viettel H\u00f2a L\u1ea1c", "37": "Tr\u01b0\u1edbc 50m \u0111\u01b0\u1eddng v\u00e0o tr\u01b0\u1eddng \u0110H FPT, H\u00f2a L\u1ea1c", "38": "C\u00f4ng ty TNHH X\u00e2y d\u1ef1ng Sungeun Plant - th\u00f4n 7 x\u00e3 Th\u1ea1ch H\u00f2a - QL21", "39": "C\u00f4ng ty CP d\u1ecbch v\u1ee5 b\u1ea3o v\u1ec7 KCN Cao H\u00f2a L\u1ea1c", "40": "Qua l\u1ed1i v\u00e0o \u0110\u1ea1i H\u1ecdc Qu\u1ed1c Gia H\u00e0 N\u1ed9i 150m (C\u1ed9t m\u1ed1c H9/0)", "41": "Nh\u00e0 h\u00e0ng 5 C\u1eeda \u00d4 - Th\u00f4n 6 x\u00e3 Th\u1ea1ch H\u00f2a", "42": "Qua 50m \u0111\u1ed1i di\u1ec7n \u0111\u01b0\u1eddng v\u00e0o th\u00f4n Tr\u1ea1i m\u1edbi x\u00e3 Ti\u1ebfn Xu\u00e2n", "43": "\u0110\u1ea1i l\u00fd s\u1eefa 379 Minh Nguy\u1ec7t - Th\u00f4n Nh\u00f2n x\u00e3 Ti\u1ebfn Xu\u00e2n", "44": "\u0110\u1ed1i di\u1ec7n Cty CP An Thinh Group - Th\u00f4n G\u00f2 M\u00e8 x\u00e3 Y\u00ean B\u00ecnh", "45": "Tr\u01b0\u1edbc Ng\u00e3 t\u01b0 Y\u00ean B\u00ecnh 50m",