{"Lat": {"0": 21.0172333333, "1": 21.017205, "2": 21.0182166667, "3": 21.021909, "4": 21.01945, "5": 21.018493, "6": 21.0221166667, "7": 21.028166666700002, "8": 21.031999999999996, "9": 21.0423833333, "10": 21.045683333299998, "11": 21.047071, "12": 21.048514, "13": 21.05225, "14": 21.056712, "15": 21.06125, "16": 21.0645166667, "17": 21.0684166667, "18": 21.074547, "19": 21.079559, "20": 21.08035, "21": 21.0879666667, "22": 21.092883333299998, "23": 21.100635, "24": 21.102733333299998, "25": 21.102933333299998, "26": 21.10434, "27": 21.1097333333, "28": 21.120483333299997, "29": 21.1272833333, "30": 21.1328666667, "31": 21.1397333333, "32": 21.1408833333, "33": 21.139666666700002, "34": 21.13785, "35": 21.1373833333}, "BusStopCode": {"0": 3427, "1": 767, "2": 641, "3": 750, "4": 752, "5": 753, "6": 764, "7": 777, "8": 778, "9": 555, "10": 556, "11": 557, "12": 3416, "13": 559, "14": 420, "15": 421, "16": 422, "17": 423, "18": 424, "19": 196, "20": 1340, "21": 1341, "22": 1342, "23": 1343, "24": 1344, "25": 1345, "26": 1346, "27": 1347, "28": 1348, "29": 1351, "30": 1349, "31": 1352, "32": 874, "33": 875, "34": 876, "35": 3428}, "FleetOver": {"0": "43", "1": "09,09CT,11,30,40,43,52A,52B", "2": "09,09CT,11,38,40,43", "3": "03,11,38,43", "4": "03,23,43", "5": "03,40,42,43,44,45", "6": "03,19,24,42,43,44,48,51,55,55B", "7": "03,24,42,43,48,55,55B", "8": "03,24,42,43,48,55,55B", "9": "03,100,10A,17,34,43,48,54,65", "10": "01,03,100,10A,10B,17,22A,34,42,43,48,54,65", "11": "10A,10B,17,42,43,48,54,65", "12": "10A,10B,17,42,43,48,54,65", "13": "10A,10B,11,15,17,42,43,48,54,65", "14": "10A,10B,15,17,42,43,54", "15": "10A,10B,15,17,42,43,54", "16": "10A,10B,15,17,43,54,98", "17": "10A,10B,15,17,43,54,98", "18": "10A,10B,15,17,43,54,59", "19": "10A,10B,15,17,43,54,59", "20": "15,17,43,59", "21": "15,17,43,59", "22": "15,17,43,59", "23": "15,17,43,59,65", "24": "15,17,43,46,59,65", "25": "15,17,43,46,59", "26": "15,17,43,46,59", "27": "15,17,43,46,59", "28": "15,17,43,46,59", "29": "15,17,43,59", "30": "15,17,43,59", "31": "15,17,43,59", "32": "43,53A,59,61", "33": "43,53A,59,61,65", "34": "43,53A,59,61,65", "35": "43"}, "Lng": {"0": 105.84385, "1": 105.84496100000001, "2": 105.847366667, "3": 105.84896, "4": 105.85743333299999, "5": 105.860813, "6": 105.861483333, "7": 105.85833333299999, "8": 105.85643300000001, "9": 105.87076666700001, "10": 105.875983333, "11": 105.87885, "12": 105.88176499999999, "13": 105.88600000000001, "14": 105.889698, "15": 105.89406699999999, "16": 105.89725, "17": 105.900983333, "18": 105.90704099999999, "19": 105.91156200000002, "20": 105.90641699999999, "21": 105.902966667, "22": 105.894466667, "23": 105.88425900000001, "24": 105.87241666700001, "25": 105.864983333, "26": 105.85715900000001, "27": 105.84945, "28": 105.84515, "29": 105.843883333, "30": 105.84363333299999, "31": 105.84461666700001, "32": 105.84685, "33": 105.8539, "34": 105.859033333, "35": 105.86105}, "Name": {"0": "(A) CV Th\u1ed1ng Nh\u1ea5t - Tuy\u1ebfn 43", "1": "C\u00f4ng vi\u00ean Th\u1ed1ng Nh\u1ea5t - Tr\u1ea7n Nh\u00e2n T\u00f4ng", "2": "55 Quang Trung - \u0110\u1ed1i di\u1ec7n H\u1ed3 Thi\u1ec1n Quang", "3": "67 Tr\u1ea7n H\u01b0ng \u0110\u1ea1o", "4": "13A Tr\u1ea7n H\u01b0ng \u0110\u1ea1o", "5": "C\u1ed5ng b\u1ec7nh vi\u1ec7n Qu\u00e2n y 108 - \u0110\u1ed1i di\u1ec7n 2E Tr\u1ea7n H\u01b0ng \u0110\u1ea1o", "6": "\u0110\u1ed1i di\u1ec7n khu t\u1eadp th\u1ec3 15C Tr\u1ea7n Kh\u00e1nh D\u01b0 (chi\u1ec1u Tr\u1ea7n Kh\u00e1nh D\u01b0 \u0111i c\u1ea7u Ch\u01b0\u01a1ng D\u01b0\u01a1ng)", "7": "Tr\u01b0\u1edbc ph\u1ed1 Ch\u01b0\u01a1ng D\u01b0\u01a1ng \u0110\u1ed9 (\u0110\u1ed1i di\u1ec7n 198 Tr\u1ea7n Quang Kh\u1ea3i)", "8": "C\u1ea1nh ph\u1ed1 H\u00e0m T\u1eed Quan (\u0110\u1ed1i di\u1ec7n 162 Tr\u1ea7n Quang Kh\u1ea3i)", "9": "T\u1ed5ng c\u1ee5c H\u1ea3i Quan - 162 Nguy\u1ec5n V\u0103n C\u1eeb (c\u1ed9t sau)", "10": "358 - 360 Nguy\u1ec5n V\u0103n C\u1eeb", "11": "436 - 438 Nguy\u1ec5n V\u0103n C\u1eeb", "12": "S\u1ed1 548 Nguy\u1ec5n V\u0103n C\u1eeb", "13": "Ph\u00f2ng C\u00f4ng Ch\u1ee9ng s\u1ed1 2 TPHN - 654 Nguy\u1ec5n V\u0103n C\u1eeb", "14": "18-20 Ng\u00f4 Gia T\u1ef1", "15": "170 - 172 Ng\u00f4 Gia T\u1ef1", "16": "318 Ng\u00f4 Gia T\u1ef1", "17": "368 Ng\u00f4 Gia T\u1ef1 - Ng\u00e3 3 \u0111\u01b0\u1eddng v\u00e0o c\u00f4ng An qu\u1eadn Long Bi\u00ean", "18": "608 - 610 Ng\u00f4 Gia T\u1ef1 - g\u1ea7n \u0111\u01b0\u1eddng l\u00ean C\u1ea7u \u0110u\u1ed1ng", "19": "C\u1ea1nh \u0111\u01b0\u1eddng v\u00e0o Ph\u00f9 \u0110\u1ed5ng - 44 H\u00e0 Huy T\u1eadp", "20": "122 Thi\u00ean \u0110\u1ee9c, Y\u00ean Vi\u00ean - Qu\u1ed1c l\u1ed9 3", "21": "C\u1ea1nh ng\u00f5 v\u00e0o Cty CP v\u1eadt t\u01b0 M\u1ecf \u0110\u1ecba ch\u1ea5t - Qu\u1ed1c l\u1ed9 3", "22": "\u0110\u1ed1i di\u1ec7n C\u00f4ng ty \u0110\u00fac Mai L\u00e2m - Qu\u1ed1c l\u1ed9 3", "23": "\u0110\u1ed1i di\u1ec7n Trung t\u00e2m l\u01b0u tr\u00fa L\u1ed9c H\u00e0 - Qu\u1ed1c l\u1ed9 3", "24": "\u0110\u01b0\u1eddng v\u00e0o khu di t\u00edch C\u1ed5 Loa - Km 5 Qu\u1ed1c l\u1ed9 3", "25": "C\u00e2y \u0111a B\u00e1c H\u1ed3 - Km 5+800 Qu\u1ed1c l\u1ed9 3", "26": "C\u1ea1nh C\u00f4ng Ty B\u00ea T\u00f4ng Appha, \u0110\u00f4ng H\u1ed9i - Km 6+600 Qu\u1ed1c l\u1ed9 3", "27": "Th\u00f4n V\u1ea1n L\u1ed9c (Qua \u0111\u1ed1i di\u1ec7n ng\u00e3 3 \u0111\u01b0\u1eddng tr\u00e1nh QL5 200m)", "28": "Ng\u00e3 3 V\u0129nh Ng\u1ecdc - Km 9+230 Qu\u1ed1c l\u1ed9 3", "29": "Tr\u01b0\u1edbc c\u1ed5ng c\u00f4ng ty Minh C\u01b0\u1eddng 50m - Km 10+900 Qu\u1ed1c l\u1ed9 3", "30": "Tr\u01b0\u1edbc ng\u00e3 3 c\u00f4ng vi\u00ean C\u1ea7u \u0110\u00f4i 70m - Km11 Qu\u1ed1c l\u1ed9 3 (chi\u1ec1u H\u00e0 N\u1ed9i - \u0110\u00f4ng Anh)", "31": "\u0110\u1ed1i di\u1ec7n Cty x\u00e2y l\u1eafp \u0110i\u1ec7n 4, Th\u1ecb tr\u1ea5n \u0110\u00f4ng Anh - Km 11+100 Qu\u1ed1c l\u1ed9 3", "32": "\u0110\u1ed1i di\u1ec7n Vi\u1ec7n ki\u1ec3m so\u00e1t \u0110\u00f4ng Anh - Cao L\u1ed7", "33": "\u0110\u1ed1i di\u1ec7n s\u1ed1 03-05 Ph\u1ed1 T\u00f3, Uy N\u1ed7 - Cao L\u1ed7", "34": "S\u1ed1 94 - 98 Cao L\u1ed7", "35": "(B) \u0110\u00f4ng Anh - Tuy\u1ebfn 43"}}