{"Lat": {"0": 21.0196, "1": 21.0249833333, "2": 21.0315833333, "3": 21.0359833333, "4": 21.037467000000003, "5": 21.036483333299998, "6": 21.036516666700003, "7": 21.036351999999997, "8": 21.0325666667, "9": 21.0287166667, "10": 21.027627, "11": 21.0222, "12": 21.018205, "13": 21.0182, "14": 21.019182999999998, "15": 21.017232999999997, "16": 21.0158, "17": 21.0145166667, "18": 21.0099833333, "19": 21.0087333333, "20": 21.006912, "21": 21.007683333299997, "22": 21.009096, "23": 21.007917000000003, "24": 21.0066833333, "25": 21.002753, "26": 21.002883333299998, "27": 21.002788, "28": 21.002119, "29": 20.997533333299998, "30": 20.992183333299998, "31": 20.987583333299998, "32": 20.9842333333, "33": 20.982292}, "BusStopCode": {"0": 1789, "1": 331, "2": 332, "3": 1858, "4": 241, "5": 242, "6": 2113, "7": 2114, "8": 58, "9": 64, "10": 90, "11": 477, "12": 478, "13": 471, "14": 249, "15": 250, "16": 669, "17": 670, "18": 671, "19": 67, "20": 68, "21": 589, "22": 590, "23": 78, "24": 748, "25": 342, "26": 682, "27": 683, "28": 297, "29": 298, "30": 661, "31": 528, "32": 529, "33": 1721}, "FleetOver": {"0": "26", "1": "104,26,84", "2": "26,97", "3": "26,49", "4": "13,26,49", "5": "13,20A,20B,26,29,32,49", "6": "16,20A,20B,26,32,34,49", "7": "16,20A,20B,26,32,34,49", "8": "07,16,20A,20B,26,27,28,32,34,49", "9": "105,26,27,28,32,34,38,49", "10": "26,49", "11": "09,09CT,107,12,22A,26,27", "12": "09,09CT,107,12,22A,26,27,35A", "13": "09,09CT,107,12,22A,26,27,35A", "14": "09,09CT,12,26,35A", "15": "09,09CT,12,26,35A", "16": "12,26,30,35A,50", "17": "12,26,30,35A,50", "18": "12,26,35A,84", "19": "12,18,21A,21B,23,26,35A,44,51", "20": "12,18,21A,21B,23,26,35A,44,51", "21": "18,21A,21B,23,26,35A,44,51", "22": "21A,21B,26,35A,44,51", "23": "21A,21B,25,26,28", "24": "26", "25": "08A,08ACT,08B,08BCT,23,26,31,47B", "26": "18,26", "27": "26,51", "28": "04,26,30,42", "29": "04,26,30,42", "30": "04,26,30,38,42", "31": "26,30,38,42", "32": "26,30,38,42", "33": "26"}, "Lng": {"0": 105.76718333299999, "1": 105.7676, "2": 105.769516667, "3": 105.77091666700001, "4": 105.77458, "5": 105.77818333299999, "6": 105.78431666700001, "7": 105.788399, "8": 105.7986, "9": 105.803666667, "10": 105.80886699999999, "11": 105.809366667, "12": 105.807047, "13": 105.80741666700001, "14": 105.80961200000002, "15": 105.813565, "16": 105.81605, "17": 105.817783333, "18": 105.822983333, "19": 105.825616667, "20": 105.82948400000001, "21": 105.83301666700001, "22": 105.834791, "23": 105.83921699999999, "24": 105.84511666700001, "25": 105.84754199999999, "26": 105.8529, "27": 105.85920700000001, "28": 105.861329, "29": 105.8618, "30": 105.8624, "31": 105.86338333299999, "32": 105.86376666700001, "33": 105.863518}, "Name": {"0": "(B) SV\u0110 Qu\u1ed1c Gia - Tuy\u1ebfn 26", "1": "\u0110\u01b0\u1eddng v\u00e0o Tr\u01b0\u1eddng C\u0110 ngh\u1ec1 Tr\u1ea7n H\u01b0ng \u0110\u1ea1o - L\u00ea \u0110\u1ee9c Th\u1ecd", "2": "\u0110\u1ed1i di\u1ec7n Nh\u00e0 CT2B K\u0110T M\u1ef9 \u0110\u00ecnh - L\u00ea \u0110\u1ee9c Th\u1ecd", "3": "\u0110\u1ed1i di\u1ec7n Trung \u01b0\u01a1ng H\u1ed9i KHH Gia \u0111\u00ecnh Vi\u1ec7t Nam - L\u00ea \u0110\u1ee9c Th\u1ecd", "4": "\u0110\u1ea1i h\u1ecdc Th\u01b0\u01a1ng M\u1ea1i - H\u1ed3 T\u00f9ng M\u1eadu (c\u1ed9t sau)", "5": "S\u1ed1 9 H\u1ed3 T\u00f9ng M\u1eadu", "6": "S\u1ed1 197-199 Xu\u00e2n Th\u1ee7y (\u0110\u1ed1i di\u1ec7n \u0110\u1ea1i h\u1ecdc S\u01b0 ph\u1ea1m H\u00e0 N\u1ed9i)", "7": "S\u1ed1 79 Xu\u00e2n Th\u1ee7y (\u0110\u1ed1i di\u1ec7n H\u1ecdc vi\u1ec7n B\u00e1o ch\u00ed v\u00e0 Tuy\u00ean truy\u1ec1n)", "8": "165 C\u1ea7u Gi\u1ea5y - B\u01b0u \u0111i\u1ec7n C\u1ea7u Gi\u1ea5y", "9": "\u0110i\u1ec3m trung chuy\u1ec3n C\u1ea7u Gi\u1ea5y - GTVT 02", "10": "989-991 \u0110\u00ea La Th\u00e0nh", "11": "\u0110\u1ed1i di\u1ec7n \u0110\u1ea1i h\u1ecdc Lu\u1eadt H\u00e0 N\u1ed9i - Nguy\u1ec5n Ch\u00ed Thanh", "12": "Trung t\u00e2m y t\u1ebf d\u1ef1 ph\u00f2ng HN - 70 Nguy\u1ec5n Ch\u00ed Thanh", "13": "KTX \u0110\u1ea1i h\u1ecdc Giao th\u00f4ng V\u1eadn t\u1ea3i - 99 Nguy\u1ec5n Ch\u00ed Thanh", "14": "57A Hu\u1ef3nh Th\u00fac Kh\u00e1ng", "15": "7 Hu\u1ef3nh Th\u00fac Kh\u00e1ng - C\u1ea1nh \u0110\u00e0i Truy\u1ec1n h\u00ecnh H\u00e0 N\u1ed9i", "16": "Tr\u1ea1m bi\u1ebfn \u00e1p F3 Th\u00e0nh C\u00f4ng - 171 Th\u00e1i H\u00e0", "17": "161-163 Th\u00e1i H\u00e0", "18": "3 Th\u00e1i H\u00e0 - B\u1ec3 b\u01a1i Th\u00e1i H\u00e0", "19": "251 Ch\u00f9a B\u1ed9c", "20": "49E Ch\u00f9a B\u1ed9c", "21": "Si\u00eau th\u1ecb Uni mart - 8 Ph\u1ea1m Ng\u1ecdc Th\u1ea1ch", "22": "B10 T\u1eadp th\u1ec3 Kim Li\u00ean (\u0110\u1ed1i di\u1ec7n ng\u00f5 46B Ph\u1ea1m Ng\u1ecdc Th\u1ea1ch)", "23": "Ng\u00e2n h\u00e0ng GP Bank - s\u1ed1 7 \u0110\u00e0o Duy Anh", "24": "\u0110H B\u00e1ch Khoa (\u0111i\u1ec3m cu\u1ed1i tuy\u1ebfn 31)", "25": "S\u00e2n v\u1eadn \u0111\u1ed9ng B\u00e1ch Khoa - L\u00ea Thanh Ngh\u1ecb", "26": "263 Thanh Nh\u00e0n", "27": "33 - 35 Thanh Nh\u00e0n - \u0110\u1ed1i di\u1ec7n B\u1ec7nh vi\u1ec7n Thanh Nh\u00e0n", "28": "T\u1eadp th\u1ec3 E6 Qu\u1ef3nh Mai - Kim Ng\u01b0u", "29": "C\u1eeda h\u00e0ng nh\u1ef1a \u0111\u01b0\u1eddng s\u1ed1 3 - 344 Kim Ng\u01b0u", "30": "C\u00e1ch c\u1ed5ng C\u00f4ng ty c\u01a1 kh\u00ed Tr\u1ea7n H\u01b0ng \u0110\u1ea1o 40m - 18 Tam Trinh", "31": "\u0110\u1ed1i di\u1ec7n 303 Nguy\u1ec5n Tam Trinh", "32": "\u0110\u1ed1i di\u1ec7n 411 Nguy\u1ec5n Tam Trinh", "33": "(A) Mai \u0110\u1ed9ng - Tuy\u1ebfn 26"}}