{"Lat": {"0": 21.0847833333, "1": 21.082785, "2": 21.0799833333, "3": 21.0790166667, "4": 21.07685, "5": 21.074663, "6": 21.072324, "7": 21.0694333333, "8": 21.066335000000002, "9": 21.064657999999998, "10": 21.061204, "11": 21.057916666700002, "12": 21.0544833333, "13": 21.051142000000002, "14": 21.0497, "15": 21.047245999999998, "16": 21.045257, "17": 21.044052, "18": 21.042384, "19": 21.040003, "20": 21.03755, "21": 21.036483333299998, "22": 21.036516666700003, "23": 21.036351999999997, "24": 21.0325666667, "25": 21.0285833333, "26": 21.0279833333}, "BusStopCode": {"0": 1802, "1": 1459, "2": 1460, "3": 1461, "4": 1462, "5": 1463, "6": 1464, "7": 1465, "8": 1466, "9": 1467, "10": 1468, "11": 1469, "12": 1042, "13": 1043, "14": 1044, "15": 1045, "16": 1046, "17": 1047, "18": 1048, "19": 239, "20": 240, "21": 242, "22": 2113, "23": 2114, "24": 58, "25": 63, "26": 1697}, "FleetOver": {"0": "20A", "1": "20A,20B,92", "2": "20A,20B,92", "3": "20A,20B,92", "4": "20A,20B,92", "5": "20A,20B,92", "6": "20A,20B,92", "7": "20A,20B,29,92,97", "8": "20A,20B,29,92", "9": "20A,20B,29,92", "10": "20A,20B,29,92", "11": "20A,20B,29,92", "12": "20A,20B,29,92", "13": "20A,20B,29,32,57", "14": "20A,20B,29,32,57", "15": "20A,20B,29,32,57", "16": "20A,20B,29,32", "17": "20A,20B,29,32", "18": "20A,20B,29,32", "19": "05,13,20A,20B,29,32", "20": "20A,20B,29,32", "21": "13,20A,20B,26,29,32,49", "22": "16,20A,20B,26,32,34,49", "23": "16,20A,20B,26,32,34,49", "24": "07,16,20A,20B,26,27,28,32,34,49", "25": "07,09,09CT,20A,20B,24,55,55B", "26": "20A"}, "Lng": {"0": 105.66965, "1": 105.673686, "2": 105.6842, "3": 105.688633333, "4": 105.695, "5": 105.698943, "6": 105.703222, "7": 105.70846666700001, "8": 105.71401599999999, "9": 105.71711, "10": 105.722498, "11": 105.7273, "12": 105.7323, "13": 105.737072, "14": 105.74018333299999, "15": 105.74639199999999, "16": 105.75147199999999, "17": 105.754557, "18": 105.75904299999999, "19": 105.76603300000001, "20": 105.774178, "21": 105.77818333299999, "22": 105.78431666700001, "23": 105.788399, "24": 105.7986, "25": 105.80388333299999, "26": 105.805516667}, "Name": {"0": "(B)BX Ph\u00f9ng - Tuy\u1ebfn 20A", "1": "T\u00f2a \u00e1n nh\u00e2n d\u00e2n Huy\u1ec7n \u0110an Ph\u01b0\u1ee3ng - Qu\u1ed1c l\u1ed9 32", "2": "\u0110\u01b0\u1eddng v\u00e0o Ch\u00f9a Di\u00ean Ph\u00fac (C\u1ea1nh Th\u1ea1ch Th\u1ea3o Lisa) - Qu\u1ed1c l\u1ed9 32", "3": "XN May M\u1ef9 Anh (X\u00e3 \u0110\u1ee9c Th\u01b0\u1ee3ng) - Qu\u1ed1c l\u1ed9 32", "4": "\u0110\u1ed1i di\u1ec7n XN thu\u1ed1c th\u00fa y Trung \u01b0\u01a1ng (\u0110\u1ee9c Th\u01b0\u1ee3ng Ho\u00e0i \u0110\u1ee9c - Qu\u1ed1c l\u1ed9 32", "5": "\u0110\u1ed1i di\u1ec7n Tr\u01b0\u1eddng THPT B\u00ecnh Minh - Qu\u1ed1c l\u1ed9 32", "6": "\u0110\u1ed1i di\u1ec7n C\u00f4ng ty \u0110\u00f4ng Th\u00e0nh (Th\u1ecb tr\u1ea5n Tr\u00f4i) - Qu\u1ed1c l\u1ed9 32", "7": "\u0110\u1ed1i di\u1ec7n B\u01b0u \u0111i\u1ec7n Ho\u00e0i \u0110\u1ee9c (Tr\u1ecb tr\u1ea5n Tr\u00f4i) - Qu\u1ed1c l\u1ed9 32", "8": "\u0110\u1ed1i di\u1ec7n l\u1ed1i r\u1ebd H\u1ecdc vi\u1ec7n KH Qu\u00e2n S\u1ef1 - Qu\u1ed1c l\u1ed9 32", "9": "CH x\u00e2y d\u1ef1ng Tu\u1ea5n Loan (Th\u1ecb tr\u1ea5n Lai X\u00e1) - Qu\u1ed1c l\u1ed9 32", "10": "\u0110\u1ed1i di\u1ec7n nh\u00e0 h\u00e0ng Th\u0103ng Long - Qu\u1ed1c l\u1ed9 32", "11": "Qua \u0111\u01b0\u1eddng v\u00e0o TT Hu\u1ea5n luy\u1ec7n Th\u1ec3 thao Qu\u1ed1c Gia I - Qu\u1ed1c l\u1ed9 32", "12": "H\u00e8 gi\u1eefa nh\u00e0 s\u1ed1 55-57 ph\u1ed1 Nh\u1ed5n", "13": "\u0110i\u1ec3m trung chuy\u1ec3n Nh\u1ed5n - v\u1ecb tr\u00ed \u0111\u1ed7 tuy\u1ebfn 20, 29, 32 (chi\u1ec1u S\u01a1n T\u00e2y - H\u00e0 N\u1ed9i)- \u0110\u01b0\u1eddng 32", "14": "\u0110\u1ed1i di\u1ec7n \u0110\u00ecnh v\u00e0 Mi\u1ebfu \u0110\u1ed3ng C\u1ed5 (Th\u00f4n Nguy\u00ean X\u00e1) - \u0110\u01b0\u1eddng 32", "15": "C\u00f4ng ty CP ch\u1ebf t\u1ea1o \u0111i\u1ec7n c\u01a1 H\u00e0 N\u1ed9i - \u0110\u01b0\u1eddng 32", "16": "150-152 T\u1ed5 3 \u0110\u01b0\u1eddng 32 (\u0110\u1ed1i di\u1ec7n C\u00f4ng ty V\u1eadt Li\u1ec7u & B\u01b0u \u0111i\u1ec7n )", "17": "\u0110\u1ed1i di\u1ec7n trung \u0111o\u00e0n th\u00f4ng tin 21(C\u1ea7u Di\u1ec5n)  - \u0110\u01b0\u1eddng 32", "18": "Si\u00eau th\u1ecb Dos Mark - \u0110\u01b0\u1eddng 32", "19": "Tr\u1ee5 s\u1edf Huy\u1ec7n u\u1ef7 T\u1eeb Li\u00eam - H\u1ed3 T\u00f9ng M\u1eadu", "20": "\u0110\u1ea1i h\u1ecdc Th\u01b0\u01a1ng M\u1ea1i - H\u1ed3 T\u00f9ng M\u1eadu (c\u1ed9t tr\u01b0\u1edbc)", "21": "S\u1ed1 9 H\u1ed3 T\u00f9ng M\u1eadu", "22": "S\u1ed1 197-199 Xu\u00e2n Th\u1ee7y (\u0110\u1ed1i di\u1ec7n \u0110\u1ea1i h\u1ecdc S\u01b0 ph\u1ea1m H\u00e0 N\u1ed9i)", "23": "S\u1ed1 79 Xu\u00e2n Th\u1ee7y (\u0110\u1ed1i di\u1ec7n H\u1ecdc vi\u1ec7n B\u00e1o ch\u00ed v\u00e0 Tuy\u00ean truy\u1ec1n)", "24": "165 C\u1ea7u Gi\u1ea5y - B\u01b0u \u0111i\u1ec7n C\u1ea7u Gi\u1ea5y", "25": "\u0110i\u1ec3m trung chuy\u1ec3n C\u1ea7u Gi\u1ea5y - GTVT 01", "26": "(A) C\u1ea7u Gi\u1ea5y - Tuy\u1ebfn 20A"}}