{"Lat": {"0": 20.9239666667, "1": 20.92425, "2": 20.9257833333, "3": 20.92975, "4": 20.932063, "5": 20.9345666667, "6": 20.9382833333, "7": 20.9420333333, "8": 20.9448333333, "9": 20.9472833333, "10": 20.951423000000002, "11": 20.958052, "12": 20.9602166667, "13": 20.962585, "14": 20.9646333333, "15": 20.96475, "16": 20.966154, "17": 20.9697833333, "18": 20.9689833333, "19": 20.9668833333, "20": 20.9644833333, "21": 20.961683333299998, "22": 20.9594833333, "23": 20.9573666667, "24": 20.9594166667, "25": 20.963229000000002, "26": 20.9658833333, "27": 20.9701166667, "28": 20.964862, "29": 20.963582000000002, "30": 20.966017, "31": 20.965618, "32": 20.964876999999998, "33": 20.960063, "34": 20.9647666667, "35": 20.971045999999998, "36": 20.97985}, "BusStopCode": {"0": 1756, "1": 1479, "2": 1480, "3": 1481, "4": 3684, "5": 1482, "6": 1483, "7": 1484, "8": 1485, "9": 1486, "10": 1487, "11": 651, "12": 652, "13": 653, "14": 654, "15": 828, "16": 829, "17": 830, "18": 622, "19": 623, "20": 1058, "21": 1059, "22": 1060, "23": 615, "24": 279, "25": 280, "26": 281, "27": 57, "28": 493, "29": 479, "30": 120, "31": 121, "32": 429, "33": 430, "34": 3287, "35": 165, "36": 1680}, "FleetOver": {"0": "37", "1": "37,57,72", "2": "102,37,57,72", "3": "102,37,57,72", "4": "102,37,57,72", "5": "102,37,57,72", "6": "102,37,57,72", "7": "102,37,57,72", "8": "102,37,57,72", "9": "102,37,57,72", "10": "01,02,21A,27,33,37,57,62,89,91", "11": "01,02,21A,27,33,37,57,62,89", "12": "01,02,21A,27,33,37,57,62,89", "13": "01,02,105,21A,27,33,37,57,62,89", "14": "01,02,105,21A,27,33,37,57,62,89", "15": "37,62", "16": "37,62,85", "17": "37,62,85", "18": "103,105,106,22B,37,62", "19": "103,105,106,22B,37,39,62", "20": "103,105,106,22B,37,39,62", "21": "106,37,39,62", "22": "106,37,39,62", "23": "106,37,39,62", "24": "106,37", "25": "106,37", "26": "37", "27": "05,22C,29,37,60A,60B", "28": "05,106,36,36CT,37,60A,84", "29": "05,36,36CT,37,60A,84", "30": "106,37,60A", "31": "106,37,60A", "32": "03B,04,06A,06B,06C,06D,06E,08A,08ACT,101,106,12,16,37,60A,60B,94,99", "33": "03B,04,06A,06B,06C,06D,06E,08A,08ACT,101,106,12,16,37,48,60A,60B,94,99", "34": "06A,06B,06C,06D,06E,08A,08B,08BCT,106,12,21B,37,60A,94,99", "35": "03B,06A,06B,06C,06D,06E,08A,08ACT,08B,08BCT,101,106,12,16,21B,22C,29,36,36CT,37,94", "36": "37"}, "Lng": {"0": 105.6966, "1": 105.70301666700001, "2": 105.7101, "3": 105.71583333299999, "4": 105.719325, "5": 105.72293333299999, "6": 105.7304, "7": 105.737766667, "8": 105.742016667, "9": 105.74533333299999, "10": 105.750547, "11": 105.759623, "12": 105.76245, "13": 105.76546, "14": 105.76803333299999, "15": 105.77266666700001, "16": 105.77663999999999, "17": 105.781416667, "18": 105.785383333, "19": 105.78948333299999, "20": 105.79408333299999, "21": 105.7992, "22": 105.80325, "23": 105.80725, "24": 105.81163333299999, "25": 105.817532, "26": 105.82075, "27": 105.82608333299999, "28": 105.826297, "29": 105.830398, "30": 105.835719, "31": 105.839569, "32": 105.84183200000001, "33": 105.84218600000001, "34": 105.84211666700001, "35": 105.84128, "36": 105.841916667}, "Name": {"0": "(B) Ch\u01b0\u01a1ng M\u1ef9 - Tuy\u1ebfn 37", "1": "Gara \u00d4t\u00f4 \u0110o\u00e0n Chi\u1ebfn (Th\u1ecb tr\u1ea5n Ch\u00fac S\u01a1n) - Qu\u1ed1c l\u1ed9 6", "2": "S\u1ed1 nh\u00e0 80 khu B\u1eafc, Th\u1ecb tr\u1ea5n Ch\u00fac S\u01a1n - Qu\u1ed1c l\u1ed9 6", "3": "\u0110\u01b0\u1eddng v\u00e0o ng\u00f5 253 Bi\u00ean Giang (Tr\u01b0\u1eddng THCS Bi\u00ean Giang) - Qu\u1ed1c l\u1ed9 6", "4": "Ng\u00e3 3 \u0111\u01b0\u1eddng v\u00e0o Tr\u01b0\u1eddng \u0110\u1ea1i h\u1ecdc S\u01b0 Ph\u1ea1m TDTT H\u00e0 N\u1ed9i - \u0110\u1ed1i di\u1ec7n 132 Bi\u00ean Giang, Qu\u1ed1c l\u1ed9 6", "5": "C\u00f4ng ty CP C\u01a1 kh\u00ed x\u00e2y d\u1ef1ng H\u00e0 Th\u00e1i - 53 Bi\u00ean Giang, Qu\u1ed1c l\u1ed9 6", "6": "Ch\u1ee3 c\u1ea7u Mai L\u0129nh -1529 Quang Trung (H\u00e0 \u0110\u00f4ng), Qu\u1ed1c l\u1ed9 6", "7": "Qua c\u00e2y x\u0103ng C\u1ed5 B\u1ea3n - 1235 Quang Trung (H\u00e0 \u0110\u00f4ng), Qu\u1ed1c l\u1ed9 6", "8": "\u0110\u1ed1i di\u1ec7n Gi\u1ebfng c\u1ed5 th\u00f4n Do L\u1ed9 - 1115 Quang Trung (H\u00e0 \u0110\u00f4ng), Qu\u1ed1c l\u1ed9 6", "9": "\u0110\u1ed1i di\u1ec7n C\u1ed5ng l\u00e0ng Ngh\u0129a L\u1ed9, \u0111\u01b0\u1eddng v\u00e0o th\u00f4n Thanh L\u00e3m - Quang Trung (H\u00e0 \u0110\u00f4ng), Qu\u1ed1c l\u1ed9 6", "10": "Tr\u01b0\u1eddng trung c\u1ea5p Kinh t\u1ebf - T\u00e0i ch\u00ednh H\u00e0 N\u1ed9i", "11": "807 Quang Trung - H\u00e0 \u0110\u00f4ng", "12": "707-709 Quang Trung, H\u00e0 \u0110\u00f4ng (c\u1ed9t m\u1ed1c H3/15)", "13": "Qua ng\u00e3 t\u01b0 Quang Trung, L\u00ea Tr\u1ecdng T\u1ea5n - 521 Quang Trung (H\u00e0 \u0110\u00f4ng)", "14": "\u0110\u1ed1i di\u1ec7n \u0111\u01b0\u1eddng v\u00e0o ch\u1ee3 La Kh\u00ea (Qua Ga metro La Kh\u00ea) - 405 Quang Trung (H\u00e0 \u0110\u00f4ng)", "15": "Metro H\u00e0 \u0110\u00f4ng - T\u00f4 Hi\u1ec7u (H\u00e0 \u0110\u00f4ng)", "16": "27 T\u00f4 Hi\u1ec7u (H\u00e0 \u0110\u00f4ng)", "17": "\u0110\u1ed1i di\u1ec7n Chi c\u1ee5c thu\u1ebf H\u00e0 N\u1ed9i - T\u00f4 Hi\u1ec7u (H\u00e0 \u0110\u00f4ng)", "18": "70 Ph\u00f9ng H\u01b0ng (H\u00e0 \u0110\u00f4ng)", "19": "H\u1ecdc vi\u1ec7n Qu\u00e2n Y - Ph\u00f9ng H\u01b0ng (H\u00e0 \u0110\u00f4ng)", "20": "C\u1ed5ng th\u00f4n Y\u00ean X\u00e1 - 89 C\u1ea7u B\u01b0\u01a1u", "21": "G\u1ea7n \u0111\u01b0\u1eddng v\u00e0o Tr\u1ea1i t\u1ea1m giam - C\u1ea7u B\u01b0\u01a1u", "22": "\u0110\u1ed1i di\u1ec7n Cty XNK L\u00e2m n\u00f4ng s\u1ea3n s\u1ed1 1 S\u00e0i G\u00f2n - C\u1ea7u B\u01b0\u01a1u", "23": "Tr\u01b0\u1edbc nh\u00e0 CT8B chung c\u01b0 \u0110\u1ea1i Thanh - \u0111\u01b0\u1eddng C\u1ea7u B\u01b0\u01a1u", "24": "\u0110\u1ed1i di\u1ec7n Trung t\u00e2m XNK X\u00e2y d\u1ef1ng Vimeco - Kim Giang", "25": "\u0110\u1ed1i di\u1ec7n UBND X\u00e3 Thanh Li\u1ec7t- Kim Giang", "26": "\u0110\u1ed1i di\u1ec7n C\u1eeda h\u00e0ng S\u1eaft B\u00ecnh V\u0169 (X\u00f3m Ch\u00f9a Nh\u0129) - Kim Giang", "27": "\u0110i\u1ec3m x\u00e9n h\u00e8 (C\u1eeda h\u00e0ng x\u0103ng d\u1ea7u s\u1ed1 75) - S\u1ed1 6 C\u1ea7u D\u1eadu", "28": "Nh\u00e0 HH1C (C\u00e1ch \u0111\u01b0\u1eddng v\u00e0o Tr\u1ea1m c\u1ea5p n\u01b0\u1edbc Linh \u0110\u00e0m 40m)", "29": "Nh\u00e0 N\u01a0. 7B K\u0110T Linh \u0110\u00e0m - Nguy\u1ec5n Duy Trinh", "30": "Qua ch\u1ee3 Xanh Linh \u0110\u00e0m 50m - \u0111\u01b0\u1eddng Ho\u00e0ng Li\u1ec7t", "31": "\u0110\u1ed1i di\u1ec7n qua t\u01b0\u1ee3ng \u0111\u00e0i Li\u1ec7t s\u0129 ph\u01b0\u1eddng Ho\u00e0ng Li\u1ec7t 30m", "32": "\u0110\u1ed1i di\u1ec7n T\u1eadp th\u1ec3 B\u1ebfn xe N\u01b0\u1edbc ng\u1ea7m H\u00e0 N\u1ed9i - Ng\u1ecdc H\u1ed3i", "33": "Tr\u01b0\u1eddng PTTH Vi\u1ec7t Nam Balan (\u0110\u1ed1i di\u1ec7n Kh\u00e1ch s\u1ea1n Nam Th\u00e0nh) - Ng\u1ecdc H\u1ed3i", "34": "B\u1ebfn xe N\u01b0\u1edbc Ng\u1ea7m", "35": "\u0110\u1ed1i di\u1ec7n Tr\u1ee5 s\u1edf C\u00f4ng an Ph\u01b0\u1eddng Ho\u00e0ng Li\u1ec7t- 1277 Gi\u1ea3i Ph\u00f3ng", "36": "(A) BX Gi\u00e1p B\u00e1t - Tuy\u1ebfn 37"}}