{"Lat": {"0": 20.963616666700002, "1": 20.965, "2": 20.9672166667, "3": 20.9696333333, "4": 20.9727833333, "5": 20.9770166667, "6": 20.981881, "7": 20.988533333299998, "8": 20.992517000000003, "9": 20.995882, "10": 20.9971833333, "11": 20.999304000000002, "12": 21.0028166667, "13": 21.007426000000002, "14": 21.009833, "15": 21.0131, "16": 21.01155, "17": 21.00985, "18": 21.007339, "19": 21.0093666667, "20": 21.01455, "21": 21.0180166667, "22": 21.022022, "23": 21.0196333333, "24": 21.01885, "25": 21.0229, "26": 21.027151, "27": 21.029037, "28": 21.0264833333, "29": 21.025226, "30": 21.028814999999998, "31": 21.029823999999998, "32": 21.0288666667}, "BusStopCode": {"0": 1903, "1": 494, "2": 495, "3": 496, "4": 462, "5": 463, "6": 464, "7": 2092, "8": 350, "9": 351, "10": 1904, "11": 1905, "12": 814, "13": 664, "14": 672, "15": 673, "16": 1906, "17": 148, "18": 363, "19": 1907, "20": 806, "21": 1908, "22": 808, "23": 3299, "24": 576, "25": 577, "26": 578, "27": 1813, "28": 1910, "29": 1911, "30": 1912, "31": 1913, "32": 1892}, "FleetOver": {"0": "84", "1": "05,106,36,36CT,37,60A,84", "2": "05,104,36,36CT,37,60A,84", "3": "104,22C,29,36,36CT,60B,84", "4": "84", "5": "84", "6": "84", "7": "84", "8": "12,84", "9": "12,84", "10": "84", "11": "84", "12": "16,19,24,84", "13": "01,02,21A,21B,44,84", "14": "12,26,35A,84", "15": "12,26,35A,84", "16": "84", "17": "16,24,27,51,84", "18": "30,84", "19": "84", "20": "105,51,84", "21": "84", "22": "05,104,51,84,85", "23": "104,30,84", "24": "103,104,21B,22B,29,30,33,35A,39,44,60A,60B,74,84,87,88", "25": "103,104,21B,22B,29,30,33,35A,39,44,46,60A,60B,74,84,87,88", "26": "103,16,21B,22B,29,30,33,34,44,46,53B,60A,60B,74,84,88", "27": "05,84,97", "28": "84", "29": "104,84", "30": "84,97", "31": "84,97", "32": "84"}, "Lng": {"0": 105.83046666700001, "1": 105.82665, "2": 105.8265, "3": 105.83136666700001, "4": 105.83593333299999, "5": 105.83598333299999, "6": 105.835227, "7": 105.834966667, "8": 105.832467, "9": 105.830262, "10": 105.824216667, "11": 105.821828, "12": 105.82186666700001, "13": 105.82351299999999, "14": 105.823374, "15": 105.82, "16": 105.816666667, "17": 105.8128, "18": 105.80730600000001, "19": 105.804633333, "20": 105.80176666700001, "21": 105.796416667, "22": 105.790902, "23": 105.784783333, "24": 105.781516667, "25": 105.77903333299999, "26": 105.77920800000001, "27": 105.778123, "28": 105.773266667, "29": 105.77203100000001, "30": 105.765923, "31": 105.76241999999999, "32": 105.761333333}, "Name": {"0": "(B) Nh\u00e0 N\u01a0. 4B K\u0110T Linh \u0110\u00e0m - Nguy\u1ec5n Duy Trinh - Tuy\u1ebfn 84", "1": "\u0110\u1ed1i di\u1ec7n Tr\u1ea1m c\u1ea5p n\u01b0\u1edbc Linh \u0110\u00e0m (\u0111\u1ed1i di\u1ec7n chung c\u01b0 HH1C) - Nguy\u1ec5n H\u1eefu Th\u1ecd", "2": "C\u00f4ng vi\u00ean B\u1eafc Linh \u0110\u00e0m - \u0110\u1ed1i di\u1ec7n L\u00f4 1 CT1 B\u1eafc Linh \u0110\u00e0m - Nguy\u1ec5n H\u1eefu Th\u1ecd", "3": "\u0110\u1ed1i di\u1ec7n Ao sen L\u00e0ng \u0110\u1ea1i T\u1eeb - Nguy\u1ec5n H\u1eefu Th\u1ecd", "4": "S\u1ed1 5 l\u00f4 F1 Nguy\u1ec5n C\u1ea3nh D\u1ecb", "5": "\u0110\u1ed1i di\u1ec7n nh\u00e0 A5 \u0110\u1ea1i Kim - Nguy\u1ec5n C\u1ea3nh D\u1ecb", "6": "Tr\u01b0\u1edbc c\u1ea7u \u0110\u1ecbnh C\u00f4ng 50m (chi\u1ec1u \u0111i L\u00ea Tr\u1ecdng T\u1ea5n)", "7": "\u0110\u1ed1i di\u1ec7n \u0111\u01b0\u1eddng v\u00e0o H\u1ecdc vi\u1ec7n Khoa h\u1ecdc Qu\u00e2n S\u1ef1", "8": "\u0110\u1ed1i di\u1ec7n 210 L\u00ea Tr\u1ecdng T\u1ea5n", "9": "\u0110\u1ed1i di\u1ec7n 108 L\u00ea Tr\u1ecdng T\u1ea5n", "10": "Trung t\u00e2m Th\u1ec3 thao V\u0103n H\u00f3a Vi\u1ec7n Ph\u00f2ng kh\u00f4ng Kh\u00f4ng qu\u00e2n - 166B Ho\u00e0ng V\u0103n Th\u00e1i", "11": "Tr\u01b0\u1edbc s\u1ed1 nh\u00e0 89 V\u01b0\u01a1ng Th\u1eeba V\u0169", "12": "Platform d\u00e0nh ri\u00eang cho xe bu\u00fdt tr\u01b0\u1edbc nh\u00e0 604 Tr\u01b0\u1eddng Chinh", "13": "\u0110\u1ea1i h\u1ecdc Thu\u1ef7 L\u1ee3i - 175 T\u00e2y S\u01a1n (c\u1ed9t tr\u01b0\u1edbc)", "14": "2 Th\u00e1i H\u00e0", "15": "176 Th\u00e1i H\u00e0", "16": "Tr\u01b0\u1eddng ti\u1ec3u h\u1ecdc Th\u00e1i Th\u1ecbnh - s\u1ed1 4 Y\u00ean L\u00e3ng", "17": "470 \u0110\u01b0\u1eddng L\u00e1ng", "18": "S\u01b0 \u0111o\u00e0n Ph\u00f2ng kh\u00f4ng 361 - L\u00ea V\u0103n L\u01b0\u01a1ng", "19": "\u0110\u1ed1i di\u1ec7n tr\u01b0\u1eddng ti\u1ec3u h\u1ecdc L\u00fd Th\u00e1i T\u1ed5 - Nguy\u1ec5n Th\u1ecb \u0110\u1ecbnh", "20": "S\u1ed1 1 L\u00f4 11B Khu \u0111\u00f4 th\u1ecb Trung Y\u00ean, \u0111\u01b0\u1eddng Trung Y\u00ean 10 - Trung H\u00f2a", "21": "Tr\u01b0\u1eddng m\u1ea7m non qu\u1ed1c t\u1ebf Global", "22": "Tr\u01b0\u1edbc tr\u01b0\u1eddng THCS Y\u00ean H\u00f2a 30m - Trung K\u00ednh", "23": "\u0110\u1ed1i di\u1ec7n 16 D\u01b0\u01a1ng \u0110\u00ecnh Ngh\u1ec7", "24": "\u0110\u1ed1i di\u1ec7n nh\u00e0 CT5 K\u0110T S\u00f4ng \u0110\u00e0 M\u1ef9 \u0110\u00ecnh - Ph\u1ea1m H\u00f9ng", "25": "Qua ng\u00e3 4 Ph\u1ea1m H\u00f9ng - \u0110\u00ecnh Th\u00f4n (H\u01b0\u1edbng \u0111i Ph\u1ea1m V\u0103n \u0110\u1ed3ng)", "26": "\u0110\u1ed1i di\u1ec7n B\u1ebfn xe kh\u00e1ch M\u1ef9 \u0110\u00ecnh - Ph\u1ea1m H\u00f9ng (c\u1ed9t tr\u01b0\u1edbc)", "27": "V\u1ecbnh x\u00e9n h\u00e8 tr\u01b0\u1edbc C\u00f4ng ty c\u1ed5 ph\u1ea7n S\u00f4ng \u0110\u00e0 9 - \u0111\u01b0\u1eddng Nguy\u1ec5n Ho\u00e0ng", "28": "Qua UBND ph\u01b0\u1eddng M\u1ef9 \u0110\u00ecnh 1 - \u0111\u01b0\u1eddng M\u1ef9 \u0110\u00ecnh", "29": "Tr\u01b0\u1eddng THCS-THPT Tr\u1ea7n Qu\u1ed1c Tu\u1ea5n", "30": "Nh\u00e0 CT5-\u0110N1 K\u0110T M\u1ef9 \u0110\u00ecnh I - \u0111\u01b0\u1eddng Tr\u1ea7n H\u1eefu D\u1ef1c", "31": "Nh\u00e0 C6 K\u0110T M\u1ef9 \u0110\u00ecnh I - \u0111\u01b0\u1eddng Tr\u1ea7n H\u1eefu D\u1ef1c", "32": "(A) Khu \u0111\u00f4 th\u1ecb M\u1ef9 \u0110\u00ecnh I - Tuy\u1ebfn 84"}}