{"Lat": {"0": 21.039983, "1": 21.046083, "2": 21.050546, "3": 21.0554666667, "4": 21.06085, "5": 21.0658833333, "6": 21.071483333299998, "7": 21.07455, "8": 21.12045, "9": 21.124817, "10": 21.1353666667, "11": 21.1386166667, "12": 21.144033, "13": 21.15245, "14": 21.154216666700002, "15": 21.15505, "16": 21.1572333333, "17": 21.1607833333, "18": 21.161516666700003, "19": 21.16525, "20": 21.168417, "21": 21.16733, "22": 21.16875, "23": 21.1789166667, "24": 21.178998, "25": 21.17755, "26": 21.1772166667, "27": 21.1772666667, "28": 21.1769666667, "29": 21.17125, "30": 21.1719166667, "31": 21.17525}, "BusStopCode": {"0": 3086, "1": 232, "2": 3088, "3": 3089, "4": 3090, "5": 3091, "6": 3092, "7": 2762, "8": 2763, "9": 3870, "10": 984, "11": 985, "12": 986, "13": 987, "14": 2958, "15": 2959, "16": 2960, "17": 2961, "18": 2962, "19": 3094, "20": 3095, "21": 3096, "22": 3097, "23": 3098, "24": 3099, "25": 3100, "26": 3101, "27": 3102, "28": 1398, "29": 4067, "30": 3104, "31": 3087}, "FleetOver": {"0": "96", "1": "13,14,14CT,33,45,96", "2": "96", "3": "96", "4": "96", "5": "96", "6": "25,96", "7": "25,90,96", "8": "25,90,96", "9": "46,96", "10": "96", "11": "96", "12": "96", "13": "96", "14": "53A,61,96", "15": "53A,61,96", "16": "53A,61,96", "17": "53A,61,96", "18": "53A,61,96", "19": "96", "20": "96", "21": "96", "22": "96", "23": "96", "24": "96", "25": "96", "26": "96", "27": "96", "28": "15,17,96", "29": "15,17,96", "30": "96", "31": "96"}, "Lng": {"0": 105.79755, "1": 105.80113300000001, "2": 105.80469199999999, "3": 105.804616667, "4": 105.804616667, "5": 105.80683333299999, "6": 105.809733333, "7": 105.81095, "8": 105.82741666700001, "9": 105.820264, "10": 105.81511666700001, "11": 105.813916667, "12": 105.81471699999999, "13": 105.816066667, "14": 105.8145, "15": 105.8091, "16": 105.803716667, "17": 105.793383333, "18": 105.78683333299999, "19": 105.78471666700001, "20": 105.78756200000001, "21": 105.79416100000002, "22": 105.80346666700001, "23": 105.806233333, "24": 105.812583, "25": 105.820383333, "26": 105.82975, "27": 105.84063333299999, "28": 105.846933333, "29": 105.84671666700001, "30": 105.852933333, "31": 105.85606666700001}, "Name": {"0": "(A) C\u00f4ng Vi\u00ean Ngh\u0129a \u0110\u00f4 - Tuy\u1ebfn 96", "1": "G\u1ea7n H\u1ecdc vi\u1ec7n Qu\u1ed1c Ph\u00f2ng - 91 Ho\u00e0ng Qu\u1ed1c Vi\u1ec7t", "2": "C\u1ea7u v\u01b0\u1ee3t \u0111i b\u1ed9 V\u00f5 Ch\u00ed C\u00f4ng", "3": "\u0110\u1ed1i di\u1ec7n nh\u00e0 h\u00e0ng Ng\u1ecdc \u0110\u01b0\u1ee3c 3 - V\u00f5 Ch\u00ed C\u00f4ng", "4": "41 V\u00f5 Ch\u00ed C\u00f4ng (C\u1eeda h\u00e0ng L\u1eadp 4 m\u00f9a)", "5": "Qua ng\u00e3 t\u01b0 Xu\u00e2n La 100m", "6": "\u0110\u1ed1i di\u1ec7n ph\u00f2ng C\u1ea3nh S\u00e1t PCCC - CA TP H\u00e0 N\u1ed9i", "7": "\u0110\u1ed1i di\u1ec7n K\u0110T Nam Th\u0103ng Long", "8": "Ng\u00e3 4 c\u1ea7u v\u01b0\u1ee3t QL5 - V\u00f5 Nguy\u00ean Gi\u00e1p", "9": "\u0110\u1ed1i di\u1ec7n V\u1ecbnh xe bu\u00fdt \u0111\u01b0\u1eddng Ho\u00e0ng Sa", "10": "X\u00f3m tr\u1ea1i Th\u00f4n Vi\u00ean N\u1ed9i", "11": "\u0110\u00ecnh Vi\u00ean N\u1ed9i (chi\u1ec1u \u0111i)", "12": "Doanh tr\u1ea1i Q\u0110ND - Th\u00f4n Vi\u00ean N\u1ed9i", "13": "UBND x\u00e3 V\u00e2n N\u1ed9i", "14": "B\u01b0u \u0111i\u1ec7n V\u00e2n Tr\u00ec - \u0110\u01b0\u1eddng 23B", "15": "L\u1ed1i v\u00e0o l\u00e0ng v\u0103n h\u00f3a Th\u00f4n Nh\u00ec - \u0110\u01b0\u1eddng 23B", "16": "C\u00f4ng ty B\u1eafc H\u00e0 - \u0110\u01b0\u1eddng 23B", "17": "S\u1ed1 nh\u00e0 45 - 47 (\u0110\u01b0\u1eddng 23B)", "18": "\u0110\u1ed1i di\u1ec7n cty TNHH B\u1ea3o Y\u1ebfn (th\u00f4n \u0110\u00eca - Nam H\u1ed3ng) - QL 23B", "19": "Tr\u01b0\u1eddng THCS Nam H\u1ed3ng", "20": "\u0110\u1ed1i di\u1ec7n s\u1ed1 57 th\u00f4n V\u1ec7 x\u00e3 Nam H\u1ed3ng", "21": "\u0110\u1ed1i di\u1ec7n s\u1ed1 89 th\u00f4n T\u1eb1ng My x\u00e3 Nam H\u1ed3ng", "22": "S\u1ed1 12 Th\u00f4n Th\u01b0\u1ee3ng Ph\u00fac x\u00e3 B\u1eafc H\u1ed3ng", "23": "UBND x\u00e3 B\u1eafc H\u1ed3ng", "24": "\u0110\u1ed1i di\u1ec7n s\u1ed1 nh\u00e0 97 Th\u00f4n B\u1ebfn Trung x\u00e3 B\u1eafc H\u1ed3ng", "25": "\u0110\u1ed1i di\u1ec7n s\u1ed1 nh\u00e0 110 - Th\u00f4n S\u01a1n Du x\u00e3 Nguy\u00ean Kh\u00ea", "26": "Th\u00f4n Kh\u00ea N\u1eef x\u00e3 Nguy\u00ean Kh\u00ea (\u0110\u1ed1i di\u1ec7n bi\u1ec3n ch\u1ec9 d\u1eabn QL2)", "27": "Tr\u01b0\u1eddng THCS Nguy\u00ean Kh\u00ea", "28": "\u0110\u1ed1i di\u1ec7n \u0110\u01b0\u1eddng v\u00e0o Tr\u1ea1i g\u00e0 Nguy\u00ean Kh\u00ea - Km 15+750 Qu\u1ed1c l\u1ed9 3", "29": "Tr\u01b0\u1edbc s\u1ed1 nh\u00e0 25 Ph\u1ed1 Nguy\u00ean Kh\u00ea - X\u00e3 Nguy\u00ean Kh\u00ea", "30": "T\u1ed1 d\u00e2n ph\u1ed1 V\u0103n H\u00f3a s\u1ed1 23 th\u1ecb tr\u1ea5n \u0110\u00f4ng Anh", "31": "(B) \u0110\u00f4ng Anh (Tr\u01b0\u1eddng Cao \u0110\u1eb3ng Ngh\u1ec1 Vi\u1ec7t Nam - H\u00e0n Qu\u1ed1c) - Tuy\u1ebfn 96"}}