{"Lat": {"0": 21.0281, "1": 21.0233166667, "2": 21.018608, "3": 21.0147333333, "4": 21.0112666667, "5": 21.0067666667, "6": 21.0026, "7": 20.9980833333, "8": 20.9956333333, "9": 20.99406, "10": 20.99145, "11": 20.9882333333, "12": 20.98555, "13": 20.985664, "14": 20.983678, "15": 20.980401, "16": 20.979275, "17": 20.975483333299998, "18": 20.9724666667, "19": 20.9689833333, "20": 20.9668833333, "21": 20.9644833333, "22": 20.9625833333, "23": 20.960616666700002, "24": 20.9489166667, "25": 20.9397833333, "26": 20.9191166667, "27": 20.891783333299998, "28": 20.887933333299998, "29": 20.8865833333, "30": 20.8876, "31": 20.8882166667, "32": 20.8783166667, "33": 20.8711833333, "34": 20.864944, "35": 20.85995, "36": 20.8561833333, "37": 20.8526, "38": 20.84265, "39": 20.83565, "40": 20.8289666667, "41": 20.8176, "42": 20.8135833333, "43": 20.8079333333, "44": 20.7999666667, "45": 20.7953833333, "46": 20.7869166667, "47": 20.7743, "48": 20.7668666667, "49": 20.76095, "50": 20.75805, "51": 20.74755, "52": 20.7404333333, "53": 20.736083333299998, "54": 20.7319666667, "55": 20.72715, "56": 20.72415, "57": 20.714783333299998, "58": 20.7067333333, "59": 20.7006166667, "60": 20.69135, "61": 20.688917, "62": 20.6861833333, "63": 20.6839666667, "64": 20.679133333299998, "65": 20.6752166667, "66": 20.6657833333, "67": 20.6632666667, "68": 20.6566166667, "69": 20.642433333299998, "70": 20.62955, "71": 20.62785, "72": 20.6257166667, "73": 20.6239, "74": 20.6195166667, "75": 20.6171, "76": 20.6151166667, "77": 20.613181}, "BusStopCode": {"0": 3781, "1": 583, "2": 585, "3": 586, "4": 587, "5": 588, "6": 259, "7": 706, "8": 2841, "9": 707, "10": 708, "11": 3181, "12": 2910, "13": 1921, "14": 2844, "15": 798, "16": 799, "17": 800, "18": 621, "19": 622, "20": 623, "21": 1058, "22": 3767, "23": 2140, "24": 3841, "25": 4101, "26": 3842, "27": 3843, "28": 3064, "29": 4102, "30": 3065, "31": 3066, "32": 2704, "33": 2705, "34": 2706, "35": 4051, "36": 2707, "37": 2708, "38": 2709, "39": 2710, "40": 2711, "41": 2712, "42": 2713, "43": 4103, "44": 2714, "45": 2715, "46": 2716, "47": 2717, "48": 3782, "49": 3643, "50": 3644, "51": 3645, "52": 3646, "53": 3647, "54": 3553, "55": 3783, "56": 4104, "57": 3784, "58": 4105, "59": 3785, "60": 3786, "61": 4106, "62": 3787, "63": 3788, "64": 3789, "65": 3844, "66": 3845, "67": 3846, "68": 3791, "69": 3847, "70": 3792, "71": 3848, "72": 3849, "73": 3794, "74": 3850, "75": 3851, "76": 3852, "77": 3796}, "FleetOver": {"0": "103", "1": "103,21B,29,44", "2": "103,104,21B,22B,29,30,33,35A,39,44,60A,60B,74,84,87,88", "3": "103,21B,22B,33,35A,39,50,60A,60B,87", "4": "103,21B,22B,35A,39,50,60A,60B,87", "5": "103,21B,22B,35A,39,50,60A,60B,87", "6": "103,21B,22B,39", "7": "103,85", "8": "103,85", "9": "103,85", "10": "103,33,85", "11": "103,33", "12": "103,33,85", "13": "103,33,85", "14": "103,33,85", "15": "01,02,103,105,19,21A,22B,22C,27,33,39,85", "16": "01,02,103,105,106,19,21A,22B,22C,27,33,85", "17": "01,02,103,105,106,19,21A,22B,22C,27,33", "18": "103,105,106,22B", "19": "103,105,106,22B,37,62", "20": "103,105,106,22B,37,39,62", "21": "103,105,106,22B,37,39,62", "22": "103,105", "23": "103,105,22B", "24": "103", "25": "103", "26": "103", "27": "103", "28": "103,94", "29": "103,94", "30": "103,94", "31": "103,94", "32": "103,91,94", "33": "103,91,94", "34": "103,91,94", "35": "103,91,94", "36": "103,91,94", "37": "103,91", "38": "103,91", "39": "103,91", "40": "103,91", "41": "103,91", "42": "103,91", "43": "103,91", "44": "103,91", "45": "103,91", "46": "103,91", "47": "103,91", "48": "103", "49": "102,103", "50": "102,103", "51": "102,103", "52": "102,103", "53": "102,103", "54": "101,103", "55": "103", "56": "103", "57": "103", "58": "103", "59": "103", "60": "103", "61": "103", "62": "103", "63": "103", "64": "103", "65": "103", "66": "103", "67": "103", "68": "103", "69": "103", "70": "103", "71": "103", "72": "103", "73": "103", "74": "103", "75": "103", "76": "103", "77": "103"}, "Lng": {"0": 105.7785, "1": 105.77845, "2": 105.78126100000001, "3": 105.78423333299999, "4": 105.78705, "5": 105.79068333299999, "6": 105.7941, "7": 105.79485, "8": 105.791283333, "9": 105.78901100000002, "10": 105.78433333299999, "11": 105.77961666700001, "12": 105.78028333299999, "13": 105.783974, "14": 105.78821299999998, "15": 105.7879, "16": 105.786454, "17": 105.78155, "18": 105.782416667, "19": 105.785383333, "20": 105.78948333299999, "21": 105.79408333299999, "22": 105.79488333299999, "23": 105.79228333299999, "24": 105.78636666700001, "25": 105.78391666700001, "26": 105.78391666700001, "27": 105.79413333299999, "28": 105.784416667, "29": 105.78088333299999, "30": 105.77325, "31": 105.76531666700001, "32": 105.759533333, "33": 105.75875, "34": 105.761117, "35": 105.7641, "36": 105.766383333, "37": 105.769016667, "38": 105.77058333299999, "39": 105.771583333, "40": 105.772416667, "41": 105.77451666700001, "42": 105.77571666700001, "43": 105.77645, "44": 105.77823333299999, "45": 105.7794, "46": 105.779766667, "47": 105.7706, "48": 105.76843333299999, "49": 105.76671666700001, "50": 105.76655, "51": 105.7681, "52": 105.77015, "53": 105.77066666700001, "54": 105.770783333, "55": 105.771683333, "56": 105.77263333299999, "57": 105.76793333299999, "58": 105.76411666700001, "59": 105.76215, "60": 105.753283333, "61": 105.74867900000001, "62": 105.74348333299999, "63": 105.743316667, "64": 105.74831666700001, "65": 105.7527, "66": 105.763416667, "67": 105.767816667, "68": 105.776816667, "69": 105.783583333, "70": 105.787916667, "71": 105.78265, "72": 105.777083333, "73": 105.775883333, "74": 105.7805, "75": 105.783633333, "76": 105.78588333299999, "77": 105.78750900000001}, "Name": {"0": "(A) BX M\u1ef9 \u0110\u00ecnh - Tuy\u1ebfn 103", "1": "G\u1ea7n ng\u00e3 4 Ph\u1ea1m H\u00f9ng - \u0110\u00ecnh Th\u00f4n (H\u01b0\u1edbng \u0111i Khu\u1ea5t Duy Ti\u1ebfn)-c\u1ed9t tr\u01b0\u1edbc", "2": "Nh\u00e0 CT5 K\u0110T S\u00f4ng \u0110\u00e0 M\u1ef9 \u0110\u00ecnh - Ph\u1ea1m H\u00f9ng", "3": "Nh\u00e0 CT5-D K\u0110T M\u1ef9 \u0110\u00ecnh - Ph\u1ea1m H\u00f9ng", "4": "B\u1ea3o t\u00e0ng H\u00e0 N\u1ed9i - Ph\u1ea1m H\u00f9ng", "5": "Ng\u00e3 4 Ph\u1ea1m H\u00f9ng - Khu\u1ea5t Duy Ti\u1ebfn (Trung t\u00e2m H\u1ed9i ngh\u1ecb Qu\u1ed1c Gia)", "6": "246 Khu\u1ea5t Duy Ti\u1ebfn", "7": "\u0110\u1ed1i di\u1ec7n chung c\u01b0 HH2 B\u1eafc H\u00e0 - \u0111\u01b0\u1eddng T\u1ed1 H\u1eefu", "8": "\u0110\u1ed1i di\u1ec7n C\u00f4ng tr\u00ecnh c\u1ea3nh quan C\u00f4ng vi\u00ean H\u1ed3 Ph\u00f9ng Khoang", "9": "G\u1ea7n l\u1ed1i v\u00e0o tr\u01b0\u1eddng THPT Trung V\u0103n (Qua ng\u00e3 4 L\u01b0\u01a1ng Th\u1ebf Vinh - T\u1ed1 H\u1eefu)", "10": "Tr\u01b0\u1edbc ng\u00e3 4 Trung V\u0103n - T\u1ed1 H\u1eefu 100m", "11": "Tr\u01b0\u1edbc nh\u00e0 ch\u1edd M\u1ed7 Lao 30m - \u0111\u01b0\u1eddng T\u1ed1 H\u1eefu", "12": "Qua c\u1ea7u M\u1ed7 Lao 100m", "13": "UBND ph\u01b0\u1eddng M\u1ed7 Lao - \u0111\u01b0\u1eddng Nguy\u1ec5n V\u0103n L\u1ed9c", "14": "Nh\u00e0 LK3C-6 B\u1eafc H\u00e0 - \u0111\u01b0\u1eddng Nguy\u1ec5n V\u0103n L\u1ed9c", "15": "H\u1ecdc vi\u1ec7n c\u00f4ng ngh\u1ec7 b\u01b0u ch\u00ednh vi\u1ec5n th\u00f4ng - Tr\u1ea7n Ph\u00fa (H\u00e0 \u0110\u00f4ng)", "16": "100 Tr\u1ea7n Ph\u00fa (H\u00e0 \u0110\u00f4ng)", "17": "Kh\u00e1ch s\u1ea1n S\u00f4ng Nhu\u1ec7 (148 Tr\u1ea7n Ph\u00fa- H\u00e0 \u0110\u00f4ng)", "18": "\u0110\u1ed1i di\u1ec7n Trung t\u00e2m V\u0103n h\u00f3a Th\u00f4ng tin T\u1ec9nh H\u00e0 T\u00e2y - Ph\u00f9ng H\u01b0ng (H\u00e0 \u0110\u00f4ng)", "19": "70 Ph\u00f9ng H\u01b0ng (H\u00e0 \u0110\u00f4ng)", "20": "H\u1ecdc vi\u1ec7n Qu\u00e2n Y - Ph\u00f9ng H\u01b0ng (H\u00e0 \u0110\u00f4ng)", "21": "C\u1ed5ng th\u00f4n Y\u00ean X\u00e1 - 89 C\u1ea7u B\u01b0\u01a1u", "22": "\u0110\u1ed1i di\u1ec7n Nh\u00e0 CT2A Khu \u0111\u00f4 th\u1ecb Xa La - \u0110\u01b0\u1eddng Ph\u00fac La", "23": "T\u01b0\u1eddng r\u00e0o kh\u00e1ch s\u1ea1n M\u01b0\u1eddng Thanh - K\u0110T Xa La - \u0110\u01b0\u1eddng Ph\u00fac La",