{"Lat": {"0": 20.96245, "1": 20.96215, "2": 20.96655, "3": 20.9706666667, "4": 20.9725666667, "5": 20.9751666667, "6": 20.978483333299998, "7": 20.9815333333, "8": 20.981742999999998, "9": 20.978378, "10": 20.97385, "11": 20.9758333333, "12": 20.9796166667, "13": 20.9810833333, "14": 20.983065, "15": 20.9862, "16": 20.9885166667, "17": 20.9902166667, "18": 20.9893666667, "19": 20.9856, "20": 20.9797833333, "21": 20.97575, "22": 20.9716666667, "23": 20.9701166667, "24": 20.9696333333, "25": 20.97085, "26": 20.971045999999998, "27": 20.97985}, "BusStopCode": {"0": 2848, "1": 3166, "2": 2849, "3": 3301, "4": 698, "5": 699, "6": 700, "7": 701, "8": 2690, "9": 2691, "10": 2692, "11": 801, "12": 802, "13": 803, "14": 804, "15": 538, "16": 539, "17": 545, "18": 563, "19": 564, "20": 570, "21": 572, "22": 571, "23": 57, "24": 496, "25": 497, "26": 165, "27": 3165}, "FleetOver": {"0": "22C", "1": "105,22C", "2": "105,22C", "3": "19,22C", "4": "19,22C", "5": "19,22C", "6": "19,22C", "7": "19,22C", "8": "19,22C,57,89", "9": "19,22C,57,89", "10": "19,22C,57,89", "11": "01,02,103,105,106,19,21A,22B,22C,27,33", "12": "01,02,103,105,106,19,21A,22B,22C,27,33,39,85", "13": "01,02,103,105,19,21A,22B,22C,27,33,39", "14": "01,02,105,19,21A,22B,22C,27,39", "15": "01,02,105,19,21A,22B,22C,27,39", "16": "01,02,105,19,21A,22B,22C,27,39", "17": "01,02,105,19,21A,22B,22C,27,39", "18": "22C,29,60A", "19": "22C,29,60A", "20": "22C,29,60A", "21": "22C,29,60A", "22": "22C,29,60A", "23": "05,22C,29,37,60A,60B", "24": "104,22C,29,36,36CT,60B,84", "25": "22C,29,36,36CT,60B", "26": "03B,06A,06B,06C,06D,06E,08A,08ACT,08B,08BCT,101,106,12,16,21B,22C,29,36,36CT,37,94", "27": "22C"}, "Lng": {"0": 105.746733, "1": 105.747216667, "2": 105.75246666700001, "3": 105.75525, "4": 105.75736666700001, "5": 105.7606, "6": 105.764866667, "7": 105.7688, "8": 105.77084099999999, "9": 105.77394, "10": 105.77821666700001, "11": 105.7826, "12": 105.78745, "13": 105.7892, "14": 105.79176000000001, "15": 105.796016667, "16": 105.79931666700001, "17": 105.8017, "18": 105.80441666700001, "19": 105.80735, "20": 105.81153333299999, "21": 105.81455, "22": 105.821, "23": 105.82608333299999, "24": 105.83136666700001, "25": 105.83645, "26": 105.84128, "27": 105.841916667}, "Name": {"0": "(B) K\u0110T D\u01b0\u01a1ng N\u1ed9i - Tuy\u1ebfn 22C", "1": "Nh\u00e0 ch\u1edd \u0111\u1ed1i di\u1ec7n c\u1ed5ng The Sparks Nam C\u01b0\u1eddng - \u0111\u01b0\u1eddng tr\u1ee5c B\u1eafc H\u00e0 \u0110\u00f4ng", "2": "\u0110\u1ed1i di\u1ec7n ngh\u0129a trang La Kh\u00ea - \u0111\u01b0\u1eddng Y\u00ean L\u1ed9", "3": "350 T\u1ed1 H\u1eefu (tr\u01b0\u1edbc 100m c\u1ea7u La Kh\u00ea)", "4": "\u0110\u1ed1i di\u1ec7n \u0111\u01b0\u1eddng v\u00e0o K\u0110T An H\u01b0ng - \u0111\u01b0\u1eddng T\u1ed1 H\u1eefu", "5": "\u0110\u1ed1i di\u1ec7n Nam C\u01b0\u1eddng Building - T\u1ed1 H\u1eefu", "6": "\u0110i\u1ec3m x\u00e9n h\u00e8 g\u1ea7n \u0111\u01b0\u1eddng v\u00e0o K\u0110T D\u01b0\u01a1ng N\u1ed9i - T\u1ed1 H\u1eefu", "7": "Tr\u01b0\u1edbc ng\u00e3 4 V\u1ea1n Ph\u00fac - T\u1ed1 H\u1eefu 50m", "8": "S\u1ed1 51 V\u1ea1n Ph\u00fac (H\u00e0 \u0110\u00f4ng) - T\u00f2a nh\u00e0 Landmark", "9": "S\u1ed1 63 V\u1ea1n Ph\u00fac  (H\u00e0 \u0110\u00f4ng) - Si\u00eau th\u1ecb Vinmart V\u1ea1n Ph\u00fac", "10": "Nh\u00e0 v\u0103n h\u00f3a C\u00f4ng \u0111o\u00e0n H\u00e0 N\u1ed9i", "11": "Li\u00ean minh c\u00e1c HTX H\u00e0 N\u1ed9i - S\u1ed1 1 Tr\u1ea7n Ph\u00fa (H\u00e0 \u0110\u00f4ng)", "12": "Si\u00eau th\u1ecb Nguy\u1ec5n Kim - Km10 Nguy\u1ec5n Tr\u00e3i (H\u00e0 \u0110\u00f4ng)", "13": "\u0110\u1ea1i h\u1ecdc Ki\u1ebfn Tr\u00fac - Tr\u1ea7n Ph\u00fa (H\u00e0 \u0110\u00f4ng)", "14": "H\u1ecdc vi\u1ec7n An ninh nh\u00e2n d\u00e2n - Tr\u1ea7n Ph\u00fa (H\u00e0 \u0110\u00f4ng )", "15": "C\u00f4ng ty CP T\u01b0 v\u1ea5n \u0111\u1ea7u t\u01b0 M\u1ecf v\u00e0 C\u00f4ng nghi\u1ec7p - 565 Nguy\u1ec5n Tr\u00e3i", "16": "T\u1ed5ng C\u00f4ng ty x\u00e2y d\u1ef1ng S\u00f4ng \u0110\u00e0 - 493 Nguy\u1ec5n Tr\u00e3i", "17": "477 Nguy\u1ec5n Tr\u00e3i - H\u1ecdc vi\u1ec7n Khoa h\u1ecdc X\u00e3 h\u1ed9i", "18": "\u0110i\u1ec3m x\u00e9n h\u00e8 h\u1ea7m \u0111\u01b0\u1eddng b\u1ed9 - 100 Nguy\u1ec5n Xi\u1ec3n", "19": "C\u00f4ng ty CP Thi\u00ean Ph\u00fa (S\u1ed1 2 Khu t\u1eadp th\u1ec3 Cao su sao v\u00e0ng) - 262 Nguy\u1ec5n Xi\u1ec3n", "20": "\u0110i\u1ec3m x\u00e9n h\u00e8 h\u1ea7m \u0111\u01b0\u1eddng b\u1ed9 s\u1ed1 3 - Nghi\u00eam Xu\u00e2n Y\u00eam", "21": "\u0110\u1ed1i di\u1ec7n tr\u01b0\u1eddng \u0110\u1ea1i h\u1ecdc Th\u0103ng Long", "22": "\u0110i\u1ec3m x\u00e9n h\u00e8 h\u1ea7m \u0111\u01b0\u1eddng b\u1ed9 (Trung t\u00e2m hu\u1ea5n luy\u1ec7n v\u00e0 thi \u0111\u1ea5u th\u1ec3 thao CAND) - Nghi\u00eam Xu\u00e2n Y\u00eam", "23": "\u0110i\u1ec3m x\u00e9n h\u00e8 (C\u1eeda h\u00e0ng x\u0103ng d\u1ea7u s\u1ed1 75) - S\u1ed1 6 C\u1ea7u D\u1eadu", "24": "\u0110\u1ed1i di\u1ec7n Ao sen L\u00e0ng \u0110\u1ea1i T\u1eeb - Nguy\u1ec5n H\u1eefu Th\u1ecd", "25": "\u0110\u1ed1i di\u1ec7n \u0111\u01b0\u1eddng v\u00e0o K\u0110T \u0110\u1ea1i Kim - 45 Nguy\u1ec5n H\u1eefu Th\u1ecd", "26": "\u0110\u1ed1i di\u1ec7n Tr\u1ee5 s\u1edf C\u00f4ng an Ph\u01b0\u1eddng Ho\u00e0ng Li\u1ec7t- 1277 Gi\u1ea3i Ph\u00f3ng", "27": "(A) BX Gi\u00e1p B\u00e1t - Tuy\u1ebfn 22C"}}