{"Lat": {"0": 21.1264666667, "1": 21.12645, "2": 21.1319, "3": 21.1418, "4": 21.1530833333, "5": 21.1581833333, "6": 21.1652666667, "7": 21.185933, "8": 21.192593, "9": 21.205018, "10": 21.2145166667, "11": 21.22275, "12": 21.22775, "13": 21.2346666667, "14": 21.24375, "15": 21.249366666700002, "16": 21.2583, "17": 21.2641166667, "18": 21.2709666667, "19": 21.2743, "20": 21.2785, "21": 21.2879166667, "22": 21.2945666667, "23": 21.3046666667, "24": 21.3074833333, "25": 21.313482, "26": 21.3149333333, "27": 21.316382, "28": 21.3163166667, "29": 21.3131166667, "30": 21.313146, "31": 21.32025, "32": 21.32495}, "BusStopCode": {"0": 3462, "1": 883, "2": 885, "3": 886, "4": 887, "5": 888, "6": 889, "7": 890, "8": 891, "9": 892, "10": 893, "11": 3124, "12": 3001, "13": 3002, "14": 3003, "15": 3004, "16": 3005, "17": 3006, "18": 3007, "19": 3008, "20": 3009, "21": 3010, "22": 3011, "23": 3012, "24": 3013, "25": 3015, "26": 3016, "27": 3017, "28": 3464, "29": 3465, "30": 1376, "31": 1377, "32": 3463}, "FleetOver": {"0": "64", "1": "07,35B,53A,53B,56A,56C,58,61,64,93,95", "2": "07,35B,53A,53B,56A,56C,58,61,64,93,95", "3": "07,35B,53A,53B,56A,56C,58,61,64,93,95", "4": "07,35B,53A,53B,56A,56C,58,61,64,93,95", "5": "07,35B,53A,53B,56A,56C,58,61,64,93,95", "6": "07,53B,56A,56C,58,64,93,95", "7": "07,56A,56C,58,64,95", "8": "07,56A,56C,58,64,95", "9": "07,56A,56C,58,64,95", "10": "07,56A,56C,58,64,95", "11": "58,64,95", "12": "58,64,93,95", "13": "64,93", "14": "64,93", "15": "64,93", "16": "64,93", "17": "64,93", "18": "64,93", "19": "64,93", "20": "64,93", "21": "64,93", "22": "64,93", "23": "64,93", "24": "64,93", "25": "64,93", "26": "64,93", "27": "64,93", "28": "64", "29": "64", "30": "15,64", "31": "15,64", "32": "64"}, "Lng": {"0": 105.78043333299999, "1": 105.78116666700001, "2": 105.7792, "3": 105.77868333299999, "4": 105.7792, "5": 105.77943333299999, "6": 105.779733333, "7": 105.780533, "8": 105.78072900000001, "9": 105.779777, "10": 105.77873333299999, "11": 105.76825, "12": 105.76115, "13": 105.76328333299999, "14": 105.76766666700001, "15": 105.77278333299999, "16": 105.78165, "17": 105.78713333299999, "18": 105.79191666700001, "19": 105.79493333299999, "20": 105.798583333, "21": 105.80656666700001, "22": 105.811466667, "23": 105.817016667, "24": 105.82113333299999, "25": 105.84283899999998, "26": 105.8505, "27": 105.855731, "28": 105.85798333299999, "29": 105.8669, "30": 105.86769299999999, "31": 105.86978333299999, "32": 105.87299999999999}, "Name": {"0": "(A) KCN B\u1eaeC TH\u0102NG LONG - Tuy\u1ebfn 64", "1": "Qua ng\u00e3 t\u01b0 khu CN Th\u0103ng Long 100m (chi\u1ec1u H\u00e0 N\u1ed9i - N\u1ed9i B\u00e0i)", "2": "\u0110\u1ed1i di\u1ec7n UBND x\u00e3 Kim Chung- Km 2+230 Cao t\u1ed1c BTL-NB", "3": "Qua c\u1ea7u chui d\u00e2n sinh s\u1ed1 4 - \u0111\u01b0\u1eddng v\u00e0o th\u00f4n Nhu\u1ebf, Km 11+200 (chi\u1ec1u H\u00e0 N\u1ed9i \u0111i s\u00e2n bay N\u1ed9i B\u00e0i)", "4": "C\u1ea7u V\u00e2n Tr\u00ec- Km 4+560 Cao t\u1ed1c BTL-NB", "5": "Tr\u01b0\u1edbc 70m c\u1ea7u v\u01b0\u1ee3t Ng\u00e3 t\u01b0 Nam H\u1ed3ng Cao t\u1ed1c BTL-NB", "6": "C\u00f4ng ty c\u01a1 kh\u00ed Nam H\u1ed3ng- Km 6+120 Cao t\u1ed1c BTL-NB", "7": "\u0110\u1ed1i di\u1ec7n KCN Quang Minh (Melinh Palaza) - Km 8+100 Cao t\u1ed1c BTL-NB", "8": "Nh\u00e0 m\u00e1y t\u1ea5m l\u1ee3p VitMetal- Km 8+850 Cao t\u1ed1c BTL-NB", "9": "So\u00e1t v\u00e9 cao t\u1ed1c B\u1eafc Th\u0103ng Long - Km 10+230 Cao t\u1ed1c BTL-NB", "10": "Ng\u00e3 t\u01b0 Cao t\u1ed1c TL- Ph\u00fac Y\u00ean - Km 11+700 Cao t\u1ed1c BTL-NB", "11": "72 Th\u1ea1ch L\u1ed7i Thanh Xu\u00e2n", "12": "C\u1ed9t m\u1ed1c Km 10+00 - Qu\u1ed1c l\u1ed9 2", "13": "\u0110\u1ea7u th\u00f4n B\u00e1i Th\u01b0\u1ee3ng - X\u00e3 Thanh Xu\u00e2n, T\u1ec9nh l\u1ed9 35", "14": "\u0110\u1ed1i di\u1ec7n Tr\u01b0\u1eddng Cao \u0111\u1eb3ng ngh\u1ec1 \u0111i\u1ec7n - Xu\u00e2n L\u1ec5 - T\u00e2n D\u00e2n, T\u1ec9nh l\u1ed9 35", "15": "\u0110\u1ed1i di\u1ec7n \u0110\u1ea1i l\u00fd b\u00e1n l\u1ebb x\u0103ng d\u1ea7u s\u1ed1 55 - Nam C\u01b0\u01a1ng, Hi\u1ec1n Ninh - S\u00f3c S\u01a1n,T\u1ec9nh l\u1ed9 35", "16": "Tr\u01b0\u1edbc B\u1ed1t T\u00e9p 100m - X\u00e3 Hi\u1ec1n Ninh - T\u1ec9nh l\u1ed9 35", "17": "Tr\u01b0\u1edbc 100m c\u1ea7u Ph\u00fa H\u1eefu (KM11+229 TL35) - x\u00e3 Minh Ph\u00fa", "18": "Tr\u01b0\u1edbc \u0111\u1ed1i di\u1ec7n 100m Doanh tr\u1ea1i Q\u0110ND Vi\u1ec7t Nam - X\u00f3m Ph\u00fa C\u01b0\u1eddng, Hi\u1ec1n Ninh, T\u1ec9nh l\u1ed9 35", "19": "Tr\u01b0\u1edbc 70m \u0111\u1ed1i di\u1ec7n l\u1ed1i v\u00e0o Ph\u00f2ng kh\u00e1m \u0111a khoa Minh Ph\u00fa - x\u00e3 Minh Ph\u00fa - T\u1ec9nh l\u1ed9 35", "20": "\u0110\u1ed1i di\u1ec7n B\u01b0u \u0111i\u1ec7n - tr\u01b0\u1eddng THPT Minh Ph\u00fa", "21": "Qua 50m \u0111\u1ed1i di\u1ec7n Km8 T\u1ec9nh l\u1ed9 35 - Ti\u1ec3u \u0111o\u00e0n 903 - L\u1eef \u0111o\u00e0n 86 - Binh ch\u1ee7ng Ho\u00e1 H\u1ecdc", "22": "\u0110\u1ed1i di\u1ec7n Tr\u01b0\u1eddng Ti\u1ec3u h\u1ecdc x\u00e3 Nam S\u01a1n - T\u1ec9nh l\u1ed9 35", "23": "\u0110\u1ed1i di\u1ec7n tr\u01b0\u1edbc 100m Cty TNHH th\u01b0\u01a1ng m\u1ea1i c\u00f4ng ngh\u1ec7 v\u00e0 m\u00f4i tr\u01b0\u1eddng Nh\u1eadt Anh", "24": "\u0110\u1ed1i di\u1ec7n UBND x\u00e3 Nam S\u01a1n - T\u1ec9nh l\u1ed9 35", "25": "Qua c\u1ea7u \u0110en 100m - X\u00e3 H\u1ed3ng K\u1ef3 - t\u1ec9nh l\u1ed9 35", "26": "\u0110\u1ed1i di\u1ec7n C\u1ed9t m\u1ed1c Km2 T\u1ec9nh l\u1ed9 35 - x\u00e3 H\u1ed3ng K\u1ef3", "27": "Qua 70m \u0111\u1ed1i di\u1ec7n UBND X\u00e3 H\u1ed3ng K\u1ef3 - T\u1ec9nh l\u1ed9 35", "28": "\u0110\u1ed1i di\u1ec7n C\u1ed9t m\u1ed1c Km1 QL2, T\u1ec9nh l\u1ed9 35", "29": "Qua T\u1ed5ng kho d\u1ef1 tr\u1eef S\u00f3c S\u01a1n 70m, T\u1ec9nh l\u1ed9 35", "30": "\u0110\u1ed1i di\u1ec7n UBND x\u00e3 Trung Gi\u00e3, ch\u1ee3 N\u1ec9 - Km 31+100 Qu\u1ed1c l\u1ed9 3", "31": "Ng\u00e3 3 \u0111\u01b0\u1eddng v\u00e0o th\u00f4n B\u00ecnh An, Trung Gi\u00e3 - Km 32+00 Qu\u1ed1c l\u1ed9 3", "32": "(B) Ph\u1ed1 N\u1ec9 - Tuy\u1ebfn 64"}}