{"Lat": {"0": 21.027983, "1": 21.028795000000002, "2": 21.026866666700002, "3": 21.0233666667, "4": 21.0190833333, "5": 21.01495, "6": 21.012416666700002, "7": 21.0101666667, "8": 21.00985, "9": 21.0072666667, "10": 21.0029333333, "11": 21.000167, "12": 20.996366666700002, "13": 20.9935833333, "14": 20.9904666667, "15": 20.988163, "16": 20.985882999999998, "17": 20.983446, "18": 20.980401, "19": 20.979275, "20": 20.975483333299998, "21": 20.9724666667, "22": 20.9689833333, "23": 20.9668833333, "24": 20.9644833333, "25": 20.9625833333, "26": 20.960616666700002, "27": 20.9592833333, "28": 20.9618166667, "29": 20.9637666667, "30": 20.967033333299998, "31": 20.9691, "32": 20.9676666667, "33": 20.965533333299998, "34": 20.964783333299998, "35": 20.9631666667, "36": 20.96535, "37": 20.9677166667, "38": 20.96625, "39": 20.9624666667, "40": 20.9584666667, "41": 20.9564166667, "42": 20.9585166667}, "BusStopCode": {"0": 3764, "1": 62, "2": 138, "3": 3765, "4": 3578, "5": 805, "6": 739, "7": 740, "8": 737, "9": 360, "10": 365, "11": 3766, "12": 548, "13": 535, "14": 544, "15": 536, "16": 537, "17": 797, "18": 798, "19": 799, "20": 800, "21": 621, "22": 622, "23": 623, "24": 1058, "25": 3767, "26": 2140, "27": 3768, "28": 3769, "29": 3770, "30": 3771, "31": 3772, "32": 3773, "33": 3821, "34": 646, "35": 3775, "36": 3776, "37": 3777, "38": 2847, "39": 3780, "40": 3778, "41": 3779, "42": 3748}, "FleetOver": {"0": "105", "1": "09,09CT,105,20A,20B,26,27,28,32,34,38", "2": "09,09CT,105,16,24", "3": "105", "4": "104,105", "5": "105,51,84", "6": "105,107,22A,35A,50", "7": "105,107,22A,35A,50,60A,60B", "8": "105,107,22A,35A,50,60A,60B", "9": "105,60A,60B", "10": "105,30,60A,60B", "11": "05,105,60A", "12": "05,105,60A,60B", "13": "01,02,05,105,19,21A,21B,27,29,60A", "14": "01,02,105,19,21A,22B,22C,27,39", "15": "01,02,105,19,21A,22B,22C,27,39", "16": "01,02,105,19,21A,22B,22C,27,39", "17": "01,02,105,19,21A,22B,22C,27,39", "18": "01,02,103,105,19,21A,22B,22C,27,33,39,85", "19": "01,02,103,105,106,19,21A,22B,22C,27,33,85", "20": "01,02,103,105,106,19,21A,22B,22C,27,33", "21": "103,105,106,22B", "22": "103,105,106,22B,37,62", "23": "103,105,106,22B,37,39,62", "24": "103,105,106,22B,37,39,62", "25": "103,105", "26": "103,105,22B", "27": "105", "28": "105", "29": "105", "30": "105", "31": "105", "32": "105", "33": "105", "34": "01,02,105,21A,27,33,37,57,62,89", "35": "105", "36": "105", "37": "105", "38": "105,22C", "39": "105", "40": "105", "41": "105", "42": "105"}, "Lng": {"0": 105.805517, "1": 105.803723, "2": 105.79886666700001, "3": 105.79806666700001, "4": 105.79958333299999, "5": 105.8013, "6": 105.80136666700001, "7": 105.79876666700001, "8": 105.798983333, "9": 105.802483333, "10": 105.80096666700001, "11": 105.801767, "12": 105.80475, "13": 105.8058, "14": 105.80138333299999, "15": 105.798207, "16": 105.794981, "17": 105.79166200000002, "18": 105.7879, "19": 105.786454, "20": 105.78155, "21": 105.782416667, "22": 105.785383333, "23": 105.78948333299999, "24": 105.79408333299999, "25": 105.79488333299999, "26": 105.79228333299999, "27": 105.788733333, "28": 105.78575, "29": 105.78405, "30": 105.78095, "31": 105.7794, "32": 105.77635, "33": 105.7729, "34": 105.767783333, "35": 105.7637, "36": 105.75986666700001, "37": 105.75563333299999, "38": 105.751883333, "39": 105.74738333299999, "40": 105.74021666700001, "41": 105.7367, "42": 105.73278333299999}, "Name": {"0": "(B) C\u1ea7u Gi\u1ea5y - Tuy\u1ebfn 105", "1": "\u0110i\u1ec3m trung chuy\u1ec3n C\u1ea7u Gi\u1ea5y - Th\u1ee7 L\u1ec7 02", "2": "C\u1ea7u Y\u00ean H\u00f2a - \u0110\u1ed1i di\u1ec7n 1166 \u0111\u01b0\u1eddng L\u00e1ng", "3": "UBND Ph\u01b0\u1eddng Y\u00ean H\u00f2a (Qua c\u1ea7u C\u00f3t kho\u1ea3ng 100m) - Nguy\u1ec5n Khang", "4": "S\u1ed1 5 L\u00f4 4C - V\u0169 Ph\u1ea1m H\u00e0m", "5": "L\u00f4 14B Khu \u0111\u00f4 th\u1ecb Trung Y\u00ean - Qua ng\u00f5 36 Trung H\u00f2a", "6": "\u0110\u1ed1i di\u1ec7n Tr\u01b0\u1eddng \u0110\u1ea1i h\u1ecdc Lao \u0111\u1ed9ng & X\u00e3 H\u1ed9i - 48 Tr\u1ea7n Duy H\u01b0ng", "7": "\u0110\u1ed1i di\u1ec7n B\u1ed9 Khoa h\u1ecdc & C\u00f4ng ngh\u1ec7 - 146 Tr\u1ea7n Duy H\u01b0ng", "8": "113 Tr\u1ea7n Duy H\u01b0ng - B\u1ed9 KHCN", "9": "\u0110\u1ed1i di\u1ec7n nh\u00e0 24T2 K\u0110T Trung Ho\u00e0 Nh\u00e2n Ch\u00ednh - Ho\u00e0ng \u0110\u1ea1o Th\u00fay", "10": "Nh\u00e0 N2E K\u0110T Trung H\u00f2a Nh\u00e2n Ch\u00ednh - L\u00ea V\u0103n L\u01b0\u01a1ng", "11": "\u0110\u1ed1i di\u1ec7n s\u00e2n b\u00f3ng L\u00e0ng sinh vi\u00ean Hacinco - 199A Nguy\u1ec5n Tu\u00e2n", "12": "Vi\u1ec7n Khoa h\u1ecdc H\u00ecnh S\u1ef1 - 99 Nguy\u1ec5n Tu\u00e2n", "13": "386 Nguy\u1ec5n Tr\u00e3i - C\u1ee5c S\u1edf h\u1eefu tr\u00ed tu\u1ec7", "14": "B\u00e1ch h\u00f3a Thanh Xu\u00e2n - \u0111\u01b0\u1eddng Nguy\u1ec5n Tr\u00e3i", "15": "204-206 Nguy\u1ec5n Tr\u00e3i (G\u1ea7n ng\u00e3 3 Nguy\u1ec5n Tr\u00e3i - L\u01b0\u01a1ng Th\u1ebf Vinh )", "16": "C\u00f4ng ty CP C\u00f4ng tr\u00ecnh GT 873 - Nguy\u1ec5n Tr\u00e3i", "17": "S\u1ed1 10 Tr\u1ea7n Ph\u00fa - Si\u00eau Th\u1ecb Vi\u1ec7t Long", "18": "H\u1ecdc vi\u1ec7n c\u00f4ng ngh\u1ec7 b\u01b0u ch\u00ednh vi\u1ec5n th\u00f4ng - Tr\u1ea7n Ph\u00fa (H\u00e0 \u0110\u00f4ng)", "19": "100 Tr\u1ea7n Ph\u00fa (H\u00e0 \u0110\u00f4ng)", "20": "Kh\u00e1ch s\u1ea1n S\u00f4ng Nhu\u1ec7 (148 Tr\u1ea7n Ph\u00fa- H\u00e0 \u0110\u00f4ng)", "21": "\u0110\u1ed1i di\u1ec7n Trung t\u00e2m V\u0103n h\u00f3a Th\u00f4ng tin T\u1ec9nh H\u00e0 T\u00e2y - Ph\u00f9ng H\u01b0ng (H\u00e0 \u0110\u00f4ng)", "22": "70 Ph\u00f9ng H\u01b0ng (H\u00e0 \u0110\u00f4ng)", "23": "H\u1ecdc vi\u1ec7n Qu\u00e2n Y - Ph\u00f9ng H\u01b0ng (H\u00e0 \u0110\u00f4ng)", "24": "C\u1ed5ng th\u00f4n Y\u00ean X\u00e1 - 89 C\u1ea7u B\u01b0\u01a1u", "25": "\u0110\u1ed1i di\u1ec7n Nh\u00e0 CT2A Khu \u0111\u00f4 th\u1ecb Xa La - \u0110\u01b0\u1eddng Ph\u00fac La", "26": "T\u01b0\u1eddng r\u00e0o kh\u00e1ch s\u1ea1n M\u01b0\u1eddng Thanh - K\u0110T Xa La - \u0110\u01b0\u1eddng Ph\u00fac La", "27": "Tr\u01b0\u1eddng Ti\u1ec3u h\u1ecdc Ki\u1ebfn H\u01b0ng - \u0110a S\u1ef9", "28": "Ch\u00f9a l\u00e0ng \u0110a S\u1ef9 - \u0110a S\u1ef9", "29": "C\u00e1ch ng\u00e3 t\u01b0 \u0110a S\u1ef9 - H\u00e0 Tr\u00ec kho\u1ea3ng 120m", "30": "\u0110\u1ed1i di\u1ec7n B\u1ea3o hi\u1ec3m X\u00e3 h\u1ed9i qu\u1eadn H\u00e0 \u0110\u00f4ng (Tr\u01b0\u1eddng THCS L\u00ea L\u1ee3i) - S\u1ed1 160 L\u00ea L\u1ee3i (H\u00e0 \u0110\u00f4ng)", "31": "Ch\u1ee3 H\u00e0 \u0110\u00f4ng (\u0110\u1ed1i  di\u1ec7n B\u1ed9 T\u01b0 l\u1ec7nh C\u1ea3nh s\u00e1t bi\u1ec3n Vi\u1ec7t Nam) - 81 L\u00ea L\u1ee3i (H\u00e0 \u0110\u00f4ng)", "32": "Mi\u1ebfu v\u00e0 ch\u00f9a C\u1ea7u \u0110\u01a1 (C\u1ea1nh Tr\u01b0\u1eddng THCS L\u00ea H\u1ed3ng Phong) - L\u00ea H\u1ed3ng Phong", "33": "Qua 40m ng\u00f5 5 L\u00ea H\u1ed3ng Phong (H\u00e0 \u0110\u00f4ng)", "34": "254 Quang Trung - H\u00e0 \u0110\u00f4ng", "35": "T\u00f2a nh\u00e0 Th\u1ee7y L\u1ee3i Tower - 128 L\u00ea Tr\u1ecdng T\u1ea5n (H\u00e0 \u0110\u00f4ng)", "36": "G\u1ea7n \u0111\u01b0\u1eddng v\u00e0o ch\u00f9a Bia B\u00e0 (Nh\u00e0 ch\u1edd La Kh\u00ea tuy\u1ebfn BRT 01) - Ng\u00f5 32 L\u00ea Tr\u1ecdng T\u1ea5n (H\u00e0 \u0110\u00f4ng)", "37": "C\u1ea7u v\u01b0\u1ee3t \u0111i b\u1ed9 nh\u00e0 ch\u1edd Park City - Qua ng\u00f5 36 L\u00ea Tr\u1ecdng T\u1ea5n (H\u00e0 \u0110\u00f4ng)", "38": "Ngh\u0129a trang La Kh\u00ea - \u0110\u01b0\u1eddng Y\u00ean L\u1ed9", "39": "T\u00f2a nh\u00e0 CT7F The Sparks Nam C\u01b0\u1eddng  - \u0110\u01b0\u1eddng Y\u00ean L\u1ed9", "40": "C\u00f4ng ty c\u00e2y xanh Vi\u1ec7t Nam - Y\u00ean L\u1ed9", "41": "Tr\u01b0\u1eddng Ti\u1ec3u h\u1ecdc Y\u00ean Ngh\u0129a - \u0110\u01b0\u1eddng Y\u00ean L\u1ed9", "42": "(A) \u0110\u00f4 Ngh\u0129a - Tuy\u1ebfn 105"}}