{"Lat": {"0": 21.0592666667, "1": 21.054066666700002, "2": 21.0514666667, "3": 21.0472666667, "4": 21.040003, "5": 21.0341, "6": 21.033122, "7": 21.03085, "8": 21.0288166667, "9": 21.0283, "10": 21.02645, "11": 21.0220833333, "12": 21.016066666700002, "13": 21.0135166667, "14": 21.010683333299998, "15": 21.006406, "16": 21.003235999999998, "17": 21.000167, "18": 20.996366666700002, "19": 20.9935833333, "20": 20.995383333299998, "21": 20.99335, "22": 20.9960666667, "23": 20.9919333333, "24": 20.9846, "25": 20.9795833333, "26": 20.978, "27": 20.9724166667, "28": 20.9701166667, "29": 20.964862, "30": 20.963582000000002, "31": 20.9633666667}, "BusStopCode": {"0": 1786, "1": 125, "2": 126, "3": 127, "4": 239, "5": 1808, "6": 1810, "7": 1812, "8": 1814, "9": 722, "10": 4073, "11": 809, "12": 810, "13": 842, "14": 470, "15": 223, "16": 224, "17": 3766, "18": 548, "19": 535, "20": 541, "21": 4072, "22": 264, "23": 265, "24": 268, "25": 269, "26": 270, "27": 271, "28": 57, "29": 493, "30": 479, "31": 1711}, "FleetOver": {"0": "05", "1": "05", "2": "05", "3": "05", "4": "05,13,20A,20B,29,32", "5": "05,49", "6": "05,97", "7": "05,97", "8": "05,84,97", "9": "05,39,61", "10": "05,51", "11": "05,104,51,84,85", "12": "05,104,51", "13": "05", "14": "05,29,30,44,85", "15": "05,29,30,44,85", "16": "05,29,30,44,85", "17": "05,105,60A", "18": "05,105,60A,60B", "19": "01,02,05,105,19,21A,21B,27,29,60A", "20": "01,02,05,19,21A,21B,27,44,60B", "21": "01,02,05,105,19,21A,21B,27,29,60A", "22": "05,60B", "23": "05,60B", "24": "05,60B", "25": "05,60B", "26": "05,60B", "27": "05,60B", "28": "05,22C,29,37,60A,60B", "29": "05,106,36,36CT,37,60A,84", "30": "05,36,36CT,37,60A,84", "31": "05"}, "Lng": {"0": 105.764733333, "1": 105.763883333, "2": 105.76365, "3": 105.76276666700001, "4": 105.76603300000001, "5": 105.766966667, "6": 105.770829, "7": 105.774533333, "8": 105.77845, "9": 105.78175, "10": 105.78798333299999, "11": 105.79066666700001, "12": 105.794333333, "13": 105.79446666700001, "14": 105.7933, "15": 105.796879, "16": 105.79943600000001, "17": 105.801767, "18": 105.80475, "19": 105.8058, "20": 105.80908333299999, "21": 105.806233333, "22": 105.8139, "23": 105.813533333, "24": 105.81431666700001, "25": 105.819666667, "26": 105.82325, "27": 105.82455, "28": 105.82608333299999, "29": 105.826297, "30": 105.830398, "31": 105.8305}, "Name": {"0": "(B) Ph\u00fa Di\u1ec5n (Tr\u1ea1i G\u00e0) - Tuy\u1ebfn 05", "1": "C\u1ed5ng l\u00e0ng Ph\u00fa Di\u1ec5n - \u0110\u01b0\u1eddng K1 C\u1ea7u Di\u1ec5n", "2": "\u0110\u1ed1i di\u1ec7n Ga Ph\u00fa Di\u1ec5n - \u0110\u01b0\u1eddng K1 C\u1ea7u Di\u1ec5n", "3": "C\u1ed5ng tr\u01b0\u1eddng \u0110H t\u00e0i nguy\u00ean m\u00f4i tr\u01b0\u1eddng", "4": "Tr\u1ee5 s\u1edf Huy\u1ec7n u\u1ef7 T\u1eeb Li\u00eam - H\u1ed3 T\u00f9ng M\u1eadu", "5": "H\u00e8 tr\u01b0\u1edbc \u0110\u01a1n nguy\u00ean 2 KTX M\u1ef9 \u0110\u00ecnh - \u0111\u01b0\u1eddng H\u00e0m Nghi", "6": "V\u1ecbnh x\u00e9n h\u00e8 xe bu\u00fdt \u0111\u1ed1i di\u1ec7n t\u00f2a nh\u00e0 Sun Square - \u0111\u01b0\u1eddng Nguy\u1ec5n Ho\u00e0ng", "7": "V\u1ecbnh x\u00e9n h\u00e8 xe bu\u00fdt \u0111\u1ed1i di\u1ec7n t\u00f2a nh\u00e0 PT2 - K\u0110T Ph\u00fa M\u1ef9 - \u0111\u01b0\u1eddng Nguy\u1ec5n Ho\u00e0ng", "8": "Tr\u01b0\u1edbc 100m ng\u00e3 4 Nguy\u1ec5n Ho\u00e0ng - Ph\u1ea1m H\u00f9ng (\u0111\u1ed1i di\u1ec7n c\u00f4ng ty CP S\u00f4ng \u0110\u00e0 9)", "9": "B\u1ed9 N\u1ed9i V\u1ee5, B\u1ed9 T\u00e0i Nguy\u00ean M\u00f4i Tr\u01b0\u1eddng - 10 T\u00f4n Th\u1ea5t Thuy\u1ebft", "10": "\u00d4 D27 \u0111\u01b0\u1eddng Ph\u1ea1m V\u0103n B\u1ea1ch", "11": "\u0110\u1ed1i di\u1ec7n tr\u01b0\u1eddng THCS Y\u00ean H\u00f2a - 282 Trung K\u00ednh", "12": "\u0110\u1ea1i h\u1ecdc Ph\u01b0\u01a1ng \u0110\u00f4ng - 201B Trung Kinh", "13": "Cty CP x\u00e2y l\u1eafp b\u01b0u \u0111i\u1ec7n - \u0111\u01b0\u1eddng V\u0169 Ph\u1ea1m H\u00e0m", "14": "\u0110\u1ed1i di\u1ec7n tr\u01b0\u1eddng THPT Nguy\u1ec5n B\u1ec9nh Khi\u00eam - \u0111\u01b0\u1eddng Nguy\u1ec5n Ch\u00e1nh", "15": "\u0110\u1ed1i di\u1ec7n Tr\u01b0\u1eddng THPT chuy\u00ean H\u00e0 N\u1ed9i - Amsterdam (Ho\u00e0ng Minh Gi\u00e1m)", "16": "\u0110\u1ed1i di\u1ec7n Nh\u00e0 N2A K\u0110T Trung H\u00f2a Nh\u00e2n Ch\u00ednh - Ho\u00e0ng Minh Gi\u00e1m", "17": "\u0110\u1ed1i di\u1ec7n s\u00e2n b\u00f3ng L\u00e0ng sinh vi\u00ean Hacinco - 199A Nguy\u1ec5n Tu\u00e2n", "18": "Vi\u1ec7n Khoa h\u1ecdc H\u00ecnh S\u1ef1 - 99 Nguy\u1ec5n Tu\u00e2n", "19": "386 Nguy\u1ec5n Tr\u00e3i - C\u1ee5c S\u1edf h\u1eefu tr\u00ed tu\u1ec7", "20": "C\u00f4ng ty thu\u1ed1c l\u00e1 Th\u0103ng Long - 235 Nguy\u1ec5n Tr\u00e3i", "21": "Tr\u01b0\u1edbc s\u1ed1 277 Nguy\u1ec5n Tr\u00e3i - B\u00e1ch h\u00f3a gi\u00e0y Th\u01b0\u1ee3ng \u0110\u00ecnh", "22": "\u0110\u1ed1i di\u1ec7n 81 - 83 Kh\u01b0\u01a1ng \u0110\u00ecnh", "23": "254 - 256 Kh\u01b0\u01a1ng \u0110\u00ecnh", "24": "42 Kim Giang", "25": "214 Kim Giang", "26": "292 Kim Giang", "27": "C\u00e1ch c\u1ed5ng BV \u0111a khoa y h\u1ecdc c\u1ed5 truy\u1ec1n 50m", "28": "\u0110i\u1ec3m x\u00e9n h\u00e8 (C\u1eeda h\u00e0ng x\u0103ng d\u1ea7u s\u1ed1 75) - S\u1ed1 6 C\u1ea7u D\u1eadu", "29": "Nh\u00e0 HH1C (C\u00e1ch \u0111\u01b0\u1eddng v\u00e0o Tr\u1ea1m c\u1ea5p n\u01b0\u1edbc Linh \u0110\u00e0m 40m)", "30": "Nh\u00e0 N\u01a0. 7B K\u0110T Linh \u0110\u00e0m - Nguy\u1ec5n Duy Trinh", "31": "(A) K\u0110T Linh \u0110\u00e0m - Tuy\u1ebfn 05"}}