{"Lat": {"0": 21.0281, "1": 21.0229833333, "2": 21.018608, "3": 21.019508, "4": 21.0186, "5": 21.0151, "6": 21.010683333299998, "7": 21.006406, "8": 21.003235999999998, "9": 21.0029, "10": 21.00625, "11": 21.007544, "12": 21.014233333299998, "13": 21.0158, "14": 21.0145166667, "15": 21.0158166667, "16": 21.0175166667, "17": 21.0194333333, "18": 21.020017000000003, "19": 21.019287, "20": 21.018933333299998, "21": 21.017205, "22": 21.016753, "23": 21.014157, "24": 21.011587, "25": 21.0067166667, "26": 21.002119, "27": 20.997533333299998, "28": 20.992183333299998, "29": 20.987583333299998, "30": 20.9842333333, "31": 20.981832999999998}, "BusStopCode": {"0": 1745, "1": 584, "2": 585, "3": 3298, "4": 468, "5": 469, "6": 470, "7": 223, "8": 224, "9": 359, "10": 2143, "11": 362, "12": 317, "13": 669, "14": 670, "15": 205, "16": 206, "17": 207, "18": 93, "19": 251, "20": 252, "21": 767, "22": 795, "23": 427, "24": 385, "25": 296, "26": 297, "27": 298, "28": 661, "29": 528, "30": 529, "31": 1722}, "FleetOver": {"0": "30", "1": "104,22B,30,33,35A,39,46,60A,60B,74,84,87,88", "2": "103,104,21B,22B,29,30,33,35A,39,44,60A,60B,74,84,87,88", "3": "104,30,84", "4": "29,30,44", "5": "29,30,44,85", "6": "05,29,30,44,85", "7": "05,29,30,44,85", "8": "05,29,30,44,85", "9": "105,29,30,44,60A,60B", "10": "30,84", "11": "30,84", "12": "30,50", "13": "12,26,30,35A,50", "14": "12,26,30,35A,50", "15": "30,50", "16": "23,30,50", "17": "23,30,50", "18": "28,30,49,99", "19": "01,09,09CT,30,41,49", "20": "01,09,09CT,30,41,49", "21": "09,09CT,11,30,40,43,52A,52B", "22": "30", "23": "23,30", "24": "04,18,30,42,44", "25": "04,30,42", "26": "04,26,30,42", "27": "04,26,30,42", "28": "04,26,30,38,42", "29": "26,30,38,42", "30": "26,30,38,42", "31": "30"}, "Lng": {"0": 105.7785, "1": 105.778566667, "2": 105.78126100000001, "3": 105.785067, "4": 105.786933333, "5": 105.78975, "6": 105.7933, "7": 105.796879, "8": 105.79943600000001, "9": 105.80145, "10": 105.806133, "11": 105.808077, "12": 105.813583333, "13": 105.81605, "14": 105.817783333, "15": 105.820883333, "16": 105.82411666700001, "17": 105.825133333, "18": 105.82666, "19": 105.83339, "20": 105.83853333299999, "21": 105.84496100000001, "22": 105.85181399999999, "23": 105.85341899999999, "24": 105.859204, "25": 105.86088333299999, "26": 105.861329, "27": 105.8618, "28": 105.8624, "29": 105.86338333299999, "30": 105.86376666700001, "31": 105.86366699999999}, "Name": {"0": "(B) BX M\u1ef9 \u0110\u00ecnh - Tuy\u1ebfn 30", "1": "G\u1ea7n ng\u00e3 4 Ph\u1ea1m H\u00f9ng - \u0110\u00ecnh Th\u00f4n (H\u01b0\u1edbng \u0111i Khu\u1ea5t Duy Ti\u1ebfn)-c\u1ed9t sau", "2": "Nh\u00e0 CT5 K\u0110T S\u00f4ng \u0110\u00e0 M\u1ef9 \u0110\u00ecnh - Ph\u1ea1m H\u00f9ng", "3": "S\u1ed1 16 D\u01b0\u01a1ng \u0110\u00ecnh Ngh\u1ec7 - T\u01b0\u1eddng r\u00e0o t\u00f2a nh\u00e0 Keangnam", "4": "Qua tr\u01b0\u1eddng Ti\u1ec3u h\u1ecdc Nam Trung Y\u00ean 100m - \u0111\u01b0\u1eddng Nguy\u1ec5n Ch\u00e1nh", "5": "Nh\u00e0 B6C - K\u0110T Nam Trung Y\u00ean", "6": "\u0110\u1ed1i di\u1ec7n tr\u01b0\u1eddng THPT Nguy\u1ec5n B\u1ec9nh Khi\u00eam - \u0111\u01b0\u1eddng Nguy\u1ec5n Ch\u00e1nh", "7": "\u0110\u1ed1i di\u1ec7n Tr\u01b0\u1eddng THPT chuy\u00ean H\u00e0 N\u1ed9i - Amsterdam (Ho\u00e0ng Minh Gi\u00e1m)", "8": "\u0110\u1ed1i di\u1ec7n Nh\u00e0 N2A K\u0110T Trung H\u00f2a Nh\u00e2n Ch\u00ednh - Ho\u00e0ng Minh Gi\u00e1m", "9": "\u0110\u1ed1i di\u1ec7n Nh\u00e0 N2E K\u0110T Trung H\u00f2a Nh\u00e2n Ch\u00ednh - L\u00ea V\u0103n L\u01b0\u01a1ng", "10": "Tr\u01b0\u1edbc l\u00f4 2.6 \u0111\u01b0\u1eddng L\u00ea V\u0103n L\u01b0\u01a1ng ", "11": "33 L\u00ea V\u0103n L\u01b0\u01a1ng (\u0111\u1ed1i di\u1ec7n Doanh tr\u1ea1i qu\u00e2n \u0111\u1ed9i)", "12": "97 L\u00e1ng H\u1ea1", "13": "Tr\u1ea1m bi\u1ebfn \u00e1p F3 Th\u00e0nh C\u00f4ng - 171 Th\u00e1i H\u00e0", "14": "161-163 Th\u00e1i H\u00e0", "15": "Qua 70m ng\u00e3 ba \u0110\u1eb7ng Ti\u1ebfn \u0110\u00f4ng \u2013 Ho\u00e0ng C\u1ea7u (\u0111i X\u00e3 \u0110\u00e0n)", "16": "Trung t\u00e2m th\u1ec3 thao Ho\u00e0ng C\u1ea7u - 59 Ho\u00e0ng C\u1ea7u", "17": "23-25 Ho\u00e0ng C\u1ea7u", "18": "144 \u00d4 Ch\u1ee3 D\u1eeba", "19": "221A-221B Kh\u00e2m Thi\u00ean (\u0110\u1ed1i di\u1ec7n 302)", "20": "\u0110\u00e0i t\u01b0\u1edfng ni\u1ec7m Kh\u00e2m Thi\u00ean - 45 Kh\u00e2m Thi\u00ean", "21": "C\u00f4ng vi\u00ean Th\u1ed1ng Nh\u1ea5t - Tr\u1ea7n Nh\u00e2n T\u00f4ng", "22": "83A Tr\u1ea7n Xu\u00e2n So\u1ea1n", "23": "94 Ng\u00f4 Th\u00ec Nh\u1eadm", "24": "172 L\u00f2 \u0110\u00fac (C\u1eeda h\u00e0ng xe m\u00e1y Hon \u0110a)", "25": "86 Kim Ng\u01b0u", "26": "T\u1eadp th\u1ec3 E6 Qu\u1ef3nh Mai - Kim Ng\u01b0u", "27": "C\u1eeda h\u00e0ng nh\u1ef1a \u0111\u01b0\u1eddng s\u1ed1 3 - 344 Kim Ng\u01b0u", "28": "C\u00e1ch c\u1ed5ng C\u00f4ng ty c\u01a1 kh\u00ed Tr\u1ea7n H\u01b0ng \u0110\u1ea1o 40m - 18 Tam Trinh", "29": "\u0110\u1ed1i di\u1ec7n 303 Nguy\u1ec5n Tam Trinh", "30": "\u0110\u1ed1i di\u1ec7n 411 Nguy\u1ec5n Tam Trinh", "31": "(A) Mai \u0110\u1ed9ng - Tuy\u1ebfn 30"}}