{"Lat": {"0": 21.031925, "1": 21.0284166667, "2": 21.026448000000002, "3": 21.027383333299998, "4": 21.02945, "5": 21.031983333299998, "6": 21.0341833333, "7": 21.0345333333, "8": 21.03515, "9": 21.0354666667, "10": 21.03635, "11": 21.0328166667, "12": 21.029975, "13": 21.028795000000002, "14": 21.026866666700002, "15": 21.0230666667, "16": 21.0233, "17": 21.0234666667, "18": 21.0222, "19": 21.018205, "20": 21.0182, "21": 21.019182999999998, "22": 21.017232999999997, "23": 21.0132833333, "24": 21.0101, "25": 21.010616666700002, "26": 21.0113166667, "27": 21.00885, "28": 21.007616666700002, "29": 21.0103166667, "30": 21.01687, "31": 21.019287, "32": 21.018933333299998, "33": 21.017205, "34": 21.0182166667, "35": 21.018833333299998, "36": 21.02305, "37": 21.02695, "38": 21.031914999999998}, "BusStopCode": {"0": 1739, "1": 340, "2": 726, "3": 727, "4": 95, "5": 96, "6": 339, "7": 106, "8": 107, "9": 108, "10": 369, "11": 370, "12": 2760, "13": 62, "14": 138, "15": 139, "16": 72, "17": 73, "18": 477, "19": 478, "20": 471, "21": 249, "22": 250, "23": 322, "24": 143, "25": 1900, "26": 677, "27": 678, "28": 665, "29": 666, "30": 519, "31": 251, "32": 252, "33": 767, "34": 641, "35": 629, "36": 183, "37": 103, "38": 1668}, "FleetOver": {"0": "09", "1": "09", "2": "02,09,09CT,45", "3": "02,09,09CT,45", "4": "02,09,09CT,32,34,45", "5": "09,09CT,18,41,45", "6": "09,09CT,18", "7": "09,09CT", "8": "09,09CT", "9": "09,09CT", "10": "09,09CT,90", "11": "09,09CT,90", "12": "09,09CT,27,28,32,34,38", "13": "09,09CT,105,20A,20B,26,27,28,32,34,38", "14": "09,09CT,105,16,24", "15": "09,09CT,16,24", "16": "09,09CT", "17": "09,09CT", "18": "09,09CT,107,12,22A,26,27", "19": "09,09CT,107,12,22A,26,27,35A", "20": "09,09CT,107,12,22A,26,27,35A", "21": "09,09CT,12,26,35A", "22": "09,09CT,12,26,35A", "23": "09,09CT,30,50", "24": "09,09CT,16,24,27,51,84", "25": "09,09CT,84", "26": "09,09CT,18", "27": "09,09CT,18", "28": "09,09CT,18,51", "29": "01,02,09,09CT,23", "30": "01,02,09,09CT", "31": "01,09,09CT,30,41,49", "32": "01,09,09CT,30,41,49", "33": "09,09CT,11,30,40,43,52A,52B", "34": "09,09CT,11,38,40,43", "35": "08A,08ACT,08B,08BCT,09,09CT,31,35A,36,36CT", "36": "08A,08B,09,36", "37": "08A,08B,09,86", "38": "09"}, "Lng": {"0": 105.851827, "1": 105.851166667, "2": 105.84966599999998, "3": 105.84665, "4": 105.84238333299999, "5": 105.83986666700001, "6": 105.83426666700001, "7": 105.8304, "8": 105.823433333, "9": 105.81891666700001, "10": 105.81463333299999, "11": 105.8135, "12": 105.811073, "13": 105.803723, "14": 105.79886666700001, "15": 105.79931666700001, "16": 105.80263333299999, "17": 105.80601666700001, "18": 105.809366667, "19": 105.807047, "20": 105.80741666700001, "21": 105.80961200000002, "22": 105.813565, "23": 105.812683333, "24": 105.81196666700001, "25": 105.81623333299999, "26": 105.81768333299999, "27": 105.81973333299999, "28": 105.82365, "29": 105.82505, "30": 105.82902299999999, "31": 105.83339, "32": 105.83853333299999, "33": 105.84496100000001, "34": 105.847366667, "35": 105.851716667, "36": 105.8527, "37": 105.853486, "38": 105.851948}, "Name": {"0": "(B) B\u1edd H\u1ed3 - Tuy\u1ebfn 09", "1": "Ng\u00e3 3 L\u00ea Th\u00e1i T\u1ed5 - H\u00e0ng Tr\u1ed1ng", "2": "6-8 Tr\u00e0ng Thi (Qua ng\u00e3 4 Tr\u00e0ng Thi - L\u00fd Qu\u1ed1c S\u01b0)", "3": "B\u1ec7nh vi\u1ec7n Vi\u1ec7t \u0110\u1ee9c - 40 Tr\u00e0ng Thi", "4": "12A \u0110i\u1ec7n Bi\u00ean Ph\u1ee7", "5": "C\u1ed9t c\u1edd H\u00e0 N\u1ed9i - \u0110i\u1ec7n Bi\u00ean Ph\u1ee7", "6": "18A L\u00ea H\u1ed3ng Phong - \u0110\u1ed1i di\u1ec7n 23 L\u00ea H\u1ed3ng Phong", "7": "Tr\u1ea1m bi\u1ebfn \u00e1p \u0110\u1ed9i C\u1ea5n 2 - S\u1ed1 nh\u00e0 47 ph\u1ed1 \u0110\u1ed9i C\u1ea5n", "8": "195B \u0110\u1ed9i C\u1ea5n", "9": "285 \u0110\u1ed9i C\u1ea5n - C\u00f4ng ty D\u1ec7t Kim H\u00e0 N\u1ed9i", "10": "22 Li\u1ec5u Giai", "11": "Tr\u01b0\u1eddng Qu\u1ed1c t\u1ebf H\u00e0 N\u1ed9i - 48 Li\u1ec5u Giai", "12": "H\u00e8 c\u1ea1nh Kh\u00e1ch s\u1ea1n Daewoo H\u00e0 N\u1ed9i", "13": "\u0110i\u1ec3m trung chuy\u1ec3n C\u1ea7u Gi\u1ea5y - Th\u1ee7 L\u1ec7 02", "14": "C\u1ea7u Y\u00ean H\u00f2a - \u0110\u1ed1i di\u1ec7n 1166 \u0111\u01b0\u1eddng L\u00e1ng", "15": "\u0110\u1ed1i di\u1ec7n 1014 \u0110\u01b0\u1eddng L\u00e1ng - C\u1ea7u C\u00f3t", "16": "Tr\u01b0\u1eddng THCS L\u00e1ng Th\u01b0\u1ee3ng - 159 Ch\u00f9a L\u00e1ng", "17": "85-87 Ch\u00f9a L\u00e1ng", "18": "\u0110\u1ed1i di\u1ec7n \u0110\u1ea1i h\u1ecdc Lu\u1eadt H\u00e0 N\u1ed9i - Nguy\u1ec5n Ch\u00ed Thanh", "19": "Trung t\u00e2m y t\u1ebf d\u1ef1 ph\u00f2ng HN - 70 Nguy\u1ec5n Ch\u00ed Thanh", "20": "KTX \u0110\u1ea1i h\u1ecdc Giao th\u00f4ng V\u1eadn t\u1ea3i - 99 Nguy\u1ec5n Ch\u00ed Thanh", "21": "57A Hu\u1ef3nh Th\u00fac Kh\u00e1ng", "22": "7 Hu\u1ef3nh Th\u00fac Kh\u00e1ng - C\u1ea1nh \u0110\u00e0i Truy\u1ec1n h\u00ecnh H\u00e0 N\u1ed9i", "23": "Vi\u1ec7n C\u00f4ng Ngh\u1ec7 X\u1ea1 Hi\u1ebfm - 48 L\u00e1ng H\u1ea1", "24": "\u0110\u1ed1i di\u1ec7n 498 \u0110\u01b0\u1eddng L\u00e1ng", "25": "119 Y\u00ean L\u00e3ng", "26": "104 A49 Th\u00e1i Th\u1ecbnh", "27": "B\u1ec7nh vi\u1ec7n Ch\u00e2m C\u1ee9u Trung \u01b0\u01a1ng - 49 Th\u00e1i Th\u1ecbnh", "28": "\u0110\u1ea1i h\u1ecdc Thu\u1ef7 L\u1ee3i - 175 T\u00e2y S\u01a1n (c\u1ed9t sau)", "29": "\u0110\u1ea1i h\u1ecdc C\u00f4ng \u0110o\u00e0n - 169 T\u00e2y S\u01a1n", "30": "83 Nguy\u1ec5n L\u01b0\u01a1ng B\u1eb1ng", "31": "221A-221B Kh\u00e2m Thi\u00ean (\u0110\u1ed1i di\u1ec7n 302)", "32": "\u0110\u00e0i t\u01b0\u1edfng ni\u1ec7m Kh\u00e2m Thi\u00ean - 45 Kh\u00e2m Thi\u00ean", "33": "C\u00f4ng vi\u00ean Th\u1ed1ng Nh\u1ea5t - Tr\u1ea7n Nh\u00e2n T\u00f4ng", "34": "55 Quang Trung - \u0110\u1ed1i di\u1ec7n H\u1ed3 Thi\u1ec1n Quang", "35": "25A-25B Ph\u1ed1 Hu\u1ebf", "36": "29 H\u00e0ng B\u00e0i", "37": "B\u01b0u \u0111i\u1ec7n Th\u00e0nh ph\u1ed1 H\u00e0 N\u1ed9i - 75B \u0110inh Ti\u00ean Ho\u00e0ng", "38": "(A) B\u1edd H\u1ed3 - Tuy\u1ebfn 09"}}