{"Lat": {"0": 20.863152, "1": 20.865267000000003, "2": 20.8664166667, "3": 20.873483333299998, "4": 20.8773166667, "5": 20.8861333333, "6": 20.890617000000002, "7": 20.8953, "8": 20.89895, "9": 20.90635, "10": 20.911066666700002, "11": 20.9198, "12": 20.9253666667, "13": 20.932, "14": 20.9388333333, "15": 20.9414333333, "16": 20.944366666700002, "17": 20.9551333333, "18": 20.960832999999997, "19": 20.973317, "20": 20.9778166667, "21": 20.984733, "22": 20.9898333333, "23": 20.9898333333, "24": 20.9898666667, "25": 20.98925, "26": 20.9884, "27": 20.9934333333, "28": 20.9969, "29": 21.000602999999998, "30": 21.0011833333, "31": 21.002097, "32": 21.002627, "33": 21.00271, "34": 21.002233333299998, "35": 21.003016666700002, "36": 21.003818, "37": 21.006515, "38": 21.0096333333, "39": 21.010616666700002, "40": 21.010182999999998, "41": 21.0099, "42": 21.0091, "43": 21.0081, "44": 21.0066666667, "45": 21.00481, "46": 21.0131833333, "47": 21.0164833333, "48": 21.01885, "49": 21.0229, "50": 21.027151, "51": 21.0281}, "BusStopCode": {"0": 1998, "1": 1999, "2": 2000, "3": 2001, "4": 2002, "5": 2003, "6": 2004, "7": 2005, "8": 2006, "9": 2007, "10": 2008, "11": 2009, "12": 2010, "13": 2757, "14": 2011, "15": 2012, "16": 2758, "17": 2759, "18": 2013, "19": 2014, "20": 2015, "21": 2016, "22": 2017, "23": 2018, "24": 2019, "25": 2020, "26": 2021, "27": 2022, "28": 4170, "29": 2023, "30": 2024, "31": 2025, "32": 2026, "33": 2027, "34": 2028, "35": 2029, "36": 2030, "37": 2031, "38": 2032, "39": 2033, "40": 4053, "41": 2034, "42": 2035, "43": 2036, "44": 2037, "45": 2038, "46": 155, "47": 156, "48": 576, "49": 577, "50": 578, "51": 1957}, "FleetOver": {"0": "88", "1": "88", "2": "88", "3": "88", "4": "88", "5": "88", "6": "88", "7": "88", "8": "88", "9": "88", "10": "88", "11": "88", "12": "88", "13": "88", "14": "88", "15": "88", "16": "88", "17": "88", "18": "88", "19": "88", "20": "88", "21": "88", "22": "88", "23": "107,74,88", "24": "107,74,88", "25": "107,74,88", "26": "107,74,88", "27": "107,74,88", "28": "107,74,88", "29": "107,74,88", "30": "107,74,88", "31": "107,74,88,89", "32": "107,74,88,89", "33": "107,74,87,88", "34": "107,74,87,88", "35": "107,74,87,88", "36": "107,74,87,88", "37": "107,74,87,88", "38": "107,74,87,88", "39": "107,74,87,88", "40": "107,87,88", "41": "107,74,87,88", "42": "107,74,87,88", "43": "107,74,87,88", "44": "107,74,87,88", "45": "107,74,87,88", "46": "50,74,88", "47": "50,74,88", "48": "103,104,21B,22B,29,30,33,35A,39,44,60A,60B,74,84,87,88", "49": "103,104,21B,22B,29,30,33,35A,39,44,46,60A,60B,74,84,87,88", "50": "103,16,21B,22B,29,30,33,34,44,46,53B,60A,60B,74,84,88", "51": "88"}, "Lng": {"0": 105.579625, "1": 105.57891699999999, "2": 105.57836666700001, "3": 105.57706666700001, "4": 105.577616667, "5": 105.579033333, "6": 105.579867, "7": 105.58126666700001, "8": 105.58048333299999, "9": 105.5784, "10": 105.577366667, "11": 105.5741, "12": 105.57205, "13": 105.5678, "14": 105.559766667, "15": 105.55693333299999, "16": 105.552466667, "17": 105.539583333, "18": 105.53675, "19": 105.53386699999999, "20": 105.52993333299999, "21": 105.526417, "22": 105.53628333299999, "23": 105.53815, "24": 105.55035, "25": 105.559733333, "26": 105.572483333, "27": 105.5873, "28": 105.59553333299999, "29": 105.606172, "30": 105.621833333, "31": 105.63028, "32": 105.635779, "33": 105.64833899999999, "34": 105.65806666700001, "35": 105.66885, "36": 105.677627, "37": 105.69809, "38": 105.7115, "39": 105.7188, "40": 105.729122, "41": 105.73178300000001, "42": 105.7463, "43": 105.75155, "44": 105.75863333299999, "45": 105.76771299999999, "46": 105.77616666700001, "47": 105.78081666700001, "48": 105.781516667, "49": 105.77903333299999, "50": 105.77920800000001, "51": 105.7785}, "Name": {"0": "\u0110\u1ea7u B Xu\u00e2n Mai (Tr\u01b0\u1eddng C\u0110 C\u1ed9ng \u0110\u1ed3ng H\u00e0 T\u00e2y)", "1": "\u0110\u1ed1i di\u1ec7n C\u0110 C\u1ed9ng \u0111\u1ed3ng H\u00e0 T\u00e2y - \u0111\u01b0\u1eddng H\u1ed3 Ch\u00ed Minh", "2": "\u0110\u1ed1i di\u1ec7n KTX Cao \u0111\u1eb3ng c\u1ed9ng \u0111\u1ed3ng - \u0111\u01b0\u1eddng H\u1ed3 Ch\u00ed Minh", "3": "\u0110\u00e0i Ph\u00e1t s\u00f3ng ph\u00e1t thanh CK2 - \u0111\u01b0\u1eddng H\u1ed3 Ch\u00ed Minh", "4": "\u0110\u1ed1i di\u1ec7n Trung t\u00e2m D\u1ecbch v\u1ee5 T\u1ed5ng H\u1ee3p - \u0111\u01b0\u1eddng H\u1ed3 Ch\u00ed Minh", "5": "\u0110\u1ed1i di\u1ec7n tr\u01b0\u1eddng Trung c\u1ea5p ngh\u1ec1 t\u1ed5ng h\u1ee3p HN - \u0111\u01b0\u1eddng H\u1ed3 Ch\u00ed Minh", "6": "\u0110\u01b0\u1eddng v\u00e0o UBND x\u00e3 Th\u1ee7y Xu\u00e2n Ti\u00ean (\u0110\u1ed1i di\u1ec7n tr\u01b0\u1eddng Trung c\u1ea5p C\u1ea3nh s\u00e1t v\u0169 trang) - \u0111\u01b0\u1eddng H\u1ed3 Ch\u00ed Minh", "7": "\u0110\u1ed1i di\u1ec7n cty Xu\u00e2n C\u01b0\u01a1ng", "8": "Tr\u01b0\u1eddng S\u1ef9 quan \u0111\u1eb7c c\u00f4ng (tr\u01b0\u1edbc \u0111\u1ed1i di\u1ec7n c\u1eeda h\u00e0ng x\u0103ng d\u1ea7u s\u1ed1 7 Xu\u00e2n Mai) - \u0111\u01b0\u1eddng H\u1ed3 Ch\u00ed Minh", "9": "\u0110\u1ed1i di\u1ec7n nh\u00e0 v\u0103n h\u00f3a khu T\u00e2n Xu\u00e2n", "10": "\u0110\u1ed1i di\u1ec7n \u0110\u1ea1i h\u1ecdc L\u00e2m Nghi\u1ec7p - Qu\u1ed1c l\u1ed9 21", "11": "Th\u00f4n C\u1ed1 Th\u1ed5, H\u00f2a S\u01a1n (\u0111\u1ed1i di\u1ec7n Km419 \u0111\u01b0\u1eddng H\u1ed3 Ch\u00ed Minh)", "12": "\u0110\u1ed1i \u0111i\u1ec7n C\u00e2y x\u0103ng TV21 - Qu\u1ed1c l\u1ed9 21", "13": "G\u1ea7n l\u00e0ng v\u0103n h\u00f3a Y\u00ean Th\u00e1i", "14": "Nh\u00e0 h\u00e0ng Ph\u00fa S\u01a1n - Qu\u1ed1c l\u1ed9 21", "15": "Qua c\u1ea7u C\u1eeda \u0110\u1ea7m - Qu\u1ed1c l\u1ed9 21", "16": "Ch\u1ee3 Long Ph\u00fa (G\u1ea7n \u0111\u01b0\u1eddng v\u00e0o ch\u00f9a H\u00f2a Ph\u00fac)", "17": "X\u00f3m 2 H\u00f2a Ph\u00fa, x\u00e3 H\u00f2a Th\u1ea1ch - Qu\u1ed1c Oai (Chi\u1ec1u v\u1ec1 M\u1ef9 \u0110\u00ecnh)", "18": "Th\u00f4n 7 x\u00e3 Ph\u00fa C\u00e1t (\u0110\u1ed1i di\u1ec7n Binh \u0111o\u00e0n B\u1ed9 binh c\u01a1 gi\u1edbi 102) - Qu\u1ed1c l\u1ed9 21", "19": "Qua C\u00f4ng an Ph\u01b0\u1eddng H\u00f2a Ph\u00fa - Qu\u1ed1c l\u1ed9 21", "20": "Tr\u01b0\u1edbc 100m c\u1ea7u Rau - Qu\u1ed1c l\u1ed9 21", "21": "\u0110\u01b0\u1eddng v\u00e0o UBND x\u00e3 Th\u1ea1ch H\u00f2a - Qu\u1ed1c l\u1ed9 21", "22": "C\u1ea7u Ph\u00fa C\u00e1t - \u0110\u1ea1i l\u1ed9 Th\u0103ng Long", "23": "Khu CN cao H\u00f2a L\u1ea1c - \u0110\u1ea1i l\u1ed9 Th\u0103ng Long", "24": "Cty C\u00e1m Tr\u01b0\u1eddng Th\u1ecd - \u0110\u1ea1i l\u1ed9 Th\u0103ng Long", "25": "Th\u00f4n Khoang M\u00e1i, x\u00e3 \u0110\u1ed3ng Tr\u00fac - \u0110\u1ea1i l\u1ed9 Th\u0103ng Long", "26": "Th\u00f4n \u0110\u1ed3ng Kho, x\u00e3 \u0110\u1ed3ng Tr\u00fac - \u0110\u1ea1i l\u1ed9 Th\u0103ng Long (h\u01b0\u1edbng v\u1ec1 trung t\u00e2m th\u00e0nh ph\u1ed1)", "27": "Th\u00f4n Li\u1ec7p Mai, x\u00e3 Ng\u1ecdc Li\u1ec7p - \u0110\u1ea1i l\u1ed9 Th\u0103ng Long (h\u01b0\u1edbng v\u1ec1 trung t\u00e2m th\u00e0nh ph\u1ed1)", "28": "Tr\u01b0\u1eddng THCS Ng\u1ecdc Li\u1ec7p", "29": "Th\u00f4n \u0110\u1ed3ng B\u1ee5t, x\u00e3 Ng\u1ecdc Li\u1ec7p - \u0110\u1ea1i l\u1ed9 Th\u0103ng Long", "30": "Th\u00f4n Ng\u1ecdc Than, x\u00e3 Ng\u1ecdc M\u1ef9 - \u0110\u1ea1i l\u1ed9 Th\u0103ng Long", "31": "Th\u00f4n Ng\u00f4 S\u00e0i - th\u1ecb tr\u1ea5n Qu\u1ed1c Oai - \u0110\u1ea1i l\u1ed9 Th\u0103ng Long", "32": "Khu \u0111\u00f4 th\u1ecb Ng\u00f4i nh\u00e0 m\u1edbi- \u0110\u1ea1i l\u1ed9 Th\u0103ng Long", "33": "Ng\u00e3 3 Ch\u00f9a Th\u1ea7y - Qu\u1ed1c Oai - \u0110\u1ea1i l\u1ed9 Th\u0103ng Long", "34": "Th\u00f4n Qu\u1ea3ng Y\u00ean, Y\u00ean S\u01a1n, Qu\u1ed1c Oai - \u0110\u1ea1i l\u1ed9 Th\u0103ng Long", "35": "X\u00e3 V\u00e2n C\u00f4n, Ho\u00e0i \u0110\u1ee9c - \u0110\u1ea1i l\u1ed9 Th\u0103ng Long", "36": "Song Ph\u01b0\u01a1ng, Ho\u00e0i \u0110\u1ee9c - \u0110\u1ea1i l\u1ed9 Th\u0103ng Long", "37": "\u0110\u00ea Ph\u01b0\u01a1ng Vi\u00ean, Song Ph\u01b0\u01a1ng - \u0110\u1ea1i l\u1ed9 Th\u0103ng Long", "38": "K\u0110T Nam An Kh\u00e1nh - \u0110\u1ea1i l\u1ed9 Th\u0103ng Long",