{"Lat": {"0": 21.067283, "1": 21.062196, "2": 21.0547333333, "3": 21.051595000000002, "4": 21.045966, "5": 21.0415833333, "6": 21.0383833333, "7": 21.0325666667, "8": 21.0287166667, "9": 21.029424, "10": 21.02695, "11": 21.0222, "12": 21.018205, "13": 21.01405, "14": 21.0124, "15": 21.0101, "16": 21.0079166667, "17": 21.003633333299998, "18": 20.9999166667, "19": 20.9959333333, "20": 20.9935833333, "21": 20.9904666667, "22": 20.988163, "23": 20.985882999999998, "24": 20.983446, "25": 20.980401, "26": 20.979275, "27": 20.975483333299998, "28": 20.972531, "29": 20.969518, "30": 20.96755, "31": 20.964783333299998, "32": 20.9620333333, "33": 20.96017, "34": 20.958085, "35": 20.954073, "36": 20.952066666700002, "37": 20.95}, "BusStopCode": {"0": 1774, "1": 600, "2": 602, "3": 603, "4": 237, "5": 784, "6": 746, "7": 58, "8": 64, "9": 282, "10": 475, "11": 477, "12": 478, "13": 141, "14": 142, "15": 143, "16": 144, "17": 145, "18": 533, "19": 534, "20": 535, "21": 544, "22": 536, "23": 537, "24": 797, "25": 798, "26": 799, "27": 800, "28": 643, "29": 644, "30": 645, "31": 646, "32": 647, "33": 648, "34": 649, "35": 650, "36": 1470, "37": 1694}, "FleetOver": {"0": "27", "1": "07,14,14CT,27,28,35A,38,45,46,53A,53B,60A,60B,61", "2": "07,14,14CT,27,35A,38,45,46,53A,53B,60A,60B,61", "3": "07,14,14CT,27,35A,38,45,46,53A,53B,60A,60B,61", "4": "27,38,45", "5": "13,27", "6": "27,39,97", "7": "07,16,20A,20B,26,27,28,32,34,49", "8": "105,26,27,28,32,34,38,49", "9": "09,09CT,27,28,32,34,38", "10": "107,12,22A,27", "11": "09,09CT,107,12,22A,26,27", "12": "09,09CT,107,12,22A,26,27,35A", "13": "16,24,27,50,51", "14": "16,24,27,50,51", "15": "09,09CT,16,24,27,51,84", "16": "16,24,27,51", "17": "16,19,24,27,51", "18": "01,02,19,21A,21B,27,44", "19": "01,02,05,19,21A,21B,27,29,44,60B", "20": "01,02,05,105,19,21A,21B,27,29,60A", "21": "01,02,105,19,21A,22B,22C,27,39", "22": "01,02,105,19,21A,22B,22C,27,39", "23": "01,02,105,19,21A,22B,22C,27,39", "24": "01,02,105,19,21A,22B,22C,27,39", "25": "01,02,103,105,19,21A,22B,22C,27,33,39,85", "26": "01,02,103,105,106,19,21A,22B,22C,27,33,85", "27": "01,02,103,105,106,19,21A,22B,22C,27,33", "28": "01,02,21A,27,33,57,89", "29": "01,02,21A,27,33,57,89", "30": "01,02,21A,27,33,57,89", "31": "01,02,105,21A,27,33,37,57,62,89", "32": "01,02,21A,27,33,37,57,62,89", "33": "01,02,21A,27,33,37,57,62,89", "34": "01,02,21A,27,33,37,57,62,89", "35": "01,02,21A,27,33,37,57,62,89,91", "36": "01,02,21A,27,33,37,57,62,89,91", "37": "27"}, "Lng": {"0": 105.787067, "1": 105.783753, "2": 105.781916667, "3": 105.781554, "4": 105.783533, "5": 105.7886, "6": 105.792683333, "7": 105.7986, "8": 105.803666667, "9": 105.80879399999999, "10": 105.811933333, "11": 105.809366667, "12": 105.807047, "13": 105.806366667, "14": 105.80858333299999, "15": 105.81196666700001, "16": 105.81498333299999, "17": 105.81855, "18": 105.815233333, "19": 105.80925, "20": 105.8058, "21": 105.80138333299999, "22": 105.798207, "23": 105.794981, "24": 105.79166200000002, "25": 105.7879, "26": 105.786454, "27": 105.78155, "28": 105.777525, "29": 105.77386000000001, "30": 105.77138333299999, "31": 105.767783333, "32": 105.764283333, "33": 105.76188799999998, "34": 105.759179, "35": 105.753901, "36": 105.75121666700001, "37": 105.747666667}, "Name": {"0": "(B) Nam Th\u0103ng Long - Tuy\u1ebfn 27", "1": "Tr\u01b0\u1edbc 100m ng\u00f5 218 Ph\u1ea1m V\u0103n \u0110\u1ed3ng (\u0111\u1ed1i di\u1ec7n c\u00f4ng vi\u00ean H\u00f2a B\u00ecnh)", "2": "Si\u00eau th\u1ecb Metro Th\u0103ng Long - \u0110\u1ed1i di\u1ec7n ng\u00f5 599 Ph\u1ea1m V\u0103n \u0110\u1ed3ng", "3": "B\u1ed9 c\u00f4ng an - \u0111\u1ed1i di\u1ec7n 36A Ph\u1ea1m V\u0103n \u0110\u1ed3ng", "4": "Tr\u1ea1m trung chuy\u1ec3n xe bu\u00fdt Ho\u00e0ng Qu\u1ed1c Vi\u1ec7t (c\u1ed9t tr\u01b0\u1edbc) - chi\u1ec1u \u0111i B\u01b0\u1edfi", "5": "C\u1ed9t \u0111i\u1ec7n gi\u1eefa nh\u00e0 19-21 Tr\u1ea7n Qu\u1ed1c Ho\u00e0n", "6": "171-173 Tr\u1ea7n \u0110\u0103ng Ninh", "7": "165 C\u1ea7u Gi\u1ea5y - B\u01b0u \u0111i\u1ec7n C\u1ea7u Gi\u1ea5y", "8": "\u0110i\u1ec3m trung chuy\u1ec3n C\u1ea7u Gi\u1ea5y - GTVT 02", "9": "593 - 595 Kim M\u00e3", "10": "H\u1ed3 Ng\u1ecdc Kh\u00e1nh - \u0110\u1ed1i di\u1ec7n 37 Nguy\u1ec5n Ch\u00ed Thanh", "11": "\u0110\u1ed1i di\u1ec7n \u0110\u1ea1i h\u1ecdc Lu\u1eadt H\u00e0 N\u1ed9i - Nguy\u1ec5n Ch\u00ed Thanh", "12": "Trung t\u00e2m y t\u1ebf d\u1ef1 ph\u00f2ng HN - 70 Nguy\u1ec5n Ch\u00ed Thanh", "13": "\u0110\u1ed1i di\u1ec7n 608 \u0110\u01b0\u1eddng L\u00e1ng", "14": "\u0110\u1ed1i di\u1ec7n Ch\u1ee3 L\u00e1ng H\u1ea1 B - 564 \u0110\u01b0\u1eddng L\u00e1ng", "15": "\u0110\u1ed1i di\u1ec7n 498 \u0110\u01b0\u1eddng L\u00e1ng", "16": "\u0110\u1ed1i di\u1ec7n 310 \u0110\u01b0\u1eddng L\u00e1ng", "17": "Flatfom d\u00e0nh ri\u00eang cho xe bu\u00fdt tr\u01b0\u1edbc nh\u00e0 45 \u0110\u01b0\u1eddng L\u00e1ng", "18": "94 Nguy\u1ec5n Tr\u00e3i", "19": "322 Nguy\u1ec5n Tr\u00e3i", "20": "386 Nguy\u1ec5n Tr\u00e3i - C\u1ee5c S\u1edf h\u1eefu tr\u00ed tu\u1ec7", "21": "B\u00e1ch h\u00f3a Thanh Xu\u00e2n - \u0111\u01b0\u1eddng Nguy\u1ec5n Tr\u00e3i", "22": "204-206 Nguy\u1ec5n Tr\u00e3i (G\u1ea7n ng\u00e3 3 Nguy\u1ec5n Tr\u00e3i - L\u01b0\u01a1ng Th\u1ebf Vinh )", "23": "C\u00f4ng ty CP C\u00f4ng tr\u00ecnh GT 873 - Nguy\u1ec5n Tr\u00e3i", "24": "S\u1ed1 10 Tr\u1ea7n Ph\u00fa - Si\u00eau Th\u1ecb Vi\u1ec7t Long", "25": "H\u1ecdc vi\u1ec7n c\u00f4ng ngh\u1ec7 b\u01b0u ch\u00ednh vi\u1ec5n th\u00f4ng - Tr\u1ea7n Ph\u00fa (H\u00e0 \u0110\u00f4ng)", "26": "100 Tr\u1ea7n Ph\u00fa (H\u00e0 \u0110\u00f4ng)", "27": "Kh\u00e1ch s\u1ea1n S\u00f4ng Nhu\u1ec7 (148 Tr\u1ea7n Ph\u00fa- H\u00e0 \u0110\u00f4ng)", "28": "S\u1ed1 8 Quang Trung - H\u00e0 \u0110\u00f4ng", "29": "96 Quang Trung - H\u00e0 \u0110\u00f4ng", "30": "Nh\u00e0 thi \u0111\u1ea5u H\u00e0 \u0110\u00f4ng - 182 Quang Trung (H\u00e0 \u0110\u00f4ng)", "31": "254 Quang Trung - H\u00e0 \u0110\u00f4ng", "32": "\u0110\u1ed1i di\u1ec7n K\u0110T V\u0103n Ph\u00fa - 418 Quang Trung (H\u00e0 \u0110\u00f4ng)", "33": "530 - 532 Quang Trung - H\u00e0 \u0110\u00f4ng", "34": "678 - 680 Quang Trung (H\u00e0 \u0110\u00f4ng)", "35": "Showroom \u00f4 t\u00f4 Tr\u01b0\u1eddng S\u01a1n (\u0111\u1ed1i di\u1ec7n Nissan H\u00e0 \u0110\u00f4ng - Km 14+600, Qu\u1ed1c l\u1ed9 6)", "36": "\u0110\u1ed1i di\u1ec7n Tr\u01b0\u1eddng TH Kinh t\u1ebf H\u00e0 T\u00e2y - Qu\u1ed1c l\u1ed9 6", "37": "(A) BX Y\u00ean Ngh\u0129a - Tuy\u1ebfn 27"}}