{"Lat": {"0": 20.97985, "1": 20.984671, "2": 20.989376999999998, "3": 20.9933833333, "4": 21.000966666700002, "5": 21.004917000000003, "6": 21.0123333333, "7": 21.0150166667, "8": 21.016968, "9": 21.01996, "10": 21.023953, "11": 21.028596, "12": 21.0292666667, "13": 21.0284166667, "14": 21.030818, "15": 21.032204999999998, "16": 21.040855999999998, "17": 21.0456166667, "18": 21.0498166667, "19": 21.0528333333, "20": 21.0594, "21": 21.0620666667, "22": 21.065642999999998, "23": 21.0687666667, "24": 21.071483333299998, "25": 21.07455, "26": 21.12045, "27": 21.124819, "28": 21.124867000000002, "29": 21.124817, "30": 21.12485, "31": 21.125, "32": 21.12715, "33": 21.1299166667}, "BusStopCode": {"0": 1687, "1": 166, "2": 167, "3": 168, "4": 169, "5": 171, "6": 850, "7": 851, "8": 852, "9": 714, "10": 715, "11": 54, "12": 55, "13": 174, "14": 290, "15": 76, "16": 2088, "17": 2089, "18": 311, "19": 305, "20": 306, "21": 307, "22": 308, "23": 309, "24": 3092, "25": 2762, "26": 2763, "27": 3093, "28": 3826, "29": 3827, "30": 3828, "31": 1628, "32": 3419, "33": 3822}, "FleetOver": {"0": "25", "1": "03,03B,08A,08ACT,08B,08BCT,12,16,21A,21B,25,28,32,41", "2": "03,03B,08A,08ACT,08B,08BCT,16,21A,21B,25,28,32,41", "3": "03,03B,08A,08ACT,08B,08BCT,25,28,32,41", "4": "03,18,21A,21B,25,28,32,41,47B,99", "5": "03,25,28,32,41", "6": "25,28", "7": "25,28,99", "8": "25,28,99", "9": "02,25,41", "10": "02,25,41", "11": "23,25,38", "12": "23,25,38", "13": "107,18,23,25,38,90", "14": "107,22A,25,32,34,38,90", "15": "12,25", "16": "25,55,55B", "17": "25,55,55B", "18": "13,25,33,55,55B,90", "19": "13,25,33,55,55B,90", "20": "13,25,33,55,55B,90", "21": "13,25,55,55B,90", "22": "13,25,55,55B,90", "23": "13,25,55,55B,90", "24": "25,96", "25": "25,90,96", "26": "25,90,96", "27": "25", "28": "25", "29": "25", "30": "25", "31": "25,60B,63", "32": "25,60B", "33": "25"}, "Lng": {"0": 105.841916667, "1": 105.841169, "2": 105.84126100000002, "3": 105.84128333299999, "4": 105.84145, "5": 105.84151899999999, "6": 105.83615, "7": 105.8335, "8": 105.83153999999999, "9": 105.830729, "10": 105.832517, "11": 105.83221599999999, "12": 105.8292, "13": 105.825466667, "14": 105.817857, "15": 105.810202, "16": 105.80680900000002, "17": 105.8063, "18": 105.80725, "19": 105.80916666700001, "20": 105.80898333299999, "21": 105.8093, "22": 105.810392, "23": 105.8115, "24": 105.809733333, "25": 105.81095, "26": 105.82741666700001, "27": 105.82017900000001, "28": 105.8096, "29": 105.80425, "30": 105.79801699999999, "31": 105.77906666700001, "32": 105.77403333299999, "33": 105.773}, "Name": {"0": "(B) BX Gi\u00e1p B\u00e1t - Tuy\u1ebfn 25", "1": "Toyota Gi\u1ea3i Ph\u00f3ng - 807 Gi\u1ea3i Ph\u00f3ng", "2": "649 Gi\u1ea3i Ph\u00f3ng", "3": "487 Gi\u1ea3i Ph\u00f3ng", "4": "175-177 Gi\u1ea3i Ph\u00f3ng (Ng\u00e3 3 L\u00ea Thanh Ngh\u1ecb)", "5": "G\u1ea7n c\u1ed5ng Parabol \u0110H B\u00e1ch Khoa - 17 Gi\u1ea3i Ph\u00f3ng (c\u1ed9t sau)", "6": "242 X\u00e3 \u0110\u00e0n - Platform", "7": "398 X\u00e3 \u0110\u00e0n - Platform", "8": "490 X\u00e3 \u0110\u00e0n - Platform", "9": "283 T\u00f4n \u0110\u1ee9c Th\u1eafng", "10": "Tr\u1ea1m Bi\u1ebfn \u00e1p H\u00e0ng B\u1ed9t 1 - 107 T\u00f4n \u0110\u1ee9c Th\u1eafng", "11": "Ch\u00f9a An Qu\u1ed1c - C\u00e1t Linh", "12": "40 C\u00e1t Linh - \u0110\u1ed1i di\u1ec7n THCS C\u00e1t Linh", "13": "B\u1ed9 Y T\u1ebf - 138A Gi\u1ea3ng V\u00f5", "14": "\u0110\u1ed1i di\u1ec7n 311 Kim M\u00e3 (G\u1ea7n ng\u00e3 4 Kim M\u00e3 - V\u1ea1n B\u1ea3o)", "15": "10 \u0110\u00e0o T\u1ea5n - Vi\u1ec7n V\u1eadt l\u00fd", "16": "G\u1ea7n ng\u00f5 378 \u0111\u01b0\u1eddng B\u01b0\u1edfi tr\u00e1nh (b\u00ean giao \u0110\u1ed9i C\u1ea5n)", "17": "S\u1ed1 66 - 68 \u0111\u01b0\u1eddng B\u01b0\u1edfi (g\u1ea7n v\u00f2ng xuy\u1ebfn Ho\u00e0ng Qu\u1ed1c Vi\u1ec7t - L\u1ea1c Long Qu\u00e2n)", "18": "50 - 52 L\u1ea1c Long Qu\u00e2n", "19": "196 L\u1ea1c Long Qu\u00e2n - Tr\u01b0\u1eddng m\u1ea7m non Hoa H\u1ed3ng", "20": "G\u1ea7n ng\u00e3 3 Xu\u00e2n La 40m - L\u1ea1c Long Qu\u00e2n (H\u1ed3 T\u00e2y)", "21": "312 L\u1ea1c Long Qu\u00e2n - Ch\u00f9a Thi\u00ean Ni\u00ean (ch\u00f9a S\u00e0i)", "22": "360 L\u1ea1c Long Qu\u00e2n", "23": "\u0110\u1ed1i di\u1ec7n Qu\u1eadn u\u1ef7 T\u00e2y H\u1ed3 - L\u1ea1c Long Qu\u00e2n", "24": "\u0110\u1ed1i di\u1ec7n ph\u00f2ng C\u1ea3nh S\u00e1t PCCC - CA TP H\u00e0 N\u1ed9i", "25": "\u0110\u1ed1i di\u1ec7n K\u0110T Nam Th\u0103ng Long", "26": "Ng\u00e3 4 c\u1ea7u v\u01b0\u1ee3t QL5 - V\u00f5 Nguy\u00ean Gi\u00e1p", "27": "V\u1ecbnh xe bu\u00fdt \u0111\u01b0\u1eddng Ho\u00e0ng Sa - G\u1ea7n \u0111i\u1ec3m m\u1edf \u0111i \u0111\u01b0\u1eddng 6 c\u00e2y", "28": "V\u1ecbnh x\u00e9n h\u00e8 cho xe bu\u00fdt (s\u1ed1 3 chi\u1ec1u \u0111i B\u1eafc Th\u0103ng Long)", "29": "V\u1ecbnh x\u00e9n h\u00e8 cho xe bu\u00fdt (s\u1ed1 2 chi\u1ec1u \u0111i B\u1eafc Th\u0103ng Long", "30": "V\u1ecbnh x\u00e9n h\u00e8 cho xe bu\u00fdt (s\u1ed1 1 chi\u1ec1u \u0111i B\u1eafc Th\u0103ng Long)", "31": "\u0110\u1ed1i di\u1ec7n c\u1ed5ng KCN B\u1eafc Th\u0103ng Long (Qua c\u1ea7u v\u01b0\u1ee3t b\u1ed9 h\u00e0nh )", "32": "Khu nh\u00e0 D6 v\u00e0 D3 - \u0111\u01b0\u1eddng n\u1ed9i b\u1ed9 chung c\u01b0 Kim Chung", "33": "(A) B\u1ec7nh vi\u1ec7n nhi\u1ec7t \u0111\u1edbi TW CS2 - Tuy\u1ebfn 25"}}