{"Lat": {"0": 21.031824, "1": 21.0341, "2": 21.0359833333, "3": 21.037467000000003, "4": 21.036483333299998, "5": 21.036516666700003, "6": 21.036351999999997, "7": 21.0325666667, "8": 21.0287166667, "9": 21.027627, "10": 21.0239166667, "11": 21.019816666700002, "12": 21.0208, "13": 21.0229, "14": 21.020017000000003, "15": 21.019287, "16": 21.018933333299998, "17": 21.0233333333, "18": 21.0241, "19": 21.022033, "20": 21.02365, "21": 21.023183}, "BusStopCode": {"0": 1767, "1": 1808, "2": 1858, "3": 241, "4": 242, "5": 2113, "6": 2114, "7": 58, "8": 64, "9": 90, "10": 91, "11": 4187, "12": 2854, "13": 92, "14": 93, "15": 251, "16": 252, "17": 749, "18": 396, "19": 397, "20": 606, "21": 1733}, "FleetOver": {"0": "49", "1": "05,49", "2": "26,49", "3": "13,26,49", "4": "13,20A,20B,26,29,32,49", "5": "16,20A,20B,26,32,34,49", "6": "16,20A,20B,26,32,34,49", "7": "07,16,20A,20B,26,27,28,32,34,49", "8": "105,26,27,28,32,34,38,49", "9": "26,49", "10": "49", "11": "49", "12": "18,49", "13": "18,23,28,49", "14": "28,30,49,99", "15": "01,09,09CT,30,41,49", "16": "01,09,09CT,30,41,49", "17": "01,03,38,49", "18": "34,45,49,86,86CT", "19": "08ACT,08BCT,09CT,31,36CT,45,49", "20": "02,04,08ACT,08BCT,09CT,11,31,34,35A,40,49,86CT", "21": "49"}, "Lng": {"0": 105.764777, "1": 105.766966667, "2": 105.77091666700001, "3": 105.77458, "4": 105.77818333299999, "5": 105.78431666700001, "6": 105.788399, "7": 105.7986, "8": 105.803666667, "9": 105.80886699999999, "10": 105.816066667, "11": 105.81645, "12": 105.81816666700001, "13": 105.821666667, "14": 105.82666, "15": 105.83339, "16": 105.83853333299999, "17": 105.84405, "18": 105.847967, "19": 105.854867, "20": 105.856816667, "21": 105.86083300000001}, "Name": {"0": "(B) K\u0110T M\u1ef9 \u0110\u00ecnh II - Tuy\u1ebfn 49", "1": "H\u00e8 tr\u01b0\u1edbc \u0110\u01a1n nguy\u00ean 2 KTX M\u1ef9 \u0110\u00ecnh - \u0111\u01b0\u1eddng H\u00e0m Nghi", "2": "\u0110\u1ed1i di\u1ec7n Trung \u01b0\u01a1ng H\u1ed9i KHH Gia \u0111\u00ecnh Vi\u1ec7t Nam - L\u00ea \u0110\u1ee9c Th\u1ecd", "3": "\u0110\u1ea1i h\u1ecdc Th\u01b0\u01a1ng M\u1ea1i - H\u1ed3 T\u00f9ng M\u1eadu (c\u1ed9t sau)", "4": "S\u1ed1 9 H\u1ed3 T\u00f9ng M\u1eadu", "5": "S\u1ed1 197-199 Xu\u00e2n Th\u1ee7y (\u0110\u1ed1i di\u1ec7n \u0110\u1ea1i h\u1ecdc S\u01b0 ph\u1ea1m H\u00e0 N\u1ed9i)", "6": "S\u1ed1 79 Xu\u00e2n Th\u1ee7y (\u0110\u1ed1i di\u1ec7n H\u1ecdc vi\u1ec7n B\u00e1o ch\u00ed v\u00e0 Tuy\u00ean truy\u1ec1n)", "7": "165 C\u1ea7u Gi\u1ea5y - B\u01b0u \u0111i\u1ec7n C\u1ea7u Gi\u1ea5y", "8": "\u0110i\u1ec3m trung chuy\u1ec3n C\u1ea7u Gi\u1ea5y - GTVT 02", "9": "989-991 \u0110\u00ea La Th\u00e0nh", "10": "\u0110\u1ed1i di\u1ec7n 702 \u0110\u00ea La Th\u00e0nh ", "11": "\u0110\u1ed1i di\u1ec7n nh\u00e0 H2 Th\u00e0nh C\u00f4ng", "12": "H\u00e8 gi\u1eefa nh\u00e0 s\u1ed1 23-25 L\u00e1ng H\u1ea1", "13": "339-341 \u0110\u00ea La Th\u00e0nh (\u0110\u1ed1i di\u1ec7n \u0110H V\u0103n H\u00f3a)", "14": "144 \u00d4 Ch\u1ee3 D\u1eeba", "15": "221A-221B Kh\u00e2m Thi\u00ean (\u0110\u1ed1i di\u1ec7n 302)", "16": "\u0110\u00e0i t\u01b0\u1edfng ni\u1ec7m Kh\u00e2m Thi\u00ean - 45 Kh\u00e2m Thi\u00ean", "17": "Cung VH H\u1eefu Ngh\u1ecb Vi\u1ec7t X\u00f4 - 91 Tr\u1ea7n H\u01b0ng \u0110\u1ea1o", "18": "59 L\u00fd Th\u01b0\u1eddng Ki\u1ec7t - Vi\u1ec7n N\u0103ng L\u01b0\u01a1ng Nguy\u00ean t\u1eed", "19": "25 L\u00fd Th\u01b0\u1eddng Ki\u1ec7t", "20": "\u0110\u1ed1i di\u1ec7n 6C Phan Chu Trinh", "21": "(A) Tr\u1ea7n Kh\u00e1nh D\u01b0 - Tuy\u1ebfn 49"}}