{"Lat": {"0": 21.047883, "1": 21.05225, "2": 21.056712, "3": 21.06125, "4": 21.0645166667, "5": 21.0684166667, "6": 21.074547, "7": 21.079559, "8": 21.08035, "9": 21.0879666667, "10": 21.092883333299998, "11": 21.100635, "12": 21.102733333299998, "13": 21.102933333299998, "14": 21.10434, "15": 21.1097333333, "16": 21.120483333299997, "17": 21.1272833333, "18": 21.1328666667, "19": 21.1397333333, "20": 21.1480666667, "21": 21.153897, "22": 21.1641666667, "23": 21.1716166667, "24": 21.1773666667, "25": 21.1876333333, "26": 21.19485, "27": 21.20085, "28": 21.2092166667, "29": 21.2232166667, "30": 21.2312, "31": 21.2369, "32": 21.2450166667, "33": 21.2496333333, "34": 21.2559333333, "35": 21.2594333333, "36": 21.2681166667, "37": 21.276999999999997, "38": 21.28355, "39": 21.2896333333, "40": 21.2950166667, "41": 21.3000666667, "42": 21.3083333333, "43": 21.313146, "44": 21.32025, "45": 21.32495}, "BusStopCode": {"0": 1671, "1": 559, "2": 420, "3": 421, "4": 422, "5": 423, "6": 424, "7": 196, "8": 1340, "9": 1341, "10": 1342, "11": 1343, "12": 1344, "13": 1345, "14": 1346, "15": 1347, "16": 1348, "17": 1351, "18": 1349, "19": 1352, "20": 1353, "21": 1354, "22": 1355, "23": 1356, "24": 3106, "25": 1358, "26": 1359, "27": 1360, "28": 1361, "29": 1362, "30": 1363, "31": 1364, "32": 1365, "33": 1366, "34": 1367, "35": 1368, "36": 1369, "37": 3871, "38": 1371, "39": 1372, "40": 1373, "41": 1374, "42": 1375, "43": 1376, "44": 1377, "45": 1785}, "FleetOver": {"0": "15", "1": "10A,10B,11,15,17,42,43,48,54,65", "2": "10A,10B,15,17,42,43,54", "3": "10A,10B,15,17,42,43,54", "4": "10A,10B,15,17,43,54,98", "5": "10A,10B,15,17,43,54,98", "6": "10A,10B,15,17,43,54,59", "7": "10A,10B,15,17,43,54,59", "8": "15,17,43,59", "9": "15,17,43,59", "10": "15,17,43,59", "11": "15,17,43,59,65", "12": "15,17,43,46,59,65", "13": "15,17,43,46,59", "14": "15,17,43,46,59", "15": "15,17,43,46,59", "16": "15,17,43,46,59", "17": "15,17,43,59", "18": "15,17,43,59", "19": "15,17,43,59", "20": "15,17", "21": "15,17", "22": "15,17", "23": "15,17,96", "24": "15,17,96", "25": "15,17", "26": "15,17", "27": "15", "28": "15", "29": "15", "30": "15", "31": "15", "32": "15", "33": "15", "34": "15", "35": "15,56B", "36": "15", "37": "15", "38": "15", "39": "15", "40": "15", "41": "15", "42": "15", "43": "15,64", "44": "15,64", "45": "15"}, "Lng": {"0": 105.878583, "1": 105.88600000000001, "2": 105.889698, "3": 105.89406699999999, "4": 105.89725, "5": 105.900983333, "6": 105.90704099999999, "7": 105.91156200000002, "8": 105.90641699999999, "9": 105.902966667, "10": 105.894466667, "11": 105.88425900000001, "12": 105.87241666700001, "13": 105.864983333, "14": 105.85715900000001, "15": 105.84945, "16": 105.84515, "17": 105.843883333, "18": 105.84363333299999, "19": 105.84461666700001, "20": 105.84588333299999, "21": 105.84688899999999, "22": 105.84663333299999, "23": 105.84681666700001, "24": 105.847033333, "25": 105.8483, "26": 105.848233333, "27": 105.84888333299999, "28": 105.84896666700001, "29": 105.84898333299999, "30": 105.849133333, "31": 105.84926666700001, "32": 105.84891666700001, "33": 105.84845, "34": 105.847816667, "35": 105.849133333, "36": 105.85408333299999, "37": 105.85765, "38": 105.8596, "39": 105.861516667, "40": 105.863133333, "41": 105.86468333299999, "42": 105.86646666700001, "43": 105.86769299999999, "44": 105.86978333299999, "45": 105.87299999999999}, "Name": {"0": "(A) BX Gia L\u00e2m - Tuy\u1ebfn 15", "1": "Ph\u00f2ng C\u00f4ng Ch\u1ee9ng s\u1ed1 2 TPHN - 654 Nguy\u1ec5n V\u0103n C\u1eeb", "2": "18-20 Ng\u00f4 Gia T\u1ef1", "3": "170 - 172 Ng\u00f4 Gia T\u1ef1", "4": "318 Ng\u00f4 Gia T\u1ef1", "5": "368 Ng\u00f4 Gia T\u1ef1 - Ng\u00e3 3 \u0111\u01b0\u1eddng v\u00e0o c\u00f4ng An qu\u1eadn Long Bi\u00ean", "6": "608 - 610 Ng\u00f4 Gia T\u1ef1 - g\u1ea7n \u0111\u01b0\u1eddng l\u00ean C\u1ea7u \u0110u\u1ed1ng", "7": "C\u1ea1nh \u0111\u01b0\u1eddng v\u00e0o Ph\u00f9 \u0110\u1ed5ng - 44 H\u00e0 Huy T\u1eadp", "8": "122 Thi\u00ean \u0110\u1ee9c, Y\u00ean Vi\u00ean - Qu\u1ed1c l\u1ed9 3", "9": "C\u1ea1nh ng\u00f5 v\u00e0o Cty CP v\u1eadt t\u01b0 M\u1ecf \u0110\u1ecba ch\u1ea5t - Qu\u1ed1c l\u1ed9 3", "10": "\u0110\u1ed1i di\u1ec7n C\u00f4ng ty \u0110\u00fac Mai L\u00e2m - Qu\u1ed1c l\u1ed9 3", "11": "\u0110\u1ed1i di\u1ec7n Trung t\u00e2m l\u01b0u tr\u00fa L\u1ed9c H\u00e0 - Qu\u1ed1c l\u1ed9 3", "12": "\u0110\u01b0\u1eddng v\u00e0o khu di t\u00edch C\u1ed5 Loa - Km 5 Qu\u1ed1c l\u1ed9 3", "13": "C\u00e2y \u0111a B\u00e1c H\u1ed3 - Km 5+800 Qu\u1ed1c l\u1ed9 3", "14": "C\u1ea1nh C\u00f4ng Ty B\u00ea T\u00f4ng Appha, \u0110\u00f4ng H\u1ed9i - Km 6+600 Qu\u1ed1c l\u1ed9 3", "15": "Th\u00f4n V\u1ea1n L\u1ed9c (Qua \u0111\u1ed1i di\u1ec7n ng\u00e3 3 \u0111\u01b0\u1eddng tr\u00e1nh QL5 200m)", "16": "Ng\u00e3 3 V\u0129nh Ng\u1ecdc - Km 9+230 Qu\u1ed1c l\u1ed9 3", "17": "Tr\u01b0\u1edbc c\u1ed5ng c\u00f4ng ty Minh C\u01b0\u1eddng 50m - Km 10+900 Qu\u1ed1c l\u1ed9 3", "18": "Tr\u01b0\u1edbc ng\u00e3 3 c\u00f4ng vi\u00ean C\u1ea7u \u0110\u00f4i 70m - Km11 Qu\u1ed1c l\u1ed9 3 (chi\u1ec1u H\u00e0 N\u1ed9i - \u0110\u00f4ng Anh)", "19": "\u0110\u1ed1i di\u1ec7n Cty x\u00e2y l\u1eafp \u0110i\u1ec7n 4, Th\u1ecb tr\u1ea5n \u0110\u00f4ng Anh - Km 11+100 Qu\u1ed1c l\u1ed9 3", "20": "Nh\u00e0 m\u00e1y t\u1ea5m l\u1ee3p \u0110\u00f4ng Anh - Km 12+650 Qu\u1ed1c l\u1ed9 3", "21": "Nh\u00e0 m\u00e1y k\u1ebft c\u1ea5u th\u00e9p kim kh\u00ed \u0110\u00f4ng Anh - Km 13+300 Qu\u1ed1c l\u1ed9 3", "22": "Qua \u0111\u01b0\u1eddng v\u00e0o Cty CP ch\u1ebf t\u1ea1o thi\u1ebft b\u1ecb \u0111i\u1ec7n \u0110\u00f4ng Anh 50m - Qu\u1ed1c l\u1ed9 3", "23": "C\u00f4ng ty Ch\u1ebf t\u1ea1o m\u00e1y \u0111i\u1ec7n Vi\u1ec7t Hung - Km 15+240 Qu\u1ed1c l\u1ed9 3", "24": "\u0110\u01b0\u1eddng v\u00e0o Tr\u1ea1i g\u00e0 Nguy\u00ean Kh\u00ea - Km 16+000 Qu\u1ed1c l\u1ed9", "25": "G\u1ea7n c\u1ea7u Ph\u00f9 L\u1ed7 \u2013 Km 16+900 Qu\u1ed1c l\u1ed9 3", "26": "\u0110\u1ed1i di\u1ec7n Tr\u01b0\u1eddng THPT Lam H\u1ed3ng - Km 17+850 Qu\u1ed1c l\u1ed9 3", "27": "\u0110\u1ed1i di\u1ec7n ch\u1ee3 Ph\u1ee7 L\u1ed7 - Km 18+650 Qu\u1ed1c l\u1ed9 3", "28": "\u0110\u1ed1i di\u1ec7n C\u00f4ng ty CTGT 228 - Km 19+400 Qu\u1ed1c l\u1ed9 3", "29": "Cty x\u00e2y d\u1ef1ng S\u00f4ng \u0110\u00e0 s\u1ed1 8 (N\u1ed9i Ph\u1eadt) - Km 20+900 Qu\u1ed1c l\u1ed9 3", "30": "Th\u00f4n D\u01b0\u1ee3c H\u1ea1, Ti\u00ean D\u01b0\u1ee3c - Km 21+850 Qu\u1ed1c l\u1ed9 3", "31": "\u0110\u1ed1i di\u1ec7n \u0111\u01b0\u1eddng v\u00e0o th\u00f4n \u0110\u00f4ng L\u1ea1c - Km 22+470 Qu\u1ed1c l\u1ed9 3", "32": "Trung t\u00e2m GDTX S\u00f3c S\u01a1n, Ti\u00ean D\u01b0\u1ee3c - Km 23+390 Qu\u1ed1c l\u1ed9 3", "33": "B\u1ec7nh vi\u1ec7n \u0111a khoa S\u00f3c S\u01a1n - Km 23+900 Qu\u1ed1c l\u1ed9 3", "34": "Ng\u00e3 4 \u0110a Ph\u00fac, Th\u1ecb tr\u1ea5n S\u00f3c S\u01a1n - Km 24+600 Qu\u1ed1c l\u1ed9 3", "35": "\u0110\u1ed1i di\u1ec7n Cty CP \u0110\u1ea7u t\u01b0 th\u01b0\u01a1ng m\u1ea1i v\u00e0 kho\u00e1ng s\u1ea3n S\u00f3c S\u01a1n - Km 25+150 Qu\u1ed1c l\u1ed9 3", "36": "Ph\u1ed1 M\u00e3 - Ph\u00f9 Linh (Km 26+100 Qu\u1ed1c l\u1ed9 3", "37": "\u1ea4p Vu\u00f4ng, T\u00e2n Minh - Km 27+200 Qu\u1ed1c l\u1ed9 3", "38": "Cty c\u01a1 kh\u00ed & x\u00e2y d\u1ef1ng Th\u1ee7y l\u1ee3i 2, T\u00e2n Minh - Km 27+950 Qu\u1ed1c l\u1ed9 3", "39": "Tr\u01b0\u1edbc h\u00e8 gi\u1eefa s\u1ed1 nh\u00e0 56-58 ph\u1ed1 G\u00f2 S\u1ecfi - Th\u00f4n 9 - x\u00e3 H\u1ed3ng K\u1ef3 - huy\u1ec7n S\u00f3c S\u01a1n", "40": "Qua tr\u1ea1m thu ph\u00ed S\u00f3c S\u01a1n, H\u1ed3ng K\u1ef3 - Km 29+200 Qu\u1ed1c l\u1ed9 3", "41": "Xu\u00e2n S\u01a1n - Trung Gi\u00e3 (Km 29+770 Qu\u1ed1c l\u1ed9 3) C\u1ed9t \u0111i\u1ec7n HK3/20C", "42": "D\u1ed1c 177 - Ph\u1ed1 N\u1ec9 - Km 30+550 Qu\u1ed1c l\u1ed9 3", "43": "\u0110\u1ed1i di\u1ec7n UBND x\u00e3 Trung Gi\u00e3, ch\u1ee3 N\u1ec9 - Km 31+100 Qu\u1ed1c l\u1ed9 3", "44": "Ng\u00e3 3 \u0111\u01b0\u1eddng v\u00e0o th\u00f4n B\u00ecnh An, Trung Gi\u00e3 - Km 32+00 Qu\u1ed1c l\u1ed9 3", "45": "(B) Ph\u1ed1 N\u1ec9 - Tuy\u1ebfn 15"}}