{"Lat": {"0": 21.0431833333, "1": 21.0413333333, "2": 21.037567000000003, "3": 21.042563, "4": 21.045683333299998, "5": 21.047071, "6": 21.048514, "7": 21.05225, "8": 21.056712, "9": 21.06125, "10": 21.0645166667, "11": 21.0684166667, "12": 21.074547, "13": 21.079559, "14": 21.083911999999998, "15": 21.08815, "16": 21.0927166667, "17": 21.0956333333, "18": 21.0954333333, "19": 21.0886666667, "20": 21.0855666667, "21": 21.0834166667, "22": 21.080555, "23": 21.0762333333, "24": 21.0625333333, "25": 21.0618, "26": 21.06085}, "BusStopCode": {"0": 2966, "1": 866, "2": 770, "3": 554, "4": 556, "5": 557, "6": 3416, "7": 559, "8": 420, "9": 421, "10": 422, "11": 423, "12": 424, "13": 196, "14": 197, "15": 198, "16": 199, "17": 200, "18": 1134, "19": 1135, "20": 1136, "21": 1137, "22": 2108, "23": 1138, "24": 1139, "25": 1140, "26": 1794}, "FleetOver": {"0": "10B", "1": "100,10A,10B,17,50,98", "2": "01,03,100,10B,11,14,14CT,17,18,22A,23,34,47A,54,98", "3": "01,10B,22A,42", "4": "01,03,100,10A,10B,17,22A,34,42,43,48,54,65", "5": "10A,10B,17,42,43,48,54,65", "6": "10A,10B,17,42,43,48,54,65", "7": "10A,10B,11,15,17,42,43,48,54,65", "8": "10A,10B,15,17,42,43,54", "9": "10A,10B,15,17,42,43,54", "10": "10A,10B,15,17,43,54,98", "11": "10A,10B,15,17,43,54,98", "12": "10A,10B,15,17,43,54,59", "13": "10A,10B,15,17,43,54,59", "14": "10A,10B,54", "15": "10A,10B,54", "16": "10A,10B,54", "17": "10A,10B,54", "18": "10B", "19": "10B", "20": "10B", "21": "10B", "22": "10B", "23": "10B", "24": "10B", "25": "10B", "26": "10B"}, "Lng": {"0": 105.847816667, "1": 105.84935, "2": 105.85275, "3": 105.871196, "4": 105.875983333, "5": 105.87885, "6": 105.88176499999999, "7": 105.88600000000001, "8": 105.889698, "9": 105.89406699999999, "10": 105.89725, "11": 105.900983333, "12": 105.90704099999999, "13": 105.91156200000002, "14": 105.91589099999999, "15": 105.920133333, "16": 105.92456666700001, "17": 105.9275, "18": 105.93053333299999, "19": 105.93846666700001, "20": 105.939766667, "21": 105.9402, "22": 105.939545, "23": 105.94335, "24": 105.9554, "25": 105.96658333299999, "26": 105.98235}, "Name": {"0": "(A) Long Bi\u00ean - Tuy\u1ebfn 10B", "1": "E3.3 \u0110i\u1ec3m trung chuy\u1ec3n Long Bi\u00ean", "2": "80 Tr\u1ea7n Nh\u1eadt Du\u1eadt", "3": "T\u1ed5ng c\u1ee5c H\u1ea3i Quan - 162 Nguy\u1ec5n V\u0103n C\u1eeb (c\u1ed9t tr\u01b0\u1edbc)", "4": "358 - 360 Nguy\u1ec5n V\u0103n C\u1eeb", "5": "436 - 438 Nguy\u1ec5n V\u0103n C\u1eeb", "6": "S\u1ed1 548 Nguy\u1ec5n V\u0103n C\u1eeb", "7": "Ph\u00f2ng C\u00f4ng Ch\u1ee9ng s\u1ed1 2 TPHN - 654 Nguy\u1ec5n V\u0103n C\u1eeb", "8": "18-20 Ng\u00f4 Gia T\u1ef1", "9": "170 - 172 Ng\u00f4 Gia T\u1ef1", "10": "318 Ng\u00f4 Gia T\u1ef1", "11": "368 Ng\u00f4 Gia T\u1ef1 - Ng\u00e3 3 \u0111\u01b0\u1eddng v\u00e0o c\u00f4ng An qu\u1eadn Long Bi\u00ean", "12": "608 - 610 Ng\u00f4 Gia T\u1ef1 - g\u1ea7n \u0111\u01b0\u1eddng l\u00ean C\u1ea7u \u0110u\u1ed1ng", "13": "C\u1ea1nh \u0111\u01b0\u1eddng v\u00e0o Ph\u00f9 \u0110\u1ed5ng - 44 H\u00e0 Huy T\u1eadp", "14": "270-272 H\u00e0 Huy T\u1eadp", "15": "C\u00f4ng ty Gi\u1ea7y Y\u00ean Vi\u00ean - 488 H\u00e0 Huy T\u1eadp", "16": "664 H\u00e0 Huy T\u1eadp", "17": "\u0110\u1ed1i di\u1ec7n 38 D\u1ed1c L\u00e3 - H\u00e0 Huy T\u1eadp", "18": "\u0110\u1ed1i di\u1ec7n X\u01b0\u1edfng v\u1ebd Tranh s\u01a1n d\u1ea7u Mai H\u1ed3ng - Y\u00ean Tr\u01b0\u1eddng", "19": "Gi\u00e1p c\u1eeda h\u00e0ng v\u1ea3i D\u0169ng Th\u00fay - \u0110\u1ea7u ch\u1ee3 v\u1ea3i Ninh Hi\u1ec7p", "20": "Tr\u1ea1m bi\u1ebfn \u00e1p s\u1ed1 10 - Ch\u1ee3 v\u1ea3i Ninh Hi\u1ec7p", "21": "B\u01b0u \u0111i\u1ec7n x\u00e3 Ninh Hi\u1ec7p", "22": "X\u00f3m 8 - G\u1ea7n \u0111\u01b0\u1eddng v\u00e0o \u0110\u00ecnh Xuy\u00ean - x\u00e3 Ninh Hi\u1ec7p", "23": "Khu sinh th\u00e1i C\u00e1nh Bu\u1ed3m Xanh - Ninh Hi\u1ec7p", "24": "Qua \u0111\u01b0\u1eddng v\u00e0o h\u1ea7m chui Qu\u1ed1c l\u1ed9 1B - Ph\u00f9 \u0110\u1ed5ng", "25": "Qua \u0111\u01b0\u1eddng v\u00e0o Tr\u01b0\u1eddng THCS Ph\u00f9 \u0110\u1ed5ng", "26": "(B) Trung M\u1ea7u - Tuy\u1ebfn 10B"}}