{"Lat": {"0": 20.964817, "1": 20.965452, "2": 20.964241, "3": 20.96365, "4": 20.9656, "5": 20.9726833333, "6": 20.9800166667, "7": 20.9811333333, "8": 20.9828, "9": 20.983966666700002, "10": 20.9870833333, "11": 20.9888333333, "12": 20.9941, "13": 20.99745, "14": 21.002, "15": 21.0054166667, "16": 21.012367, "17": 21.0155333333, "18": 21.0187833333, "19": 21.02365, "20": 21.026733333299997, "21": 21.031982, "22": 21.0345833333, "23": 21.041483, "24": 21.04265}, "BusStopCode": {"0": 1746, "1": 114, "2": 3273, "3": 115, "4": 116, "5": 1857, "6": 371, "7": 372, "8": 373, "9": 4136, "10": 375, "11": 376, "12": 527, "13": 293, "14": 294, "15": 295, "16": 383, "17": 384, "18": 605, "19": 606, "20": 391, "21": 190, "22": 188, "23": 858, "24": 1712}, "FleetOver": {"0": "04", "1": "04,48,99", "2": "04,48,99", "3": "04,48,99", "4": "04,48", "5": "04,48", "6": "04", "7": "04", "8": "04", "9": "04,106", "10": "04", "11": "04", "12": "04,26,30,38,42", "13": "04,26,30,42", "14": "04,26,30,42", "15": "04,30,42", "16": "04,18,30,42,44", "17": "04,23,30", "18": "04,23", "19": "02,04,08ACT,08BCT,09CT,11,31,34,35A,40,49,86CT", "20": "04,08ACT,08BCT,09CT,11,14CT,18,23,31,34", "21": "04,08A,08ACT,08B,08BCT,11,14CT,18,23,31,34,86,86CT", "22": "04,08A,08ACT,08B,08BCT,11,14,14CT,18,23,31,34", "23": "04,08A,08ACT,08B,08BCT,36,36CT,47A,65", "24": "04"}, "Lng": {"0": 105.84221699999999, "1": 105.850495, "2": 105.85821399999999, "3": 105.86383333299999, "4": 105.8757, "5": 105.88175, "6": 105.886816667, "7": 105.88185, "8": 105.87765, "9": 105.87455, "10": 105.86821666700001, "11": 105.86605, "12": 105.8628, "13": 105.861883333, "14": 105.861466667, "15": 105.861083333, "16": 105.858701, "17": 105.8567, "18": 105.85526666700001, "19": 105.856816667, "20": 105.85621666700001, "21": 105.855672, "22": 105.8547, "23": 105.84946699999999, "24": 105.84823300000001}, "Name": {"0": "(B) BX N\u01b0\u1edbc Ng\u1ea7m - Tuy\u1ebfn 04", "1": "Bi\u1ec3n b\u00e1o K\u0110T Eco Park - \u0110\u01b0\u1eddng d\u1eabn c\u1ea7u Thanh Tr\u00ec", "2": "\u0110\u01b0\u1eddng v\u00e0o K\u0110T Gamuda", "3": "Qua \u0111\u01b0\u1eddng v\u00e0o khu t\u00e1i \u0111\u1ecbnh c\u01b0 X2A 30m - \u0111\u01b0\u1eddng d\u1eabn c\u1ea7u Thanh Tr\u00ec", "4": "S\u1ed1 nh\u00e0 15 - T\u1ed5 15 - Ph\u01b0\u1eddng Y\u00ean S\u1edf - \u0110\u01b0\u1eddng d\u1eabn c\u1ea7u Thanh Tr\u00ec", "5": "Tr\u01b0\u1eddng m\u1ea7m non Tr\u1ea7n Ph\u00fa - T\u1ed5 8 - Ph\u01b0\u1eddng Tr\u1ea7n Ph\u00fa - \u0110\u01b0\u1eddng d\u1eabn c\u1ea7u Thanh Tr\u00ec", "6": "Ng\u00f5 595 - \u0110\u1ed1i di\u1ec7n 602 L\u0129nh Nam", "7": "Ch\u1ee3 L\u00f2ng Thuy\u1ec1n - 471 L\u0129nh Nam", "8": "Doanh tr\u1ea1i Qu\u00e2n \u0111\u1ed9i nh\u00e2n d\u00e2n - 393 L\u0129nh Nam", "9": "Gi\u1eefa s\u1ed1 291 - 293 L\u0129nh Nam", "10": "C\u00f4ng ty CP D\u1ec7t CN H\u00e0 N\u1ed9i - 93 L\u0129nh Nam", "11": "\u0110\u1ed1i di\u1ec7n 72 L\u0129nh Nam", "12": "89 Nguy\u1ec5n Tam Trinh", "13": "\u0110\u1ed1i di\u1ec7n 346 Kim Ng\u01b0u - (Ng\u00e3 4 Kim Ng\u01b0u - Minh Khai)", "14": "\u0110\u1ed1i di\u1ec7n T\u1eadp th\u1ec3 E6 Qu\u1ef3nh Mai - Kim Ng\u01b0u", "15": "\u0110\u1ed1i di\u1ec7n B\u00e3i tr\u00f4ng gi\u1eef xe C\u00f4ng ty khai th\u00e1c \u0111i\u1ec3m \u0111\u1ed7 xe H\u00e0 N\u1ed9i t\u1ea1i 98 Kim Ng\u01b0u", "16": "131 L\u00f2 \u0110\u00fac", "17": "77 L\u00f2 \u0110\u00fac", "18": "61 Phan Chu Trinh", "19": "\u0110\u1ed1i di\u1ec7n 6C Phan Chu Trinh", "20": "51 L\u00fd Th\u00e1i T\u1ed5 - Ng\u00e2n h\u00e0ng Nh\u00e0 n\u01b0\u1edbc Vi\u1ec7t Nam", "21": "23 H\u00e0ng Tre", "22": "S\u1ed1 3 H\u00e0ng Mu\u1ed1i", "23": "E1.1 \u0110i\u1ec3m trung chuy\u1ec3n Long Bi\u00ean", "24": "(A) Long Bi\u00ean - Tuy\u1ebfn 04"}}