{"Lat": {"0": 20.97985, "1": 20.98355, "2": 20.9812833333, "3": 20.9762666667, "4": 20.9717833333, "5": 20.9659, "6": 20.9661166667, "7": 20.9664666667, "8": 20.9649333333, "9": 20.965, "10": 20.9672166667, "11": 20.970537, "12": 20.9653666667, "13": 20.963416666700002, "14": 20.95995, "15": 20.957139, "16": 20.9593, "17": 20.961914, "18": 20.964648999999998, "19": 20.96725, "20": 20.97015, "21": 20.9692, "22": 20.965004, "23": 20.9649333333, "24": 20.964783333299998, "25": 20.9620333333, "26": 20.96017, "27": 20.958085, "28": 20.954073, "29": 20.952066666700002, "30": 20.9494166667, "31": 20.9454666667, "32": 20.941608, "33": 20.9385333333, "34": 20.935, "35": 20.93225, "36": 20.9304666667, "37": 20.925253, "38": 20.9243666667, "39": 20.9239666667}, "BusStopCode": {"0": 1680, "1": 4122, "2": 1933, "3": 163, "4": 164, "5": 3869, "6": 118, "7": 119, "8": 480, "9": 494, "10": 495, "11": 56, "12": 276, "13": 277, "14": 278, "15": 616, "16": 1055, "17": 1056, "18": 1057, "19": 624, "20": 625, "21": 825, "22": 826, "23": 827, "24": 646, "25": 647, "26": 648, "27": 649, "28": 650, "29": 1470, "30": 1471, "31": 1472, "32": 1473, "33": 1474, "34": 1475, "35": 3685, "36": 1476, "37": 1477, "38": 1478, "39": 1756}, "FleetOver": {"0": "37", "1": "101,106,29,37,42,94", "2": "101,29,36,36CT,37,94", "3": "03B,06A,06B,06C,06D,06E,08A,08ACT,08B,08BCT,101,106,12,16,21B,22C,29,36,36CT,37,94", "4": "03B,06A,06B,06C,06D,06E,08A,08ACT,08B,08BCT,101,106,12,16,21B,22C,29,36,36CT,37,94", "5": "106,37", "6": "106,37,60A", "7": "106,37,60A", "8": "05,36,36CT,37,60A", "9": "05,106,36,36CT,37,60A,84", "10": "05,104,36,36CT,37,60A,84", "11": "05,22C,29,37,60A,60B", "12": "37", "13": "37", "14": "106,37", "15": "106,37,39,62", "16": "106,37,39,62", "17": "106,37,39,62", "18": "103,105,106,22B,37,39,62", "19": "103,105,106,22B,37,39,62", "20": "103,105,106,22B,37,62", "21": "37,62,85", "22": "37,62,85", "23": "37,62", "24": "01,02,105,21A,27,33,37,57,62,89", "25": "01,02,21A,27,33,37,57,62,89", "26": "01,02,21A,27,33,37,57,62,89", "27": "01,02,21A,27,33,37,57,62,89", "28": "01,02,21A,27,33,37,57,62,89,91", "29": "01,02,21A,27,33,37,57,62,89,91", "30": "37,57", "31": "102,37,57,72", "32": "102,37,57,72", "33": "102,37,57,72", "34": "102,37,57,72", "35": "102,37,57,72", "36": "102,37,57,72", "37": "102,37,57,72", "38": "37,57,72", "39": "37"}, "Lng": {"0": 105.841916667, "1": 105.844316667, "2": 105.8453, "3": 105.84078333299999, "4": 105.84076666700001, "5": 105.840966667, "6": 105.83815, "7": 105.835066667, "8": 105.83126666700001, "9": 105.82665, "10": 105.8265, "11": 105.826017, "12": 105.820066667, "13": 105.81765, "14": 105.812216667, "15": 105.807965, "16": 105.8039, "17": 105.798975, "18": 105.793957, "19": 105.789083333, "20": 105.784466667, "21": 105.780566667, "22": 105.775151, "23": 105.773, "24": 105.767783333, "25": 105.764283333, "26": 105.76188799999998, "27": 105.759179, "28": 105.753901, "29": 105.75121666700001, "30": 105.74785, "31": 105.74271666700001, "32": 105.736824, "33": 105.73066666700001, "34": 105.72368, "35": 105.7195, "36": 105.716783333, "37": 105.708968, "38": 105.702366667, "39": 105.6966}, "Name": {"0": "(A) BX Gi\u00e1p B\u00e1t - Tuy\u1ebfn 37", "1": "S\u1ed1 36 Kim \u0110\u1ed3ng", "2": "658 Tr\u01b0\u01a1ng \u0110\u1ecbnh", "3": "Ga Gi\u00e1p B\u00e1t - \u0110\u1ed1i di\u1ec7n 1035 Gi\u1ea3i Ph\u00f3ng", "4": "\u0110\u1ed1i di\u1ec7n 1251 Gi\u1ea3i Ph\u00f3ng", "5": "Ng\u00e3 4 Gi\u1ea3i Ph\u00f3ng - Ho\u00e0ng Li\u1ec7t", "6": "H\u00e8 tr\u01b0\u1edbc t\u01b0\u1ee3ng \u0111\u00e0i Li\u1ec7t s\u0129 ph\u01b0\u1eddng Ho\u00e0ng Li\u1ec7t 30m", "7": "UBND ph\u01b0\u1eddng Ho\u00e0ng Li\u1ec7t", "8": "Nh\u00e0 N\u01a0. 1A K\u0110T Linh \u0110\u00e0m - Nguy\u1ec5n Duy Trinh", "9": "\u0110\u1ed1i di\u1ec7n Tr\u1ea1m c\u1ea5p n\u01b0\u1edbc Linh \u0110\u00e0m (\u0111\u1ed1i di\u1ec7n chung c\u01b0 HH1C) - Nguy\u1ec5n H\u1eefu Th\u1ecd", "10": "C\u00f4ng vi\u00ean B\u1eafc Linh \u0110\u00e0m - \u0110\u1ed1i di\u1ec7n L\u00f4 1 CT1 B\u1eafc Linh \u0110\u00e0m - Nguy\u1ec5n H\u1eefu Th\u1ecd", "11": "\u0110i\u1ec3m x\u00e9n h\u00e8 (To\u00e0 nh\u00e0 CT2 - K\u0110T B\u1eafc Linh \u0110\u00e0m) - C\u1ea7u D\u1eadu", "12": "X\u00ed nghi\u1ec7p x\u00e2y d\u1ef1ng s\u1ed1 4 (X\u00f3m Ch\u00f9a Nh\u0129) - Kim Giang", "13": "Nh\u00e0 v\u0103n h\u00f3a x\u00e3 Thanh Li\u1ec7t - Kim Giang", "14": "Trung t\u00e2m XNK X\u00e2y d\u1ef1ng Vimeco - Kim Giang", "15": "30 C\u1ea7u B\u01b0\u01a1u (CH \u0111i\u1ec7n l\u1ea1nh H\u1ed3ng S\u0129)", "16": "12 C\u1ea7u B\u01b0\u01a1u - \u0110\u1ed1i di\u1ec7n Cty x\u00e2y d\u1ef1ng s\u1ed1 1", "17": "\u0110\u1ed1i di\u1ec7n C\u00f4ng ty TNHN th\u01b0\u01a1ng m\u1ea1i \u0110\u00e0 L\u1ea1t - C\u1ea7u B\u01b0\u01a1u", "18": "\u0110\u1ed1i di\u1ec7n T\u00f2a nh\u00e0 CT2 Chung c\u01b0 vi\u1ec7n b\u1ecfng, g\u1ea7n ng\u00e3 ba Y\u00ean X\u00e1 - Ph\u00f9ng H\u01b0ng (H\u00e0 \u0110\u00f4ng)", "19": "Vi\u1ec7n 103 - Ph\u00f9ng H\u01b0ng (H\u00e0 \u0110\u00f4ng)", "20": "C\u00f4ng ty CP X\u00e2y l\u1eafp \u0111i\u1ec7n H\u00e0 T\u00e2y - 113 Ph\u00f9ng H\u01b0ng (H\u00e0 \u0110\u00f4ng)", "21": "Chi c\u1ee5c thu\u1ebf H\u00e0 N\u1ed9i - 48 T\u00f4 Hi\u1ec7u (H\u00e0 \u0110\u00f4ng)", "22": "\u0110\u1ed1i di\u1ec7n 29 T\u00f4 Hi\u1ec7u (H\u00e0 \u0110\u00f4ng)", "23": "\u0110\u1ed1i di\u1ec7n Metro H\u00e0 \u0110\u00f4ng - \u0111\u01b0\u1eddng T\u00f4 Hi\u1ec7u (H\u00e0 \u0110\u00f4ng)", "24": "254 Quang Trung - H\u00e0 \u0110\u00f4ng", "25": "\u0110\u1ed1i di\u1ec7n K\u0110T V\u0103n Ph\u00fa - 418 Quang Trung (H\u00e0 \u0110\u00f4ng)", "26": "530 - 532 Quang Trung - H\u00e0 \u0110\u00f4ng", "27": "678 - 680 Quang Trung (H\u00e0 \u0110\u00f4ng)", "28": "Showroom \u00f4 t\u00f4 Tr\u01b0\u1eddng S\u01a1n (\u0111\u1ed1i di\u1ec7n Nissan H\u00e0 \u0110\u00f4ng - Km 14+600, Qu\u1ed1c l\u1ed9 6)", "29": "\u0110\u1ed1i di\u1ec7n Tr\u01b0\u1eddng TH Kinh t\u1ebf H\u00e0 T\u00e2y - Qu\u1ed1c l\u1ed9 6", "30": "Gi\u00e1p h\u00e0ng r\u00e0o BX Y\u00ean Ngh\u0129a (\u0110\u1ed1i di\u1ec7n \u0111\u1ed3ng h\u1ed3) - Qu\u1ed1c l\u1ed9 6", "31": "Ao l\u00e0ng Do L\u1ed9 - \u0110\u1ed1i di\u1ec7n 1099 Quang Trung (H\u00e0 \u0110\u00f4ng), Qu\u1ed1c l\u1ed9 6", "32": "\u0110\u1ed1i di\u1ec7n C\u00f4ng ty c\u1ed5 ph\u1ea7n G\u1ed7 Th\u00e9p \u0110\u1ea1i L\u1ed9c (\u0110\u1ed3ng Mai) - Qu\u1ed1c l\u1ed9 6", "33": "Ch\u1ee3 c\u1ea7u Mai L\u0129nh - S\u1ed1 nh\u00e0 1392 Quang Trung (H\u00e0 \u0110\u00f4ng), Qu\u1ed1c l\u1ed9 6", "34": "\u0110\u1ed1i di\u1ec7n C\u00f4ng ty c\u1ed5 ph\u1ea7n c\u01a1 kh\u00ed x\u00e2y d\u1ef1ng H\u00e0 Th\u00e1i (Bi\u00ean Giang) - Qu\u1ed1c l\u1ed9 6", "35": "Nh\u00e0 th\u1edd Gi\u00e1o h\u1ecd Ph\u01b0\u1ee3ng B\u00e3i, g\u1ea7n \u0111\u01b0\u1eddng v\u00e0o \u0110H S\u01b0 ph\u1ea1m TTDTT Trung \u01b0\u01a1ng - 114 Bi\u00ean Giang, Qu\u1ed1c l\u1ed9 6", "36": "UBND x\u00e3 Bi\u00ean Giang - 224 Bi\u00ean Giang, Qu\u1ed1c l\u1ed9 6", "37": "G\u1ea7n Tr\u1ee5 s\u1edf C\u00f4ng an huy\u1ec7n Ch\u01b0\u01a1ng M\u1ef9 - Qu\u1ed1c l\u1ed9 6", "38": "C\u1eeda h\u00e0ng \u0110TD\u0110 Mobifone Nam C\u01b0\u1eddng (Khu B\u1eafc S\u01a1n - Th\u1ecb tr\u1ea5n Ch\u00fac S\u01a1n) - Qu\u1ed1c l\u1ed9 6", "39": "(B) Ch\u01b0\u01a1ng M\u1ef9 - Tuy\u1ebfn 37"}}