{"Lat": {"0": 21.18105, "1": 21.19095, "2": 21.201083333299998, "3": 21.201283333299997, "4": 21.208166666700002, "5": 21.212857, "6": 21.2183833333, "7": 21.2236833333, "8": 21.232003, "9": 21.236423000000002, "10": 21.238633333299997, "11": 21.240033333299998, "12": 21.2384166667, "13": 21.23575, "14": 21.23115, "15": 21.2270666667, "16": 21.222716666700002, "17": 21.21815, "18": 21.215183, "19": 21.2019, "20": 21.191133333299998, "21": 21.18675, "22": 21.1662833333, "23": 21.1579333333, "24": 21.151766666700002, "25": 21.1415, "26": 21.1316666667, "27": 21.1265333333, "28": 21.11955, "29": 21.081999999999997, "30": 21.0871833333, "31": 21.0906166667, "32": 21.089233333299997, "33": 21.0895833333, "34": 21.0897333333, "35": 21.0899, "36": 21.0868666667, "37": 21.0804166667, "38": 21.0765833333, "39": 21.0735333333, "40": 21.06945, "41": 21.066, "42": 21.0630666667, "43": 21.0604833333, "44": 21.0490833333, "45": 21.0462666667, "46": 21.043913, "47": 21.0412, "48": 21.0431833333}, "BusStopCode": {"0": 3435, "1": 3446, "2": 3447, "3": 3448, "4": 1025, "5": 1636, "6": 1026, "7": 3449, "8": 3450, "9": 3451, "10": 3452, "11": 3453, "12": 3454, "13": 3143, "14": 3144, "15": 3046, "16": 3145, "17": 904, "18": 903, "19": 905, "20": 906, "21": 907, "22": 908, "23": 909, "24": 910, "25": 911, "26": 912, "27": 884, "28": 913, "29": 3455, "30": 3456, "31": 11, "32": 12, "33": 13, "34": 14, "35": 15, "36": 16, "37": 24, "38": 25, "39": 26, "40": 27, "41": 28, "42": 29, "43": 30, "44": 862, "45": 863, "46": 864, "47": 867, "48": 3457}, "FleetOver": {"0": "58", "1": "58", "2": "58", "3": "58", "4": "35B,58,63", "5": "35B,58,63", "6": "58,63", "7": "58,63", "8": "58", "9": "58", "10": "58", "11": "58", "12": "58", "13": "58,95", "14": "58,95", "15": "58,64,93,95", "16": "58,64,95", "17": "56A,56C,58,95", "18": "07,56A,56C,58,64,95", "19": "07,56A,56C,58,95", "20": "07,56A,56C,58,95", "21": "07,53B,56A,56C,58,64,93,95", "22": "07,53B,56A,56C,58,64,93,95", "23": "07,35B,53A,53B,56A,56C,58,61,64,93,95", "24": "07,35B,53A,53B,56A,56C,58,61,64,93,95", "25": "07,35B,53A,53B,56A,56C,58,61,64,93,95", "26": "07,35B,53A,53B,56A,56C,58,61,64,93,95", "27": "07,35B,53A,53B,56A,56C,58,61,64,93,95", "28": "07,35B,53A,53B,56A,56C,58,60B,61,93,95", "29": "14,14CT,58", "30": "58", "31": "31,58", "32": "31,58", "33": "31,58", "34": "31,58", "35": "31,58", "36": "31,58", "37": "31,55,55B,58,86,86CT", "38": "31,55,55B,58", "39": "31,55,55B,58", "40": "31,55,55B,58", "41": "31,41,55,55B,58", "42": "31,41,55,55B,58", "43": "31,41,55,55B,58,86,86CT", "44": "31,41,50,55,55B,58", "45": "31,41,50,55,55B,58,86,86CT", "46": "31,41,50,55,55B,58", "47": "24,47A,54,58", "48": "58"}, "Lng": {"0": 105.68165, "1": 105.68191666700001, "2": 105.685983333, "3": 105.69941666700001, "4": 105.705783333, "5": 105.706027, "6": 105.70315, "7": 105.70445, "8": 105.712851, "9": 105.721552, "10": 105.726166667, "11": 105.736883333, "12": 105.742083333, "13": 105.7462, "14": 105.75588333299999, "15": 105.76166666700001, "16": 105.767866667, "17": 105.77523333299999, "18": 105.778476, "19": 105.779733333, "20": 105.780516667, "21": 105.780383, "22": 105.77955, "23": 105.77918333299999, "24": 105.7789, "25": 105.77845, "26": 105.77908333299999, "27": 105.78071666700001, "28": 105.78315, "29": 105.78535, "30": 105.78585, "31": 105.7889, "32": 105.797716667, "33": 105.80285, "34": 105.807633333, "35": 105.81158333299999, "36": 105.8157, "37": 105.8185, "38": 105.8213, "39": 105.82491666700001, "40": 105.826016667, "41": 105.82815, "42": 105.83200000000001, "43": 105.8331, "44": 105.84153333299999, "45": 105.84416666700001, "46": 105.84713799999999, "47": 105.849516667, "48": 105.847816667}, "Name": {"0": "(B) BV\u0110K M\u00ea Linh - Th\u1ea1ch \u0110\u00e0 - Tuy\u1ebfn 58", "1": "Th\u00f4n Nam C\u01b0\u1eddng x\u00e3 Tam \u0110\u1ed3ng - T\u1ec9nh l\u1ed9 312", "2": "Tr\u01b0\u1eddn THCS Tam \u0110\u1ed3ng - T\u1ec9nh l\u1ed9 312", "3": "Th\u00f4n V\u0103n L\u00f4i x\u00e3 Tam \u0110\u1ed3ng - T\u1ec9nh l\u1ed9 312", "4": "Khu du l\u1ecbch \u0111\u1ed3i 79 m\u00f9a xu\u00e2n - QL23B", "5": "\u0110\u1ed1i di\u1ec7n x\u00ed nghi\u1ec7p \u0111o \u0111\u1ea1c v\u00e0 b\u1ea3n \u0111\u1ed3", "6": "\u0110\u1ed1i di\u1ec7n C\u00f4ng ty TNHH Ho\u00e0ng Giang - QL 23B ", "7": "Nh\u00e0 v\u0103n h\u00f3a t\u1ed1 15 ph\u01b0\u1eddng H\u00f9ng V\u01b0\u01a1ng, \u0111\u01b0\u1eddng Nguy\u1ec5n Tr\u00e3i - Ph\u00fac Y\u00ean", "8": "Si\u00eau th\u1ecb di\u1ec7n m\u00e1y Vi\u1ec7t L\u00e2m- QL2", "9": "C\u00f4ng ty Honda Vi\u1ec7t Nam", "10": "S\u1ed1 75 \u0111\u01b0\u1eddng Hai B\u00e0 Tr\u01b0ng - TX Ph\u00fa Y\u00ean", "11": "C\u1ea7u Xu\u00e2n Ph\u01b0\u01a1ng - QL2", "12": "Tr\u1ea1m thu ph\u00ed QL2 th\u00f4ng Trung Na", "13": "HTX D\u1ecbch v\u1ee5 Trung Na", "14": "68 Thanh Nh\u00e0n  - Thanh Xu\u00e2n", "15": "C\u1ed9t m\u1ed1c Km 10+00 - Qu\u1ed1c l\u1ed9 2A", "16": "\u0110\u1ed1i di\u1ec7n 72 Th\u1ea1ch L\u1ed7i Thanh Xu\u00e2n", "17": "Qua ng\u00e3 3 Qu\u1ed1c l\u1ed9 2 - cao t\u1ed1c N\u1ed9i B\u00e0i, L\u00e0o Cai 50m (chi\u1ec1u N\u00fai \u0110\u00f4i - H\u00e0 N\u1ed9i)", "18": "Qua ng\u00e3 t\u01b0 cao t\u1ed1c TL - Ph\u00fac Y\u00ean - Km 11+380 Cao t\u1ed1c BTL-NB", "19": "So\u00e1t v\u00e9 cao t\u1ed1c B\u1eafc Th\u0103ng Long - Km 10+010 Cao t\u1ed1c BTL-NB", "20": "\u0110\u1ed1i di\u1ec7n nh\u00e0 m\u00e1y t\u1ea5m l\u1ee3p VitMetal- Km 8+700 Cao t\u1ed1c BTL-NB", "21": "KCN Quang Minh - Km 8+150 Cao t\u1ed1c BTL-NB", "22": "\u0110\u1ed1i di\u1ec7n C\u00f4ng ty c\u01a1 kh\u00ed Nam H\u1ed3ng- Km 5+950 Cao t\u1ed1c BTL-NB", "23": "Qua c\u1ea7u v\u01b0\u1ee3t ng\u00e3 4 Nam H\u1ed3ng 70m Cao t\u1ed1c BTL-NB", "24": "\u0110\u1ea7m V\u00e2n Tr\u00ec- Km 4+400 Cao t\u1ed1c BTL-NB", "25": "Qua c\u1ea7u chui d\u00e2n sinh s\u1ed1 4 - \u0111\u1ed1i di\u1ec7n \u0111\u01b0\u1eddng v\u00e0o th\u00f4n Nhu\u1ebf, Km 11+200 (chi\u1ec1u s\u00e2n bay N\u1ed9i B\u00e0i \u0111i H\u00e0 N\u1ed9i)", "26": "UBND x\u00e3 Kim Chung- Km 2+200 Cao t\u1ed1c BTL-NB", "27": "Tr\u01b0\u1edbc ng\u00e3 t\u01b0 khu CN Th\u0103ng Long 100m (chi\u1ec1u N\u1ed9i B\u00e0i - H\u00e0 N\u1ed9i)", "28": "KCN B\u1eafc Th\u0103ng Long - Km 0+800 Cao t\u1ed1c BTL-NB", "29": "72 T\u00e2n Xu\u00e2n (Ch\u00e2n c\u1ea7u Th\u0103ng Long)", "30": "\u0110i\u1ec3m \u0111\u1ed7 xe bu\u00fdt tuy\u1ebfn 14- \u0110\u00f4ng Ng\u1ea1c", "31": "X\u00f3m \u0110\u00ecnh Nh\u1eadt T\u1ea3o (Qua \u0110\u00ecnh Nh\u1eadt T\u1ea3o 100m) - An D\u01b0\u01a1ng V\u01b0\u01a1ng", "32": "L\u00e0ng Th\u01b0\u1ee3ng Th\u1ee5y - 401 An D\u01b0\u01a1ng V\u01b0\u01a1ng", "33": "327-329 An D\u01b0\u01a1ng V\u01b0\u01a1ng", "34": "L\u1ed1i r\u1ebd v\u00e0o UBND x\u00e3 Ph\u00fa Th\u01b0\u1ee3ng - An D\u01b0\u01a1ng V\u01b0\u01a1ng", "35": "Tr\u1ea1m th\u00fa y T\u00e2y H\u1ed3 - 197 An D\u01b0\u01a1ng V\u01b0\u01a1ng", "36": "\u0110\u1ed1i di\u1ec7n ng\u00f5 58 An D\u01b0\u01a1ng V\u01b0\u01a1ng", "37": "523 \u00c2u c\u01a1 (Qua ng\u00e3 3 L\u1ea1c Long Qu\u00e2n)", "38": "\u0110\u00ecnh Nh\u1eadt T\u00e2n - 405 \u00c2u C\u01a1", "39": "S\u1ed1 325 \u00c2u C\u01a1", "40": "251-253 \u00c2u C\u01a1", "41": "215 \u00c2u C\u01a1 (\u0110\u1ed1i di\u1ec7n Ch\u1ee3 \u0111\u1ed3 c\u0169 Qu\u1ea3ng An)", "42": "111 \u00c2u c\u01a1", "43": "33 \u00c2u C\u01a1", "44": "Tr\u01b0\u1eddng M\u1ea1c \u0110\u0129nh Chi - Y\u00ean Ph\u1ee5 (\u0111\u01b0\u1eddng xe bu\u00fdt)", "45": "Qua n\u00fat giao C\u1eeda B\u1eafc 120m - Y\u00ean Ph\u1ee5 (\u0111\u01b0\u1eddng xe bu\u00fdt)", "46": "Tr\u01b0\u1edbc n\u00fat giao H\u00e0ng Than 70m - Y\u00ean Ph\u1ee5 (\u0111\u01b0\u1eddng xe bu\u00fdt)", "47": "E3.2 \u0110i\u1ec3m trung chuy\u1ec3n Long Bi\u00ean", "48": "(A) Long Bi\u00ean - Tuy\u1ebfn 58"}}