{"Lat": {"0": 20.949979000000003, "1": 20.951423000000002, "2": 20.958052, "3": 20.9602166667, "4": 20.962585, "5": 20.9646333333, "6": 20.9671833333, "7": 20.970569, "8": 20.9724166667, "9": 20.9758333333, "10": 20.9796166667, "11": 20.9810833333, "12": 20.983065, "13": 20.9862, "14": 20.9885166667, "15": 20.9902166667, "16": 20.99335, "17": 20.995383333299998, "18": 20.99855, "19": 21.000738000000002, "20": 21.007426000000002, "21": 21.0103166667, "22": 21.01687, "23": 21.01996, "24": 21.023953, "25": 21.0286166667, "26": 21.029533333299998, "27": 21.028361999999998, "28": 21.026, "29": 21.025, "30": 21.0238166667, "31": 21.02365, "32": 21.0231833333}, "BusStopCode": {"0": 1750, "1": 1487, "2": 651, "3": 652, "4": 653, "5": 654, "6": 655, "7": 656, "8": 657, "9": 801, "10": 802, "11": 803, "12": 804, "13": 538, "14": 539, "15": 545, "16": 4072, "17": 541, "18": 542, "19": 543, "20": 664, "21": 666, "22": 519, "23": 714, "24": 715, "25": 716, "26": 531, "27": 532, "28": 176, "29": 177, "30": 178, "31": 606, "32": 1667}, "FleetOver": {"0": "02", "1": "01,02,21A,27,33,37,57,62,89,91", "2": "01,02,21A,27,33,37,57,62,89", "3": "01,02,21A,27,33,37,57,62,89", "4": "01,02,105,21A,27,33,37,57,62,89", "5": "01,02,105,21A,27,33,37,57,62,89", "6": "01,02,21A,27,33,57,89", "7": "01,02,21A,27,33,57,89", "8": "01,02,21A,27,33,57,89", "9": "01,02,103,105,106,19,21A,22B,22C,27,33", "10": "01,02,103,105,106,19,21A,22B,22C,27,33,39,85", "11": "01,02,103,105,19,21A,22B,22C,27,33,39", "12": "01,02,105,19,21A,22B,22C,27,39", "13": "01,02,105,19,21A,22B,22C,27,39", "14": "01,02,105,19,21A,22B,22C,27,39", "15": "01,02,105,19,21A,22B,22C,27,39", "16": "01,02,05,105,19,21A,21B,27,29,60A", "17": "01,02,05,19,21A,21B,27,44,60B", "18": "01,02,19,21A,21B,27,44", "19": "01,02,104,19,21A,21B,27,44", "20": "01,02,21A,21B,44,84", "21": "01,02,09,09CT,23", "22": "01,02,09,09CT", "23": "02,25,41", "24": "02,25,41", "25": "02,23,41,50", "26": "02,18,23,32,34,38,45", "27": "02,23,34,45", "28": "02,09,09CT,40", "29": "02,09,09CT,34,36,36CT,40", "30": "02,09CT,34,40", "31": "02,04,08ACT,08BCT,09CT,11,31,34,35A,40,49,86CT", "32": "02"}, "Lng": {"0": 105.747619, "1": 105.750547, "2": 105.759623, "3": 105.76245, "4": 105.76546, "5": 105.76803333299999, "6": 105.7714, "7": 105.775677, "8": 105.77783333299999, "9": 105.7826, "10": 105.78745, "11": 105.7892, "12": 105.79176000000001, "13": 105.796016667, "14": 105.79931666700001, "15": 105.8017, "16": 105.806233333, "17": 105.80908333299999, "18": 105.8138, "19": 105.817132, "20": 105.82351299999999, "21": 105.82505, "22": 105.82902299999999, "23": 105.830729, "24": 105.832517, "25": 105.83486666700001, "26": 105.83895, "27": 105.842983, "28": 105.8467, "29": 105.85013333299999, "30": 105.85406666700001, "31": 105.856816667, "32": 105.86083333299999}, "Name": {"0": "(B) BX Y\u00ean Ngh\u0129a - Tuy\u1ebfn 02", "1": "Tr\u01b0\u1eddng trung c\u1ea5p Kinh t\u1ebf - T\u00e0i ch\u00ednh H\u00e0 N\u1ed9i", "2": "807 Quang Trung - H\u00e0 \u0110\u00f4ng", "3": "707-709 Quang Trung, H\u00e0 \u0110\u00f4ng (c\u1ed9t m\u1ed1c H3/15)", "4": "Qua ng\u00e3 t\u01b0 Quang Trung, L\u00ea Tr\u1ecdng T\u1ea5n - 521 Quang Trung (H\u00e0 \u0110\u00f4ng)", "5": "\u0110\u1ed1i di\u1ec7n \u0111\u01b0\u1eddng v\u00e0o ch\u1ee3 La Kh\u00ea (Qua Ga metro La Kh\u00ea) - 405 Quang Trung (H\u00e0 \u0110\u00f4ng)", "6": "267 Quang Trung - H\u00e0 \u0110\u00f4ng", "7": "85 Quang Trung (H\u00e0 \u0110\u00f4ng) - \u0110\u00ecnh C\u1ea7u \u0110\u01a1", "8": "15 Quang Trung - H\u00e0 \u0110\u00f4ng", "9": "Li\u00ean minh c\u00e1c HTX H\u00e0 N\u1ed9i - S\u1ed1 1 Tr\u1ea7n Ph\u00fa (H\u00e0 \u0110\u00f4ng)", "10": "Si\u00eau th\u1ecb Nguy\u1ec5n Kim - Km10 Nguy\u1ec5n Tr\u00e3i (H\u00e0 \u0110\u00f4ng)", "11": "\u0110\u1ea1i h\u1ecdc Ki\u1ebfn Tr\u00fac - Tr\u1ea7n Ph\u00fa (H\u00e0 \u0110\u00f4ng)", "12": "H\u1ecdc vi\u1ec7n An ninh nh\u00e2n d\u00e2n - Tr\u1ea7n Ph\u00fa (H\u00e0 \u0110\u00f4ng )", "13": "C\u00f4ng ty CP T\u01b0 v\u1ea5n \u0111\u1ea7u t\u01b0 M\u1ecf v\u00e0 C\u00f4ng nghi\u1ec7p - 565 Nguy\u1ec5n Tr\u00e3i", "14": "T\u1ed5ng C\u00f4ng ty x\u00e2y d\u1ef1ng S\u00f4ng \u0110\u00e0 - 493 Nguy\u1ec5n Tr\u00e3i", "15": "477 Nguy\u1ec5n Tr\u00e3i - H\u1ecdc vi\u1ec7n Khoa h\u1ecdc X\u00e3 h\u1ed9i", "16": "Tr\u01b0\u1edbc s\u1ed1 277 Nguy\u1ec5n Tr\u00e3i - B\u00e1ch h\u00f3a gi\u00e0y Th\u01b0\u1ee3ng \u0110\u00ecnh", "17": "C\u00f4ng ty thu\u1ed1c l\u00e1 Th\u0103ng Long - 235 Nguy\u1ec5n Tr\u00e3i", "18": "Ng\u00e3 3 Kim Giang - 185A Nguy\u1ec5n Tr\u00e3i", "19": "S\u00e2n v\u1eadn \u0111\u1ed9ng Th\u01b0\u1ee3ng \u0110\u00ecnh - 129 Nguy\u1ec5n Tr\u00e3i", "20": "\u0110\u1ea1i h\u1ecdc Thu\u1ef7 L\u1ee3i - 175 T\u00e2y S\u01a1n (c\u1ed9t tr\u01b0\u1edbc)", "21": "\u0110\u1ea1i h\u1ecdc C\u00f4ng \u0110o\u00e0n - 169 T\u00e2y S\u01a1n", "22": "83 Nguy\u1ec5n L\u01b0\u01a1ng B\u1eb1ng", "23": "283 T\u00f4n \u0110\u1ee9c Th\u1eafng", "24": "Tr\u1ea1m Bi\u1ebfn \u00e1p H\u00e0ng B\u1ed9t 1 - 107 T\u00f4n \u0110\u1ee9c Th\u1eafng", "25": "\u0110\u1ed1i di\u1ec7n s\u1ed1 40 T\u00f4n \u0110\u1ee9c Th\u1eafng (V\u0103n Mi\u1ebfu)", "26": "85 Nguy\u1ec5n Th\u00e1i H\u1ecdc - Tr\u01b0\u1eddng TH L\u00fd Th\u01b0\u1eddng Ki\u1ec7t", "27": "7 Nguy\u1ec5n Th\u00e1i H\u1ecdc - C\u1eeda Nam", "28": "49 Hai B\u00e0 Tr\u01b0ng - Th\u00e1p H\u00e0 N\u1ed9i", "29": "37 Hai B\u00e0 Tr\u01b0ng - B\u1ec7nh vi\u1ec7n Vi\u1ec7t Nam Cu Ba", "30": "\u0110\u1ed1i di\u1ec7n 16 Hai B\u00e0 Tr\u01b0ng (Ng\u00e3 4 Hai B\u00e0 Tr\u01b0ng- Ng\u00f4 Quy\u1ec1n)", "31": "\u0110\u1ed1i di\u1ec7n 6C Phan Chu Trinh", "32": "(A) B\u00e1c C\u1ed5 - Tr\u1ea7n Kh\u00e1nh D\u01b0 - Tuy\u1ebfn 02"}}