{"Lat": {"0": 20.95, "1": 20.951423000000002, "2": 20.958052, "3": 20.9602166667, "4": 20.962585, "5": 20.9646333333, "6": 20.9671833333, "7": 20.970569, "8": 20.9724166667, "9": 20.9758333333, "10": 20.9796166667, "11": 20.9810833333, "12": 20.983065, "13": 20.9862, "14": 20.9885166667, "15": 20.9902166667, "16": 20.99335, "17": 20.995383333299998, "18": 20.99855, "19": 21.000738000000002, "20": 21.0017833333, "21": 21.003966666700002, "22": 21.005883333299998, "23": 21.00985, "24": 21.013107, "25": 21.0182, "26": 21.021452, "27": 21.023837, "28": 21.028205, "29": 21.029975, "30": 21.028795000000002, "31": 21.0319333333, "32": 21.034438, "33": 21.038452, "34": 21.041733333299998, "35": 21.0418, "36": 21.050738, "37": 21.0574666667, "38": 21.0622, "39": 21.067283}, "BusStopCode": {"0": 1694, "1": 1487, "2": 651, "3": 652, "4": 653, "5": 654, "6": 655, "7": 656, "8": 657, "9": 801, "10": 802, "11": 803, "12": 804, "13": 538, "14": 539, "15": 545, "16": 4072, "17": 541, "18": 542, "19": 543, "20": 3603, "21": 146, "22": 147, "23": 148, "24": 149, "25": 471, "26": 472, "27": 473, "28": 474, "29": 2760, "30": 62, "31": 4054, "32": 60, "33": 747, "34": 781, "35": 782, "36": 594, "37": 595, "38": 597, "39": 1774}, "FleetOver": {"0": "27", "1": "01,02,21A,27,33,37,57,62,89,91", "2": "01,02,21A,27,33,37,57,62,89", "3": "01,02,21A,27,33,37,57,62,89", "4": "01,02,105,21A,27,33,37,57,62,89", "5": "01,02,105,21A,27,33,37,57,62,89", "6": "01,02,21A,27,33,57,89", "7": "01,02,21A,27,33,57,89", "8": "01,02,21A,27,33,57,89", "9": "01,02,103,105,106,19,21A,22B,22C,27,33", "10": "01,02,103,105,106,19,21A,22B,22C,27,33,39,85", "11": "01,02,103,105,19,21A,22B,22C,27,33,39", "12": "01,02,105,19,21A,22B,22C,27,39", "13": "01,02,105,19,21A,22B,22C,27,39", "14": "01,02,105,19,21A,22B,22C,27,39", "15": "01,02,105,19,21A,22B,22C,27,39", "16": "01,02,05,105,19,21A,21B,27,29,60A", "17": "01,02,05,19,21A,21B,27,44,60B", "18": "01,02,19,21A,21B,27,44", "19": "01,02,104,19,21A,21B,27,44", "20": "104,19,27", "21": "16,24,27,51", "22": "16,24,27,51", "23": "16,24,27,51,84", "24": "16,24,27,50,51", "25": "09,09CT,107,12,22A,26,27,35A", "26": "09,09CT,107,12,22A,26,27", "27": "107,12,22A,26,27", "28": "107,12,22A,27", "29": "09,09CT,27,28,32,34,38", "30": "09,09CT,105,20A,20B,26,27,28,32,34,38", "31": "07,16,20A,20B,26,27,28,32,34,49", "32": "16,20A,20B,26,27,28,32,34,49", "33": "27,39,97", "34": "13,27", "35": "13,27", "36": "07,14,14CT,27,35A,38,45,46,53A,53B,60A,60B,61", "37": "07,14,14CT,27,35A,38,45,46,53A,53B,60A,60B,61", "38": "07,14,14CT,27,28,35A,38,45,46,53A,53B,60A,60B,61", "39": "27"}, "Lng": {"0": 105.747666667, "1": 105.750547, "2": 105.759623, "3": 105.76245, "4": 105.76546, "5": 105.76803333299999, "6": 105.7714, "7": 105.775677, "8": 105.77783333299999, "9": 105.7826, "10": 105.78745, "11": 105.7892, "12": 105.79176000000001, "13": 105.796016667, "14": 105.79931666700001, "15": 105.8017, "16": 105.806233333, "17": 105.80908333299999, "18": 105.8138, "19": 105.817132, "20": 105.81875, "21": 105.818616667, "22": 105.81665, "23": 105.8128, "24": 105.808025, "25": 105.80741666700001, "26": 105.809325, "27": 105.810741, "28": 105.81249199999999, "29": 105.811073, "30": 105.803723, "31": 105.79955, "32": 105.796241, "33": 105.79294499999999, "34": 105.788, "35": 105.783666667, "36": 105.781663, "37": 105.782766667, "38": 105.784016667, "39": 105.787067}, "Name": {"0": "(A) BX Y\u00ean Ngh\u0129a - Tuy\u1ebfn 27", "1": "Tr\u01b0\u1eddng trung c\u1ea5p Kinh t\u1ebf - T\u00e0i ch\u00ednh H\u00e0 N\u1ed9i", "2": "807 Quang Trung - H\u00e0 \u0110\u00f4ng", "3": "707-709 Quang Trung, H\u00e0 \u0110\u00f4ng (c\u1ed9t m\u1ed1c H3/15)", "4": "Qua ng\u00e3 t\u01b0 Quang Trung, L\u00ea Tr\u1ecdng T\u1ea5n - 521 Quang Trung (H\u00e0 \u0110\u00f4ng)", "5": "\u0110\u1ed1i di\u1ec7n \u0111\u01b0\u1eddng v\u00e0o ch\u1ee3 La Kh\u00ea (Qua Ga metro La Kh\u00ea) - 405 Quang Trung (H\u00e0 \u0110\u00f4ng)", "6": "267 Quang Trung - H\u00e0 \u0110\u00f4ng", "7": "85 Quang Trung (H\u00e0 \u0110\u00f4ng) - \u0110\u00ecnh C\u1ea7u \u0110\u01a1", "8": "15 Quang Trung - H\u00e0 \u0110\u00f4ng", "9": "Li\u00ean minh c\u00e1c HTX H\u00e0 N\u1ed9i - S\u1ed1 1 Tr\u1ea7n Ph\u00fa (H\u00e0 \u0110\u00f4ng)", "10": "Si\u00eau th\u1ecb Nguy\u1ec5n Kim - Km10 Nguy\u1ec5n Tr\u00e3i (H\u00e0 \u0110\u00f4ng)", "11": "\u0110\u1ea1i h\u1ecdc Ki\u1ebfn Tr\u00fac - Tr\u1ea7n Ph\u00fa (H\u00e0 \u0110\u00f4ng)", "12": "H\u1ecdc vi\u1ec7n An ninh nh\u00e2n d\u00e2n - Tr\u1ea7n Ph\u00fa (H\u00e0 \u0110\u00f4ng )", "13": "C\u00f4ng ty CP T\u01b0 v\u1ea5n \u0111\u1ea7u t\u01b0 M\u1ecf v\u00e0 C\u00f4ng nghi\u1ec7p - 565 Nguy\u1ec5n Tr\u00e3i", "14": "T\u1ed5ng C\u00f4ng ty x\u00e2y d\u1ef1ng S\u00f4ng \u0110\u00e0 - 493 Nguy\u1ec5n Tr\u00e3i", "15": "477 Nguy\u1ec5n Tr\u00e3i - H\u1ecdc vi\u1ec7n Khoa h\u1ecdc X\u00e3 h\u1ed9i", "16": "Tr\u01b0\u1edbc s\u1ed1 277 Nguy\u1ec5n Tr\u00e3i - B\u00e1ch h\u00f3a gi\u00e0y Th\u01b0\u1ee3ng \u0110\u00ecnh", "17": "C\u00f4ng ty thu\u1ed1c l\u00e1 Th\u0103ng Long - 235 Nguy\u1ec5n Tr\u00e3i", "18": "Ng\u00e3 3 Kim Giang - 185A Nguy\u1ec5n Tr\u00e3i", "19": "S\u00e2n v\u1eadn \u0111\u1ed9ng Th\u01b0\u1ee3ng \u0110\u00ecnh - 129 Nguy\u1ec5n Tr\u00e3i", "20": "S\u1ed1 65 Nguy\u1ec5n Tr\u00e3i", "21": "Flatfom d\u00e0nh ri\u00eang cho xe bu\u00fdt tr\u01b0\u1edbc nh\u00e0 80 \u0110\u01b0\u1eddng L\u00e1ng", "22": "220 \u0111\u01b0\u1eddng L\u00e1ng - Tr\u01b0\u1eddng \u0110\u1ea3ng L\u00ea H\u1ed3ng Phong", "23": "470 \u0110\u01b0\u1eddng L\u00e1ng", "24": "Ch\u1ee3 L\u00e1ng H\u1ea1 A - 572 \u0110\u01b0\u1eddng L\u00e1ng", "25": "KTX \u0110\u1ea1i h\u1ecdc Giao th\u00f4ng V\u1eadn t\u1ea3i - 99 Nguy\u1ec5n Ch\u00ed Thanh", "26": "89 Nguy\u1ec5n Ch\u00ed Thanh - KTX \u0110\u1ea1i h\u1ecdc Lu\u1eadt", "27": "73 Nguy\u1ec5n Ch\u00ed Thanh - \u0110\u1ed1i di\u1ec7n Kh\u00e1ch s\u1ea1n B\u1ea3o S\u01a1n", "28": "31 Nguy\u1ec5n Ch\u00ed Thanh", "29": "H\u00e8 c\u1ea1nh Kh\u00e1ch s\u1ea1n Daewoo H\u00e0 N\u1ed9i", "30": "\u0110i\u1ec3m trung chuy\u1ec3n C\u1ea7u Gi\u1ea5y - Th\u1ee7 L\u1ec7 02", "31": "S\u1ed1 112 C\u1ea7u Gi\u1ea5y", "32": "250-252 C\u1ea7u Gi\u1ea5y", "33": "B5 L\u00e0ng Qt\u1ebf Th\u0103ng Long (\u0110\u1ed1i di\u1ec7n 161 Tr\u1ea7n \u0110\u0103ng Ninh)", "34": "Tr\u01b0\u1eddng Trung c\u1ea5p T\u01b0 th\u1ee5c Kinh t\u1ebf C\u00f4ng ngh\u1ec7 Nguy\u1ec5n B\u00ecnh Khi\u00eam - S\u1ed1 6 Tr\u1ea7n Qu\u1ed1c Ho\u00e0n", "35": "C\u00e2u l\u1ea1c b\u1ed9 r\u00e8n luy\u1ec7n s\u1ee9c kh\u1ecfe C\u00f4ng \u0111o\u00e0n B\u1ed9 ngo\u1ea1i Giao - \u0110\u1ed1i di\u1ec7n 77 Tr\u1ea7n Qu\u1ed1c Ho\u00e0n", "36": "36A Ph\u1ea1m V\u0103n \u0110\u1ed3ng", "37": "527 Ph\u1ea1m V\u0103n \u0110\u1ed3ng", "38": "Qua 70m \u0111\u01b0\u1eddng v\u00e0o c\u00f4ng vi\u00ean H\u00f2a B\u00ecnh - Ph\u1ea1m V\u0103n \u0110\u1ed3ng", "39": "(B) Nam Th\u0103ng Long - Tuy\u1ebfn 27"}}