{"Lat": {"0": 20.999283, "1": 20.997476000000002, "2": 20.9963333333, "3": 21.00102, "4": 21.002883333299998, "5": 21.00335, "6": 21.00635, "7": 21.008983333299998, "8": 21.012367, "9": 21.0145, "10": 21.0172333333, "11": 21.020566666700002, "12": 21.026733333299997, "13": 21.031982, "14": 21.0345833333, "15": 21.0413833333, "16": 21.040364999999998, "17": 21.0392833333, "18": 21.0344333333, "19": 21.030483333299998, "20": 21.031983333299998, "21": 21.0341833333, "22": 21.032288, "23": 21.0284166667, "24": 21.0248333333, "25": 21.0229, "26": 21.017566666700002, "27": 21.0151166667, "28": 21.0113166667, "29": 21.00885, "30": 21.007616666700002, "31": 21.0087333333, "32": 21.006912, "33": 21.007683333299997, "34": 21.006367, "35": 21.00455, "36": 21.0039833333, "37": 21.00095, "38": 21.0018333333, "39": 20.999345}, "BusStopCode": {"0": 1761, "1": 744, "2": 37, "3": 38, "4": 682, "5": 837, "6": 838, "7": 765, "8": 383, "9": 793, "10": 794, "11": 347, "12": 391, "13": 190, "14": 188, "15": 856, "16": 638, "17": 388, "18": 389, "19": 772, "20": 96, "21": 339, "22": 287, "23": 174, "24": 2856, "25": 92, "26": 208, "27": 209, "28": 677, "29": 678, "30": 665, "31": 67, "32": 68, "33": 589, "34": 386, "35": 3257, "36": 634, "37": 158, "38": 341, "39": 1708}, "FleetOver": {"0": "18", "1": "08A,08ACT,08B,08BCT,18,47B", "2": "18,36,36CT,38,52A,52B", "3": "18,36,36CT,38,52A,52B", "4": "18,26", "5": "18,51", "6": "18,51", "7": "18,44,47B", "8": "04,18,30,42,44", "9": "18,42,44", "10": "18,42,44", "11": "02,09CT,14CT,18,23,40,45,49", "12": "04,08ACT,08BCT,09CT,11,14CT,18,23,31,34", "13": "04,08A,08ACT,08B,08BCT,11,14CT,18,23,31,34,86,86CT", "14": "04,08A,08ACT,08B,08BCT,11,14,14CT,18,23,31,34", "15": "18,23,24,31,58", "16": "14,14CT,18,22A,23", "17": "18,23", "18": "18,23", "19": "18,23", "20": "09,09CT,18,41,45", "21": "09,09CT,18", "22": "18,25,50", "23": "107,18,23,25,38,90", "24": "18,23", "25": "18,23,28,49", "26": "18,23,30,50", "27": "18,30,50", "28": "09,09CT,18", "29": "09,09CT,18", "30": "09,09CT,18,51", "31": "12,18,21A,21B,23,26,35A,44,51", "32": "12,18,21A,21B,23,26,35A,44,51", "33": "18,21A,21B,23,26,35A,44,51", "34": "18,23", "35": "18,23,99", "36": "18,23,99", "37": "03,18,21A,21B,23,25,28,32,41,99", "38": "18,23,47B", "39": "18"}, "Lng": {"0": 105.845552, "1": 105.84591100000002, "2": 105.850033333, "3": 105.850695, "4": 105.8529, "5": 105.855016667, "6": 105.85478333299999, "7": 105.85921666700001, "8": 105.858701, "9": 105.859783333, "10": 105.85925, "11": 105.85826666700001, "12": 105.85621666700001, "13": 105.855672, "14": 105.8547, "15": 105.849583333, "16": 105.846823, "17": 105.845766667, "18": 105.844766667, "19": 105.84245, "20": 105.83986666700001, "21": 105.83426666700001, "22": 105.829453, "23": 105.825466667, "24": 105.82111666700001, "25": 105.821666667, "26": 105.82385, "27": 105.81975, "28": 105.81768333299999, "29": 105.81973333299999, "30": 105.82365, "31": 105.825616667, "32": 105.82948400000001, "33": 105.83301666700001, "34": 105.835429, "35": 105.8357, "36": 105.838466667, "37": 105.84118333299999, "38": 105.84386666700001, "39": 105.84548600000001}, "Name": {"0": "(B) \u0110\u1ea1i h\u1ecdc KTQD - Tuy\u1ebfn 18", "1": "106 Tr\u1ea7n \u0110\u1ea1i Ngh\u0129a", "2": "Ch\u1ee3 M\u01a1 - 459D B\u1ea1ch Mai", "3": "327 B\u1ea1ch Mai", "4": "263 Thanh Nh\u00e0n", "5": "CV Tu\u1ed5i Tr\u1ebb (Ng\u00e3 3 V\u00f5 Th\u1ecb S\u00e1u - Thanh Nh\u00e0n)", "6": "C\u00f4ng vi\u00ean Tu\u1ed5i Tr\u1ebb - \u0110\u1ed1i di\u1ec7n 46 V\u00f5 Th\u1ecb S\u00e1u", "7": "Ng\u00e2n h\u00e0ng C\u00f4ng th\u01b0\u01a1ng khu v\u1ef1c Hai B\u00e0 Tr\u01b0ng - 285 Tr\u1ea7n Kh\u00e1t Ch\u00e2n", "8": "131 L\u00f2 \u0110\u00fac", "9": "9 Tr\u1ea7n Th\u00e1nh T\u00f4ng", "10": "Doanh tr\u1ea1i Qu\u00e2n \u0111\u1ed9i nh\u00e2n d\u00e2n - 1B Tr\u1ea7n Th\u00e1nh T\u00f4ng", "11": "\u0110\u1ea1i h\u1ecdc Khoa h\u1ecdc t\u1ef1 nhi\u00ean - 19 L\u00ea Th\u00e1nh T\u00f4ng", "12": "51 L\u00fd Th\u00e1i T\u1ed5 - Ng\u00e2n h\u00e0ng Nh\u00e0 n\u01b0\u1edbc Vi\u1ec7t Nam", "13": "23 H\u00e0ng Tre", "14": "S\u1ed1 3 H\u00e0ng Mu\u1ed1i", "15": "E1.3 \u0110i\u1ec3m trung chuy\u1ec3n Long Bi\u00ean", "16": "10-12 Qu\u00e1n Th\u00e1nh", "17": "S\u1ed1 4 L\u00fd Nam \u0110\u1ebf", "18": "\u0110\u1ed1i di\u1ec7n 65 L\u00fd Nam \u0110\u1ebf", "19": "Tr\u1ea1m bi\u1ebfn \u00e1p Tr\u1ea7n Ph\u00fa 1 (\u0110\u1ed1i di\u1ec7n 15 Tr\u1ea7n Ph\u00fa)", "20": "C\u1ed9t c\u1edd H\u00e0 N\u1ed9i - \u0110i\u1ec7n Bi\u00ean Ph\u1ee7", "21": "18A L\u00ea H\u1ed3ng Phong - \u0110\u1ed1i di\u1ec7n 23 L\u00ea H\u1ed3ng Phong", "22": "Kim M\u00e3 ", "23": "B\u1ed9 Y T\u1ebf - 138A Gi\u1ea3ng V\u00f5", "24": "\u0110\u1ed1i di\u1ec7n 251 Gi\u1ea3ng V\u00f5", "25": "339-341 \u0110\u00ea La Th\u00e0nh (\u0110\u1ed1i di\u1ec7n \u0110H V\u0103n H\u00f3a)", "26": "\u0110\u1ed1i di\u1ec7n Trung t\u00e2m th\u1ec3 thao Ho\u00e0ng C\u1ea7u - H\u1ed3 Ho\u00e0ng C\u1ea7u", "27": "Qua 50m ng\u00e3 ba \u0110\u1eb7ng Ti\u1ebfn \u0110\u00f4ng \u2013 Ho\u00e0ng C\u1ea7u (\u0111i Th\u00e1i H\u00e0)", "28": "104 A49 Th\u00e1i Th\u1ecbnh", "29": "B\u1ec7nh vi\u1ec7n Ch\u00e2m C\u1ee9u Trung \u01b0\u01a1ng - 49 Th\u00e1i Th\u1ecbnh", "30": "\u0110\u1ea1i h\u1ecdc Thu\u1ef7 L\u1ee3i - 175 T\u00e2y S\u01a1n (c\u1ed9t sau)", "31": "251 Ch\u00f9a B\u1ed9c", "32": "49E Ch\u00f9a B\u1ed9c", "33": "Si\u00eau th\u1ecb Uni mart - 8 Ph\u1ea1m Ng\u1ecdc Th\u1ea1ch", "34": "B\u00e1ch ho\u00e1 Kim Li\u00ean - 135 L\u01b0\u01a1ng \u0110\u1ecbnh C\u1ee7a", "35": "S\u1ed1 3C5 L\u01b0\u01a1ng \u0110\u1ecbnh C\u1ee7a", "36": "15 Ph\u01b0\u01a1ng Mai - B\u1ec7nh vi\u1ec7n Da Li\u1ec5u Trung \u01af\u01a1ng", "37": "B\u1ec7nh vi\u1ec7n B\u1ea1ch Mai - 78 Gi\u1ea3i Ph\u00f3ng", "38": "95 L\u00ea Thanh Ngh\u1ecb (\u0110\u1ed1i di\u1ec7n 186 L\u00ea Thanh Ngh\u1ecb)", "39": "(A) \u0110\u1ea1i h\u1ecdc KTQD - Tuy\u1ebfn 18"}}