{"Lat": {"0": 21.1247333333, "1": 21.120767, "2": 21.119232999999998, "3": 21.1175, "4": 21.113982999999998, "5": 21.105317000000003, "6": 21.0989333333, "7": 21.096296, "8": 21.092725, "9": 21.0878, "10": 21.084, "11": 21.080398000000002, "12": 21.07455, "13": 21.068267000000002, "14": 21.06493, "15": 21.061295, "16": 21.057883, "17": 21.052338, "18": 21.049533, "19": 21.04555, "20": 21.042351999999998, "21": 21.0414833333, "22": 21.0399666667}, "BusStopCode": {"0": 1796, "1": 1282, "2": 1288, "3": 1281, "4": 1300, "5": 1302, "6": 1298, "7": 191, "8": 192, "9": 193, "10": 194, "11": 195, "12": 415, "13": 416, "14": 417, "15": 418, "16": 419, "17": 549, "18": 551, "19": 552, "20": 553, "21": 857, "22": 1714}, "FleetOver": {"0": "10A", "1": "10A,54", "2": "10A,54", "3": "10A,54", "4": "10A,54", "5": "10A,54", "6": "10A,54", "7": "10A,10B,54", "8": "10A,10B,54", "9": "10A,10B,54", "10": "10A,10B,54", "11": "10A,10B,54", "12": "10A,10B,15,17,43,54,59", "13": "10A,10B,15,17,43,54,98", "14": "10A,10B,15,17,43,54,98", "15": "10A,10B,15,17,42,43,54", "16": "10A,10B,15,17,42,43,54", "17": "10A,10B,11,15,17,42,43,48,54,65", "18": "03,10A,11,15,17,34,48,65", "19": "01,03,100,10A,10B,17,22A,34,42,43,48,54,65", "20": "01,03,100,10A,10B,17,22A,34,42,43,48,54,65", "21": "100,10A,10B,17,54,98", "22": "10A"}, "Lng": {"0": 105.97168333299999, "1": 105.9646, "2": 105.96185, "3": 105.95875, "4": 105.95203300000001, "5": 105.938383, "6": 105.930866667, "7": 105.92816699999999, "8": 105.92445, "9": 105.91961666700001, "10": 105.915833333, "11": 105.91222900000001, "12": 105.906683, "13": 105.90045, "14": 105.897347, "15": 105.893869, "16": 105.89042099999999, "17": 105.885754, "18": 105.88321699999999, "19": 105.875283333, "20": 105.870446, "21": 105.849466667, "22": 105.85095}, "Name": {"0": "(B) T\u1eeb S\u01a1n - Tuy\u1ebfn 10A", "1": "34 Minh Khai - T\u1eeb S\u01a1n - Qu\u1ed1c L\u1ed9 1", "2": "98 Tr\u1ea7n Ph\u00fa - T\u1eeb S\u01a1n - Qu\u1ed1c L\u1ed9 1", "3": "242 Tr\u1ea7n Ph\u00fa - T\u1eeb S\u01a1n - Qu\u1ed1c L\u1ed9 1", "4": "S\u1ed1 500 Ph\u1ed1 M\u1edbi - \u0110\u00ecnh B\u1ea3ng - T\u1eeb S\u01a1n", "5": "\u0110\u1ed1i di\u1ec7n Tr\u01b0\u1eddng C\u0110 Thu\u1ef7 s\u1ea3n - Qu\u1ed1c L\u1ed9 1", "6": "\u0110\u1ed1i di\u1ec7n ch\u1ee3 Tr\u00f9ng Qu\u00e1n - QL1 (chi\u1ec1u B\u1eafc Ninh - H\u00e0 N\u1ed9i)", "7": "S\u1ed1 1 D\u1ed1c L\u00e3 - H\u00e0 Huy T\u1eadp", "8": "\u0110\u1ed1i di\u1ec7n 666 H\u00e0 Huy T\u1eadp", "9": "\u0110\u1ed1i di\u1ec7n Cty Gi\u1ea7y Y\u00ean Vi\u00ean - H\u00e0 Huy T\u1eadp", "10": "\u0110\u1ed1i di\u1ec7n 274 H\u00e0 Huy T\u1eadp", "11": "115 H\u00e0 Huy T\u1eadp", "12": "1095 Ng\u00f4 Gia T\u1ef1", "13": "713 Ng\u00f4 Gia T\u1ef1", "14": "505 Ng\u00f4 Gia T\u1ef1", "15": "279 Ng\u00f4 Gia T\u1ef1", "16": "B\u01b0u c\u1ee5c Long Bi\u00ean - 79 Ng\u00f4 Gia T\u1ef1", "17": "Si\u00eau th\u1ecb Fivimart - 583 Nguy\u1ec5n V\u0103n C\u1eeb", "18": "549 Nguy\u1ec5n V\u0103n C\u1eeb (c\u1ed9t sau)", "19": "Cty C\u1ea7u 5 Th\u0103ng Long - 307 Nguy\u1ec5n V\u0103n C\u1eeb", "20": "135 Nguy\u1ec5n V\u0103n C\u1eeb", "21": "E1.2 \u0110i\u1ec3m trung chuy\u1ec3n Long Bi\u00ean", "22": "(A) Long Bi\u00ean - Tuy\u1ebfn 10A"}}