{"Lat": {"0": 21.0281, "1": 21.0229833333, "2": 21.018608, "3": 21.016683333299998, "4": 21.01245, "5": 21.0056666667, "6": 21.0076, "7": 21.009142999999998, "8": 21.009969, "9": 21.0111666667, "10": 21.0116833333, "11": 21.010581, "12": 21.011070999999998, "13": 21.008136999999998, "14": 21.0054833333, "15": 21.004, "16": 21.0033333333, "17": 21.003624, "18": 21.004110999999998, "19": 21.00365, "20": 21.002921, "21": 21.001712, "22": 20.9993, "23": 20.993783333299998, "24": 20.9895, "25": 20.99035, "26": 20.9905833333, "27": 20.991, "28": 20.990916666700002, "29": 20.9945833333, "30": 20.9831166667, "31": 20.976582999999998, "32": 20.9731833333, "33": 20.9605333333, "34": 20.9544833333, "35": 20.9437333333, "36": 20.9411833333, "37": 20.9316833333, "38": 20.9263166667, "39": 20.9202166667, "40": 20.910766666700003, "41": 20.904666666700003, "42": 20.8981666667, "43": 20.8941333333, "44": 20.8882, "45": 20.884167, "46": 20.8781833333, "47": 20.871366666700002, "48": 20.86605, "49": 20.8636166667, "50": 20.863152}, "BusStopCode": {"0": 1957, "1": 584, "2": 585, "3": 153, "4": 154, "5": 1958, "6": 1959, "7": 1960, "8": 1961, "9": 1962, "10": 1963, "11": 1964, "12": 4148, "13": 2655, "14": 1966, "15": 1967, "16": 2656, "17": 2657, "18": 1968, "19": 1969, "20": 1970, "21": 1971, "22": 1972, "23": 1973, "24": 1974, "25": 1975, "26": 1976, "27": 1977, "28": 1978, "29": 2755, "30": 1979, "31": 1980, "32": 1981, "33": 1982, "34": 2756, "35": 1983, "36": 1984, "37": 1985, "38": 1986, "39": 1987, "40": 1988, "41": 1989, "42": 1990, "43": 1991, "44": 1992, "45": 1993, "46": 1994, "47": 1995, "48": 1996, "49": 1997, "50": 1998}, "FleetOver": {"0": "88", "1": "104,22B,30,33,35A,39,46,60A,60B,74,84,87,88", "2": "103,104,21B,22B,29,30,33,35A,39,44,60A,60B,74,84,87,88", "3": "50,74,88", "4": "50,74,88", "5": "107,74,87,88", "6": "107,74,87,88", "7": "107,74,87,88", "8": "107,74,87,88", "9": "107,74,87,88", "10": "107,74,87,88", "11": "107,74,87,88", "12": "107,87,88", "13": "107,74,87,88", "14": "107,74,87,88", "15": "107,74,87,88", "16": "107,74,87,88", "17": "107,74,87,88", "18": "107,74,87,88", "19": "107,74,88,89", "20": "107,74,88", "21": "107,74,88", "22": "107,74,88", "23": "107,74,88", "24": "107,74,88", "25": "107,74,88", "26": "107,74,88", "27": "107,74,88", "28": "107,74,88", "29": "88", "30": "88", "31": "88", "32": "88", "33": "88", "34": "88", "35": "88", "36": "88", "37": "88", "38": "88", "39": "88", "40": "88", "41": "88", "42": "88", "43": "88", "44": "88", "45": "88", "46": "88", "47": "88", "48": "88", "49": "88", "50": "88"}, "Lng": {"0": 105.7785, "1": 105.778566667, "2": 105.78126100000001, "3": 105.78045, "4": 105.7746, "5": 105.77021666700001, "6": 105.75943333299999, "7": 105.75260300000001, "8": 105.74501799999999, "9": 105.72875, "10": 105.719383333, "11": 105.711003, "12": 105.71366599999999, "13": 105.70028, "14": 105.68586666700001, "15": 105.66796699999999, "16": 105.6574, "17": 105.650896, "18": 105.642326, "19": 105.63566666700001, "20": 105.629494, "21": 105.61017199999999, "22": 105.5952, "23": 105.58565, "24": 105.57285, "25": 105.5595, "26": 105.5561, "27": 105.54555, "28": 105.537933333, "29": 105.52353333299999, "30": 105.52655, "31": 105.530753, "32": 105.53383333299999, "33": 105.5367, "34": 105.540083333, "35": 105.55398333299999, "36": 105.55698333299999, "37": 105.568, "38": 105.57153333299999, "39": 105.573816667, "40": 105.577233333, "41": 105.5787, "42": 105.58038333299999, "43": 105.581166667, "44": 105.57925, "45": 105.57865, "46": 105.577616667, "47": 105.57655, "48": 105.57841666700001, "49": 105.57963333299999, "50": 105.579625}, "Name": {"0": "(A) BX M\u1ef9 \u0110\u00ecnh - Tuy\u1ebfn 88", "1": "G\u1ea7n ng\u00e3 4 Ph\u1ea1m H\u00f9ng - \u0110\u00ecnh Th\u00f4n (H\u01b0\u1edbng \u0111i Khu\u1ea5t Duy Ti\u1ebfn)-c\u1ed9t sau", "2": "Nh\u00e0 CT5 K\u0110T S\u00f4ng \u0110\u00e0 M\u1ef9 \u0110\u00ecnh - Ph\u1ea1m H\u00f9ng", "3": "Nh\u00e0 h\u00e0ng H\u00e0n Qu\u1ed1c, nh\u00e0 CT4 \u0110N K\u0110T M\u1ef9 \u0110\u00ecnh - \u0110\u01b0\u1eddng M\u1ec5 Tr\u00ec", "4": "T\u01b0\u1eddng r\u00e0o Tr\u1ea1m y t\u1ebf M\u1ec5 Tr\u00ec - \u0110\u01b0\u1eddng M\u1ec5 Tr\u00ec", "5": "T\u01b0\u1eddng r\u00e0o s\u00e2n Golf M\u1ef9 \u0110\u00ecnh Pearl - \u0110\u1ea1i l\u1ed9 Th\u0103ng Long", "6": "X\u00f3m La, \u0110\u1ea1i M\u1ed7 - \u0110\u1ea1i l\u1ed9 Th\u0103ng Long", "7": "Qua \u0111\u1ed1i di\u1ec7n l\u1ed1i v\u00e0o THPT \u0110\u1ea1i M\u1ed7 - \u0110\u1ea1i l\u1ed9 Th\u0103ng Long", "8": "Tr\u1ee5 s\u1edf B\u1ed9 t\u01b0 l\u1ec7nh C\u1ea3nh s\u00e1t bi\u1ec3n - \u0110\u1ea1i l\u1ed9 Th\u0103ng Long", "9": "\u0110\u1ed1i di\u1ec7n Thi\u00ean \u0110\u01b0\u1eddng B\u1ea3o S\u01a1n - \u0110\u1ea1i l\u1ed9 Th\u0103ng Long", "10": "Qua l\u1ed1i r\u1ebd v\u00e0o UBND x\u00e3 An Kh\u00e1nh - \u0110\u1ea1i l\u1ed9 Th\u0103ng Long", "11": "Ch\u00f9a B\u00e0 - th\u00f4n Y\u00ean L\u0169ng, An Kh\u00e1nh - \u0110\u1ea1i l\u1ed9 Th\u0103ng Long", "12": "\u0110\u00f4ng y d\u01b0\u1ee3c B\u1ea3o Long - \u0110\u1ea1i l\u1ed9 Th\u0103ng Long", "13": "Tr\u01b0\u1edbc 50m l\u1ed1i v\u00e0o UBND huy\u1ec7n Ho\u00e0i \u0110\u1ee9c", "14": "C\u1ea7u v\u01b0\u1ee3t Song Ph\u01b0\u01a1ng - \u0110\u1ea1i l\u1ed9 Th\u0103ng Long", "15": "L\u00e0ng v\u0103n h\u00f3a th\u00f4n Quy\u1ebft Ti\u1ebfn (tr\u01b0\u1edbc 200m C\u1ea7u s\u00f4ng \u0110\u00e1y)", "16": "Ch\u00f9a S\u01a1n Trung, x\u00e3 Y\u00ean S\u01a1n", "17": "Ng\u00e3 3 Ch\u00f9a Th\u1ea7y, g\u1ea7n c\u1ea7u v\u01b0\u1ee3t S\u00e0i S\u01a1n", "18": "C\u1ea7u v\u01b0\u1ee3t Ho\u00e0ng X\u00e1 - c\u1ed9t m\u1ed1c H7/17 \u0110\u1ea1i l\u1ed9 Th\u0103ng Long", "19": "KCN Th\u1ea1ch Th\u1ea5t - \u0110\u1ea1i l\u1ed9 Th\u0103ng Long", "20": "Ng\u00e3 3 t\u1ec9nh l\u1ed9 419 - \u0110\u1ea1i l\u1ed9 Th\u0103ng Long - KCN Th\u1ea1ch Th\u1ea5t", "21": "Cty Sun House, x\u00e3 Ng\u1ecdc Li\u1ec7p - \u0110\u1ea1i l\u1ed9 Th\u0103ng Long", "22": "\u0110\u01b0\u1eddng v\u00e0o ch\u00f9a Kim Long - \u0110\u1ea1i l\u1ed9 Th\u0103ng Long", "23": "Th\u00f4n Li\u1ec7p Mai, x\u00e3 Ng\u1ecdc Li\u1ec7p - \u0110\u1ea1i l\u1ed9 Th\u0103ng Long", "24": "Th\u00f4n \u0110\u1ed3ng Kho, x\u00e3 \u0110\u1ed3ng Tr\u00fac - \u0110\u1ea1i l\u1ed9 Th\u0103ng Long", "25": "C\u1ea7u chui d\u00e2n sinh s\u1ed1 19 - \u0110\u1ea1i l\u1ed9 Th\u0103ng Long", "26": "Th\u00f4n \u0110\u1ed3i B\u00f4ng, x\u00e3 \u0110\u1ed3ng Tr\u00fac - \u0110\u1ea1i l\u1ed9 Th\u0103ng Long", "27": "Tr\u1ea1m 110KV Th\u1ea1ch Th\u1ea5t - \u0110\u1ea1i l\u1ed9 Th\u0103ng Long", "28": "\u0110\u01b0\u1eddng v\u00e0o KCN cao H\u00f2a L\u1ea1c - \u0110\u1ea1i l\u1ed9 Th\u0103ng Long", "29": "Ng\u00e3 ba H\u00f2a L\u1ea1c - Qu\u1ed1c l\u1ed9 21", "30": "Nh\u00e0 h\u00e0ng H\u00f9ng Huy\u1ec1n (\u0111\u1ed1i di\u1ec7n \u0111\u01b0\u1eddng v\u00e0o UBND x\u00e3 Th\u1ea1ch H\u00f2a, \u0110\u1ed9i CSGT s\u1ed1 11) - Qu\u1ed1c l\u1ed9 21", "31": "\u0110\u1ed1i di\u1ec7n CH x\u0103ng d\u1ea7u Ph\u00fa C\u00e1t - Qu\u1ed1c l\u1ed9 21", "32": "Th\u00f4n 7 Ph\u00fa C\u00e1t Qu\u1ed1c Oai - Qu\u1ed1c l\u1ed9 21", "33": "Qua 70m c\u1ed5ng Trung \u0111o\u00e0n B\u1ed9 binh c\u01a1 gi\u1edbi 102 (c\u1ed9t m\u1ed1c H7/414) - Qu\u1ed1c l\u1ed9 21", "34": "X\u00f3m 2 H\u00f2a Ph\u00fa, x\u00e3 H\u00f2a Th\u1ea1ch - Qu\u1ed1c Oai (Chi\u1ec1u \u0111i Xu\u00e2n Mai)", "35": "Ch\u1ee3 Long Ph\u00fa - x\u00e3 H\u00f2a Th\u1ea1ch - Qu\u1ed1c l\u1ed9 21", "36": "G\u1ea7n c\u1ea7u c\u1eeda \u0110\u1ea7m - Qu\u1ed1c l\u1ed9 21", "37": "\u0110\u1ed1i di\u1ec7n l\u00e0ng v\u0103n h\u00f3a Y\u00ean Th\u00e1i, x\u00e3 H\u01b0\u01a1ng S\u01a1n, H\u00f2a Binh - Qu\u1ed1c l\u1ed9 21", "38": "C\u1eeda h\u00e0ng x\u0103ng d\u1ea7u TV21 - Qu\u1ed1c l\u1ed9 21", "39": "\u0110\u01b0\u1eddng v\u00e0o tr\u01b0\u1eddng \u0110H PCCC c\u01a1 s\u1edf 2 B\u1ed9 CA - Qu\u1ed1c l\u1ed9 21", "40": "\u0110\u1ea1i h\u1ecdc L\u00e2m Nghi\u1ec7p - Qu\u1ed1c l\u1ed9 21", "41": "35 t\u1ed5 3, Th\u1ecb tr\u1ea5n Xu\u00e2n Mai",