{"Lat": {"0": 21.0172333333, "1": 21.017205, "2": 21.0182166667, "3": 21.021909, "4": 21.02365, "5": 21.026733333299997, "6": 21.031982, "7": 21.0345833333, "8": 21.037567000000003, "9": 21.04245, "10": 21.04465, "11": 21.0462166667, "12": 21.04905, "13": 21.05225, "14": 21.0531166667, "15": 21.0498833333, "16": 21.0461666667, "17": 21.0383666667, "18": 21.03175, "19": 21.029766666700002, "20": 21.028117, "21": 21.023467, "22": 21.0216666667, "23": 21.0185833333, "24": 21.0131166667, "25": 21.00885, "26": 21.0049666667}, "BusStopCode": {"0": 1702, "1": 767, "2": 641, "3": 750, "4": 606, "5": 391, "6": 190, "7": 188, "8": 770, "9": 1073, "10": 453, "11": 454, "12": 455, "13": 559, "14": 1202, "15": 1203, "16": 1204, "17": 1205, "18": 1206, "19": 1207, "20": 1208, "21": 1189, "22": 1190, "23": 1148, "24": 1149, "25": 1150, "26": 1765}, "FleetOver": {"0": "11", "1": "09,09CT,11,30,40,43,52A,52B", "2": "09,09CT,11,38,40,43", "3": "03,11,38,43", "4": "02,04,08ACT,08BCT,09CT,11,31,34,35A,40,49,86CT", "5": "04,08ACT,08BCT,09CT,11,14CT,18,23,31,34", "6": "04,08A,08ACT,08B,08BCT,11,14CT,18,23,31,34,86,86CT", "7": "04,08A,08ACT,08B,08BCT,11,14,14CT,18,23,31,34", "8": "01,03,100,10B,11,14,14CT,17,18,22A,23,34,47A,54,98", "9": "11,98", "10": "11", "11": "11", "12": "01,03,11,22A,34", "13": "10A,10B,11,15,17,42,43,48,54,65", "14": "11,48", "15": "11,48", "16": "11", "17": "11", "18": "11,52A", "19": "100,11,40,52A,52B", "20": "100,11,40,52A,52B", "21": "100,11,40,52A,52B", "22": "100,11,40,52A,52B", "23": "11,59", "24": "11,59", "25": "11,59", "26": "11"}, "Lng": {"0": 105.84385, "1": 105.84496100000001, "2": 105.847366667, "3": 105.84896, "4": 105.856816667, "5": 105.85621666700001, "6": 105.855672, "7": 105.8547, "8": 105.85275, "9": 105.86526666700001, "10": 105.86771666700001, "11": 105.87066666700001, "12": 105.87596666700001, "13": 105.88600000000001, "14": 105.8894, "15": 105.891833333, "16": 105.89418333299999, "17": 105.8983, "18": 105.90975, "19": 105.91446666700001, "20": 105.920079, "21": 105.9319, "22": 105.936383333, "23": 105.93703333299999, "24": 105.93613333299999, "25": 105.934, "26": 105.93278333299999}, "Name": {"0": "(A) CV Th\u1ed1ng Nh\u1ea5t - Tuy\u1ebfn 11", "1": "C\u00f4ng vi\u00ean Th\u1ed1ng Nh\u1ea5t - Tr\u1ea7n Nh\u00e2n T\u00f4ng", "2": "55 Quang Trung - \u0110\u1ed1i di\u1ec7n H\u1ed3 Thi\u1ec1n Quang", "3": "67 Tr\u1ea7n H\u01b0ng \u0110\u1ea1o", "4": "\u0110\u1ed1i di\u1ec7n 6C Phan Chu Trinh", "5": "51 L\u00fd Th\u00e1i T\u1ed5 - Ng\u00e2n h\u00e0ng Nh\u00e0 n\u01b0\u1edbc Vi\u1ec7t Nam", "6": "23 H\u00e0ng Tre", "7": "S\u1ed1 3 H\u00e0ng Mu\u1ed1i", "8": "80 Tr\u1ea7n Nh\u1eadt Du\u1eadt", "9": "Ch\u00f9a \u00c1i M\u1ed9", "10": "52 Ng\u1ecdc L\u00e2m - D\u1ed1c C\u1ea9m", "11": "170 Ng\u1ecdc L\u00e2m", "12": "\u0110\u1ed1i di\u1ec7n 447 Ng\u1ecdc L\u00e2m - V\u01b0\u1eddn hoa Gia L\u00e2m", "13": "Ph\u00f2ng C\u00f4ng Ch\u1ee9ng s\u1ed1 2 TPHN - 654 Nguy\u1ec5n V\u0103n C\u1eeb", "14": "C\u00e2y x\u0103ng s\u1ed1 84 C\u1ea7u Chui (B\u0110X Gia Th\u1ee5y) - Nguy\u1ec5n V\u0103n Linh", "15": "\u0110\u1ed1i di\u1ec7n si\u00eau th\u1ecb BigC Long Bi\u00ean - Nguy\u1ec5n V\u0103n Linh", "16": "\u0110\u1ed1i di\u1ec7n C\u00f4ng ty n\u01b0\u1edbc s\u1ea1ch - Nguy\u1ec5n V\u0103n Linh", "17": "\u0110\u1ed1i di\u1ec7n UBND ph\u01b0\u1eddng Ph\u00fac \u0110\u1ed3ng - 274 Nguy\u1ec5n V\u0103n Linh", "18": "Khu CN S\u00e0i \u0110\u1ed3ng - Hanel - \u0110\u1ed1i di\u1ec7n 523 Nguy\u1ec5n V\u0103n Linh", "19": "\u0110\u01b0\u1eddng v\u00e0o \u0111\u01b0\u1eddng Th\u1ea1ch B\u00e0n - \u0110\u1ed1i di\u1ec7n 693 Nguy\u1ec5n V\u0103n Linh", "20": "\u0110\u1ed1i di\u1ec7n C\u00f4ng ty May 10 - Nguy\u1ec5n V\u0103n Linh", "21": "Qua ng\u00e3 3 c\u1ea7u Thanh Tr\u00ec - Nguy\u1ec5n \u0110\u1ee9c Thu\u1eadn", "22": "\u0110\u1ed1i di\u1ec7n b\u01b0u \u0111i\u1ec7n Tr\u00e2u Qu\u1ef3 - Nguy\u1ec5n \u0110\u1ee9c Thu\u1eadn", "23": "36 Ng\u00f4 Xu\u00e2n Qu\u1ea3ng", "24": "\u0110\u1ed1i di\u1ec7n 205 Ng\u00f4 Xu\u00e2n Qu\u1ea3ng", "25": "\u0110\u1ed1i di\u1ec7n Cty T\u01b0 v\u1ea5n d\u1ecbch v\u1ee5 khoa h\u1ecdc N\u00f4ng nghi\u1ec7p - Ng\u00f4 Xu\u00e2n Qu\u1ea3ng", "26": "(B) H\u1ecdc vi\u1ec7n N\u00f4ng Nghi\u1ec7p Vi\u1ec7t Nam- Tuy\u1ebfn 11"}}