{"Lat": {"0": 21.0758666667, "1": 21.0715166667, "2": 21.070866666700002, "3": 21.0735333333, "4": 21.0758833333, "5": 21.0774833333, "6": 21.076966666700002, "7": 21.0711666667, "8": 21.062196, "9": 21.0547333333, "10": 21.051595000000002, "11": 21.04035, "12": 21.0344833333, "13": 21.0305, "14": 21.0229833333, "15": 21.018608, "16": 21.0147333333, "17": 21.0112666667, "18": 21.0067666667, "19": 21.00679, "20": 21.00985, "21": 21.0072666667, "22": 21.0029333333, "23": 21.000167, "24": 20.996366666700002, "25": 20.9935833333, "26": 20.9893666667, "27": 20.9856, "28": 20.9797833333, "29": 20.97575, "30": 20.9716666667, "31": 20.9701166667, "32": 20.9687166667, "33": 20.964862, "34": 20.963582000000002, "35": 20.966017, "36": 20.965618, "37": 20.964876999999998, "38": 20.960063, "39": 20.9577333333, "40": 20.955455, "41": 20.95355}, "BusStopCode": {"0": 3902, "1": 313, "2": 481, "3": 482, "4": 483, "5": 484, "6": 599, "7": 601, "8": 600, "9": 602, "10": 603, "11": 604, "12": 581, "13": 582, "14": 584, "15": 585, "16": 586, "17": 587, "18": 588, "19": 742, "20": 737, "21": 360, "22": 365, "23": 3766, "24": 548, "25": 535, "26": 563, "27": 564, "28": 570, "29": 572, "30": 571, "31": 57, "32": 492, "33": 493, "34": 479, "35": 120, "36": 121, "37": 429, "38": 430, "39": 3268, "40": 3269, "41": 3417}, "FleetOver": {"0": "60A", "1": "13,55,55B,60A", "2": "60A", "3": "60A", "4": "60A", "5": "60A", "6": "07,14,14CT,28,35B,46,53A,53B,56A,56C,57,60A,60B,61,93,95", "7": "07,14,14CT,28,35B,46,53A,53B,56A,56C,57,60A,60B,61,93,95", "8": "07,14,14CT,27,28,35A,38,45,46,53A,53B,60A,60B,61", "9": "07,14,14CT,27,35A,38,45,46,53A,53B,60A,60B,61", "10": "07,14,14CT,27,35A,38,45,46,53A,53B,60A,60B,61", "11": "13,33,35A,46,53B,60A,60B,61", "12": "16,29,33,34,35A,46,53B,60A,60B,61,97", "13": "16,29,33,34,35A,46,53B,60A,60B,97", "14": "104,22B,30,33,35A,39,46,60A,60B,74,84,87,88", "15": "103,104,21B,22B,29,30,33,35A,39,44,60A,60B,74,84,87,88", "16": "103,21B,22B,33,35A,39,50,60A,60B,87", "17": "103,21B,22B,35A,39,50,60A,60B,87", "18": "103,21B,22B,35A,39,50,60A,60B,87", "19": "107,35A,50,60A,60B", "20": "105,107,22A,35A,50,60A,60B", "21": "105,60A,60B", "22": "105,30,60A,60B", "23": "05,105,60A", "24": "05,105,60A,60B", "25": "01,02,05,105,19,21A,21B,27,29,60A", "26": "22C,29,60A", "27": "22C,29,60A", "28": "22C,29,60A", "29": "22C,29,60A", "30": "22C,29,60A", "31": "05,22C,29,37,60A,60B", "32": "104,36,36CT,60A,84", "33": "05,106,36,36CT,37,60A,84", "34": "05,36,36CT,37,60A,84", "35": "106,37,60A", "36": "106,37,60A", "37": "03B,04,06A,06B,06C,06D,06E,08A,08ACT,101,106,12,16,37,60A,60B,94,99", "38": "03B,04,06A,06B,06C,06D,06E,08A,08ACT,101,106,12,16,37,48,60A,60B,94,99", "39": "60A,99", "40": "60A,99", "41": "60A"}, "Lng": {"0": 105.81601666700001, "1": 105.81213333299999, "2": 105.80811666700001, "3": 105.80101666700001, "4": 105.79488333299999, "5": 105.79076666700001, "6": 105.7864, "7": 105.7855, "8": 105.783753, "9": 105.781916667, "10": 105.781554, "11": 105.7807, "12": 105.78001666700001, "13": 105.779266667, "14": 105.778566667, "15": 105.78126100000001, "16": 105.78423333299999, "17": 105.78705, "18": 105.79068333299999, "19": 105.794976, "20": 105.798983333, "21": 105.802483333, "22": 105.80096666700001, "23": 105.801767, "24": 105.80475, "25": 105.8058, "26": 105.80441666700001, "27": 105.80735, "28": 105.81153333299999, "29": 105.81455, "30": 105.821, "31": 105.82608333299999, "32": 105.82815, "33": 105.826297, "34": 105.830398, "35": 105.835719, "36": 105.839569, "37": 105.84183200000001, "38": 105.84218600000001, "39": 105.844883333, "40": 105.84691200000002, "41": 105.85011666700001}, "Name": {"0": "(B) CV N\u01b0\u1edbc H\u1ed3 T\u00e2y - Tuy\u1ebfn 60A", "1": "Qua 50m ng\u00f5 677 L\u1ea1c Long Qu\u00e2n (\u0110\u1ed1i di\u1ec7n tr\u01b0\u1eddng THCS Nh\u1eadt T\u00e2n - 474 L\u1ea1c Long Qu\u00e2n)", "2": "C\u1ed5ng v\u00e0o K\u0110T Ciputra (\u0110\u1ed1i di\u1ec7n 83 Nguy\u1ec5n Ho\u00e0ng T\u00f4n)", "3": "333-335 Nguy\u1ec5n Ho\u00e0ng T\u00f4n", "4": "\u0110\u1ed1i di\u1ec7n t\u1eadp th\u1ec3 Ph\u00e1o Binh (\u0111\u1ed1i di\u1ec7n 547 Nguy\u1ec5n Ho\u00e0ng T\u00f4n)", "5": "\u0110\u1ed1i di\u1ec7n 721 - 723 Nguy\u1ec5n Ho\u00e0ng T\u00f4n", "6": "96 Ph\u1ea1m V\u0103n \u0110\u1ed3ng (Ng\u00e3 4 Ph\u1ea1m V\u0103n \u0110\u1ed3ng - Xu\u00e2n \u0110\u1ec9nh)", "7": "Showroom \u00f4 t\u00f4 Trung S\u01a1n (\u0111\u1ed1i di\u1ec7n 315 Ph\u1ea1m V\u0103n \u0110\u1ed3ng)", "8": "Tr\u01b0\u1edbc 100m ng\u00f5 218 Ph\u1ea1m V\u0103n \u0110\u1ed3ng (\u0111\u1ed1i di\u1ec7n c\u00f4ng vi\u00ean H\u00f2a B\u00ecnh)", "9": "Si\u00eau th\u1ecb Metro Th\u0103ng Long - \u0110\u1ed1i di\u1ec7n ng\u00f5 599 Ph\u1ea1m V\u0103n \u0110\u1ed3ng", "10": "B\u1ed9 c\u00f4ng an - \u0111\u1ed1i di\u1ec7n 36A Ph\u1ea1m V\u0103n \u0110\u1ed3ng", "11": "S\u1ed1 9 Ph\u1ea1m V\u0103n \u0110\u1ed3ng", "12": "B\u1ec7nh vi\u1ec7n \u0111a khoa y h\u1ecdc c\u1ed5 truy\u1ec1n - 6 Ph\u1ea1m H\u00f9ng", "13": "\u0110\u1ed1i di\u1ec7n B\u01b0u c\u1ee5c Th\u0103ng Long - \u0111\u01b0\u1eddng Ph\u1ea1m H\u00f9ng", "14": "G\u1ea7n ng\u00e3 4 Ph\u1ea1m H\u00f9ng - \u0110\u00ecnh Th\u00f4n (H\u01b0\u1edbng \u0111i Khu\u1ea5t Duy Ti\u1ebfn)-c\u1ed9t sau", "15": "Nh\u00e0 CT5 K\u0110T S\u00f4ng \u0110\u00e0 M\u1ef9 \u0110\u00ecnh - Ph\u1ea1m H\u00f9ng", "16": "Nh\u00e0 CT5-D K\u0110T M\u1ef9 \u0110\u00ecnh - Ph\u1ea1m H\u00f9ng", "17": "B\u1ea3o t\u00e0ng H\u00e0 N\u1ed9i - Ph\u1ea1m H\u00f9ng", "18": "Ng\u00e3 4 Ph\u1ea1m H\u00f9ng - Khu\u1ea5t Duy Ti\u1ebfn (Trung t\u00e2m H\u1ed9i ngh\u1ecb Qu\u1ed1c Gia)", "19": "\u0110\u1ed1i di\u1ec7n 220 Tr\u1ea7n Duy H\u01b0ng (\u0111\u1ed1i di\u1ec7n Big C, C\u00e1ch Ng\u00e3 3 Ho\u00e0ng Minh Gi\u00e1m)", "20": "113 Tr\u1ea7n Duy H\u01b0ng - B\u1ed9 KHCN", "21": "\u0110\u1ed1i di\u1ec7n nh\u00e0 24T2 K\u0110T Trung Ho\u00e0 Nh\u00e2n Ch\u00ednh - Ho\u00e0ng \u0110\u1ea1o Th\u00fay", "22": "Nh\u00e0 N2E K\u0110T Trung H\u00f2a Nh\u00e2n Ch\u00ednh - L\u00ea V\u0103n L\u01b0\u01a1ng", "23": "\u0110\u1ed1i di\u1ec7n s\u00e2n b\u00f3ng L\u00e0ng sinh vi\u00ean Hacinco - 199A Nguy\u1ec5n Tu\u00e2n", "24": "Vi\u1ec7n Khoa h\u1ecdc H\u00ecnh S\u1ef1 - 99 Nguy\u1ec5n Tu\u00e2n", "25": "386 Nguy\u1ec5n Tr\u00e3i - C\u1ee5c S\u1edf h\u1eefu tr\u00ed tu\u1ec7", "26": "\u0110i\u1ec3m x\u00e9n h\u00e8 h\u1ea7m \u0111\u01b0\u1eddng b\u1ed9 - 100 Nguy\u1ec5n Xi\u1ec3n", "27": "C\u00f4ng ty CP Thi\u00ean Ph\u00fa (S\u1ed1 2 Khu t\u1eadp th\u1ec3 Cao su sao v\u00e0ng) - 262 Nguy\u1ec5n Xi\u1ec3n", "28": "\u0110i\u1ec3m x\u00e9n h\u00e8 h\u1ea7m \u0111\u01b0\u1eddng b\u1ed9 s\u1ed1 3 - Nghi\u00eam Xu\u00e2n Y\u00eam", "29": "\u0110\u1ed1i di\u1ec7n tr\u01b0\u1eddng \u0110\u1ea1i h\u1ecdc Th\u0103ng Long", "30": "\u0110i\u1ec3m x\u00e9n h\u00e8 h\u1ea7m \u0111\u01b0\u1eddng b\u1ed9 (Trung t\u00e2m hu\u1ea5n luy\u1ec7n v\u00e0 thi \u0111\u1ea5u th\u1ec3 thao CAND) - Nghi\u00eam Xu\u00e2n Y\u00eam", "31": "\u0110i\u1ec3m x\u00e9n h\u00e8 (C\u1eeda h\u00e0ng x\u0103ng d\u1ea7u s\u1ed1 75) - S\u1ed1 6 C\u1ea7u D\u1eadu", "32": "B\u00e3i \u0111\u1ed7 xe K\u0110T Linh \u0110\u00e0m - Nguy\u1ec5n H\u1eefu Th\u1ecd", "33": "Nh\u00e0 HH1C (C\u00e1ch \u0111\u01b0\u1eddng v\u00e0o Tr\u1ea1m c\u1ea5p n\u01b0\u1edbc Linh \u0110\u00e0m 40m)", "34": "Nh\u00e0 N\u01a0. 7B K\u0110T Linh \u0110\u00e0m - Nguy\u1ec5n Duy Trinh", "35": "Qua ch\u1ee3 Xanh Linh \u0110\u00e0m 50m - \u0111\u01b0\u1eddng Ho\u00e0ng Li\u1ec7t", "36": "\u0110\u1ed1i di\u1ec7n qua t\u01b0\u1ee3ng \u0111\u00e0i Li\u1ec7t s\u0129 ph\u01b0\u1eddng Ho\u00e0ng Li\u1ec7t 30m", "37": "\u0110\u1ed1i di\u1ec7n T\u1eadp th\u1ec3 B\u1ebfn xe N\u01b0\u1edbc ng\u1ea7m H\u00e0 N\u1ed9i - Ng\u1ecdc H\u1ed3i", "38": "Tr\u01b0\u1eddng PTTH Vi\u1ec7t Nam Balan (\u0110\u1ed1i di\u1ec7n Kh\u00e1ch s\u1ea1n Nam Th\u00e0nh) - Ng\u1ecdc H\u1ed3i", "39": "Tr\u1ea1m bi\u1ebfn \u00e1p Ph\u00e1p V\u00e2n 6 (ng\u00f5 83 Ng\u1ecdc H\u1ed3i)", "40": "Nh\u00e0 No9 K\u0110T Ph\u00e1p V\u00e2n",