{"Lat": {"0": 21.027516666700002, "1": 21.028914999999998, "2": 21.0316333333, "3": 21.040855999999998, "4": 21.0456166667, "5": 21.0498166667, "6": 21.0528333333, "7": 21.0594, "8": 21.0620666667, "9": 21.065642999999998, "10": 21.0687666667, "11": 21.0736, "12": 21.0761166667, "13": 21.0804166667, "14": 21.0765833333, "15": 21.0735333333, "16": 21.06945, "17": 21.066, "18": 21.0630666667, "19": 21.0604833333, "20": 21.0490833333, "21": 21.0462666667, "22": 21.043913, "23": 21.0414333333, "24": 21.0321333333, "25": 21.0252833333, "26": 21.0222333333, "27": 21.0171166667, "28": 21.0096333333, "29": 21.006532999999997, "30": 21.0266166667}, "BusStopCode": {"0": 2831, "1": 61, "2": 2087, "3": 2088, "4": 2089, "5": 311, "6": 305, "7": 306, "8": 307, "9": 308, "10": 309, "11": 314, "12": 310, "13": 24, "14": 25, "15": 26, "16": 27, "17": 28, "18": 29, "19": 30, "20": 862, "21": 863, "22": 864, "23": 865, "24": 779, "25": 780, "26": 759, "27": 502, "28": 503, "29": 2139, "30": 2830}, "FleetOver": {"0": "55B", "1": "07,24,49,55,55B", "2": "55,55B", "3": "25,55,55B", "4": "25,55,55B", "5": "13,25,33,55,55B,90", "6": "13,25,33,55,55B,90", "7": "13,25,33,55,55B,90", "8": "13,25,55,55B,90", "9": "13,25,55,55B,90", "10": "13,25,55,55B,90", "11": "13,55,55B,60A", "12": "13,55,55B", "13": "31,55,55B,58,86,86CT", "14": "31,55,55B,58", "15": "31,55,55B,58", "16": "31,55,55B,58", "17": "31,41,55,55B,58", "18": "31,41,55,55B,58", "19": "31,41,55,55B,58,86,86CT", "20": "31,41,50,55,55B,58", "21": "31,41,50,55,55B,58,86,86CT", "22": "31,41,50,55,55B,58", "23": "04,08A,08ACT,08B,08BCT,36,36CT,55,55B,65,86,86CT", "24": "03,24,34,42,43,48,55,55B,86,86CT", "25": "03,14CT,24,42,43,48,55,55B", "26": "02,03,24,35A,40,42,43,44,48,49,51,55,55B", "27": "24,48,51,55,55B", "28": "19,24,40,45,48,51,55,55B", "29": "19,24,40,47B,48,51,55,55B", "30": "55B"}, "Lng": {"0": 105.805333333, "1": 105.80348799999999, "2": 105.80346666700001, "3": 105.80680900000002, "4": 105.8063, "5": 105.80725, "6": 105.80916666700001, "7": 105.80898333299999, "8": 105.8093, "9": 105.810392, "10": 105.8115, "11": 105.81293333299999, "12": 105.814433333, "13": 105.8185, "14": 105.8213, "15": 105.82491666700001, "16": 105.826016667, "17": 105.82815, "18": 105.83200000000001, "19": 105.8331, "20": 105.84153333299999, "21": 105.84416666700001, "22": 105.84713799999999, "23": 105.84925, "24": 105.8561, "25": 105.85961666700001, "26": 105.86118333299999, "27": 105.8623, "28": 105.864983333, "29": 105.86791699999999, "30": 105.89933333299999}, "Name": {"0": "(B) C\u1ea7u Gi\u1ea5y - Tuy\u1ebfn 55B", "1": "\u0110i\u1ec3m trung chuy\u1ec3n C\u1ea7u Gi\u1ea5y - Th\u1ee7 L\u1ec7 01", "2": "C\u00f4ng vi\u00ean Th\u1ee7 L\u1ec7 - \u0110\u01b0\u1eddng B\u01b0\u1edfi tr\u00e1nh m\u1edbi (g\u1ea7n ng\u00f5 32 \u0111\u01b0\u1eddng B\u01b0\u1edfi)", "3": "G\u1ea7n ng\u00f5 378 \u0111\u01b0\u1eddng B\u01b0\u1edfi tr\u00e1nh (b\u00ean giao \u0110\u1ed9i C\u1ea5n)", "4": "S\u1ed1 66 - 68 \u0111\u01b0\u1eddng B\u01b0\u1edfi (g\u1ea7n v\u00f2ng xuy\u1ebfn Ho\u00e0ng Qu\u1ed1c Vi\u1ec7t - L\u1ea1c Long Qu\u00e2n)", "5": "50 - 52 L\u1ea1c Long Qu\u00e2n", "6": "196 L\u1ea1c Long Qu\u00e2n - Tr\u01b0\u1eddng m\u1ea7m non Hoa H\u1ed3ng", "7": "G\u1ea7n ng\u00e3 3 Xu\u00e2n La 40m - L\u1ea1c Long Qu\u00e2n (H\u1ed3 T\u00e2y)", "8": "312 L\u1ea1c Long Qu\u00e2n - Ch\u00f9a Thi\u00ean Ni\u00ean (ch\u00f9a S\u00e0i)", "9": "360 L\u1ea1c Long Qu\u00e2n", "10": "\u0110\u1ed1i di\u1ec7n Qu\u1eadn u\u1ef7 T\u00e2y H\u1ed3 - L\u1ea1c Long Qu\u00e2n", "11": "S\u1ed1 442-444 L\u1ea1c Long Qu\u00e2n (g\u1ea7n tr\u01b0\u1eddng THCS Nh\u1eadt T\u00e2n - 474 L\u1ea1c Long Qu\u00e2n)", "12": "596 L\u1ea1c Long Qu\u00e2n - C\u1ea1nh \u0111\u01b0\u1eddng v\u00e0o C\u00f4ng vi\u00ean N\u01b0\u1edbc H\u1ed3 T\u00e2y", "13": "523 \u00c2u c\u01a1 (Qua ng\u00e3 3 L\u1ea1c Long Qu\u00e2n)", "14": "\u0110\u00ecnh Nh\u1eadt T\u00e2n - 405 \u00c2u C\u01a1", "15": "S\u1ed1 325 \u00c2u C\u01a1", "16": "251-253 \u00c2u C\u01a1", "17": "215 \u00c2u C\u01a1 (\u0110\u1ed1i di\u1ec7n Ch\u1ee3 \u0111\u1ed3 c\u0169 Qu\u1ea3ng An)", "18": "111 \u00c2u c\u01a1", "19": "33 \u00c2u C\u01a1", "20": "Tr\u01b0\u1eddng M\u1ea1c \u0110\u0129nh Chi - Y\u00ean Ph\u1ee5 (\u0111\u01b0\u1eddng xe bu\u00fdt)", "21": "Qua n\u00fat giao C\u1eeda B\u1eafc 120m - Y\u00ean Ph\u1ee5 (\u0111\u01b0\u1eddng xe bu\u00fdt)", "22": "Tr\u01b0\u1edbc n\u00fat giao H\u00e0ng Than 70m - Y\u00ean Ph\u1ee5 (\u0111\u01b0\u1eddng xe bu\u00fdt)", "23": "E3.4 \u0110i\u1ec3m trung chuy\u1ec3n Long Bi\u00ean", "24": "162 Tr\u1ea7n Quang Kh\u1ea3i - Vi\u1ec7n Quy ho\u1ea1ch Th\u1ee7y L\u1ee3i", "25": "V\u01b0\u1eddn hoa Tr\u1ea7n Quang Kh\u1ea3i (\u0110\u1ed1i di\u1ec7n BQL X\u00e2y d\u1ef1ng c\u00f4ng tr\u00ecnh C\u00f4ng \u00edch)", "26": "Tr\u1ea1m trung chuy\u1ec3n xe bu\u00fdt Tr\u1ea7n Kh\u00e1nh D\u01b0 (Khu \u0111\u00f3n kh\u00e1ch)", "27": "\u0110\u1ed1i di\u1ec7n K9 B\u1ed9 \u0111\u1ed9i bi\u00ean ph\u00f2ng - Nguy\u1ec5n Kho\u00e1i", "28": "C\u1ea1nh ng\u00f5 18 Nguy\u1ec5n Kho\u00e1i (\u0110\u1ed1i di\u1ec7n V\u00e2n \u0110\u1ed3n Hotel)", "29": "H\u00e8 tr\u01b0\u1edbc s\u1ed1 nh\u00e0 202 - 204 Nguy\u1ec5n Kho\u00e1i", "30": "(A)TTTM Aeon Mall - Tuy\u1ebfn 55B"}}