{"Lat": {"0": 20.97985, "1": 20.98355, "2": 20.9836333333, "3": 20.98345, "4": 20.98355, "5": 20.98475, "6": 20.9888, "7": 20.9941, "8": 20.99745, "9": 21.002, "10": 21.0054166667, "11": 21.012367, "12": 21.0145, "13": 21.0172333333, "14": 21.018493, "15": 21.0221166667, "16": 21.028166666700002, "17": 21.031999999999996, "18": 21.042563, "19": 21.045683333299998, "20": 21.047071, "21": 21.048514, "22": 21.05225, "23": 21.056712, "24": 21.06125, "25": 21.0673833333, "26": 21.067232999999998}, "BusStopCode": {"0": 3425, "1": 4122, "2": 3261, "3": 3262, "4": 3263, "5": 525, "6": 526, "7": 527, "8": 293, "9": 294, "10": 295, "11": 383, "12": 793, "13": 794, "14": 753, "15": 764, "16": 777, "17": 778, "18": 554, "19": 556, "20": 557, "21": 3416, "22": 559, "23": 420, "24": 421, "25": 3243, "26": 3426}, "FleetOver": {"0": "42", "1": "101,106,29,37,42,94", "2": "106,42,99", "3": "106,42,99", "4": "42,99", "5": "26,30,38,42", "6": "26,30,38,42", "7": "04,26,30,38,42", "8": "04,26,30,42", "9": "04,26,30,42", "10": "04,30,42", "11": "04,18,30,42,44", "12": "18,42,44", "13": "18,42,44", "14": "03,40,42,43,44,45", "15": "03,19,24,42,43,44,48,51,55,55B", "16": "03,24,42,43,48,55,55B", "17": "03,24,42,43,48,55,55B", "18": "01,10B,22A,42", "19": "01,03,100,10A,10B,17,22A,34,42,43,48,54,65", "20": "10A,10B,17,42,43,48,54,65", "21": "10A,10B,17,42,43,48,54,65", "22": "10A,10B,11,15,17,42,43,48,54,65", "23": "10A,10B,15,17,42,43,54", "24": "10A,10B,15,17,42,43,54", "25": "42,98", "26": "42"}, "Lng": {"0": 105.841916667, "1": 105.844316667, "2": 105.84893333299999, "3": 105.853433333, "4": 105.86221666700001, "5": 105.86383333299999, "6": 105.86336666700001, "7": 105.8628, "8": 105.861883333, "9": 105.861466667, "10": 105.861083333, "11": 105.858701, "12": 105.859783333, "13": 105.85925, "14": 105.860813, "15": 105.861483333, "16": 105.85833333299999, "17": 105.85643300000001, "18": 105.871196, "19": 105.875983333, "20": 105.87885, "21": 105.88176499999999, "22": 105.88600000000001, "23": 105.889698, "24": 105.89406699999999, "25": 105.89073333299999, "26": 105.884983}, "Name": {"0": "(A) B\u1ebfn xe Gi\u00e1p B\u00e1t - Tuy\u1ebfn 42", "1": "S\u1ed1 36 Kim \u0110\u1ed3ng", "2": "\u0110\u1ed1i di\u1ec7n tr\u01b0\u1eddng THCS T\u00e2n Mai", "3": "\u0110\u1ed1i di\u1ec7n c\u00f4ng vi\u00ean h\u1ed3 \u0110\u1ec1n L\u1eeb", "4": "Ch\u1ee3 \u0110\u1ea7u m\u1ed1i ph\u00eda Nam", "5": "C\u00f4ng ty da gi\u1ea7y H\u00e0 N\u1ed9i - 441 Nguy\u1ec5n Tam Trinh", "6": "251-253 Nguy\u1ec5n Tam Trinh", "7": "89 Nguy\u1ec5n Tam Trinh", "8": "\u0110\u1ed1i di\u1ec7n 346 Kim Ng\u01b0u - (Ng\u00e3 4 Kim Ng\u01b0u - Minh Khai)", "9": "\u0110\u1ed1i di\u1ec7n T\u1eadp th\u1ec3 E6 Qu\u1ef3nh Mai - Kim Ng\u01b0u", "10": "\u0110\u1ed1i di\u1ec7n B\u00e3i tr\u00f4ng gi\u1eef xe C\u00f4ng ty khai th\u00e1c \u0111i\u1ec3m \u0111\u1ed7 xe H\u00e0 N\u1ed9i t\u1ea1i 98 Kim Ng\u01b0u", "11": "131 L\u00f2 \u0110\u00fac", "12": "9 Tr\u1ea7n Th\u00e1nh T\u00f4ng", "13": "Doanh tr\u1ea1i Qu\u00e2n \u0111\u1ed9i nh\u00e2n d\u00e2n - 1B Tr\u1ea7n Th\u00e1nh T\u00f4ng", "14": "C\u1ed5ng b\u1ec7nh vi\u1ec7n Qu\u00e2n y 108 - \u0110\u1ed1i di\u1ec7n 2E Tr\u1ea7n H\u01b0ng \u0110\u1ea1o", "15": "\u0110\u1ed1i di\u1ec7n khu t\u1eadp th\u1ec3 15C Tr\u1ea7n Kh\u00e1nh D\u01b0 (chi\u1ec1u Tr\u1ea7n Kh\u00e1nh D\u01b0 \u0111i c\u1ea7u Ch\u01b0\u01a1ng D\u01b0\u01a1ng)", "16": "Tr\u01b0\u1edbc ph\u1ed1 Ch\u01b0\u01a1ng D\u01b0\u01a1ng \u0110\u1ed9 (\u0110\u1ed1i di\u1ec7n 198 Tr\u1ea7n Quang Kh\u1ea3i)", "17": "C\u1ea1nh ph\u1ed1 H\u00e0m T\u1eed Quan (\u0110\u1ed1i di\u1ec7n 162 Tr\u1ea7n Quang Kh\u1ea3i)", "18": "T\u1ed5ng c\u1ee5c H\u1ea3i Quan - 162 Nguy\u1ec5n V\u0103n C\u1eeb (c\u1ed9t tr\u01b0\u1edbc)", "19": "358 - 360 Nguy\u1ec5n V\u0103n C\u1eeb", "20": "436 - 438 Nguy\u1ec5n V\u0103n C\u1eeb", "21": "S\u1ed1 548 Nguy\u1ec5n V\u0103n C\u1eeb", "22": "Ph\u00f2ng C\u00f4ng Ch\u1ee9ng s\u1ed1 2 TPHN - 654 Nguy\u1ec5n V\u0103n C\u1eeb", "23": "18-20 Ng\u00f4 Gia T\u1ef1", "24": "170 - 172 Ng\u00f4 Gia T\u1ef1", "25": "\u0110\u1ed1i di\u1ec7n 59 \u0110\u1ee9c Giang - TCT \u0110\u1ee9c Giang", "26": "(B) \u0110\u1ee9c Giang - Tuy\u1ebfn 42"}}