{"Lat": {"0": 20.97985, "1": 20.984671, "2": 20.989376999999998, "3": 20.9933833333, "4": 21.000966666700002, "5": 21.004917000000003, "6": 21.009385, "7": 21.0141166667, "8": 21.0183833333, "9": 21.0201166667, "10": 21.019126999999997, "11": 21.019363000000002, "12": 21.01996, "13": 21.023953, "14": 21.0286166667, "15": 21.033383333299998, "16": 21.039885, "17": 21.0412666667, "18": 21.043913, "19": 21.046466666700002, "20": 21.0503333333, "21": 21.061584, "22": 21.06355, "23": 21.0665833333, "24": 21.068217}, "BusStopCode": {"0": 3424, "1": 166, "2": 167, "3": 168, "4": 169, "5": 171, "6": 323, "7": 324, "8": 730, "9": 3458, "10": 253, "11": 254, "12": 714, "13": 715, "14": 716, "15": 338, "16": 608, "17": 855, "18": 864, "19": 860, "20": 861, "21": 17, "22": 18, "23": 19, "24": 3423}, "FleetOver": {"0": "41", "1": "03,03B,08A,08ACT,08B,08BCT,12,16,21A,21B,25,28,32,41", "2": "03,03B,08A,08ACT,08B,08BCT,16,21A,21B,25,28,32,41", "3": "03,03B,08A,08ACT,08B,08BCT,25,28,32,41", "4": "03,18,21A,21B,25,28,32,41,47B,99", "5": "03,25,28,32,41", "6": "03,32,41", "7": "03,32,41", "8": "32,41", "9": "41", "10": "01,09,09CT,30,41,49", "11": "01,09,09CT,30,41,49", "12": "02,25,41", "13": "02,25,41", "14": "02,23,41,50", "15": "09,09CT,41", "16": "14,14CT,22A,41", "17": "41,50,55,55B,86,86CT", "18": "31,41,50,55,55B,58", "19": "31,41,50,55,55B,58,86,86CT", "20": "31,41,55,55B,58", "21": "31,41,55,55B,58", "22": "31,41,55,55B,58", "23": "31,41,55,55B,58", "24": "41"}, "Lng": {"0": 105.841916667, "1": 105.841169, "2": 105.84126100000002, "3": 105.84128333299999, "4": 105.84145, "5": 105.84151899999999, "6": 105.841366, "7": 105.84145, "8": 105.8439, "9": 105.843466667, "10": 105.83798200000001, "11": 105.834084, "12": 105.830729, "13": 105.832517, "14": 105.83486666700001, "15": 105.83775, "16": 105.84576200000001, "17": 105.8497, "18": 105.84713799999999, "19": 105.844016667, "20": 105.8406, "21": 105.83260800000001, "22": 105.83195, "23": 105.82781666700001, "24": 105.826167}, "Name": {"0": "(B) BX Gi\u00e1p B\u00e1t - Tuy\u1ebfn 41", "1": "Toyota Gi\u1ea3i Ph\u00f3ng - 807 Gi\u1ea3i Ph\u00f3ng", "2": "649 Gi\u1ea3i Ph\u00f3ng", "3": "487 Gi\u1ea3i Ph\u00f3ng", "4": "175-177 Gi\u1ea3i Ph\u00f3ng (Ng\u00e3 3 L\u00ea Thanh Ngh\u1ecb)", "5": "G\u1ea7n c\u1ed5ng Parabol \u0110H B\u00e1ch Khoa - 17 Gi\u1ea3i Ph\u00f3ng (c\u1ed9t sau)", "6": "\u0110\u1ed1i di\u1ec7n 394 L\u00ea Du\u1ea9n", "7": "C\u00f4ng vi\u00ean Th\u1ed1ng Nh\u1ea5t - \u0110\u1ed1i di\u1ec7n 326 L\u00ea Du\u1ea9n", "8": "\u0110\u1ed1i di\u1ec7n 28 Tr\u1ea7n B\u00ecnh Tr\u1ecdng - H\u1ed3 Thi\u1ec1n Quang", "9": "84 Nguy\u1ec5n Du", "10": "78-80A Kh\u00e2m Thi\u00ean (\u0110\u1ed1i di\u1ec7n 71)", "11": "274-276 Kh\u00e2m Thi\u00ean", "12": "283 T\u00f4n \u0110\u1ee9c Th\u1eafng", "13": "Tr\u1ea1m Bi\u1ebfn \u00e1p H\u00e0ng B\u1ed9t 1 - 107 T\u00f4n \u0110\u1ee9c Th\u1eafng", "14": "\u0110\u1ed1i di\u1ec7n s\u1ed1 40 T\u00f4n \u0110\u1ee9c Th\u1eafng (V\u0103n Mi\u1ebfu)", "15": "1B L\u00ea H\u1ed3ng Phong - Trung t\u00e2m TDTT Kh\u00fac H\u1ea1o", "16": "3A Phan \u0110\u00ecnh Ph\u00f9ng", "17": "E1.4 \u0110i\u1ec3m trung chuy\u1ec3n Long Bi\u00ean", "18": "Tr\u01b0\u1edbc n\u00fat giao H\u00e0ng Than 70m - Y\u00ean Ph\u1ee5 (\u0111\u01b0\u1eddng xe bu\u00fdt)", "19": "Tr\u01b0\u1edbc n\u00fat giao C\u1eeda B\u1eafc 30m - Y\u00ean Ph\u1ee5 (\u0111\u01b0\u1eddng xe bu\u00fdt)", "20": "\u0110\u01b0\u1eddng v\u00e0o b\u00e3i An D\u01b0\u01a1ng - Y\u00ean Ph\u1ee5 (\u0110\u1ed1i di\u1ec7n Sofitel Plaza)", "21": "S\u1ed1 48-50 \u00c2u C\u01a1", "22": "S\u1ed1 136 \u00c2u C\u01a1", "23": "Ch\u1ee3 \u0111\u1ed3 c\u0169 Qu\u1ea3ng An - \u00c2u C\u01a1", "24": "(A) Nghi T\u00e0m - Tuy\u1ebfn 41"}}