{"Lat": {"0": 21.045312, "1": 21.0433833333, "2": 21.0469, "3": 21.0498166667, "4": 21.0402666667, "5": 21.0300333333, "6": 20.997866666700002, "7": 20.9968166667, "8": 20.9957166667, "9": 20.995279999999998, "10": 20.9957833333, "11": 20.996347, "12": 20.9931833333, "13": 20.9876, "14": 20.9842333333, "15": 20.9803833333, "16": 20.9762666667, "17": 20.9717833333, "18": 20.964876999999998, "19": 20.960063, "20": 20.96465}, "BusStopCode": {"0": 1798, "1": 1804, "2": 3237, "3": 3238, "4": 2826, "5": 1210, "6": 400, "7": 401, "8": 402, "9": 403, "10": 404, "11": 82, "12": 159, "13": 160, "14": 161, "15": 162, "16": 163, "17": 164, "18": 429, "19": 430, "20": 2820}, "FleetOver": {"0": "03B", "1": "03B,59", "2": "03B,59,98", "3": "03B,59,98", "4": "03B", "5": "03B,52A", "6": "03B,19,24,52A,52B", "7": "03B,19,24,52A,52B", "8": "03B,19,24,38,52A,52B", "9": "03B,19,24,38,52A,52B", "10": "03B,19,24,38,52A,52B", "11": "03B,19,24", "12": "03,03B,08A,08ACT,08B,08BCT,16,21A,21B,25,28,32,41", "13": "03,03B,08A,08ACT,08B,08BCT,16,21A,21B,25,28,32,41", "14": "03,03B,08A,08ACT,08B,08BCT,12,16,21A,21B,25,28,32,41", "15": "03B,06A,06B,06C,06D,06E,08A,08ACT,08B,08BCT,106,12,16,21B,22C", "16": "03B,06A,06B,06C,06D,06E,08A,08ACT,08B,08BCT,101,106,12,16,21B,22C,29,36,36CT,37,94", "17": "03B,06A,06B,06C,06D,06E,08A,08ACT,08B,08BCT,101,106,12,16,21B,22C,29,36,36CT,37,94", "18": "03B,04,06A,06B,06C,06D,06E,08A,08ACT,101,106,12,16,37,60A,60B,94,99", "19": "03B,04,06A,06B,06C,06D,06E,08A,08ACT,101,106,12,16,37,48,60A,60B,94,99", "20": "03B"}, "Lng": {"0": 105.92448799999998, "1": 105.925283333, "2": 105.91996666700001, "3": 105.91826666700001, "4": 105.904316667, "5": 105.898666667, "6": 105.8667, "7": 105.863716667, "8": 105.86033333299999, "9": 105.855877, "10": 105.85095, "11": 105.846427, "12": 105.84108333299999, "13": 105.84095, "14": 105.840916667, "15": 105.84085, "16": 105.84078333299999, "17": 105.84076666700001, "18": 105.84183200000001, "19": 105.84218600000001, "20": 105.84255}, "Name": {"0": "(B) Ph\u00fac L\u1ee3i - Tuy\u1ebfn 3B", "1": "\u0110\u1ed1i di\u1ec7n ch\u1ee3 Ph\u00fac L\u1ee3i - \u0111\u01b0\u1eddng Ph\u00fac L\u1ee3i", "2": "\u0110\u1ed1i di\u1ec7n ng\u00e3 3 Hoa H\u1ed3ng ( H\u1ed9i X\u00e1)", "3": "\u0110\u1ed1i di\u1ec7n Vincom Long Bi\u00ean (tr\u01b0\u1edbc 50m ng\u00e3 3 Chu Huy M\u00e2n)", "4": "Tr\u01b0\u1eddng ti\u1ec3u h\u1ecdc Ph\u00fac \u0110\u1ed3ng - \u0111\u01b0\u1eddng Chu Huy M\u00e2n", "5": "\u0110\u1ed1i di\u1ec7n s\u00e2n golf  Long Bi\u00ean", "6": "423 Minh Khai", "7": "259 Minh Khai", "8": "199 Minh Khai", "9": "169C-169D Minh Khai", "10": "Ch\u1ee3 M\u01a1 - 5 Minh Khai", "11": "118 - 120 \u0110\u1ea1i La", "12": "196 Gi\u1ea3i Ph\u00f3ng - Ng\u00e2n h\u00e0ng N\u00f4ng nghi\u1ec7p & PTNT Chi nh\u00e1nh Nam H\u00e0 N\u1ed9i", "13": "352 Gi\u1ea3i Ph\u00f3ng", "14": "\u0110\u1ed1i di\u1ec7n 807 Gi\u1ea3i Ph\u00f3ng", "15": "\u0110\u1ed1i di\u1ec7n B\u1ebfn xe Gi\u00e1p B\u00e1t - Gi\u1ea3i Ph\u00f3ng", "16": "Ga Gi\u00e1p B\u00e1t - \u0110\u1ed1i di\u1ec7n 1035 Gi\u1ea3i Ph\u00f3ng", "17": "\u0110\u1ed1i di\u1ec7n 1251 Gi\u1ea3i Ph\u00f3ng", "18": "\u0110\u1ed1i di\u1ec7n T\u1eadp th\u1ec3 B\u1ebfn xe N\u01b0\u1edbc ng\u1ea7m H\u00e0 N\u1ed9i - Ng\u1ecdc H\u1ed3i", "19": "Tr\u01b0\u1eddng PTTH Vi\u1ec7t Nam Balan (\u0110\u1ed1i di\u1ec7n Kh\u00e1ch s\u1ea1n Nam Th\u00e0nh) - Ng\u1ecdc H\u1ed3i", "20": "(A) B\u1ebfn Xe N\u01b0\u1edbc Ng\u1ea7m - Tuy\u1ebfn 3B"}}