{"Lat": {"0": 20.8671666667, "1": 20.868166666700002, "2": 20.8670333333, "3": 20.8692, "4": 20.871166666700002, "5": 20.8718333333, "6": 20.8762166667, "7": 20.8793, "8": 20.886983333299998, "9": 20.894033333299998, "10": 20.9019833333, "11": 20.90755, "12": 20.9112333333, "13": 20.9186, "14": 20.922933333299998, "15": 20.9267166667, "16": 20.931938, "17": 20.93545, "18": 20.939083333299997, "19": 20.94415, "20": 20.947, "21": 20.951628, "22": 20.9556, "23": 20.9579, "24": 20.9647666667, "25": 20.971045999999998, "26": 20.97985}, "BusStopCode": {"0": 1748, "1": 1494, "2": 1495, "3": 1496, "4": 1497, "5": 1498, "6": 1223, "7": 1270, "8": 1271, "9": 1272, "10": 1273, "11": 1274, "12": 1275, "13": 1276, "14": 1277, "15": 439, "16": 440, "17": 441, "18": 442, "19": 443, "20": 444, "21": 445, "22": 446, "23": 447, "24": 3287, "25": 165, "26": 1682}, "FleetOver": {"0": "06B", "1": "06B", "2": "06B", "3": "06B", "4": "06B", "5": "06B", "6": "06A,06B,06C,06D,06E,101,62,94", "7": "06A,06B,06C,06D,06E,101,62,94", "8": "06A,06B,06C,06D,06E,101,62,94", "9": "06A,06B,06C,06D,06E,101,62,94", "10": "06A,06B,06C,06D,06E,101,62,94", "11": "06A,06B,06C,06D,06E,101,62,94", "12": "06A,06B,06C,06D,06E,101,62,94", "13": "06A,06B,06C,06D,06E,101,62,94", "14": "06A,06B,06C,06D,06E,101,62,94", "15": "06A,06B,06C,06D,06E,08A,08ACT,101,12,62,94", "16": "06A,06B,06C,06D,06E,08A,08ACT,101,12,62,94", "17": "06A,06B,06C,06D,06E,08A,08ACT,101,12,62,94", "18": "06A,06B,06C,06D,06E,08A,08ACT,101,12,62,94", "19": "06A,06B,06C,06D,06E,08A,08ACT,101,12,39,94", "20": "06A,06B,06C,06D,06E,08A,08ACT,101,12,39,94", "21": "06A,06B,06C,06D,06E,08A,08ACT,101,12,94", "22": "06A,06B,06C,06D,06E,08A,08ACT,101,12,94", "23": "06A,06B,06C,06D,06E,08A,08ACT,101,12,60A,94,99", "24": "06A,06B,06C,06D,06E,08A,08B,08BCT,106,12,21B,37,60A,94,99", "25": "03B,06A,06B,06C,06D,06E,08A,08ACT,08B,08BCT,101,106,12,16,21B,22C,29,36,36CT,37,94", "26": "06B"}, "Lng": {"0": 105.91255, "1": 105.901416667, "2": 105.89348333299999, "3": 105.88445, "4": 105.87361666700001, "5": 105.86853333299999, "6": 105.86251666700001, "7": 105.86081666700001, "8": 105.85821666700001, "9": 105.855983333, "10": 105.85363333299999, "11": 105.85273333299999, "12": 105.85255, "13": 105.85241666700001, "14": 105.85175, "15": 105.849566667, "16": 105.84730800000001, "17": 105.84595, "18": 105.8445, "19": 105.84456666700001, "20": 105.844466667, "21": 105.84413799999999, "22": 105.84338333299999, "23": 105.84291666700001, "24": 105.84211666700001, "25": 105.84128, "26": 105.841916667}, "Name": {"0": "(B) H\u1ed3ng V\u00e2n (Th\u01b0\u1eddng T\u00edn) - Tuy\u1ebfn 6B", "1": "Qua 100m \u0111\u01b0\u1eddng v\u00e0o \u0110o\u00e0n C\u00f4ng Binh H39 - TL 427", "2": "Qua 100m c\u1ed5ng l\u00e0ng N\u1ecf B\u1ea1n - TL 427", "3": "C\u00f4ng ty CP \u0111\u1ea7u t\u01b0 li\u00ean doanh Vi\u1ec7t Anh (tr\u01b0\u1edbc 100m c\u1ed5ng l\u00e0ng Ph\u01b0\u01a1ng Qu\u1ebf) - TL 427", "4": "\u0110\u1ed1i di\u1ec7n C\u00f4ng ty S\u1ea3n xu\u1ea5t \u1ed1ng th\u00e9p Sao Vi\u1ec7t  c\u1ea1nh c\u1ed9t m\u1ed1c H1/13+20m - TL 427", "5": "\u0110\u1ed1i di\u1ec7n qu\u00e1n c\u01a1m Lu\u1eadn C\u00f2i  c\u1ea1nh c\u1ed9t m\u1ed1c H4/12 - TL 427", "6": "\u0110\u1ed1i di\u1ec7n 83 Ph\u1ed1 Ga, th\u1ecb tr\u1ea5n Th\u01b0\u1eddng T\u00edn - Km 191+950 Qu\u1ed1c L\u1ed9 1A", "7": "\u0110\u1ed1i di\u1ec7n Tr\u1ea1m bi\u1ebfn \u00e1p 500KV- Km 191+470 Qu\u1ed1c L\u1ed9 1A", "8": "\u0110\u00ecnh L\u00e0ng V\u0103n Gi\u00e1p - Km 190+550 Qu\u1ed1c L\u1ed9 1A", "9": "\u0110\u1ed1i di\u1ec7n \u0111\u01b0\u1eddng v\u00e0o L\u00e0ng ngh\u1ec1 ti\u1ec7n Nh\u1ecb Kh\u00ea - Km 189+730 Qu\u1ed1c L\u1ed9 1A", "10": "\u0110\u1ed1i di\u1ec7n t\u1eadp th\u1ec3 C\u00f4ng ty 810 - Km 188+650 Qu\u1ed1c L\u1ed9 1A", "11": "C\u00e1ch \u0111\u01b0\u1eddng v\u00e0o \u0110\u00ecnh L\u00e0ng Y\u00ean Ph\u00fa 150m(Chi\u1ec1u Th\u01b0\u1eddng T\u00edn - Ga HN) - Qu\u1ed1c l\u1ed9 1A", "12": "C\u00e1ch \u0111\u01b0\u1eddng v\u00e0o UBND x\u00e3 Li\u00ean Ninh 50m - Km 187+800 Qu\u1ed1c L\u1ed9 1A", "13": "\u0110\u1ed1i di\u1ec7n C\u1ee5m CN Ng\u1ecdc H\u1ed3i - Km 186+850 Qu\u1ed1c l\u1ed9 1A", "14": "C\u1eeda h\u00e0ng S\u01a1n Lucky house - Km 186+450 Qu\u1ed1c L\u1ed9 1A", "15": "C\u00f4ng ty c\u00f4ng tr\u00ecnh giao th\u00f4ng 124 (Km 12 + 500 Qu\u1ed1c l\u1ed9 1A) - Ng\u1ecdc H\u1ed3i", "16": "C\u00f4ng ty 17 L\u1eef \u0111o\u00e0n 17 Binh \u0111o\u00e0n 12 - Ng\u1ecdc H\u1ed3i", "17": "Qua ng\u00e3 3 \u0111\u01b0\u1eddng Qu\u1ef3nh \u0110\u00f4 - Ng\u1ecdc H\u1ed3i", "18": "\u0110\u1ed1i di\u1ec7n Khu t\u1eadp th\u1ec3 LIC\u00d4LA - Ng\u1ecdc H\u1ed3i", "19": "449 - 451 Ng\u1ecdc H\u1ed3i", "20": "373 Ng\u1ecdc H\u1ed3i", "21": "TCT c\u01a1 \u0111i\u1ec7n n\u00f4ng nghi\u1ec7p & Th\u1ee7y l\u1ee3i (V\u0103n \u0110i\u1ec3n) - Ng\u1ecdc H\u1ed3i", "22": "\u0110\u1ed1i di\u1ec7n 184 Ng\u1ecdc H\u1ed3i", "23": "C\u00f4ng ty bi\u1ebfn th\u1ebf ABB - Ng\u1ecdc H\u1ed3i", "24": "B\u1ebfn xe N\u01b0\u1edbc Ng\u1ea7m", "25": "\u0110\u1ed1i di\u1ec7n Tr\u1ee5 s\u1edf C\u00f4ng an Ph\u01b0\u1eddng Ho\u00e0ng Li\u1ec7t- 1277 Gi\u1ea3i Ph\u00f3ng", "26": "(A) BX Gi\u00e1p B\u00e1t - Tuy\u1ebfn 6B"}}