{"Lat": {"0": 20.999345, "1": 20.997476000000002, "2": 21.000966666700002, "3": 21.0042833333, "4": 21.0044666667, "5": 21.005983333299998, "6": 21.007485, "7": 21.0071333333, "8": 21.0076, "9": 21.01155, "10": 21.013816666700002, "11": 21.0185, "12": 21.0208, "13": 21.02565, "14": 21.0281, "15": 21.032267, "16": 21.0311166667, "17": 21.029533333299998, "18": 21.03035, "19": 21.0306333333, "20": 21.0351833333, "21": 21.0384, "22": 21.037567000000003, "23": 21.0334666667, "24": 21.0281166667, "25": 21.021383333299998, "26": 21.0164333333, "27": 21.011587, "28": 21.009273, "29": 21.0071, "30": 21.0037166667, "31": 21.003083333299998, "32": 21.0034166667, "33": 21.002883333299998, "34": 20.999283}, "BusStopCode": {"0": 1708, "1": 744, "2": 169, "3": 635, "4": 387, "5": 105, "6": 69, "7": 668, "8": 679, "9": 680, "10": 681, "11": 2853, "12": 2854, "13": 172, "14": 2855, "15": 286, "16": 530, "17": 531, "18": 771, "19": 631, "20": 632, "21": 633, "22": 770, "23": 489, "24": 390, "25": 348, "26": 662, "27": 385, "28": 766, "29": 839, "30": 840, "31": 685, "32": 344, "33": 345, "34": 1761}, "FleetOver": {"0": "18", "1": "08A,08ACT,08B,08BCT,18,47B", "2": "03,18,21A,21B,25,28,32,41,47B,99", "3": "18,23,99", "4": "18,23,99", "5": "18,23", "6": "12,18,21A,21B,23,26,35A,44,51", "7": "01,02,09,09CT,18,21A,21B,44,51,84", "8": "09,09CT,18", "9": "09,09CT,18", "10": "09,09CT,18", "11": "18", "12": "18,49", "13": "18,23", "14": "18,23", "15": "18,22A,32,34,38", "16": "18,22A,32,34,38", "17": "02,18,23,32,34,38,45", "18": "18", "19": "18,23", "20": "01,18,23,36,36CT", "21": "01,18,23", "22": "01,03,100,10B,11,14,14CT,17,18,22A,23,34,47A,54,98", "23": "04,08A,08ACT,08B,08BCT,11,14,14CT,18,23", "24": "04,08A,08ACT,08B,08BCT,11,14CT,18,23", "25": "04,18,23", "26": "04,18,42,44", "27": "04,18,30,42,44", "28": "18,44,47B", "29": "18,51", "30": "18,51", "31": "18,26", "32": "08A,08ACT,08B,08BCT,18", "33": "08A,08ACT,08B,08BCT,18,23,26,31,47B", "34": "18"}, "Lng": {"0": 105.84548600000001, "1": 105.84591100000002, "2": 105.84145, "3": 105.839183333, "4": 105.835783333, "5": 105.833233333, "6": 105.828726, "7": 105.82313333299999, "8": 105.8209, "9": 105.817516667, "10": 105.81511666700001, "11": 105.81643333299999, "12": 105.81816666700001, "13": 105.822516667, "14": 105.8255, "15": 105.829473, "16": 105.83365, "17": 105.83895, "18": 105.8427, "19": 105.844833333, "20": 105.8458, "21": 105.846566667, "22": 105.85275, "23": 105.85441666700001, "24": 105.85565, "25": 105.85793333299999, "26": 105.8585, "27": 105.859204, "28": 105.85821499999999, "29": 105.8546, "30": 105.855, "31": 105.85311666700001, "32": 105.84856666700001, "33": 105.84748333299999, "34": 105.845552}, "Name": {"0": "(A) \u0110\u1ea1i h\u1ecdc KTQD - Tuy\u1ebfn 18", "1": "106 Tr\u1ea7n \u0110\u1ea1i Ngh\u0129a", "2": "175-177 Gi\u1ea3i Ph\u00f3ng (Ng\u00e3 3 L\u00ea Thanh Ngh\u1ecb)", "3": "114 + 115 E8 Ph\u01b0\u01a1ng Mai", "4": "116 - C2 L\u01b0\u01a1ng \u0110\u1ecbnh C\u1ee7a", "5": "Tr\u1ea1m x\u1eed l\u00fd n\u01b0\u1edbc s\u1ea1ch Kim Li\u00ean - \u0110\u00f4ng T\u00e1c", "6": "C\u00f4ng ty in th\u01b0\u01a1ng m\u1ea1i & d\u1ecbch v\u1ee5 ng\u00e2n h\u00e0ng - S\u1ed1 10 Ch\u00f9a B\u1ed9c", "7": "290 T\u00e2y S\u01a1n", "8": "Caf\u00e9 Don 105E5 Th\u00e1i Th\u1ecbnh - \u0110\u1ed1i di\u1ec7n B\u1ec7nh vi\u1ec7n Ch\u00e2m c\u1ee9u Trung \u01b0\u01a1ng", "9": "122 Th\u00e1i Th\u1ecbnh", "10": "196 Th\u00e1i Th\u1ecbnh", "11": "H\u00e8 g\u1ea7n ng\u00f5 71 L\u00e1ng H\u1ea1", "12": "H\u00e8 gi\u1eefa nh\u00e0 s\u1ed1 23-25 L\u00e1ng H\u1ea1", "13": "Nh\u00e0 s\u00e1ch Tr\u00ed Tu\u1ec7 - 187G Gi\u1ea3ng V\u00f5", "14": "H\u00e8 g\u1ea7n ng\u00f5 173 Gi\u1ea3ng V\u00f5", "15": "H\u00e8 tr\u01b0\u1edbc t\u00f2a nh\u00e0 PTA - S\u1ed1 1 Kim M\u00e3", "16": "145 Nguy\u1ec5n Th\u00e1i H\u1ecdc", "17": "85 Nguy\u1ec5n Th\u00e1i H\u1ecdc - Tr\u01b0\u1eddng TH L\u00fd Th\u01b0\u1eddng Ki\u1ec7t", "18": "\u0110\u1ed1i di\u1ec7n 34A Tr\u1ea7n Ph\u00fa", "19": "167 Ph\u00f9ng H\u01b0ng", "20": "115 Ph\u00f9ng H\u01b0ng", "21": "\u0110\u1ed1i di\u1ec7n 16 Ph\u00f9ng H\u01b0ng (\u0111\u01b0\u1eddng trong)", "22": "80 Tr\u1ea7n Nh\u1eadt Du\u1eadt", "23": "54 Nguy\u1ec5n H\u1eefu Hu\u00e2n", "24": "36 L\u00fd Th\u00e1i T\u1ed5 - Cung thi\u1ebfu nhi H\u00e0 N\u1ed9i", "25": "\u0110\u1ed1i di\u1ec7n \u0110\u1ea1i h\u1ecdc D\u01b0\u1ee3c H\u00e0 N\u1ed9i - 15 L\u00ea Th\u00e1nh T\u00f4ng", "26": "34-36 T\u0103ng B\u1ea1t H\u1ed5", "27": "172 L\u00f2 \u0110\u00fac (C\u1eeda h\u00e0ng xe m\u00e1y Hon \u0110a)", "28": "340-342 Tr\u1ea7n Kh\u00e1t Tr\u00e2n", "29": "H\u1ed3 Thanh Nh\u00e0n - V\u00f5 Th\u1ecb S\u00e1u", "30": "94 V\u00f5 Th\u1ecb S\u00e1u", "31": "G\u1ea7n chung c\u01b0 A3B (s\u1ed1 92) Thanh Nh\u00e0n", "32": "60 L\u00ea Thanh Ngh\u1ecb", "33": "Qua Vi\u1ec7n tin h\u1ecdc ph\u00e1p ng\u1eef 20m - L\u00ea Thanh Ngh\u1ecb", "34": "(B) \u0110\u1ea1i h\u1ecdc KTQD - Tuy\u1ebfn 18"}}