{"Lat": {"0": 21.0281, "1": 21.0229833333, "2": 21.0229, "3": 21.027151, "4": 21.0344, "5": 21.0406, "6": 21.050738, "7": 21.0574666667, "8": 21.0622, "9": 21.07015, "10": 21.0771833333, "11": 21.1159, "12": 21.1182833333, "13": 21.122164, "14": 21.124405, "15": 21.121033333299998, "16": 21.10875, "17": 21.1040166667, "18": 21.1028, "19": 21.1026666667, "20": 21.103583333299998, "21": 21.1088833333, "22": 21.1136833333, "23": 21.1196166667, "24": 21.1264666667, "25": 21.1300833333, "26": 21.137383}, "BusStopCode": {"0": 3431, "1": 584, "2": 577, "3": 578, "4": 580, "5": 593, "6": 594, "7": 595, "8": 597, "9": 596, "10": 598, "11": 981, "12": 982, "13": 983, "14": 3116, "15": 1405, "16": 1406, "17": 1407, "18": 1408, "19": 1409, "20": 923, "21": 933, "22": 924, "23": 925, "24": 926, "25": 927, "26": 3432}, "FleetOver": {"0": "46", "1": "104,22B,30,33,35A,39,46,60A,60B,74,84,87,88", "2": "103,104,21B,22B,29,30,33,35A,39,44,46,60A,60B,74,84,87,88", "3": "103,16,21B,22B,29,30,33,34,44,46,53B,60A,60B,74,84,88", "4": "16,29,33,34,35A,46,53B,60A,60B,61,97", "5": "33,46,60A,60B,61", "6": "07,14,14CT,27,35A,38,45,46,53A,53B,60A,60B,61", "7": "07,14,14CT,27,35A,38,45,46,53A,53B,60A,60B,61", "8": "07,14,14CT,27,28,35A,38,45,46,53A,53B,60A,60B,61", "9": "07,14,14CT,28,35B,46,53A,53B,56A,56C,57,60A,60B,61,93,95", "10": "07,14,14CT,28,35B,46,53A,53B,56A,56C,57,60A,60B,61,93,95", "11": "46", "12": "46", "13": "46", "14": "25,46,96", "15": "15,17,43,46,59", "16": "15,17,43,46,59", "17": "15,17,43,46,59", "18": "15,17,43,46,59", "19": "15,17,43,46,59,65", "20": "46", "21": "46", "22": "46", "23": "46", "24": "46", "25": "46", "26": "46"}, "Lng": {"0": 105.7785, "1": 105.778566667, "2": 105.77903333299999, "3": 105.77920800000001, "4": 105.78043333299999, "5": 105.781033333, "6": 105.781663, "7": 105.782766667, "8": 105.784016667, "9": 105.78555, "10": 105.7868, "11": 105.790516667, "12": 105.80221666700001, "13": 105.814298, "14": 105.82032099999999, "15": 105.84496666700001, "16": 105.85008333299999, "17": 105.85751666700001, "18": 105.867116667, "19": 105.871866667, "20": 105.87451666700001, "21": 105.87711666700001, "22": 105.876583333, "23": 105.87336666700001, "24": 105.868383333, "25": 105.86551666700001, "26": 105.86105}, "Name": {"0": "(A) BX M\u1ef9 \u0110\u00ecnh - Tuy\u1ebfn 46", "1": "G\u1ea7n ng\u00e3 4 Ph\u1ea1m H\u00f9ng - \u0110\u00ecnh Th\u00f4n (H\u01b0\u1edbng \u0111i Khu\u1ea5t Duy Ti\u1ebfn)-c\u1ed9t sau", "2": "Qua ng\u00e3 4 Ph\u1ea1m H\u00f9ng - \u0110\u00ecnh Th\u00f4n (H\u01b0\u1edbng \u0111i Ph\u1ea1m V\u0103n \u0110\u1ed3ng)", "3": "\u0110\u1ed1i di\u1ec7n B\u1ebfn xe kh\u00e1ch M\u1ef9 \u0110\u00ecnh - Ph\u1ea1m H\u00f9ng (c\u1ed9t tr\u01b0\u1edbc)", "4": "\u0110\u1ed1i di\u1ec7n B\u1ec7nh vi\u1ec7n \u0111a khoa y h\u1ecdc c\u1ed5 truy\u1ec1n - Ph\u1ea1m H\u00f9ng", "5": "\u0110H S\u01b0 ph\u1ea1m Ngo\u1ea1i ng\u1eef - \u0110\u1ed1i di\u1ec7n s\u1ed1 9 Ph\u1ea1m V\u0103n \u0110\u1ed3ng", "6": "36A Ph\u1ea1m V\u0103n \u0110\u1ed3ng", "7": "527 Ph\u1ea1m V\u0103n \u0110\u1ed3ng", "8": "Qua 70m \u0111\u01b0\u1eddng v\u00e0o c\u00f4ng vi\u00ean H\u00f2a B\u00ecnh - Ph\u1ea1m V\u0103n \u0110\u1ed3ng", "9": "373 Ph\u1ea1m V\u0103n \u0110\u1ed3ng", "10": "113 Ph\u1ea1m V\u0103n \u0110\u1ed3ng", "11": "Ch\u1ee3 \u0111\u1ea7u m\u1ed1i H\u1ea3i B\u1ed1i", "12": "Li\u00ean doanh EBARA - V\u0129nh Ng\u1ecdc", "13": "G\u1ea7n c\u1ed5ng l\u00e0ng Ph\u01b0\u01a1ng Tr\u1ea1ch", "14": "V\u1ecbnh xe bu\u00fdt \u0111\u01b0\u1eddng Ho\u00e0ng Sa -  g\u1ea7n \u0111i\u1ec3m m\u1edf \u0111i \u0111\u01b0\u1eddng 6 c\u00e2y", "15": "Qua ng\u00e3 3 V\u0129nh Ng\u1ecdc - Km 9+335 Qu\u1ed1c l\u1ed9 3", "16": "\u0110\u1ed1i di\u1ec7n th\u00f4n V\u1ea1n L\u1ed9c (tr\u01b0\u1edbc ng\u00e3 3 \u0111\u01b0\u1eddng tr\u00e1nh QL5)", "17": "\u0110\u1ed1i di\u1ec7n C\u00f4ng Ty B\u00ea t\u00f4ng Appha - \u0110\u00f4ng H\u1ed9i  - Km 6+650 Qu\u1ed1c l\u1ed9 3", "18": "G\u1ea7n C\u1ed5ng L\u00e0ng Ti\u00ean H\u1ed9i, c\u00e2y \u0111a B\u00e1c H\u1ed3 - Km 5 +700 Qu\u1ed1c l\u1ed9 3", "19": "G\u1ea7n \u0111\u01b0\u1eddng v\u00e0o Khu di t\u00edch C\u1ed5 Loa 150m - Km 5+50 Qu\u1ed1c l\u1ed9 3", "20": "Qua ng\u00e3 3 C\u1ed5 Loa - QL3 60m, \u0111\u01b0\u1eddng C\u1ed5 Loa", "21": "\u0110\u1ea7u l\u00e0ng C\u1ed5 Loa (ch\u1ee3 C\u1ed5 Loa, \u0111i\u1ec3m cu\u1ed1i tuy\u1ebfn 46)", "22": "Qua \u0111\u01b0\u1eddng v\u00e0o Th\u00e0nh C\u1ed5 Loa 70m - \u0111\u01b0\u1eddng C\u1ed5 Loa", "23": "Tr\u01b0\u1edbc tr\u01b0\u1eddng Ti\u1ec3u h\u1ecdc C\u1ed5 Loa 80m - \u0111\u01b0\u1eddng C\u1ed5 Loa", "24": "Qua c\u1ed5ng v\u00e0o X\u00f3m B\u00e3i 50m, \u0111\u01b0\u1eddng C\u1ed5 Loa (chi\u1ec1u \u0111i \u0110\u00f4ng Anh)", "25": "Tr\u01b0\u1edbc \u0111\u1ed1i di\u1ec7n tr\u1ee5 s\u1edf H\u1ed9i ng\u01b0\u1eddi m\u00f9 \u0110\u00f4ng Anh 30m - \u0111\u01b0\u1eddng C\u1ed5 Loa", "26": "(B) C\u1ed5 Loa - Tuy\u1ebfn 46"}}