{"Lat": {"0": 21.17525, "1": 21.1720166667, "2": 21.1716166667, "3": 21.1773666667, "4": 21.17745, "5": 21.1773, "6": 21.1777333333, "7": 21.179033, "8": 21.1785833333, "9": 21.16855, "10": 21.1673166667, "11": 21.1684166667, "12": 21.1663833333, "13": 21.1614, "14": 21.1608, "15": 21.1572, "16": 21.15505, "17": 21.1542833333, "18": 21.1519666667, "19": 21.1444666667, "20": 21.138617, "21": 21.1360666667, "22": 21.124405, "23": 21.119633, "24": 21.07465, "25": 21.0681, "26": 21.06589, "27": 21.061320000000002, "28": 21.055849, "29": 21.049929000000002, "30": 21.04635, "31": 21.039983}, "BusStopCode": {"0": 3087, "1": 3105, "2": 1356, "3": 3106, "4": 3107, "5": 3108, "6": 3109, "7": 3110, "8": 3111, "9": 3112, "10": 3113, "11": 3114, "12": 3115, "13": 2953, "14": 2954, "15": 2955, "16": 2956, "17": 2957, "18": 988, "19": 989, "20": 990, "21": 991, "22": 3116, "23": 2764, "24": 2765, "25": 3117, "26": 3118, "27": 3119, "28": 3120, "29": 3121, "30": 233, "31": 3086}, "FleetOver": {"0": "96", "1": "96", "2": "15,17,96", "3": "15,17,96", "4": "96", "5": "96", "6": "96", "7": "96", "8": "96", "9": "96", "10": "96", "11": "96", "12": "96", "13": "53A,61,96", "14": "53A,61,96", "15": "53A,61,96", "16": "53A,61,96", "17": "53A,61,96", "18": "96", "19": "96", "20": "96", "21": "96", "22": "25,46,96", "23": "25,90,96", "24": "25,90,96", "25": "96", "26": "96", "27": "96", "28": "96", "29": "96", "30": "13,14,14CT,33,45,96", "31": "96"}, "Lng": {"0": 105.85606666700001, "1": 105.85316666700001, "2": 105.84681666700001, "3": 105.847033333, "4": 105.8405, "5": 105.82963333299999, "6": 105.82045, "7": 105.812502, "8": 105.806216667, "9": 105.803233333, "10": 105.79441666700001, "11": 105.78813333299999, "12": 105.78458333299999, "13": 105.786566667, "14": 105.7932, "15": 105.80353333299999, "16": 105.80863333299999, "17": 105.81385, "18": 105.8158, "19": 105.8147, "20": 105.81386699999999, "21": 105.81468333299999, "22": 105.82032099999999, "23": 105.82681699999999, "24": 105.810516667, "25": 105.807533333, "26": 105.80633999999999, "27": 105.804276, "28": 105.80427399999999, "29": 105.804948, "30": 105.8017, "31": 105.79755}, "Name": {"0": "(B) \u0110\u00f4ng Anh (Tr\u01b0\u1eddng Cao \u0110\u1eb3ng Ngh\u1ec1 Vi\u1ec7t Nam - H\u00e0n Qu\u1ed1c) - Tuy\u1ebfn 96", "1": "T\u1ed5 d\u00e2n ph\u1ed1 s\u1ed1 23 Th\u1ecb tr\u1ea5n \u0110\u00f4ng Anh", "2": "C\u00f4ng ty Ch\u1ebf t\u1ea1o m\u00e1y \u0111i\u1ec7n Vi\u1ec7t Hung - Km 15+240 Qu\u1ed1c l\u1ed9 3", "3": "\u0110\u01b0\u1eddng v\u00e0o Tr\u1ea1i g\u00e0 Nguy\u00ean Kh\u00ea - Km 16+000 Qu\u1ed1c l\u1ed9", "4": "\u0110\u1ed1i di\u1ec7n tr\u01b0\u1eddng THCS Nguy\u00ean Kh\u00ea", "5": "Bi\u1ec3n ch\u1ec9 d\u1eabn QL2 - Th\u00f4n Kh\u00ea N\u1eef x\u00e3 Nguy\u00ean Kh\u00ea", "6": "S\u1ed1 nh\u00e0 112 - Th\u00f4n S\u01a1n Du x\u00e3 Nguy\u00ean Kh\u00ea", "7": "S\u1ed1 nh\u00e0 97 Th\u00f4n B\u1ebfn Trung x\u00e3 B\u1eafc H\u1ed3ng", "8": "U\u1ef7 Ban Nh\u00e2n D\u00e2n x\u00e3 B\u1eafc H\u1ed3ng (Tr\u01b0\u1edbc s\u1ed1 nh\u00e0 17)", "9": "Th\u00f4n Th\u01b0\u1ee3ng Ph\u00fac x\u00e3 B\u1eafc H\u1ed3ng", "10": "S\u1ed1 97 th\u00f4n T\u1eb1ng My (\u0110\u1ed1i di\u1ec7n tr\u01b0\u1eddng M\u1ea7m Non N\u1eafng H\u1ed3ng)", "11": "S\u1ed1 69 Th\u00f4n V\u1ec7 x\u00e3 Nam H\u1ed3ng", "12": "Ngh\u0129a trang Li\u1ec7t S\u1ef9 Nam H\u1ed3ng", "13": "C\u00f4ng ty TNHH B\u1ea3o Y\u1ebfn (th\u00f4n \u0110\u00eca - Nam H\u1ed3ng) - QL 23B", "14": "S\u1ed1 nh\u00e0 40 - 42 (\u0110\u01b0\u1eddng 23B)", "15": "\u0110\u1ed1i di\u1ec7n C\u00f4ng ty B\u1eafc H\u00e0 - \u0110\u01b0\u1eddng 23B", "16": "\u0110\u1ed1i di\u1ec7n l\u1ed1i v\u00e0o L\u00e0ng v\u0103n h\u00f3a Th\u00f4n Nh\u00ec - \u0110\u01b0\u1eddng 23B", "17": "B\u01b0u \u0110i\u1ec7n V\u00e2n Tr\u00ec - QL 23B", "18": "Tr\u1ea1m Y t\u1ebf x\u00e3 V\u00e2n N\u1ed9i    ", "19": "\u0110\u1ed1i di\u1ec7n Doanh tr\u1ea1i Q\u0110ND - Th\u00f4n Vi\u00ean N\u1ed9i", "20": "\u0110\u00ecnh Vi\u00ean N\u1ed9i", "21": "X\u00f3m Tr\u1ea1i - Th\u00f4n Vi\u00ean N\u1ed9i", "22": "V\u1ecbnh xe bu\u00fdt \u0111\u01b0\u1eddng Ho\u00e0ng Sa -  g\u1ea7n \u0111i\u1ec3m m\u1edf \u0111i \u0111\u01b0\u1eddng 6 c\u00e2y", "23": "Qua ng\u00e3 t\u01b0 Qu\u1ed1c l\u1ed9 2 - V\u00f5 Nguy\u00ean Gi\u00e1p", "24": "CT13B Khu \u0111\u00f4 th\u1ecb Nam Th\u0103ng Long", "25": "BV Tim H\u00e0 N\u1ed9i C\u01a1 S\u1edf 2", "26": "Tr\u01b0\u1edbc ng\u00e3 t\u01b0 Xu\u00e2n La 100m", "27": "\u0110\u1ed1i di\u1ec7n 41 V\u00f5 Ch\u00ed C\u00f4ng (C\u1eeda h\u00e0ng l\u1eadp 4 m\u00f9a)", "28": "Nh\u00e0 h\u00e0ng Ng\u1ecdc \u0110\u01b0\u1ee3c 3 - V\u00f5 Ch\u00ed C\u00f4ng", "29": "C\u1ea7u v\u01b0\u1ee3t \u0111i b\u1ed9  V\u00f5 Ch\u00ed C\u00f4ng", "30": "Trung t\u00e2m KHTN C\u00f4ng ngh\u1ec7 Qu\u1ed1c Gia - 18 Ho\u00e0ng Qu\u1ed1c Vi\u1ec7t", "31": "(A) C\u00f4ng Vi\u00ean Ngh\u0129a \u0110\u00f4 - Tuy\u1ebfn 96"}}