{"Lat": {"0": 21.0296, "1": 21.02965, "2": 21.0280833333, "3": 21.028717, "4": 21.0344, "5": 21.0406, "6": 21.050738, "7": 21.0574666667, "8": 21.0622, "9": 21.07015, "10": 21.0771833333, "11": 21.1171666667, "12": 21.12645, "13": 21.1319, "14": 21.1418, "15": 21.1530833333, "16": 21.1581833333, "17": 21.1600333333, "18": 21.1614, "19": 21.1608, "20": 21.1572, "21": 21.15505, "22": 21.1542833333, "23": 21.1527333333, "24": 21.1521166667, "25": 21.151595, "26": 21.1502166667, "27": 21.1466, "28": 21.142466666700003, "29": 21.1408833333, "30": 21.139666666700002, "31": 21.13785, "32": 21.1375166667, "33": 21.1397166667, "34": 21.1400666667, "35": 21.1541833333, "36": 21.1536666667, "37": 21.1520666667, "38": 21.1476166667, "39": 21.1447666667, "40": 21.1417666667}, "BusStopCode": {"0": 3901, "1": 788, "2": 720, "3": 721, "4": 580, "5": 593, "6": 594, "7": 595, "8": 597, "9": 596, "10": 598, "11": 882, "12": 883, "13": 885, "14": 886, "15": 887, "16": 888, "17": 1007, "18": 2953, "19": 2954, "20": 2955, "21": 2956, "22": 2957, "23": 1001, "24": 999, "25": 1005, "26": 998, "27": 996, "28": 995, "29": 874, "30": 875, "31": 876, "32": 3366, "33": 3367, "34": 3368, "35": 3369, "36": 3370, "37": 3371, "38": 3372, "39": 3373, "40": 3355}, "FleetOver": {"0": "61", "1": "39,51,61", "2": "05,39,61", "3": "05,39,61", "4": "16,29,33,34,35A,46,53B,60A,60B,61,97", "5": "33,46,60A,60B,61", "6": "07,14,14CT,27,35A,38,45,46,53A,53B,60A,60B,61", "7": "07,14,14CT,27,35A,38,45,46,53A,53B,60A,60B,61", "8": "07,14,14CT,27,28,35A,38,45,46,53A,53B,60A,60B,61", "9": "07,14,14CT,28,35B,46,53A,53B,56A,56C,57,60A,60B,61,93,95", "10": "07,14,14CT,28,35B,46,53A,53B,56A,56C,57,60A,60B,61,93,95", "11": "07,35B,53A,53B,56A,56C,58,60B,61,93,95", "12": "07,35B,53A,53B,56A,56C,58,61,64,93,95", "13": "07,35B,53A,53B,56A,56C,58,61,64,93,95", "14": "07,35B,53A,53B,56A,56C,58,61,64,93,95", "15": "07,35B,53A,53B,56A,56C,58,61,64,93,95", "16": "07,35B,53A,53B,56A,56C,58,61,64,93,95", "17": "35B,53A,61", "18": "53A,61,96", "19": "53A,61,96", "20": "53A,61,96", "21": "53A,61,96", "22": "53A,61,96", "23": "53A,61", "24": "53A,61", "25": "53A,61", "26": "53A,61", "27": "53A,61", "28": "53A,61", "29": "43,53A,59,61", "30": "43,53A,59,61,65", "31": "43,53A,59,61,65", "32": "61,65", "33": "61", "34": "61", "35": "61", "36": "61", "37": "61", "38": "61", "39": "61", "40": "61"}, "Lng": {"0": 105.7914, "1": 105.78776666700001, "2": 105.78485, "3": 105.780833, "4": 105.78043333299999, "5": 105.781033333, "6": 105.781663, "7": 105.782766667, "8": 105.784016667, "9": 105.78555, "10": 105.7868, "11": 105.78415, "12": 105.78116666700001, "13": 105.7792, "14": 105.77868333299999, "15": 105.7792, "16": 105.77943333299999, "17": 105.78345, "18": 105.786566667, "19": 105.7932, "20": 105.80353333299999, "21": 105.80863333299999, "22": 105.81385, "23": 105.8239, "24": 105.829416667, "25": 105.832939, "26": 105.83553333299999, "27": 105.83901666700001, "28": 105.843133333, "29": 105.84685, "30": 105.8539, "31": 105.859033333, "32": 105.86696666700001, "33": 105.868466667, "34": 105.87621666700001, "35": 105.89213333299999, "36": 105.89676666700001, "37": 105.902083333, "38": 105.916333333, "39": 105.91855, "40": 105.915866667}, "Name": {"0": "(B) CV C\u1ea7u Gi\u1ea5y - Tuy\u1ebfn 61", "1": "Qua ng\u00e3 4 Duy T\u00e2n - Tr\u1ea7n Th\u00e1i T\u00f4ng 200m", "2": "S\u00e2n b\u00f3ng \u0110\u1ed3ng B\u00f4ng - T\u00f4n Th\u1ea5t Thuy\u1ebft (g\u1ea7n \u0110H FPT)", "3": "Toyota M\u1ef9 \u0110\u00ecnh - \u0111\u01b0\u1eddng T\u00f4n Th\u1ea5t Thuy\u1ebft", "4": "\u0110\u1ed1i di\u1ec7n B\u1ec7nh vi\u1ec7n \u0111a khoa y h\u1ecdc c\u1ed5 truy\u1ec1n - Ph\u1ea1m H\u00f9ng", "5": "\u0110H S\u01b0 ph\u1ea1m Ngo\u1ea1i ng\u1eef - \u0110\u1ed1i di\u1ec7n s\u1ed1 9 Ph\u1ea1m V\u0103n \u0110\u1ed3ng", "6": "36A Ph\u1ea1m V\u0103n \u0110\u1ed3ng", "7": "527 Ph\u1ea1m V\u0103n \u0110\u1ed3ng", "8": "Qua 70m \u0111\u01b0\u1eddng v\u00e0o c\u00f4ng vi\u00ean H\u00f2a B\u00ecnh - Ph\u1ea1m V\u0103n \u0110\u1ed3ng", "9": "373 Ph\u1ea1m V\u0103n \u0110\u1ed3ng", "10": "113 Ph\u1ea1m V\u0103n \u0110\u1ed3ng", "11": "Qua ng\u00e3 3 H\u1ea3i B\u1ed1i - V\u0129nh Ng\u1ecdc 300m", "12": "Qua ng\u00e3 t\u01b0 khu CN Th\u0103ng Long 100m (chi\u1ec1u H\u00e0 N\u1ed9i - N\u1ed9i B\u00e0i)", "13": "\u0110\u1ed1i di\u1ec7n UBND x\u00e3 Kim Chung- Km 2+230 Cao t\u1ed1c BTL-NB", "14": "Qua c\u1ea7u chui d\u00e2n sinh s\u1ed1 4 - \u0111\u01b0\u1eddng v\u00e0o th\u00f4n Nhu\u1ebf, Km 11+200 (chi\u1ec1u H\u00e0 N\u1ed9i \u0111i s\u00e2n bay N\u1ed9i B\u00e0i)", "15": "C\u1ea7u V\u00e2n Tr\u00ec- Km 4+560 Cao t\u1ed1c BTL-NB", "16": "Tr\u01b0\u1edbc 70m c\u1ea7u v\u01b0\u1ee3t Ng\u00e3 t\u01b0 Nam H\u1ed3ng Cao t\u1ed1c BTL-NB", "17": "Ch\u00e2n c\u1ea7u v\u01b0\u1ee3t Nam H\u1ed3ng (tr\u01b0\u1edbc \u0111\u1ea3o tr\u00f2n ph\u00eda \u0110\u00f4ng Anh 50m) - \u0110\u01b0\u1eddng 23B", "18": "C\u00f4ng ty TNHH B\u1ea3o Y\u1ebfn (th\u00f4n \u0110\u00eca - Nam H\u1ed3ng) - QL 23B", "19": "S\u1ed1 nh\u00e0 40 - 42 (\u0110\u01b0\u1eddng 23B)", "20": "\u0110\u1ed1i di\u1ec7n C\u00f4ng ty B\u1eafc H\u00e0 - \u0110\u01b0\u1eddng 23B", "21": "\u0110\u1ed1i di\u1ec7n l\u1ed1i v\u00e0o L\u00e0ng v\u0103n h\u00f3a Th\u00f4n Nh\u00ec - \u0110\u01b0\u1eddng 23B", "22": "B\u01b0u \u0110i\u1ec7n V\u00e2n Tr\u00ec - QL 23B", "23": "\u0110\u1ed1i di\u1ec7n Trung t\u00e2m y t\u1ebf d\u1ef1 ph\u00f2ng Huy\u1ec7n \u0110\u00f4ng Anh - QL 23", "24": "Qua \u0111\u1ed1i di\u1ec7n ng\u00e3 3 Th\u00f4n C\u1ed5 H\u1ee3p - \u0111\u01b0\u1eddng 23B", "25": "Tr\u1ee5 s\u1edf c\u00f4ng ty TNHH MTV X\u1ed5 s\u1ed1 ki\u1ebfn thi\u1ebft Th\u1ee7 \u0111\u00f4", "26": "\u0110\u1ed1i di\u1ec7n Th\u00f4n L\u01b0\u01a1ng N\u1ed7 - QL 23", "27": "\u0110\u1ed1i di\u1ec7n T\u00f2a \u00e1n Nh\u00e2n d\u00e2n Huy\u1ec7n \u0110\u00f4ng Anh - QL23 ", "28": "Ng\u00e3 4 Qu\u1ed1c L\u1ed9 23B - Qu\u1ed1c l\u1ed9 3 ", "29": "\u0110\u1ed1i di\u1ec7n Vi\u1ec7n ki\u1ec3m so\u00e1t \u0110\u00f4ng Anh - Cao L\u1ed7", "30": "\u0110\u1ed1i di\u1ec7n s\u1ed1 03-05 Ph\u1ed1 T\u00f3, Uy N\u1ed7 - Cao L\u1ed7", "31": "S\u1ed1 94 - 98 Cao L\u1ed7", "32": "G\u1ea7n ng\u00e3 4 Cao L\u1ed7, Vi\u1ec7t H\u00f9ng 200m - Cao L\u1ed7", "33": "Tr\u01b0\u1edbc 150m ng\u00e3 3 Vi\u1ec7t H\u00f9ng - \u0110\u00e0o Cam M\u1ed9c (ng\u00e3 3 Gi\u1ea7y da) , \u0111\u01b0\u1eddng Vi\u1ec7t H\u00f9ng", "34": "G\u1ea7n ng\u00e3 3 tr\u01b0\u1eddng THCS Vi\u1ec7t H\u00f9ng 200m", "35": "Tr\u01b0\u1eddng THPT Li\u00ean H\u00e0", "36": "C\u00f4ng an huy\u1ec7n \u0110\u00f4ng Anh - 118 Li\u00ean H\u00e0", "37": "\u0110\u1ed1i di\u1ec7n TT y t\u1ebf huy\u1ec7n \u0110\u00f4ng Anh - Li\u00ean H\u00e0", "38": "\u0110\u1ed1i di\u1ec7n THCS V\u00e2n H\u00e0 - Nguy\u1ec5n Th\u1ef1c", "39": "UBND x\u00e3 V\u00e2n H\u00e0 - Nguy\u1ec5n Th\u1ef1c", "40": "(A) V\u00e2n H\u00e0 (\u0110\u00f4ng Anh) - Tuy\u1ebfn 61"}}