{"Lat": {"0": 21.0281, "1": 21.027151, "2": 21.0344, "3": 21.038632999999997, "4": 21.050738, "5": 21.0574666667, "6": 21.0622, "7": 21.07015, "8": 21.0771833333, "9": 21.1171666667, "10": 21.12645, "11": 21.1319, "12": 21.1418, "13": 21.1530833333, "14": 21.1581833333, "15": 21.1652666667, "16": 21.18675, "17": 21.1859333333, "18": 21.187383333299998, "19": 21.1948333333, "20": 21.2017666667, "21": 21.2068166667}, "BusStopCode": {"0": 1817, "1": 578, "2": 580, "3": 2137, "4": 594, "5": 595, "6": 597, "7": 596, "8": 598, "9": 882, "10": 883, "11": 885, "12": 886, "13": 887, "14": 888, "15": 889, "16": 907, "17": 1818, "18": 1819, "19": 1820, "20": 1821, "21": 1822}, "FleetOver": {"0": "53B", "1": "103,16,21B,22B,29,30,33,34,44,46,53B,60A,60B,74,84,88", "2": "16,29,33,34,35A,46,53B,60A,60B,61,97", "3": "13,35A,53B", "4": "07,14,14CT,27,35A,38,45,46,53A,53B,60A,60B,61", "5": "07,14,14CT,27,35A,38,45,46,53A,53B,60A,60B,61", "6": "07,14,14CT,27,28,35A,38,45,46,53A,53B,60A,60B,61", "7": "07,14,14CT,28,35B,46,53A,53B,56A,56C,57,60A,60B,61,93,95", "8": "07,14,14CT,28,35B,46,53A,53B,56A,56C,57,60A,60B,61,93,95", "9": "07,35B,53A,53B,56A,56C,58,60B,61,93,95", "10": "07,35B,53A,53B,56A,56C,58,61,64,93,95", "11": "07,35B,53A,53B,56A,56C,58,61,64,93,95", "12": "07,35B,53A,53B,56A,56C,58,61,64,93,95", "13": "07,35B,53A,53B,56A,56C,58,61,64,93,95", "14": "07,35B,53A,53B,56A,56C,58,61,64,93,95", "15": "07,53B,56A,56C,58,64,93,95", "16": "07,53B,56A,56C,58,64,93,95", "17": "53B,93", "18": "53B,93", "19": "53B,93", "20": "53B,93", "21": "53B"}, "Lng": {"0": 105.7785, "1": 105.77920800000001, "2": 105.78043333299999, "3": 105.781067, "4": 105.781663, "5": 105.782766667, "6": 105.784016667, "7": 105.78555, "8": 105.7868, "9": 105.78415, "10": 105.78116666700001, "11": 105.7792, "12": 105.77868333299999, "13": 105.7792, "14": 105.77943333299999, "15": 105.779733333, "16": 105.780383, "17": 105.775566667, "18": 105.77133333299999, "19": 105.76241666700001, "20": 105.75426666700001, "21": 105.74786666700001}, "Name": {"0": "(A) BX M\u1ef9 \u0110\u00ecnh - Tuy\u1ebfn 53B        ", "1": "\u0110\u1ed1i di\u1ec7n B\u1ebfn xe kh\u00e1ch M\u1ef9 \u0110\u00ecnh - Ph\u1ea1m H\u00f9ng (c\u1ed9t tr\u01b0\u1edbc)", "2": "\u0110\u1ed1i di\u1ec7n B\u1ec7nh vi\u1ec7n \u0111a khoa y h\u1ecdc c\u1ed5 truy\u1ec1n - Ph\u1ea1m H\u00f9ng", "3": "H\u00e8 g\u1ea7n h\u1ea7m chui cho ng\u01b0\u1eddi \u0111i b\u1ed9 qua \u0111\u01b0\u1eddng khu v\u1ef1c c\u1ea7u Mai D\u1ecbch (tr\u01b0\u1edbc c\u1ed5ng tr\u01b0\u1eddng \u0110HNN 70m)", "4": "36A Ph\u1ea1m V\u0103n \u0110\u1ed3ng", "5": "527 Ph\u1ea1m V\u0103n \u0110\u1ed3ng", "6": "Qua 70m \u0111\u01b0\u1eddng v\u00e0o c\u00f4ng vi\u00ean H\u00f2a B\u00ecnh - Ph\u1ea1m V\u0103n \u0110\u1ed3ng", "7": "373 Ph\u1ea1m V\u0103n \u0110\u1ed3ng", "8": "113 Ph\u1ea1m V\u0103n \u0110\u1ed3ng", "9": "Qua ng\u00e3 3 H\u1ea3i B\u1ed1i - V\u0129nh Ng\u1ecdc 300m", "10": "Qua ng\u00e3 t\u01b0 khu CN Th\u0103ng Long 100m (chi\u1ec1u H\u00e0 N\u1ed9i - N\u1ed9i B\u00e0i)", "11": "\u0110\u1ed1i di\u1ec7n UBND x\u00e3 Kim Chung- Km 2+230 Cao t\u1ed1c BTL-NB", "12": "Qua c\u1ea7u chui d\u00e2n sinh s\u1ed1 4 - \u0111\u01b0\u1eddng v\u00e0o th\u00f4n Nhu\u1ebf, Km 11+200 (chi\u1ec1u H\u00e0 N\u1ed9i \u0111i s\u00e2n bay N\u1ed9i B\u00e0i)", "13": "C\u1ea7u V\u00e2n Tr\u00ec- Km 4+560 Cao t\u1ed1c BTL-NB", "14": "Tr\u01b0\u1edbc 70m c\u1ea7u v\u01b0\u1ee3t Ng\u00e3 t\u01b0 Nam H\u1ed3ng Cao t\u1ed1c BTL-NB", "15": "C\u00f4ng ty c\u01a1 kh\u00ed Nam H\u1ed3ng- Km 6+120 Cao t\u1ed1c BTL-NB", "16": "KCN Quang Minh - Km 8+150 Cao t\u1ed1c BTL-NB", "17": "C\u00f4ng ty CP thi\u1ebft b\u1ecb x\u00e2y d\u1ef1ng La Th\u00e0nh", "18": "\u0110\u1ed1i di\u1ec7n t\u1ed5ng c\u00f4ng ty LIAMA", "19": "\u0110\u1ed1i di\u1ec7n c\u00f4ng ty C\u1ed5 ph\u1ea7n Th\u00f4ng Minh MK", "20": "\u0110\u1ed1i di\u1ec7n B\u01b0u \u0111i\u1ec7n huy\u1ec7n M\u00ea Linh", "21": "(B) KCN Quang Minh"}}