{"Lat": {"0": 20.8644833333, "1": 20.8636, "2": 20.8540166667, "3": 20.842783333299998, "4": 20.83075, "5": 20.8234, "6": 20.8064, "7": 20.7969166667, "8": 20.7857166667, "9": 20.7732333333, "10": 20.76915, "11": 20.76215, "12": 20.755955, "13": 20.746983333299998, "14": 20.7412833333, "15": 20.7377333333, "16": 20.7310166667, "17": 20.7207, "18": 20.7189166667, "19": 20.7182333333, "20": 20.7153, "21": 20.7119333333, "22": 20.7085166667, "23": 20.7084833333, "24": 20.7033666667, "25": 20.699916666700002, "26": 20.695966666700002, "27": 20.6924166667, "28": 20.6878833333, "29": 20.6839166667, "30": 20.679816666700003, "31": 20.6734, "32": 20.6687333333, "33": 20.665, "34": 20.661288, "35": 20.6543833333, "36": 20.6525, "37": 20.6511}, "BusStopCode": {"0": 4219, "1": 1234, "2": 1235, "3": 1236, "4": 1237, "5": 1238, "6": 1239, "7": 1240, "8": 1241, "9": 1242, "10": 1243, "11": 1244, "12": 1245, "13": 1246, "14": 4220, "15": 1247, "16": 1248, "17": 1249, "18": 4221, "19": 4222, "20": 4223, "21": 4224, "22": 4225, "23": 4226, "24": 4227, "25": 4228, "26": 4229, "27": 4230, "28": 4231, "29": 4232, "30": 4233, "31": 4234, "32": 4235, "33": 4236, "34": 4237, "35": 4238, "36": 4239, "37": 4240}, "FleetOver": {"0": "108", "1": "06A,06C,06D,06E,101,108", "2": "06A,06C,06D,06E,101,108", "3": "06A,06C,06D,06E,101,108", "4": "06A,06C,06D,06E,101,108", "5": "06A,06C,06D,06E,101,108", "6": "06A,06C,06D,06E,101,108", "7": "06A,06C,06D,101,108", "8": "06A,06C,06D,101,108", "9": "06A,06C,06D,101,108", "10": "06A,06D,101,108", "11": "06A,06D,101,108", "12": "06A,06D,101,108", "13": "06A,06D,101,108", "14": "06A,101,108", "15": "06A,101,108", "16": "06A,101,108", "17": "06A,101,108", "18": "108", "19": "108", "20": "108", "21": "108", "22": "108", "23": "108", "24": "108", "25": "108", "26": "108", "27": "108", "28": "108", "29": "108", "30": "108", "31": "108", "32": "108", "33": "108", "34": "108", "35": "108", "36": "108", "37": "108"}, "Lng": {"0": 105.866983333, "1": 105.867016667, "2": 105.87023333299999, "3": 105.87278333299999, "4": 105.8777, "5": 105.88186666700001, "6": 105.88393333299999, "7": 105.886766667, "8": 105.89216666700001, "9": 105.899183333, "10": 105.903383333, "11": 105.909383333, "12": 105.91188700000001, "13": 105.9115, "14": 105.91343333299999, "15": 105.91346666700001, "16": 105.912366667, "17": 105.9115, "18": 105.912083333, "19": 105.917933333, "20": 105.92798333299999, "21": 105.929933333, "22": 105.94186666700001, "23": 105.94555, "24": 105.95128333299999, "25": 105.95471666700001, "26": 105.9559, "27": 105.95541666700001, "28": 105.95626666700001, "29": 105.956966667, "30": 105.95755, "31": 105.9572, "32": 105.9534, "33": 105.94511666700001, "34": 105.94363600000001, "35": 105.94698333299999, "36": 105.952666667, "37": 105.957916667}, "Name": {"0": "(A) BX Th\u01b0\u1eddng T\u00edn - Tuy\u1ebfn 108", "1": "Qua BX Th\u01b0\u1eddng T\u00edn 50m - Qu\u1ed1c L\u1ed9 1A", "2": "\u0110\u1ed1i di\u1ec7n c\u00f4ng ty PTXD Ho\u00e0ng Long - Qu\u1ed1c L\u1ed9 1A", "3": "C\u1eeda h\u00e0ng \u0111i\u1ec7n tho\u1ea1i di \u0111\u1ed9ng Minh Thanh - Qu\u1ed1c L\u1ed9 1A", "4": "\u0110\u00f4ng Y Ph\u00fac Ki\u00ean (Ch\u1ee3 C\u1ea7u) - Qu\u1ed1c L\u1ed9 1A", "5": "Qua \u0111\u01b0\u1eddng v\u00e0o x\u01b0\u1edfng th\u00eau tay - Qu\u1ed1c L\u1ed9 1A", "6": "C\u1eeda h\u00e0ng \u0110TD\u0110 M\u1ea1nh C\u01b0\u1eddng (27 T\u00f4 Hi\u1ec7u - Ph\u1ed1 T\u00eda) - Qu\u1ed1c L\u1ed9 1A", "7": "R\u1eb7ng nh\u00e3n - G\u1ea7n ga T\u00eda - Km 201+50 - Qu\u1ed1c L\u1ed9 1A", "8": "\u0110\u1ed1i di\u1ec7n \u0111\u00ecnh Ngu\u1ed9n - Qu\u1ed1c L\u1ed9 1A", "9": "C\u1eeda h\u00e0ng \u0111\u1ed3 g\u1ed7 Thanh B\u00ecnh - qua c\u1ea7u \u0110\u1ed7 X\u00e1 - Qu\u1ed1c l\u1ed9 1A", "10": "\u0110\u1ed1i di\u1ec7n caf\u00e9 M\u00ea Trang - Qu\u1ed1c L\u1ed9 1A", "11": "C\u1eeda h\u00e0ng \u0111i\u1ec7n l\u1ea1nh H\u1eb1ng - D\u1ecbu - Qu\u1ed1c L\u1ed9 1A", "12": "\u0110\u1ed1i di\u1ec7n \u0111\u1ed3 g\u1ed7 \u00cdch B\u00f9i (H5/206) - Ph\u1ed1 S\u1ed5 - Qu\u1ed1c L\u1ed9 1A", "13": "\u0110\u1ed3 g\u1ed7 M\u1ef9 H\u00e0 - Qu\u1ed1c L\u1ed9 1A", "14": "Qua 60m \u0111\u1ed1i di\u1ec7n l\u1ed1i v\u00e0o C\u00f4ng ty \u0111i\u1ec7n l\u1ef1c Ph\u00fa Xuy\u00ean - Qu\u1ed1c L\u1ed9 1A", "15": "B\u01b0u \u0111i\u1ec7n Ph\u00fa Xuy\u00ean - Qu\u1ed1c L\u1ed9 1A", "16": "\u0110\u1ed1i di\u1ec7n c\u00f4ng ty gi\u1ed1ng c\u00e2y tr\u1ed3ng Nam D\u01b0\u01a1ng - Qu\u1ed1c L\u1ed9 1A", "17": "Ph\u1ed1 Gu\u1ed9t - Qu\u1ed1c L\u1ed9 1A", "18": "C\u1eeba h\u00e0ng c\u00e1 Thu\u1eadt Huy\u1ec1n - DT428", "19": "Tr\u01b0\u1edbc 70m h\u1ea7m cao t\u1ed1c QL1A m\u1edbi (\u0111\u1ed1i di\u1ec7n c\u1eeda h\u00e0ng Tatto H\u00e0 N\u1ed9i) - DT428", "20": "Qua 10m l\u1ed1i v\u00e0o th\u00f4n Ki\u1ec1u \u0110\u00f4ng - DT428", "21": "C\u1eeda h\u00e0ng s\u1eeda ch\u1eefa xe m\u00e1y \u0110\u00ecnh Kh\u00e1nh, th\u00f4n Ph\u00fac L\u00e2m - DT428", "22": "Qua \u0111\u1ed1i di\u1ec7n tr\u01b0\u1eddng THPT Ph\u00fa Xuy\u00ean B 30m - DT428", "23": "Qua \u0111\u1ed1i di\u1ec7n B\u01b0u \u0111i\u1ec7n ch\u1ee3 B\u00ecm 30m - DT428", "24": "\u0110\u1ed1i di\u1ec7n nh\u00e0 v\u0103n h\u00f3a th\u00f4n Nh\u00e2n S\u01a1n, x\u00e3 Tri Th\u1ee7y - DT428", "25": "Qua \u0111\u1ed1i di\u1ec7n THCS Tri Th\u1ee7y 30m (\u0110\u1ed1i di\u1ec7n Photo H\u1ea3o Thu) - DT428", "26": "Qua \u0111\u1ed1i di\u1ec7n c\u1ed5ng l\u00e0ng V\u0129nh Ninh 50m - DT428", "27": "Qua \u0111\u1ed1i di\u1ec7n \u0111\u01b0\u1eddng v\u00e0o th\u00f4n Ho\u00e0ng Nguy\u00ean 30m - DT428", "28": "Tr\u01b0\u1edbc 50m ng\u00e3 3 Ho\u00e0ng Nguy\u00ean - DT428", "29": "Tr\u01b0\u1edbc c\u1eaft t\u00f3c Tr\u01b0\u1eddng Xo\u0103n, Ch\u1ee3 B\u00e1i - DT428", "30": "B\u00e1ch h\u00f3a s\u01a1n (Tu\u1ea5n S\u01a1n), ch\u1ee3 B\u00e1i - DT428", "31": "Tr\u01b0\u1edbc 30m ng\u00e3 3 UBND x\u00e3 Minh T\u00e2n - DT428", "32": "Tr\u01b0\u1edbc 50m c\u1ea7u H\u00f2a Kh\u00ea - DT428", "33": "Qua 50m b\u1ebfn \u0111\u00f2 V\u0103n Ph\u00e1i - DT428", "34": "Tr\u01b0\u1edbc 30m Tr\u1ea1m b\u01a1m Th\u1ea7n Quy - DT428", "35": "Qua \u0111\u1ed1i di\u1ec7n c\u1eeda h\u00e0ng t\u1ea1p h\u00f3a Ng\u00e2n Ti\u1ebfn 15m, th\u00f4n Th\u1ea7n Quy - DT428", "36": "Tr\u01b0\u1edbc 50m \u0111\u1ed1i di\u1ec7n c\u1ed5ng \u0111\u1ed9i s\u1ea3n xu\u1ea5t s\u1ed1 9, th\u00f4n Th\u1ea7n Quy - DT428", "37": "(B) Minh T\u00e2n (B\u0110X bu\u00fdt Minh T\u00e2n)  - Tuy\u1ebfn 108"}}