{"Lat": {"0": 21.0172333333, "1": 21.017205, "2": 21.0182166667, "3": 21.02285, "4": 21.023866666700002, "5": 21.026, "6": 21.025, "7": 21.0238166667, "8": 21.02365, "9": 21.024810000000002, "10": 21.0222333333, "11": 21.0180166667, "12": 21.015416666700002, "13": 21.0096333333, "14": 21.006532999999997, "15": 21.02545, "16": 21.0245833333, "17": 21.0269, "18": 21.029766666700002, "19": 21.028117, "20": 21.023467, "21": 21.0216666667, "22": 21.0180666667, "23": 21.013416, "24": 21.00985, "25": 21.00745, "26": 21.004077, "27": 21.00135, "28": 20.99889, "29": 20.988567, "30": 20.9809833333, "31": 20.9646}, "BusStopCode": {"0": 1704, "1": 767, "2": 641, "3": 758, "4": 636, "5": 176, "6": 177, "7": 178, "8": 606, "9": 4209, "10": 759, "11": 760, "12": 761, "13": 503, "14": 2139, "15": 1815, "16": 2967, "17": 2968, "18": 1207, "19": 1208, "20": 1189, "21": 1190, "22": 1191, "23": 1192, "24": 1193, "25": 1194, "26": 1172, "27": 1173, "28": 1175, "29": 1177, "30": 1178, "31": 1735}, "FleetOver": {"0": "40", "1": "09,09CT,11,30,40,43,52A,52B", "2": "09,09CT,11,38,40,43", "3": "03,11,40,43", "4": "01,32,40", "5": "02,09,09CT,40", "6": "02,09,09CT,34,36,36CT,40", "7": "02,09CT,34,40", "8": "02,04,08ACT,08BCT,09CT,11,31,34,35A,40,49,86CT", "9": "40", "10": "02,03,24,35A,40,42,43,44,48,49,51,55,55B", "11": "19,40,45", "12": "19,40,45", "13": "19,24,40,45,48,51,55,55B", "14": "19,24,40,47B,48,51,55,55B", "15": "100,106,40,47B,52B,98", "16": "100,40,52B,98", "17": "100,40,52B,98", "18": "100,11,40,52A,52B", "19": "100,11,40,52A,52B", "20": "100,11,40,52A,52B", "21": "100,11,40,52A,52B", "22": "100,40,52A,52B", "23": "40,52A,52B", "24": "40,52A,52B", "25": "40,52A,52B", "26": "40,52A,52B", "27": "40,52A,52B", "28": "40", "29": "40", "30": "40", "31": "40"}, "Lng": {"0": 105.84385, "1": 105.84496100000001, "2": 105.847366667, "3": 105.846016667, "4": 105.8448, "5": 105.8467, "6": 105.85013333299999, "7": 105.85406666700001, "8": 105.856816667, "9": 105.858674, "10": 105.86118333299999, "11": 105.861866667, "12": 105.8625, "13": 105.864983333, "14": 105.86791699999999, "15": 105.8998, "16": 105.907283333, "17": 105.910867, "18": 105.91446666700001, "19": 105.920079, "20": 105.9319, "21": 105.936383333, "22": 105.94255, "23": 105.948829, "24": 105.95375, "25": 105.95711666700001, "26": 105.96246299999999, "27": 105.96533333299999, "28": 105.974551, "29": 105.97626699999999, "30": 105.984866667, "31": 105.9945}, "Name": {"0": "(A) CV Th\u1ed1ng Nh\u1ea5t - Tuy\u1ebfn 40", "1": "C\u00f4ng vi\u00ean Th\u1ed1ng Nh\u1ea5t - Tr\u1ea7n Nh\u00e2n T\u00f4ng", "2": "55 Quang Trung - \u0110\u1ed1i di\u1ec7n H\u1ed3 Thi\u1ec1n Quang", "3": "80 Tr\u1ea7n H\u01b0ng \u0110\u1ea1o - B\u1ed9 Giao th\u00f4ng v\u1eadn t\u1ea3i", "4": "65 Qu\u00e1n S\u1ee9 (\u0110\u1ed1i di\u1ec7n 80 Qu\u00e1n S\u1ee9)", "5": "49 Hai B\u00e0 Tr\u01b0ng - Th\u00e1p H\u00e0 N\u1ed9i", "6": "37 Hai B\u00e0 Tr\u01b0ng - B\u1ec7nh vi\u1ec7n Vi\u1ec7t Nam Cu Ba", "7": "\u0110\u1ed1i di\u1ec7n 16 Hai B\u00e0 Tr\u01b0ng (Ng\u00e3 4 Hai B\u00e0 Tr\u01b0ng- Ng\u00f4 Quy\u1ec1n)", "8": "\u0110\u1ed1i di\u1ec7n 6C Phan Chu Trinh", "9": "\u0110\u1ed1i di\u1ec7n s\u1ed1 1A Tr\u00e0ng Ti\u1ec1n - T\u1eadp \u0111o\u00e0n h\u00f3a ch\u1ea5t Vi\u1ec7t Nam", "10": "Tr\u1ea1m trung chuy\u1ec3n xe bu\u00fdt Tr\u1ea7n Kh\u00e1nh D\u01b0 (Khu \u0111\u00f3n kh\u00e1ch)", "11": "Trung t\u00e2m k\u1ef9 thu\u1eadt cao Vi\u1ec7n 108 (Qua ng\u00e3 3 Tr\u1ea7n Kh\u00e1nh D\u01b0 - Tr\u1ea7n H\u01b0ng \u0110\u1ea1o 50m)", "12": "B\u1ec7nh vi\u1ec7n H\u1eefu Ngh\u1ecb Vi\u1ec7t X\u00f4 - 1 Tr\u1ea7n Kh\u00e1nh D\u01b0", "13": "C\u1ea1nh ng\u00f5 18 Nguy\u1ec5n Kho\u00e1i (\u0110\u1ed1i di\u1ec7n V\u00e2n \u0110\u1ed3n Hotel)", "14": "H\u00e8 tr\u01b0\u1edbc s\u1ed1 nh\u00e0 202 - 204 Nguy\u1ec5n Kho\u00e1i", "15": "\u0110\u1ed1i di\u1ec7n Aeon Mall Long Bi\u00ean (C\u1ed9t \u0111i\u1ec7n T4A/2A-B \u0111\u01b0\u1eddng C\u1ed5 Linh)", "16": "S\u1ed1 183 Th\u1ea1ch B\u00e0n", "17": "\u0110\u1ed1i di\u1ec7n 30 Th\u1ea1ch B\u00e0n", "18": "\u0110\u01b0\u1eddng v\u00e0o \u0111\u01b0\u1eddng Th\u1ea1ch B\u00e0n - \u0110\u1ed1i di\u1ec7n 693 Nguy\u1ec5n V\u0103n Linh", "19": "\u0110\u1ed1i di\u1ec7n C\u00f4ng ty May 10 - Nguy\u1ec5n V\u0103n Linh", "20": "Qua ng\u00e3 3 c\u1ea7u Thanh Tr\u00ec - Nguy\u1ec5n \u0110\u1ee9c Thu\u1eadn", "21": "\u0110\u1ed1i di\u1ec7n b\u01b0u \u0111i\u1ec7n Tr\u00e2u Qu\u1ef3 - Nguy\u1ec5n \u0110\u1ee9c Thu\u1eadn", "22": "\u0110\u1ed1i di\u1ec7n TT Th\u1ec3 d\u1ee5c th\u1ec3 thao Gia L\u00e2m - Nguy\u1ec5n \u0110\u1ee9c Thu\u1eadn", "23": "\u0110\u1ed1i di\u1ec7n K\u0110T \u0110\u1eb7ng X\u00e1 (Km 8+00 Qu\u1ed1c l\u1ed9 5) - Nguy\u1ec5n \u0110\u1ee9c Thu\u1eadn", "24": "\u0110\u1ed1i di\u1ec7n KCN Gia L\u00e2m - Nguy\u1ec5n \u0110\u1ee9c Thu\u1eadn", "25": "\u0110\u1ed1i di\u1ec7n \u0111\u01b0\u1eddng v\u00e0o Nh\u00e0 m\u00e1y S\u1eefa H\u00e0 N\u1ed9i - Nguy\u1ec5n \u0110\u1ee9c Thu\u1eadn", "26": "C\u1ed5ng Ga Ph\u00fa Th\u1ecb - Nguy\u1ec5n B\u00ecnh", "27": "G\u1ea7n c\u1ea7u v\u01b0\u1ee3t 4 Ph\u00fa Th\u1ecb - Nguy\u1ec5n B\u00ecnh", "28": "Tr\u01b0\u1edbc l\u1ed1i r\u1ebd v\u00e0o Tr\u01b0\u1eddng Cao \u0110\u1eb3ng kinh t\u1ebf k\u1ef9 thu\u1eadt TW", "29": "Ng\u00e3 ba Nh\u01b0 Qu\u1ef3nh - QL5", "30": "Nh\u00e0 28 - 30 Th\u1ecb tr\u1ea5n Nh\u01b0 Qu\u1ef3nh - QL5", "31": "(B) V\u0103n L\u00e2m - Tuy\u1ebfn 40"}}