{"Lat": {"0": 21.068217, "1": 21.066, "2": 21.0630666667, "3": 21.0604833333, "4": 21.0490833333, "5": 21.0462666667, "6": 21.043913, "7": 21.031983333299998, "8": 21.031003, "9": 21.0272, "10": 21.0247833333, "11": 21.019993, "12": 21.019287, "13": 21.018933333299998, "14": 21.015595, "15": 21.01015, "16": 21.0049166667, "17": 21.00095, "18": 20.9931833333, "19": 20.9876, "20": 20.9842333333, "21": 20.97985}, "BusStopCode": {"0": 3423, "1": 28, "2": 29, "3": 30, "4": 862, "5": 863, "6": 864, "7": 96, "8": 66, "9": 717, "10": 718, "11": 719, "12": 251, "13": 252, "14": 327, "15": 328, "16": 157, "17": 158, "18": 159, "19": 160, "20": 161, "21": 3424}, "FleetOver": {"0": "41", "1": "31,41,55,55B,58", "2": "31,41,55,55B,58", "3": "31,41,55,55B,58,86,86CT", "4": "31,41,50,55,55B,58", "5": "31,41,50,55,55B,58,86,86CT", "6": "31,41,50,55,55B,58", "7": "09,09CT,18,41,45", "8": "02,23,41", "9": "02,25,41", "10": "02,25,41", "11": "02,25,41", "12": "01,09,09CT,30,41,49", "13": "01,09,09CT,30,41,49", "14": "03,32,41", "15": "03,32,41", "16": "03,21A,21B,25,28,32,41", "17": "03,18,21A,21B,23,25,28,32,41,99", "18": "03,03B,08A,08ACT,08B,08BCT,16,21A,21B,25,28,32,41", "19": "03,03B,08A,08ACT,08B,08BCT,16,21A,21B,25,28,32,41", "20": "03,03B,08A,08ACT,08B,08BCT,12,16,21A,21B,25,28,32,41", "21": "41"}, "Lng": {"0": 105.826167, "1": 105.82815, "2": 105.83200000000001, "3": 105.8331, "4": 105.84153333299999, "5": 105.84416666700001, "6": 105.84713799999999, "7": 105.83986666700001, "8": 105.836075, "9": 105.83385, "10": 105.8328, "11": 105.830519, "12": 105.83339, "13": 105.83853333299999, "14": 105.84133500000002, "15": 105.84128333299999, "16": 105.8412, "17": 105.84118333299999, "18": 105.84108333299999, "19": 105.84095, "20": 105.840916667, "21": 105.841916667}, "Name": {"0": "(A) Nghi T\u00e0m - Tuy\u1ebfn 41", "1": "215 \u00c2u C\u01a1 (\u0110\u1ed1i di\u1ec7n Ch\u1ee3 \u0111\u1ed3 c\u0169 Qu\u1ea3ng An)", "2": "111 \u00c2u c\u01a1", "3": "33 \u00c2u C\u01a1", "4": "Tr\u01b0\u1eddng M\u1ea1c \u0110\u0129nh Chi - Y\u00ean Ph\u1ee5 (\u0111\u01b0\u1eddng xe bu\u00fdt)", "5": "Qua n\u00fat giao C\u1eeda B\u1eafc 120m - Y\u00ean Ph\u1ee5 (\u0111\u01b0\u1eddng xe bu\u00fdt)", "6": "Tr\u01b0\u1edbc n\u00fat giao H\u00e0ng Than 70m - Y\u00ean Ph\u1ee5 (\u0111\u01b0\u1eddng xe bu\u00fdt)", "7": "C\u1ed9t c\u1edd H\u00e0 N\u1ed9i - \u0110i\u1ec7n Bi\u00ean Ph\u1ee7", "8": "B\u1ec7nh vi\u1ec7n Xanhpon - 12 Chu V\u0103n An", "9": "92-94 T\u00f4n \u0110\u1ee9c Th\u1eafng", "10": "160 T\u00f4n \u0110\u1ee9c Th\u1eafng", "11": "276 T\u00f4n \u0110\u1ee9c Th\u1eafng", "12": "221A-221B Kh\u00e2m Thi\u00ean (\u0110\u1ed1i di\u1ec7n 302)", "13": "\u0110\u00e0i t\u01b0\u1edfng ni\u1ec7m Kh\u00e2m Thi\u00ean - 45 Kh\u00e2m Thi\u00ean", "14": "254-256 L\u00ea Du\u1ea9n", "15": "358-360 L\u00ea Du\u1ea9n", "16": "\u0110\u1ed1i di\u1ec7n c\u1ed5ng Parabol \u0110H B\u00e1ch Khoa - 64 Gi\u1ea3i Ph\u00f3ng", "17": "B\u1ec7nh vi\u1ec7n B\u1ea1ch Mai - 78 Gi\u1ea3i Ph\u00f3ng", "18": "196 Gi\u1ea3i Ph\u00f3ng - Ng\u00e2n h\u00e0ng N\u00f4ng nghi\u1ec7p & PTNT Chi nh\u00e1nh Nam H\u00e0 N\u1ed9i", "19": "352 Gi\u1ea3i Ph\u00f3ng", "20": "\u0110\u1ed1i di\u1ec7n 807 Gi\u1ea3i Ph\u00f3ng", "21": "(B) BX Gi\u00e1p B\u00e1t - Tuy\u1ebfn 41"}}