{"Lat": {"0": 21.023305999999998, "1": 21.0186, "2": 21.020566666700002, "3": 21.026733333299997, "4": 21.024033, "5": 21.024998999999998, "6": 21.026448000000002, "7": 21.027383333299998, "8": 21.02945, "9": 21.031983333299998, "10": 21.0341833333, "11": 21.0345333333, "12": 21.03515, "13": 21.0354666667, "14": 21.03635, "15": 21.0328166667, "16": 21.029975, "17": 21.028795000000002, "18": 21.026866666700002, "19": 21.0230666667, "20": 21.0233, "21": 21.0234666667, "22": 21.0222, "23": 21.018205, "24": 21.0182, "25": 21.019182999999998, "26": 21.017232999999997, "27": 21.0132833333, "28": 21.0101, "29": 21.010616666700002, "30": 21.0113166667, "31": 21.00885, "32": 21.007616666700002, "33": 21.0103166667, "34": 21.01687, "35": 21.019287, "36": 21.018933333299998, "37": 21.017205, "38": 21.0182166667, "39": 21.018833333299998, "40": 21.022033, "41": 21.02365, "42": 21.023120000000002}, "BusStopCode": {"0": 1938, "1": 754, "2": 347, "3": 391, "4": 179, "5": 180, "6": 726, "7": 727, "8": 95, "9": 96, "10": 339, "11": 106, "12": 107, "13": 108, "14": 369, "15": 370, "16": 2760, "17": 62, "18": 138, "19": 139, "20": 72, "21": 73, "22": 477, "23": 478, "24": 471, "25": 249, "26": 250, "27": 322, "28": 143, "29": 1900, "30": 677, "31": 678, "32": 665, "33": 666, "34": 519, "35": 251, "36": 252, "37": 767, "38": 641, "39": 629, "40": 397, "41": 606, "42": 1937}, "FleetOver": {"0": "09CT", "1": "02,03,09CT,14CT,35A,42,43,44,45,49", "2": "02,09CT,14CT,18,23,40,45,49", "3": "04,08ACT,08BCT,09CT,11,14CT,18,23,31,34", "4": "02,09CT,34,36CT,40", "5": "02,09CT,34,36,36CT,40", "6": "02,09,09CT,45", "7": "02,09,09CT,45", "8": "02,09,09CT,32,34,45", "9": "09,09CT,18,41,45", "10": "09,09CT,18", "11": "09,09CT", "12": "09,09CT", "13": "09,09CT", "14": "09,09CT,90", "15": "09,09CT,90", "16": "09,09CT,27,28,32,34,38", "17": "09,09CT,105,20A,20B,26,27,28,32,34,38", "18": "09,09CT,105,16,24", "19": "09,09CT,16,24", "20": "09,09CT", "21": "09,09CT", "22": "09,09CT,107,12,22A,26,27", "23": "09,09CT,107,12,22A,26,27,35A", "24": "09,09CT,107,12,22A,26,27,35A", "25": "09,09CT,12,26,35A", "26": "09,09CT,12,26,35A", "27": "09,09CT,30,50", "28": "09,09CT,16,24,27,51,84", "29": "09,09CT,84", "30": "09,09CT,18", "31": "09,09CT,18", "32": "09,09CT,18,51", "33": "01,02,09,09CT,23", "34": "01,02,09,09CT", "35": "01,09,09CT,30,41,49", "36": "01,09,09CT,30,41,49", "37": "09,09CT,11,30,40,43,52A,52B", "38": "09,09CT,11,38,40,43", "39": "08A,08ACT,08B,08BCT,09,09CT,31,35A,36,36CT", "40": "08ACT,08BCT,09CT,31,36CT,45,49", "41": "02,04,08ACT,08BCT,09CT,11,31,34,35A,40,49,86CT", "42": "09CT"}, "Lng": {"0": 105.860671, "1": 105.86056666700001, "2": 105.85826666700001, "3": 105.85621666700001, "4": 105.85366, "5": 105.850397, "6": 105.84966599999998, "7": 105.84665, "8": 105.84238333299999, "9": 105.83986666700001, "10": 105.83426666700001, "11": 105.8304, "12": 105.823433333, "13": 105.81891666700001, "14": 105.81463333299999, "15": 105.8135, "16": 105.811073, "17": 105.803723, "18": 105.79886666700001, "19": 105.79931666700001, "20": 105.80263333299999, "21": 105.80601666700001, "22": 105.809366667, "23": 105.807047, "24": 105.80741666700001, "25": 105.80961200000002, "26": 105.813565, "27": 105.812683333, "28": 105.81196666700001, "29": 105.81623333299999, "30": 105.81768333299999, "31": 105.81973333299999, "32": 105.82365, "33": 105.82505, "34": 105.82902299999999, "35": 105.83339, "36": 105.83853333299999, "37": 105.84496100000001, "38": 105.847366667, "39": 105.851716667, "40": 105.854867, "41": 105.856816667, "42": 105.86071899999999}, "Name": {"0": "(B) Tr\u1ea7n Kh\u00e1nh D\u01b0 - Tuy\u1ebfn 09CT", "1": "\u0110\u1ed1i di\u1ec7n B\u1ec7nh Vi\u1ec7n Trung \u01b0\u01a1ng Qu\u00e2n \u0111\u1ed9i 108 - Tr\u1ea7n H\u01b0ng \u0110\u1ea1o", "2": "\u0110\u1ea1i h\u1ecdc Khoa h\u1ecdc t\u1ef1 nhi\u00ean - 19 L\u00ea Th\u00e1nh T\u00f4ng", "3": "51 L\u00fd Th\u00e1i T\u1ed5 - Ng\u00e2n h\u00e0ng Nh\u00e0 n\u01b0\u1edbc Vi\u1ec7t Nam", "4": "22B Hai B\u00e0 Tr\u01b0ng - C\u1ea1nh Tr\u00e0ng Ti\u1ec1n Plaza", "5": "48 Hai B\u00e0 Tr\u01b0ng - Vi\u1ec7n Ki\u1ec3m Nghi\u1ec7m thu\u1ed1c Trung \u01b0\u01a1ng", "6": "6-8 Tr\u00e0ng Thi (Qua ng\u00e3 4 Tr\u00e0ng Thi - L\u00fd Qu\u1ed1c S\u01b0)", "7": "B\u1ec7nh vi\u1ec7n Vi\u1ec7t \u0110\u1ee9c - 40 Tr\u00e0ng Thi", "8": "12A \u0110i\u1ec7n Bi\u00ean Ph\u1ee7", "9": "C\u1ed9t c\u1edd H\u00e0 N\u1ed9i - \u0110i\u1ec7n Bi\u00ean Ph\u1ee7", "10": "18A L\u00ea H\u1ed3ng Phong - \u0110\u1ed1i di\u1ec7n 23 L\u00ea H\u1ed3ng Phong", "11": "Tr\u1ea1m bi\u1ebfn \u00e1p \u0110\u1ed9i C\u1ea5n 2 - S\u1ed1 nh\u00e0 47 ph\u1ed1 \u0110\u1ed9i C\u1ea5n", "12": "195B \u0110\u1ed9i C\u1ea5n", "13": "285 \u0110\u1ed9i C\u1ea5n - C\u00f4ng ty D\u1ec7t Kim H\u00e0 N\u1ed9i", "14": "22 Li\u1ec5u Giai", "15": "Tr\u01b0\u1eddng Qu\u1ed1c t\u1ebf H\u00e0 N\u1ed9i - 48 Li\u1ec5u Giai", "16": "H\u00e8 c\u1ea1nh Kh\u00e1ch s\u1ea1n Daewoo H\u00e0 N\u1ed9i", "17": "\u0110i\u1ec3m trung chuy\u1ec3n C\u1ea7u Gi\u1ea5y - Th\u1ee7 L\u1ec7 02", "18": "C\u1ea7u Y\u00ean H\u00f2a - \u0110\u1ed1i di\u1ec7n 1166 \u0111\u01b0\u1eddng L\u00e1ng", "19": "\u0110\u1ed1i di\u1ec7n 1014 \u0110\u01b0\u1eddng L\u00e1ng - C\u1ea7u C\u00f3t", "20": "Tr\u01b0\u1eddng THCS L\u00e1ng Th\u01b0\u1ee3ng - 159 Ch\u00f9a L\u00e1ng", "21": "85-87 Ch\u00f9a L\u00e1ng", "22": "\u0110\u1ed1i di\u1ec7n \u0110\u1ea1i h\u1ecdc Lu\u1eadt H\u00e0 N\u1ed9i - Nguy\u1ec5n Ch\u00ed Thanh", "23": "Trung t\u00e2m y t\u1ebf d\u1ef1 ph\u00f2ng HN - 70 Nguy\u1ec5n Ch\u00ed Thanh", "24": "KTX \u0110\u1ea1i h\u1ecdc Giao th\u00f4ng V\u1eadn t\u1ea3i - 99 Nguy\u1ec5n Ch\u00ed Thanh", "25": "57A Hu\u1ef3nh Th\u00fac Kh\u00e1ng", "26": "7 Hu\u1ef3nh Th\u00fac Kh\u00e1ng - C\u1ea1nh \u0110\u00e0i Truy\u1ec1n h\u00ecnh H\u00e0 N\u1ed9i", "27": "Vi\u1ec7n C\u00f4ng Ngh\u1ec7 X\u1ea1 Hi\u1ebfm - 48 L\u00e1ng H\u1ea1", "28": "\u0110\u1ed1i di\u1ec7n 498 \u0110\u01b0\u1eddng L\u00e1ng", "29": "119 Y\u00ean L\u00e3ng", "30": "104 A49 Th\u00e1i Th\u1ecbnh", "31": "B\u1ec7nh vi\u1ec7n Ch\u00e2m C\u1ee9u Trung \u01b0\u01a1ng - 49 Th\u00e1i Th\u1ecbnh", "32": "\u0110\u1ea1i h\u1ecdc Thu\u1ef7 L\u1ee3i - 175 T\u00e2y S\u01a1n (c\u1ed9t sau)", "33": "\u0110\u1ea1i h\u1ecdc C\u00f4ng \u0110o\u00e0n - 169 T\u00e2y S\u01a1n", "34": "83 Nguy\u1ec5n L\u01b0\u01a1ng B\u1eb1ng", "35": "221A-221B Kh\u00e2m Thi\u00ean (\u0110\u1ed1i di\u1ec7n 302)", "36": "\u0110\u00e0i t\u01b0\u1edfng ni\u1ec7m Kh\u00e2m Thi\u00ean - 45 Kh\u00e2m Thi\u00ean", "37": "C\u00f4ng vi\u00ean Th\u1ed1ng Nh\u1ea5t - Tr\u1ea7n Nh\u00e2n T\u00f4ng", "38": "55 Quang Trung - \u0110\u1ed1i di\u1ec7n H\u1ed3 Thi\u1ec1n Quang", "39": "25A-25B Ph\u1ed1 Hu\u1ebf", "40": "25 L\u00fd Th\u01b0\u1eddng Ki\u1ec7t", "41": "\u0110\u1ed1i di\u1ec7n 6C Phan Chu Trinh", "42": "(A) Tr\u1ea7n Kh\u00e1nh D\u01b0 - Tuy\u1ebfn 09CT"}}