{"Lat": {"0": 21.0460166667, "1": 21.04629, "2": 21.050738, "3": 21.0574666667, "4": 21.0622, "5": 21.07015, "6": 21.0771833333, "7": 21.1171666667, "8": 21.12645, "9": 21.1319, "10": 21.1418, "11": 21.1530833333, "12": 21.1581833333, "13": 21.1600333333, "14": 21.1614, "15": 21.1608, "16": 21.1572, "17": 21.15505, "18": 21.1542833333, "19": 21.1527333333, "20": 21.1521166667, "21": 21.151595, "22": 21.1502166667, "23": 21.1466, "24": 21.142466666700003, "25": 21.1408833333, "26": 21.139666666700002, "27": 21.13785, "28": 21.1373833333}, "BusStopCode": {"0": 1709, "1": 227, "2": 594, "3": 595, "4": 597, "5": 596, "6": 598, "7": 882, "8": 883, "9": 885, "10": 886, "11": 887, "12": 888, "13": 1007, "14": 2953, "15": 2954, "16": 2955, "17": 2956, "18": 2957, "19": 1001, "20": 999, "21": 1005, "22": 998, "23": 996, "24": 995, "25": 874, "26": 875, "27": 876, "28": 880}, "FleetOver": {"0": "53A", "1": "38,53A", "2": "07,14,14CT,27,35A,38,45,46,53A,53B,60A,60B,61", "3": "07,14,14CT,27,35A,38,45,46,53A,53B,60A,60B,61", "4": "07,14,14CT,27,28,35A,38,45,46,53A,53B,60A,60B,61", "5": "07,14,14CT,28,35B,46,53A,53B,56A,56C,57,60A,60B,61,93,95", "6": "07,14,14CT,28,35B,46,53A,53B,56A,56C,57,60A,60B,61,93,95", "7": "07,35B,53A,53B,56A,56C,58,60B,61,93,95", "8": "07,35B,53A,53B,56A,56C,58,61,64,93,95", "9": "07,35B,53A,53B,56A,56C,58,61,64,93,95", "10": "07,35B,53A,53B,56A,56C,58,61,64,93,95", "11": "07,35B,53A,53B,56A,56C,58,61,64,93,95", "12": "07,35B,53A,53B,56A,56C,58,61,64,93,95", "13": "35B,53A,61", "14": "53A,61,96", "15": "53A,61,96", "16": "53A,61,96", "17": "53A,61,96", "18": "53A,61,96", "19": "53A,61", "20": "53A,61", "21": "53A,61", "22": "53A,61", "23": "53A,61", "24": "53A,61", "25": "43,53A,59,61", "26": "43,53A,59,61,65", "27": "43,53A,59,61,65", "28": "53A"}, "Lng": {"0": 105.78346666700001, "1": 105.78481599999999, "2": 105.781663, "3": 105.782766667, "4": 105.784016667, "5": 105.78555, "6": 105.7868, "7": 105.78415, "8": 105.78116666700001, "9": 105.7792, "10": 105.77868333299999, "11": 105.7792, "12": 105.77943333299999, "13": 105.78345, "14": 105.786566667, "15": 105.7932, "16": 105.80353333299999, "17": 105.80863333299999, "18": 105.81385, "19": 105.8239, "20": 105.829416667, "21": 105.832939, "22": 105.83553333299999, "23": 105.83901666700001, "24": 105.843133333, "25": 105.84685, "26": 105.8539, "27": 105.859033333, "28": 105.86105}, "Name": {"0": "(A) Ho\u00e0ng Qu\u1ed1c Vi\u1ec7t - Tuy\u1ebfn 53", "1": "Tr\u1ea1m trung chuy\u1ec3n xe bu\u00fdt Ho\u00e0ng Qu\u1ed1c Vi\u1ec7t (c\u1ed9t tr\u01b0\u1edbc) - chi\u1ec1u \u0111i Ph\u1ea1m V\u0103n \u0110\u1ed3ng", "2": "36A Ph\u1ea1m V\u0103n \u0110\u1ed3ng", "3": "527 Ph\u1ea1m V\u0103n \u0110\u1ed3ng", "4": "Qua 70m \u0111\u01b0\u1eddng v\u00e0o c\u00f4ng vi\u00ean H\u00f2a B\u00ecnh - Ph\u1ea1m V\u0103n \u0110\u1ed3ng", "5": "373 Ph\u1ea1m V\u0103n \u0110\u1ed3ng", "6": "113 Ph\u1ea1m V\u0103n \u0110\u1ed3ng", "7": "Qua ng\u00e3 3 H\u1ea3i B\u1ed1i - V\u0129nh Ng\u1ecdc 300m", "8": "Qua ng\u00e3 t\u01b0 khu CN Th\u0103ng Long 100m (chi\u1ec1u H\u00e0 N\u1ed9i - N\u1ed9i B\u00e0i)", "9": "\u0110\u1ed1i di\u1ec7n UBND x\u00e3 Kim Chung- Km 2+230 Cao t\u1ed1c BTL-NB", "10": "Qua c\u1ea7u chui d\u00e2n sinh s\u1ed1 4 - \u0111\u01b0\u1eddng v\u00e0o th\u00f4n Nhu\u1ebf, Km 11+200 (chi\u1ec1u H\u00e0 N\u1ed9i \u0111i s\u00e2n bay N\u1ed9i B\u00e0i)", "11": "C\u1ea7u V\u00e2n Tr\u00ec- Km 4+560 Cao t\u1ed1c BTL-NB", "12": "Tr\u01b0\u1edbc 70m c\u1ea7u v\u01b0\u1ee3t Ng\u00e3 t\u01b0 Nam H\u1ed3ng Cao t\u1ed1c BTL-NB", "13": "Ch\u00e2n c\u1ea7u v\u01b0\u1ee3t Nam H\u1ed3ng (tr\u01b0\u1edbc \u0111\u1ea3o tr\u00f2n ph\u00eda \u0110\u00f4ng Anh 50m) - \u0110\u01b0\u1eddng 23B", "14": "C\u00f4ng ty TNHH B\u1ea3o Y\u1ebfn (th\u00f4n \u0110\u00eca - Nam H\u1ed3ng) - QL 23B", "15": "S\u1ed1 nh\u00e0 40 - 42 (\u0110\u01b0\u1eddng 23B)", "16": "\u0110\u1ed1i di\u1ec7n C\u00f4ng ty B\u1eafc H\u00e0 - \u0110\u01b0\u1eddng 23B", "17": "\u0110\u1ed1i di\u1ec7n l\u1ed1i v\u00e0o L\u00e0ng v\u0103n h\u00f3a Th\u00f4n Nh\u00ec - \u0110\u01b0\u1eddng 23B", "18": "B\u01b0u \u0110i\u1ec7n V\u00e2n Tr\u00ec - QL 23B", "19": "\u0110\u1ed1i di\u1ec7n Trung t\u00e2m y t\u1ebf d\u1ef1 ph\u00f2ng Huy\u1ec7n \u0110\u00f4ng Anh - QL 23", "20": "Qua \u0111\u1ed1i di\u1ec7n ng\u00e3 3 Th\u00f4n C\u1ed5 H\u1ee3p - \u0111\u01b0\u1eddng 23B", "21": "Tr\u1ee5 s\u1edf c\u00f4ng ty TNHH MTV X\u1ed5 s\u1ed1 ki\u1ebfn thi\u1ebft Th\u1ee7 \u0111\u00f4", "22": "\u0110\u1ed1i di\u1ec7n Th\u00f4n L\u01b0\u01a1ng N\u1ed7 - QL 23", "23": "\u0110\u1ed1i di\u1ec7n T\u00f2a \u00e1n Nh\u00e2n d\u00e2n Huy\u1ec7n \u0110\u00f4ng Anh - QL23 ", "24": "Ng\u00e3 4 Qu\u1ed1c L\u1ed9 23B - Qu\u1ed1c l\u1ed9 3 ", "25": "\u0110\u1ed1i di\u1ec7n Vi\u1ec7n ki\u1ec3m so\u00e1t \u0110\u00f4ng Anh - Cao L\u1ed7", "26": "\u0110\u1ed1i di\u1ec7n s\u1ed1 03-05 Ph\u1ed1 T\u00f3, Uy N\u1ed7 - Cao L\u1ed7", "27": "S\u1ed1 94 - 98 Cao L\u1ed7", "28": "(B) Ng\u00e3 3 xay s\u00e1t \u0110\u00f4ng Quan - Tuy\u1ebfn 53"}}