{"Lat": {"0": 20.9811833333, "1": 20.975483333299998, "2": 20.9724666667, "3": 20.9689833333, "4": 20.9668833333, "5": 20.9644833333, "6": 20.961683333299998, "7": 20.9594833333, "8": 20.9573666667, "9": 20.9594166667, "10": 20.963229000000002, "11": 20.9649333333, "12": 20.9654333333, "13": 20.964862, "14": 20.9659166667, "15": 20.966017, "16": 20.965618, "17": 20.964876999999998, "18": 20.960063, "19": 20.9647666667, "20": 20.971045999999998, "21": 20.98005, "22": 20.98355, "23": 20.9836333333, "24": 20.98345, "25": 20.986183333299998, "26": 20.98685, "27": 20.98535, "28": 20.9836, "29": 20.9827333333, "30": 20.9841, "31": 20.98855, "32": 20.9930166667, "33": 20.9965333333, "34": 21.0013666667, "35": 21.02545, "36": 21.02498, "37": 21.026617}, "BusStopCode": {"0": 4118, "1": 800, "2": 621, "3": 622, "4": 623, "5": 1058, "6": 1059, "7": 1060, "8": 615, "9": 279, "10": 280, "11": 4119, "12": 4120, "13": 493, "14": 4121, "15": 120, "16": 121, "17": 429, "18": 430, "19": 3287, "20": 165, "21": 44, "22": 4122, "23": 3261, "24": 3262, "25": 4123, "26": 4124, "27": 4125, "28": 4126, "29": 4127, "30": 4128, "31": 4129, "32": 4130, "33": 4131, "34": 513, "35": 1815, "36": 1816, "37": 4132}, "FleetOver": {"0": "106", "1": "01,02,103,105,106,19,21A,22B,22C,27,33", "2": "103,105,106,22B", "3": "103,105,106,22B,37,62", "4": "103,105,106,22B,37,39,62", "5": "103,105,106,22B,37,39,62", "6": "106,37,39,62", "7": "106,37,39,62", "8": "106,37,39,62", "9": "106,37", "10": "106,37", "11": "106", "12": "106", "13": "05,106,36,36CT,37,60A,84", "14": "106", "15": "106,37,60A", "16": "106,37,60A", "17": "03B,04,06A,06B,06C,06D,06E,08A,08ACT,101,106,12,16,37,60A,60B,94,99", "18": "03B,04,06A,06B,06C,06D,06E,08A,08ACT,101,106,12,16,37,48,60A,60B,94,99", "19": "06A,06B,06C,06D,06E,08A,08B,08BCT,106,12,21B,37,60A,94,99", "20": "03B,06A,06B,06C,06D,06E,08A,08ACT,08B,08BCT,101,106,12,16,21B,22C,29,36,36CT,37,94", "21": "106,16", "22": "101,106,29,37,42,94", "23": "106,42,99", "24": "106,42,99", "25": "106", "26": "106", "27": "106", "28": "106", "29": "106", "30": "04,106", "31": "106", "32": "106", "33": "106", "34": "106,48", "35": "100,106,40,47B,52B,98", "36": "100,106,40,47B,52B,98", "37": "106"}, "Lng": {"0": 105.78416666700001, "1": 105.78155, "2": 105.782416667, "3": 105.785383333, "4": 105.78948333299999, "5": 105.79408333299999, "6": 105.7992, "7": 105.80325, "8": 105.80725, "9": 105.81163333299999, "10": 105.817532, "11": 105.820933333, "12": 105.82353333299999, "13": 105.826297, "14": 105.83128333299999, "15": 105.835719, "16": 105.839569, "17": 105.84183200000001, "18": 105.84218600000001, "19": 105.84211666700001, "20": 105.84128, "21": 105.8414, "22": 105.844316667, "23": 105.84893333299999, "24": 105.853433333, "25": 105.85608333299999, "26": 105.858466667, "27": 105.8625, "28": 105.86775, "29": 105.87153333299999, "30": 105.87408333299999, "31": 105.87765, "32": 105.87975, "33": 105.879916667, "34": 105.87801666700001, "35": 105.8998, "36": 105.90128899999999, "37": 105.89933300000001}, "Name": {"0": "(A) Khu \u0111\u00f4 th\u1ecb M\u1ed7 Lao - Tuy\u1ebfn 106", "1": "Kh\u00e1ch s\u1ea1n S\u00f4ng Nhu\u1ec7 (148 Tr\u1ea7n Ph\u00fa- H\u00e0 \u0110\u00f4ng)", "2": "\u0110\u1ed1i di\u1ec7n Trung t\u00e2m V\u0103n h\u00f3a Th\u00f4ng tin T\u1ec9nh H\u00e0 T\u00e2y - Ph\u00f9ng H\u01b0ng (H\u00e0 \u0110\u00f4ng)", "3": "70 Ph\u00f9ng H\u01b0ng (H\u00e0 \u0110\u00f4ng)", "4": "H\u1ecdc vi\u1ec7n Qu\u00e2n Y - Ph\u00f9ng H\u01b0ng (H\u00e0 \u0110\u00f4ng)", "5": "C\u1ed5ng th\u00f4n Y\u00ean X\u00e1 - 89 C\u1ea7u B\u01b0\u01a1u", "6": "G\u1ea7n \u0111\u01b0\u1eddng v\u00e0o Tr\u1ea1i t\u1ea1m giam - C\u1ea7u B\u01b0\u01a1u", "7": "\u0110\u1ed1i di\u1ec7n Cty XNK L\u00e2m n\u00f4ng s\u1ea3n s\u1ed1 1 S\u00e0i G\u00f2n - C\u1ea7u B\u01b0\u01a1u", "8": "Tr\u01b0\u1edbc nh\u00e0 CT8B chung c\u01b0 \u0110\u1ea1i Thanh - \u0111\u01b0\u1eddng C\u1ea7u B\u01b0\u01a1u", "9": "\u0110\u1ed1i di\u1ec7n Trung t\u00e2m XNK X\u00e2y d\u1ef1ng Vimeco - Kim Giang", "10": "\u0110\u1ed1i di\u1ec7n UBND X\u00e3 Thanh Li\u1ec7t- Kim Giang", "11": "S\u1ed1 5 TT1A T\u00e2y Nam Linh \u0110\u00e0m", "12": "Nh\u00e0 CT4B X2 B\u1eafc Linh \u0110\u00e0m", "13": "Nh\u00e0 HH1C (C\u00e1ch \u0111\u01b0\u1eddng v\u00e0o Tr\u1ea1m c\u1ea5p n\u01b0\u1edbc Linh \u0110\u00e0m 40m)", "14": "Trung t\u00e2m ch\u0103m s\u00f3c kh\u00e1ch h\u00e0ng - T\u1ed5ng c\u00f4ng ty \u0111i\u1ec7n l\u1ef1c mi\u1ec1n B\u1eafc", "15": "Qua ch\u1ee3 Xanh Linh \u0110\u00e0m 50m - \u0111\u01b0\u1eddng Ho\u00e0ng Li\u1ec7t", "16": "\u0110\u1ed1i di\u1ec7n qua t\u01b0\u1ee3ng \u0111\u00e0i Li\u1ec7t s\u0129 ph\u01b0\u1eddng Ho\u00e0ng Li\u1ec7t 30m", "17": "\u0110\u1ed1i di\u1ec7n T\u1eadp th\u1ec3 B\u1ebfn xe N\u01b0\u1edbc ng\u1ea7m H\u00e0 N\u1ed9i - Ng\u1ecdc H\u1ed3i", "18": "Tr\u01b0\u1eddng PTTH Vi\u1ec7t Nam Balan (\u0110\u1ed1i di\u1ec7n Kh\u00e1ch s\u1ea1n Nam Th\u00e0nh) - Ng\u1ecdc H\u1ed3i", "19": "B\u1ebfn xe N\u01b0\u1edbc Ng\u1ea7m", "20": "\u0110\u1ed1i di\u1ec7n Tr\u1ee5 s\u1edf C\u00f4ng an Ph\u01b0\u1eddng Ho\u00e0ng Li\u1ec7t- 1277 Gi\u1ea3i Ph\u00f3ng", "21": "D\u1ea3i \u0111\u1ed7 s\u1ed1 2 b\u1ebfn xe Gi\u00e1p B\u00e1t - Tuy\u1ebfn 16,106", "22": "S\u1ed1 36 Kim \u0110\u1ed3ng", "23": "\u0110\u1ed1i di\u1ec7n tr\u01b0\u1eddng THCS T\u00e2n Mai", "24": "\u0110\u1ed1i di\u1ec7n c\u00f4ng vi\u00ean h\u1ed3 \u0110\u1ec1n L\u1eeb", "25": "\u0110\u1ed1i di\u1ec7n 110 H\u1ed3 \u0110\u1ec1n L\u1eeb", "26": "\u00d4 72 L\u00f4 5 \u0110\u1ec1n L\u1eeb 2", "27": "\u0110\u1ed1i di\u1ec7n s\u1ed1 327 t\u1ed5 45 \u0111\u01b0\u1eddng Ho\u00e0ng Mai", "28": "T\u00f2a nh\u00e0 Nam H\u1ea3i Lakeview - K\u0110T V\u0129nh Ho\u00e3ng", "29": "C\u00f4ng ty \u0110\u1ee9c Nh\u1eadt - KCN V\u0129nh H\u01b0ng", "30": "\u0110\u1ed1i di\u1ec7n s\u1ed1 271 L\u0129nh Nam", "31": "\u0110\u1ed1i di\u1ec7n ch\u00f9a Ph\u00fac Kh\u00e1nh - \u0111\u01b0\u1eddng V\u0129nh H\u01b0ng", "32": "Gi\u1eefa s\u1ed1 298 -  300 V\u0129nh H\u01b0ng", "33": "\u0110\u1ed1i di\u1ec7n s\u1ed1 367 V\u0129nh H\u01b0ng", "34": "\u0110\u1ed1i di\u1ec7n \u0110H Kinh Doanh v\u00e0 C\u00f4ng Ngh\u1ec7 HN - Nguy\u1ec5n Kho\u00e1i ", "35": "\u0110\u1ed1i di\u1ec7n Aeon Mall Long Bi\u00ean (C\u1ed9t \u0111i\u1ec7n T4A/2A-B \u0111\u01b0\u1eddng C\u1ed5 Linh)", "36": "Aeon Mall Long Bi\u00ean (\u0110\u1ed1i di\u1ec7n C\u1ed9t \u0111i\u1ec7n T4A/2A-B \u0111\u01b0\u1eddng C\u1ed5 Linh)", "37": "(B) TTTM Aeon Mall Long Bi\u00ean - Tuy\u1ebfn 106"}}