{"Lat": {"0": 21.031914999999998, "1": 21.0284166667, "2": 21.02505, "3": 21.022033333299998, "4": 21.0192, "5": 21.017288, "6": 21.019126999999997, "7": 21.019363000000002, "8": 21.015810000000002, "9": 21.0111, "10": 21.0071333333, "11": 21.0076, "12": 21.01155, "13": 21.013816666700002, "14": 21.017016666700002, "15": 21.0195, "16": 21.021452, "17": 21.0234666667, "18": 21.02325, "19": 21.023387, "20": 21.02615, "21": 21.0285833333, "22": 21.029424, "23": 21.0324333333, "24": 21.036583333299998, "25": 21.0398333333, "26": 21.042066666700002, "27": 21.0408, "28": 21.0387166667, "29": 21.0343166667, "30": 21.033383333299998, "31": 21.0292833333, "32": 21.026, "33": 21.025, "34": 21.02695, "35": 21.031925}, "BusStopCode": {"0": 1668, "1": 340, "2": 32, "3": 33, "4": 34, "5": 768, "6": 253, "7": 254, "8": 520, "9": 667, "10": 668, "11": 679, "12": 680, "13": 681, "14": 247, "15": 248, "16": 472, "17": 70, "18": 71, "19": 151, "20": 152, "21": 63, "22": 282, "23": 367, "24": 368, "25": 831, "26": 219, "27": 220, "28": 428, "29": 337, "30": 338, "31": 94, "32": 176, "33": 177, "34": 103, "35": 1739}, "FleetOver": {"0": "09", "1": "09", "2": "09,31", "3": "08A,08ACT,08B,08BCT,09,09CT,31,36,36CT", "4": "08A,08ACT,08B,08BCT,09,09CT,31,35A,36,36CT,38", "5": "09,09CT,30,52A,52B", "6": "01,09,09CT,30,41,49", "7": "01,09,09CT,30,41,49", "8": "01,02,09,09CT", "9": "01,02,09,09CT", "10": "01,02,09,09CT,18,21A,21B,44,51,84", "11": "09,09CT,18", "12": "09,09CT,18", "13": "09,09CT,18", "14": "09,09CT,12,26,35A", "15": "09,09CT,12,26,35A", "16": "09,09CT,107,12,22A,26,27", "17": "09,09CT", "18": "09,09CT", "19": "09,09CT,16,24", "20": "09,09CT,16,24", "21": "07,09,09CT,20A,20B,24,55,55B", "22": "09,09CT,27,28,32,34,38", "23": "09,09CT,90", "24": "09,09CT,90", "25": "09,09CT,90", "26": "09,09CT,14,14CT,45", "27": "09,09CT,14,14CT,45", "28": "09,09CT", "29": "09,09CT", "30": "09,09CT,41", "31": "09,09CT", "32": "02,09,09CT,40", "33": "02,09,09CT,34,36,36CT,40", "34": "08A,08B,09,86", "35": "09"}, "Lng": {"0": 105.851948, "1": 105.851166667, "2": 105.85141666700001, "3": 105.8504, "4": 105.84941666700001, "5": 105.845721, "6": 105.83798200000001, "7": 105.834084, "8": 105.828275, "9": 105.82533333299999, "10": 105.82313333299999, "11": 105.8209, "12": 105.817516667, "13": 105.81511666700001, "14": 105.81423333299999, "15": 105.809125, "16": 105.809325, "17": 105.80645, "18": 105.80216666700001, "19": 105.799392, "20": 105.79873333299999, "21": 105.80388333299999, "22": 105.80879399999999, "23": 105.81373333299999, "24": 105.81495, "25": 105.816033333, "26": 105.81965, "27": 105.82445, "28": 105.82895, "29": 105.8321, "30": 105.83775, "31": 105.842283333, "32": 105.8467, "33": 105.85013333299999, "34": 105.853486, "35": 105.851827}, "Name": {"0": "(A) B\u1edd H\u1ed3 - Tuy\u1ebfn 09", "1": "Ng\u00e3 3 L\u00ea Th\u00e1i T\u1ed5 - H\u00e0ng Tr\u1ed1ng", "2": "24A B\u00e0 Tri\u1ec7u", "3": "58B B\u00e0 Tri\u1ec7u", "4": "92-94 B\u00e0 Tri\u1ec7u", "5": "\u0110\u1ed1i di\u1ec7n Trung t\u00e2m gi\u1ea3i tr\u00ed Ng\u00f4i Sao Xanh (H\u1ed3 Thi\u1ec1n Quang) - Tr\u1ea7n Nh\u00e2n T\u00f4ng", "6": "78-80A Kh\u00e2m Thi\u00ean (\u0110\u1ed1i di\u1ec7n 71)", "7": "274-276 Kh\u00e2m Thi\u00ean", "8": "142-144 Nguy\u1ec5n L\u01b0\u01a1ng B\u1eb1ng", "9": "G\u00f2 \u0110\u1ed1ng \u0110a - T\u00e2y S\u01a1n", "10": "290 T\u00e2y S\u01a1n", "11": "Caf\u00e9 Don 105E5 Th\u00e1i Th\u1ecbnh - \u0110\u1ed1i di\u1ec7n B\u1ec7nh vi\u1ec7n Ch\u00e2m c\u1ee9u Trung \u01b0\u01a1ng", "12": "122 Th\u00e1i Th\u1ecbnh", "13": "196 Th\u00e1i Th\u1ecbnh", "14": "\u0110\u1ed1i di\u1ec7n \u0110\u00e0i Truy\u1ec1n h\u00ecnh H\u00e0 N\u1ed9i - 5 Hu\u1ef3nh Th\u00fac Kh\u00e1ng", "15": "20 Hu\u1ef3nh Th\u00fac Kh\u00e1ng", "16": "89 Nguy\u1ec5n Ch\u00ed Thanh - KTX \u0110\u1ea1i h\u1ecdc Lu\u1eadt", "17": "\u0110\u1ed1i di\u1ec7n H\u1ecdc vi\u1ec7n Quan h\u1ec7 qu\u1ed1c t\u1ebf - 69 Ch\u00f9a L\u00e1ng", "18": "\u0110\u1ed1i di\u1ec7n THCS L\u00e1ng Th\u01b0\u1ee3ng - Ch\u00f9a L\u00e1ng", "19": "1014 \u0110\u01b0\u1eddng L\u00e1ng", "20": "1152D \u0110\u01b0\u1eddng L\u00e1ng", "21": "\u0110i\u1ec3m trung chuy\u1ec3n C\u1ea7u Gi\u1ea5y - GTVT 01", "22": "593 - 595 Kim M\u00e3", "23": "\u0110\u1ea1i s\u1ee9 qu\u00e1n Nh\u1eadt B\u1ea3n - 27 Li\u1ec5u Giai", "24": "Vi\u1ec7n Khoa h\u1ecdc X\u00e3 H\u1ed9i Vi\u1ec7t Nam - s\u1ed1 1 Li\u1ec5u Giai", "25": "73 V\u0103n Cao - \u0110\u1ed1i di\u1ec7n Cung th\u1ec3 thao Qu\u1ea7n Ng\u1ef1a H\u00e0 N\u1ed9i", "26": "239-241 Ho\u00e0ng Hoa Th\u00e1m", "27": "Tr\u01b0\u1eddng THCS Ba \u0110\u00ecnh - 145 Ho\u00e0ng Hoa Th\u00e1m", "28": "174 - 176 Ng\u1ecdc H\u00e0", "29": "91-93 L\u00ea H\u1ed3ng Phong", "30": "1B L\u00ea H\u1ed3ng Phong - Trung t\u00e2m TDTT Kh\u00fac H\u1ea1o", "31": "7 \u0110i\u1ec7n Bi\u00ean Ph\u1ee7", "32": "49 Hai B\u00e0 Tr\u01b0ng - Th\u00e1p H\u00e0 N\u1ed9i", "33": "37 Hai B\u00e0 Tr\u01b0ng - B\u1ec7nh vi\u1ec7n Vi\u1ec7t Nam Cu Ba", "34": "B\u01b0u \u0111i\u1ec7n Th\u00e0nh ph\u1ed1 H\u00e0 N\u1ed9i - 75B \u0110inh Ti\u00ean Ho\u00e0ng", "35": "(B) B\u1edd H\u1ed3 - Tuy\u1ebfn 09"}}