{"Lat": {"0": 21.036844, "1": 21.0147333333, "2": 21.0098833333, "3": 20.995383333299998, "4": 20.991566666700002, "5": 20.9895333333, "6": 20.9897833333, "7": 20.990225, "8": 20.9964333333, "9": 20.9998333333, "10": 21.006083333299998, "11": 21.00965, "12": 21.00865, "13": 21.0003833333, "14": 20.9898333333, "15": 20.9898666667, "16": 20.98925, "17": 20.9884, "18": 20.9934333333, "19": 20.9969, "20": 21.000602999999998, "21": 21.0011833333, "22": 21.002097, "23": 21.002627, "24": 21.00271, "25": 21.002233333299998, "26": 21.003016666700002, "27": 21.003818, "28": 21.006515, "29": 21.0096333333, "30": 21.010616666700002, "31": 21.010182999999998, "32": 21.0099, "33": 21.0091, "34": 21.0081, "35": 21.0066666667, "36": 21.00481, "37": 21.0033166667, "38": 21.00215, "39": 21.003203, "40": 21.00679, "41": 21.00985, "42": 21.012598, "43": 21.0182, "44": 21.021452, "45": 21.023837, "46": 21.028205, "47": 21.030694, "48": 21.03134, "49": 21.031983333299998}, "BusStopCode": {"0": 4158, "1": 4159, "2": 4160, "3": 4161, "4": 4162, "5": 4163, "6": 4164, "7": 4165, "8": 4166, "9": 4167, "10": 4168, "11": 3743, "12": 3744, "13": 4169, "14": 2018, "15": 2019, "16": 2020, "17": 2021, "18": 2022, "19": 4170, "20": 2023, "21": 2024, "22": 2025, "23": 2026, "24": 2027, "25": 2028, "26": 2029, "27": 2030, "28": 2031, "29": 2032, "30": 2033, "31": 4053, "32": 2034, "33": 2035, "34": 2036, "35": 2037, "36": 2038, "37": 4171, "38": 2083, "39": 2084, "40": 742, "41": 737, "42": 738, "43": 471, "44": 472, "45": 473, "46": 474, "47": 283, "48": 284, "49": 4147}, "FleetOver": {"0": "107", "1": "107", "2": "107", "3": "107", "4": "107", "5": "107", "6": "107", "7": "107", "8": "107", "9": "107", "10": "107", "11": "107,74", "12": "107,74", "13": "107,74", "14": "107,74,88", "15": "107,74,88", "16": "107,74,88", "17": "107,74,88", "18": "107,74,88", "19": "107,74,88", "20": "107,74,88", "21": "107,74,88", "22": "107,74,88,89", "23": "107,74,88,89", "24": "107,74,87,88", "25": "107,74,87,88", "26": "107,74,87,88", "27": "107,74,87,88", "28": "107,74,87,88", "29": "107,74,87,88", "30": "107,74,87,88", "31": "107,87,88", "32": "107,74,87,88", "33": "107,74,87,88", "34": "107,74,87,88", "35": "107,74,87,88", "36": "107,74,87,88", "37": "107,87", "38": "107,87", "39": "107,87", "40": "107,35A,50,60A,60B", "41": "105,107,22A,35A,50,60A,60B", "42": "105,107,22A,35A,50,51,84", "43": "09,09CT,107,12,22A,26,27,35A", "44": "09,09CT,107,12,22A,26,27", "45": "107,12,22A,26,27", "46": "107,12,22A,27", "47": "107,22A,25,32,34,38,90", "48": "107,22A,25,32,34,38,90", "49": "107"}, "Lng": {"0": 105.454971, "1": 105.46325, "2": 105.468583333, "3": 105.48815, "4": 105.495116667, "5": 105.50438333299999, "6": 105.51085, "7": 105.515901, "8": 105.5232, "9": 105.52218333299999, "10": 105.518566667, "11": 105.52441699999999, "12": 105.5304, "13": 105.533216667, "14": 105.53815, "15": 105.55035, "16": 105.559733333, "17": 105.572483333, "18": 105.5873, "19": 105.59553333299999, "20": 105.606172, "21": 105.621833333, "22": 105.63028, "23": 105.635779, "24": 105.64833899999999, "25": 105.65806666700001, "26": 105.66885, "27": 105.677627, "28": 105.69809, "29": 105.7115, "30": 105.7188, "31": 105.729122, "32": 105.73178300000001, "33": 105.7463, "34": 105.75155, "35": 105.75863333299999, "36": 105.76771299999999, "37": 105.77486666700001, "38": 105.78058300000001, "39": 105.79043999999999, "40": 105.794976, "41": 105.798983333, "42": 105.802057, "43": 105.80741666700001, "44": 105.809325, "45": 105.810741, "46": 105.81249199999999, "47": 105.818767, "48": 105.82303200000001, "49": 105.829733333}, "Name": {"0": "(B)  L\u00e0ng v\u0103n h\u00f3a c\u00e1c d\u00e2n t\u1ed9c Vi\u1ec7t Nam - Tuy\u1ebfn 107", "1": "Tr\u01b0\u1edbc 30 \u0111\u1ed1i di\u1ec7n X\u01b0\u1edfng th\u1ef1c h\u00e0nh Tr\u01b0\u1eddng Cao \u0111\u1eb3ng c\u00f4ng nghi\u1ec7p k\u1ef9 thu\u1eadt Tr\u1ea7n H\u01b0ng \u0110\u1ea1o", "2": "Qua Ng\u00e3 4 Y\u00ean B\u00ecnh 70m", "3": "Qua 30m Cty CP An Thinh Group - Th\u00f4n G\u00f2 M\u00e8 x\u00e3 Y\u00ean B\u00ecnh", "4": "\u0110\u1ea1i l\u00fd s\u1eefa \u1ea4t Th\u1ea3o - Th\u00f4n Nh\u00f2n x\u00e3 Ti\u1ebfn Xu\u00e2n", "5": "Tr\u01b0\u1edbc 30m \u0111\u01b0\u1eddng v\u00e0o th\u00f4n Tr\u1ea1i M\u1edbi x\u00e3 Ti\u1ebfn Xu\u00e2n", "6": "C\u00f4ng ty CP x\u00e2y d\u1ef1ng Ti\u1ebfn An - Th\u00f4n 6 x\u00e3 Th\u1ea1ch H\u00f2a", "7": "\u0110\u1ea1i l\u00fd s\u1eefa Lan Anh - x\u00e3 Th\u1ea1ch H\u00f2a", "8": "\u0110\u1ed1i di\u1ec7n c\u1eeda h\u00e0ng \u0111i\u1ec7n n\u01b0\u1edbc Tu\u1ea5n B\u00ecnh - th\u00f4n 7 x\u00e3 Th\u1ea1ch H\u00f2a - QL21", "9": "Qua 30m \u0111\u1ed1i di\u1ec7n c\u00f4ng ty CP d\u1ecbch v\u1ee5 b\u1ea3o v\u1ec7 KCN Cao H\u00f2a L\u1ea1c - QL21", "10": "Qu\u1ea7y thu\u1ed1c s\u1ed1 15 - Th\u00f4n 7 x\u00e3 Th\u1ea1ch H\u00f2a - QL21", "11": "Qua 50m \u0111\u1ed1i di\u1ec7n \u0111\u01b0\u1eddng v\u00e0o tr\u01b0\u1eddng \u0110H FPT, H\u00f2a L\u1ea1c", "12": "\u0110\u1ed1i Di\u1ec7n T\u00f2a Nh\u00e0 Viettel H\u00f2a L\u1ea1c", "13": "\u0110\u1ed1i di\u1ec7n tr\u01b0\u1eddng PTTH H\u00f2a L\u1ea1c", "14": "Khu CN cao H\u00f2a L\u1ea1c - \u0110\u1ea1i l\u1ed9 Th\u0103ng Long", "15": "Cty C\u00e1m Tr\u01b0\u1eddng Th\u1ecd - \u0110\u1ea1i l\u1ed9 Th\u0103ng Long", "16": "Th\u00f4n Khoang M\u00e1i, x\u00e3 \u0110\u1ed3ng Tr\u00fac - \u0110\u1ea1i l\u1ed9 Th\u0103ng Long", "17": "Th\u00f4n \u0110\u1ed3ng Kho, x\u00e3 \u0110\u1ed3ng Tr\u00fac - \u0110\u1ea1i l\u1ed9 Th\u0103ng Long (h\u01b0\u1edbng v\u1ec1 trung t\u00e2m th\u00e0nh ph\u1ed1)", "18": "Th\u00f4n Li\u1ec7p Mai, x\u00e3 Ng\u1ecdc Li\u1ec7p - \u0110\u1ea1i l\u1ed9 Th\u0103ng Long (h\u01b0\u1edbng v\u1ec1 trung t\u00e2m th\u00e0nh ph\u1ed1)", "19": "Tr\u01b0\u1eddng THCS Ng\u1ecdc Li\u1ec7p", "20": "Th\u00f4n \u0110\u1ed3ng B\u1ee5t, x\u00e3 Ng\u1ecdc Li\u1ec7p - \u0110\u1ea1i l\u1ed9 Th\u0103ng Long", "21": "Th\u00f4n Ng\u1ecdc Than, x\u00e3 Ng\u1ecdc M\u1ef9 - \u0110\u1ea1i l\u1ed9 Th\u0103ng Long", "22": "Th\u00f4n Ng\u00f4 S\u00e0i - th\u1ecb tr\u1ea5n Qu\u1ed1c Oai - \u0110\u1ea1i l\u1ed9 Th\u0103ng Long", "23": "Khu \u0111\u00f4 th\u1ecb Ng\u00f4i nh\u00e0 m\u1edbi- \u0110\u1ea1i l\u1ed9 Th\u0103ng Long", "24": "Ng\u00e3 3 Ch\u00f9a Th\u1ea7y - Qu\u1ed1c Oai - \u0110\u1ea1i l\u1ed9 Th\u0103ng Long", "25": "Th\u00f4n Qu\u1ea3ng Y\u00ean, Y\u00ean S\u01a1n, Qu\u1ed1c Oai - \u0110\u1ea1i l\u1ed9 Th\u0103ng Long", "26": "X\u00e3 V\u00e2n C\u00f4n, Ho\u00e0i \u0110\u1ee9c - \u0110\u1ea1i l\u1ed9 Th\u0103ng Long", "27": "Song Ph\u01b0\u01a1ng, Ho\u00e0i \u0110\u1ee9c - \u0110\u1ea1i l\u1ed9 Th\u0103ng Long", "28": "\u0110\u00ea Ph\u01b0\u01a1ng Vi\u00ean, Song Ph\u01b0\u01a1ng - \u0110\u1ea1i l\u1ed9 Th\u0103ng Long", "29": "K\u0110T Nam An Kh\u00e1nh - \u0110\u1ea1i l\u1ed9 Th\u0103ng Long", "30": "C\u1ea7u v\u01b0\u1ee3t An Kh\u00e1nh - \u0110\u1ea1i l\u1ed9 Th\u0103ng Long", "31": "Tr\u01b0\u1edbc 50m h\u1ea7m chui d\u00e2n sinh s\u1ed1 3 \u0110\u1ea1i L\u1ed9 Th\u0103ng Long", "32": "C\u1ed5ng Thi\u00ean \u0110\u01b0\u1eddng B\u1ea3o S\u01a1n - \u0110\u1ea1i l\u1ed9 Th\u0103ng Long", "33": "\u0110\u01b0\u1eddng v\u00e0o UBND Ph\u01b0\u1eddng T\u00e2y M\u1ed7 - \u0110\u1ea1i l\u1ed9 Th\u0103ng Long", "34": "Qua ng\u00e3 3 L\u00e0ng Mi\u00eau Nha - \u0110\u1ea1i l\u1ed9 Th\u0103ng Long", "35": "L\u1ed1i v\u00e0o THPT \u0110\u1ea1i M\u1ed7 - \u0110\u1ea1i l\u1ed9 Th\u0103ng Long", "36": "Tr\u01b0\u1edbc ng\u00e3 3 Ph\u1ed1 Sa \u0110\u00f4i - \u0110\u1ea1i l\u1ed9 Th\u0103ng Long", "37": "Qua 100m ng\u00e3 3 \u0110\u1ea1i l\u1ed9 Th\u0103ng Long - L\u00ea Quang \u0110\u1ea1o", "38": "C\u00f4ng ty Vi\u1ec5n Th\u00f4ng Viettel (T\u00f2a nh\u00e0 N1) - \u0110\u1ea1i l\u1ed9 Th\u0103ng Long", "39": "T\u00f2a nh\u00e0 Th\u0103ng Long Number One - \u0110\u1ea1i l\u1ed9 Th\u0103ng Long", "40": "\u0110\u1ed1i di\u1ec7n 220 Tr\u1ea7n Duy H\u01b0ng (\u0111\u1ed1i di\u1ec7n Big C, C\u00e1ch Ng\u00e3 3 Ho\u00e0ng Minh Gi\u00e1m)", "41": "113 Tr\u1ea7n Duy H\u01b0ng - B\u1ed9 KHCN",