{"Lat": {"0": 21.067283, "1": 21.07015, "2": 21.0771833333, "3": 21.1171666667, "4": 21.12645, "5": 21.1319, "6": 21.1418, "7": 21.1530833333, "8": 21.1581833333, "9": 21.1600333333, "10": 21.1582333333, "11": 21.1575, "12": 21.15785, "13": 21.1567166667, "14": 21.151225, "15": 21.15485, "16": 21.158458, "17": 21.1627333333, "18": 21.1675, "19": 21.17215, "20": 21.1753333333, "21": 21.178416666700002, "22": 21.1854833333, "23": 21.1879666667, "24": 21.1971666667, "25": 21.2017, "26": 21.208166666700002, "27": 21.212857, "28": 21.216616666700002}, "BusStopCode": {"0": 1731, "1": 596, "2": 598, "3": 882, "4": 883, "5": 885, "6": 886, "7": 887, "8": 888, "9": 1007, "10": 1008, "11": 1010, "12": 1012, "13": 1013, "14": 1014, "15": 1015, "16": 1039, "17": 1016, "18": 1017, "19": 1018, "20": 1019, "21": 1020, "22": 1021, "23": 1022, "24": 1023, "25": 1024, "26": 1025, "27": 1636, "28": 1773}, "FleetOver": {"0": "35B", "1": "07,14,14CT,28,35B,46,53A,53B,56A,56C,57,60A,60B,61,93,95", "2": "07,14,14CT,28,35B,46,53A,53B,56A,56C,57,60A,60B,61,93,95", "3": "07,35B,53A,53B,56A,56C,58,60B,61,93,95", "4": "07,35B,53A,53B,56A,56C,58,61,64,93,95", "5": "07,35B,53A,53B,56A,56C,58,61,64,93,95", "6": "07,35B,53A,53B,56A,56C,58,61,64,93,95", "7": "07,35B,53A,53B,56A,56C,58,61,64,93,95", "8": "07,35B,53A,53B,56A,56C,58,61,64,93,95", "9": "35B,53A,61", "10": "35B", "11": "35B", "12": "35B", "13": "35B", "14": "35B", "15": "35B,63", "16": "35B,63", "17": "35B,63", "18": "35B,63", "19": "35B,63", "20": "35B,63", "21": "35B,63", "22": "35B,63", "23": "35B,63", "24": "35B,63", "25": "35B,63", "26": "35B,58,63", "27": "35B,58,63", "28": "35B"}, "Lng": {"0": 105.787067, "1": 105.78555, "2": 105.7868, "3": 105.78415, "4": 105.78116666700001, "5": 105.7792, "6": 105.77868333299999, "7": 105.7792, "8": 105.77943333299999, "9": 105.78345, "10": 105.775566667, "11": 105.76995, "12": 105.767233333, "13": 105.761816667, "14": 105.75775900000001, "15": 105.75105, "16": 105.748924, "17": 105.74605, "18": 105.742117, "19": 105.736883333, "20": 105.73135, "21": 105.72818333299999, "22": 105.72305, "23": 105.719833333, "24": 105.7107, "25": 105.7087, "26": 105.705783333, "27": 105.706027, "28": 105.70381666700001}, "Name": {"0": "(A) Nam Th\u0103ng Long - Tuy\u1ebfn 35B", "1": "373 Ph\u1ea1m V\u0103n \u0110\u1ed3ng", "2": "113 Ph\u1ea1m V\u0103n \u0110\u1ed3ng", "3": "Qua ng\u00e3 3 H\u1ea3i B\u1ed1i - V\u0129nh Ng\u1ecdc 300m", "4": "Qua ng\u00e3 t\u01b0 khu CN Th\u0103ng Long 100m (chi\u1ec1u H\u00e0 N\u1ed9i - N\u1ed9i B\u00e0i)", "5": "\u0110\u1ed1i di\u1ec7n UBND x\u00e3 Kim Chung- Km 2+230 Cao t\u1ed1c BTL-NB", "6": "Qua c\u1ea7u chui d\u00e2n sinh s\u1ed1 4 - \u0111\u01b0\u1eddng v\u00e0o th\u00f4n Nhu\u1ebf, Km 11+200 (chi\u1ec1u H\u00e0 N\u1ed9i \u0111i s\u00e2n bay N\u1ed9i B\u00e0i)", "7": "C\u1ea7u V\u00e2n Tr\u00ec- Km 4+560 Cao t\u1ed1c BTL-NB", "8": "Tr\u01b0\u1edbc 70m c\u1ea7u v\u01b0\u1ee3t Ng\u00e3 t\u01b0 Nam H\u1ed3ng Cao t\u1ed1c BTL-NB", "9": "Ch\u00e2n c\u1ea7u v\u01b0\u1ee3t Nam H\u1ed3ng (tr\u01b0\u1edbc \u0111\u1ea3o tr\u00f2n ph\u00eda \u0110\u00f4ng Anh 50m) - \u0110\u01b0\u1eddng 23B", "10": "Qua c\u1ea7u v\u01b0\u1ee3t ng\u00e3 4 Nam H\u1ed3ng 200m - QL23", "11": "C\u00f4ng ty Hamatra - QL23", "12": "C\u00f4ng ty c\u1ed5 ph\u1ea7n Tam S\u01a1n (th\u00f4n Do H\u1ea1, chi\u1ec1u H\u00e0 N\u1ed9i - M\u00ea Linh) - QL23B", "13": "\u0110\u1ed1i di\u1ec7n Cty TNHH XD CN 305, x\u00e3 Ti\u1ec1n Phong - QL 23", "14": "UBND x\u00e3 Ti\u1ec1n Phong - QL23B", "15": "\u0110\u1ed1i di\u1ec7n ch\u00f9a Trung H\u1eadu - QL23", "16": "Qua c\u1ed5ng tr\u01b0\u1eddng THPT Ti\u1ec1n Phong 70m", "17": "\u0110\u1ed1i di\u1ec7n \u0111\u01b0\u1eddng v\u00e0o \u0111\u1ec1n Hai B\u00e0 Tr\u01b0ng 20m - QL23B", "18": "\u0110\u1ed1i di\u1ec7n c\u00f4ng ty s\u01a1n Alex - QL23", "19": "Qua c\u1ed5ng l\u00e0ng Th\u01b0\u1eddng L\u1ec7 50m - QL23", "20": "Ng\u00e2n h\u00e0ng Viettinbank M\u00ea Linh - QL23", "21": "Tr\u01b0\u1edbc \u0111\u1ed1i di\u1ec7n Tr\u1ea1m y t\u1ebf x\u00e3 \u0110\u1ea1i Th\u1ecbnh 30m - QL23", "22": "Tr\u01b0\u1edbc \u0111\u1ed1i di\u1ec7n l\u1ed1i r\u1ebd v\u00e0o UBND huy\u1ec7n M\u00ea Linh 70m - QL23", "23": "\u0110\u1ed1i di\u1ec7n c\u1ed5ng l\u00e0ng N\u1ed9i \u0110\u1ed3ng tr\u01b0\u1edbc - QL23", "24": "Tr\u01b0\u1edbc \u0111\u1ed1i di\u1ec7n BV\u0110K M\u00ea Linh 400m - QL23", "25": "Chi c\u1ee5c Thu\u1ebf Huy\u1ec7n M\u00ea Linh - QL23", "26": "Khu du l\u1ecbch \u0111\u1ed3i 79 m\u00f9a xu\u00e2n - QL23B", "27": "\u0110\u1ed1i di\u1ec7n x\u00ed nghi\u1ec7p \u0111o \u0111\u1ea1c v\u00e0 b\u1ea3n \u0111\u1ed3", "28": "(B) Thanh L\u00e2m (M\u00ea Linh) - Tuy\u1ebfn 35B"}}