{"Lat": {"0": 20.97985, "1": 20.98355, "2": 20.9812833333, "3": 20.9762666667, "4": 20.9717833333, "5": 20.964876999999998, "6": 20.960063, "7": 20.9549833333, "8": 20.9521333333, "9": 20.94655, "10": 20.9422833333, "11": 20.9389, "12": 20.9353, "13": 20.9321833333, "14": 20.9268, "15": 20.923066666700002, "16": 20.918665, "17": 20.912233333299998, "18": 20.9075166667, "19": 20.9033833333, "20": 20.89355, "21": 20.8883, "22": 20.8799333333, "23": 20.87465, "24": 20.86925, "25": 20.8676333333, "26": 20.867616666700002, "27": 20.86855, "28": 20.8695666667, "29": 20.86981, "30": 20.869666666700002, "31": 20.86805, "32": 20.8707833333, "33": 20.873416666700003, "34": 20.88375, "35": 20.887933333299998, "36": 20.8865833333, "37": 20.8876, "38": 20.8882166667, "39": 20.8783166667, "40": 20.8711833333, "41": 20.864944, "42": 20.85995, "43": 20.8561833333, "44": 20.85387}, "BusStopCode": {"0": 3050, "1": 4122, "2": 1933, "3": 163, "4": 164, "5": 429, "6": 430, "7": 431, "8": 432, "9": 433, "10": 434, "11": 435, "12": 436, "13": 437, "14": 438, "15": 1224, "16": 1225, "17": 1226, "18": 1228, "19": 1227, "20": 1229, "21": 1230, "22": 1231, "23": 1232, "24": 3053, "25": 3054, "26": 3055, "27": 3056, "28": 3057, "29": 3058, "30": 3059, "31": 3060, "32": 3061, "33": 3062, "34": 3063, "35": 3064, "36": 4102, "37": 3065, "38": 3066, "39": 2704, "40": 2705, "41": 2706, "42": 4051, "43": 2707, "44": 3051}, "FleetOver": {"0": "94", "1": "101,106,29,37,42,94", "2": "101,29,36,36CT,37,94", "3": "03B,06A,06B,06C,06D,06E,08A,08ACT,08B,08BCT,101,106,12,16,21B,22C,29,36,36CT,37,94", "4": "03B,06A,06B,06C,06D,06E,08A,08ACT,08B,08BCT,101,106,12,16,21B,22C,29,36,36CT,37,94", "5": "03B,04,06A,06B,06C,06D,06E,08A,08ACT,101,106,12,16,37,60A,60B,94,99", "6": "03B,04,06A,06B,06C,06D,06E,08A,08ACT,101,106,12,16,37,48,60A,60B,94,99", "7": "06A,06B,06C,06D,06E,08A,08ACT,101,12,94", "8": "06A,06B,06C,06D,06E,08A,08ACT,101,12,94", "9": "06A,06B,06C,06D,06E,08A,08ACT,101,12,39,94", "10": "06A,06B,06C,06D,06E,08A,08ACT,101,12,62,94", "11": "06A,06B,06C,06D,06E,08A,08ACT,101,12,62,94", "12": "06A,06B,06C,06D,06E,08A,08ACT,101,12,62,94", "13": "06A,06B,06C,06D,06E,08A,08ACT,101,12,62,94", "14": "06A,06B,06C,06D,06E,08A,08ACT,101,12,62,94", "15": "06A,06B,06C,06D,06E,101,62,94", "16": "06A,06B,06C,06D,06E,101,62,94", "17": "06A,06B,06C,06D,06E,101,62,94", "18": "06A,06B,06C,06D,06E,101,62,94", "19": "06A,06B,06C,06D,06E,101,62,94", "20": "06A,06B,06C,06D,06E,101,62,94", "21": "06A,06B,06C,06D,06E,101,62,94", "22": "06A,06B,06C,06D,06E,101,62,94", "23": "06A,06B,06C,06D,06E,101,62,94", "24": "94", "25": "94", "26": "94", "27": "94", "28": "94", "29": "94", "30": "94", "31": "94", "32": "94", "33": "94", "34": "94", "35": "103,94", "36": "103,94", "37": "103,94", "38": "103,94", "39": "103,91,94", "40": "103,91,94", "41": "103,91,94", "42": "103,91,94", "43": "103,91,94", "44": "94"}, "Lng": {"0": 105.841916667, "1": 105.844316667, "2": 105.8453, "3": 105.84078333299999, "4": 105.84076666700001, "5": 105.84183200000001, "6": 105.84218600000001, "7": 105.84321666700001, "8": 105.84381666700001, "9": 105.84416666700001, "10": 105.84386666700001, "11": 105.84428333299999, "12": 105.845733333, "13": 105.846966667, "14": 105.8493, "15": 105.8516, "16": 105.85230800000001, "17": 105.85238333299999, "18": 105.85265, "19": 105.8531, "20": 105.85606666700001, "21": 105.857733333, "22": 105.86035, "23": 105.86303333299999, "24": 105.86301666700001, "25": 105.857666667, "26": 105.85351666700001, "27": 105.84365, "28": 105.83253333299999, "29": 105.828176, "30": 105.82143333299999, "31": 105.810966667, "32": 105.80561666700001, "33": 105.8018, "34": 105.790083333, "35": 105.784416667, "36": 105.78088333299999, "37": 105.77325, "38": 105.76531666700001, "39": 105.759533333, "40": 105.75875, "41": 105.761117, "42": 105.7641, "43": 105.766383333, "44": 105.76833400000001}, "Name": {"0": "(A) BX Gi\u00e1p B\u00e1t - Tuy\u1ebfn 94", "1": "S\u1ed1 36 Kim \u0110\u1ed3ng", "2": "658 Tr\u01b0\u01a1ng \u0110\u1ecbnh", "3": "Ga Gi\u00e1p B\u00e1t - \u0110\u1ed1i di\u1ec7n 1035 Gi\u1ea3i Ph\u00f3ng", "4": "\u0110\u1ed1i di\u1ec7n 1251 Gi\u1ea3i Ph\u00f3ng", "5": "\u0110\u1ed1i di\u1ec7n T\u1eadp th\u1ec3 B\u1ebfn xe N\u01b0\u1edbc ng\u1ea7m H\u00e0 N\u1ed9i - Ng\u1ecdc H\u1ed3i", "6": "Tr\u01b0\u1eddng PTTH Vi\u1ec7t Nam Balan (\u0110\u1ed1i di\u1ec7n Kh\u00e1ch s\u1ea1n Nam Th\u00e0nh) - Ng\u1ecdc H\u1ed3i", "7": "Qua \u0111\u01b0\u1eddng v\u00e0o B\u1ec7nh vi\u1ec7n \u0111a khoa Th\u0103ng Long 60m - \u0110\u1ed1i di\u1ec7n 171 Ng\u1ecdc H\u1ed3i", "8": "\u0110\u1ed1i di\u1ec7n TCT c\u01a1 \u0111i\u1ec7n n\u00f4ng nghi\u1ec7p & Th\u1ee7y l\u1ee3i (V\u0103n \u0110i\u1ec3n) - 264 Ng\u1ecdc H\u1ed3i", "9": "\u0110\u1ed1i di\u1ec7n Tr\u1ee5 s\u1edf H\u0110ND huy\u1ec7n Thanh Tr\u00ec - Ng\u1ecdc H\u1ed3i", "10": "Qua ng\u00e3 3 Ng\u1ecdc H\u1ed3i - Phan Tr\u1ecdng Tu\u1ec7 100m - Ng\u1ecdc H\u1ed3i", "11": "Qua Khu t\u1eadp th\u1ec3 LIC\u00d4LA 100m - Ng\u1ecdc H\u1ed3i", "12": "G\u1ea7n ng\u00e3 3 \u0111\u01b0\u1eddng Qu\u1ef3nh \u0110\u00f4 - Ng\u1ecdc H\u1ed3i", "13": "Qua C\u00f4ng ty CP V\u1eadn t\u1ea3i & D\u1ecbch v\u1ee5 TS 15m - Ng\u1ecdc H\u1ed3i", "14": "Vi\u1ec7n nghi\u00ean c\u1ee9u tr\u1ed3ng & ph\u00e1t tri\u1ec3n c\u00e2y thu\u1ed1c", "15": "\u0110\u1ed9i 7 Th\u00f4n Ng\u1ecdc H\u1ed3i - Km 186+350 Qu\u1ed1c L\u1ed9 1A", "16": "C\u1ee5m C\u00f4ng nghi\u1ec7p v\u1eeba v\u00e0 nh\u1ecf Ng\u1ecdc H\u1ed3i - Km 186+900 Qu\u1ed1c L\u1ed9 1A", "17": "C\u00e1ch \u0111\u01b0\u1eddng v\u00e0o UBND x\u00e3 Li\u00ean Ninh 60m - Km 187+680 Qu\u1ed1c L\u1ed9 1A", "18": "\u0110\u1ed1i di\u1ec7n C\u00e2y x\u0103ng Li\u00ean Ninh - Qu\u1ed1c L\u1ed9 1A", "19": "Qua l\u1ed1i r\u1ebd v\u00e0o \u0110\u00ecnh \u0111\u1ec1n l\u00e0ng Y\u00ean Ph\u00fa 100m (Chi\u1ec1u Ga HN-Th\u01b0\u1eddng T\u00edn) - Qu\u1ed1c l\u1ed9 1A", "20": "\u0110\u01b0\u1eddng v\u00e0o X\u00ed Nghi\u1ec7p 198 - Km 189+780 Qu\u1ed1c L\u1ed9 1A", "21": "\u0110\u01b0\u1eddng v\u00e0o Tr\u1ea1i t\u1ea1m giam s\u1ed1 2 - Km 190+380 Qu\u1ed1c L\u1ed9 1A", "22": "Qua l\u1ed1i r\u1ebd tr\u1ea1m bi\u1ebfn \u00e1p 500KV (Khu Ga Th\u01b0\u1eddng T\u00edn) 50m - Km 191+360 Qu\u1ed1c L\u1ed9 1A", "23": "165 Th\u1ecb tr\u1ea5n Th\u01b0\u1eddng T\u00edn - Km 192 Qu\u1ed1c L\u1ed9 1A", "24": "Trung t\u00e2m V\u0103n H\u00f3a - Th\u1ec3 thao Huy\u1ec7n Th\u01b0\u1eddng T\u00edn", "25": "Tr\u01b0\u1eddng Cao \u0111\u1eb3ng Truy\u1ec1n H\u00ecnh", "26": "C\u1ed5ng l\u00e0ng v\u0103n h\u00f3a th\u00f4n V\u00e2n Trai", "27": "B\u1ec7nh vi\u1ec7n T\u00e2m Th\u1ea7n Trung \u01af\u01a1ng 1", "28": "\u0110\u1ed1i di\u1ec7n tr\u1ea1m X\u0103ng d\u1ea7u Minh Hi\u1ec1n", "29": "Ch\u1ee3 C\u1ea7u Chi\u1ebfc", "30": "L\u00e0ng T\u00fac x\u00e3 Thanh Th\u00f9y", "31": "\u0110\u1ed1i di\u1ec7n tr\u01b0\u1eddng m\u1ea7m non x\u00e3 Thanh Th\u00f9y", "32": "UBND x\u00e3 Thanh Th\u00f9y", "33": "\u0110\u1ed1i di\u1ec7n \u0111\u01b0\u1eddng v\u00e0o th\u00f4n B\u00f9i X\u00e1", "34": "Th\u00f4n Song Kh\u00ea x\u00e3 Tam H\u01b0ng", "35": "L\u00e0ng \u0110\u1ea1i \u0110\u1ecbnh x\u00e3 Tam H\u01b0ng", "36": "Qua \u0111\u1ed1i di\u1ec7n \u0111\u01b0\u1eddng v\u00e0o tr\u01b0\u1eddng THPT Thanh Xu\u00e2n - Tam H\u01b0ng - Thanh Oai 70m", "37": "C\u1ea1nh Cty Kona - Th\u00f4n Sinh Qu\u1ea3 x\u00e3 B\u00ecnh Minh", "38": "\u0110\u1ed1i di\u1ec7n B\u01b0u \u0110i\u1ec7n B\u00ecnh \u0110\u00e0", "39": "\u0110\u1ed1i di\u1ec7n Vigracega T\u1eeb Li\u00eam", "40": "C\u1eeda h\u00e0ng s\u1eeda ch\u1eefa xe m\u00e1y Xu\u00e2n B\u1eafc (Ph\u1ed1 Ba H\u00e0ng)", "41": "Qua l\u1ed1i v\u00e0o BV huy\u1ec7n Thanh Oai 30m ", "42": "Tr\u01b0\u1edbc 30m \u0111\u1ed1i di\u1ec7n l\u1ed1i v\u00e0o tr\u1ea1m bi\u1ebfn \u00e1p Thanh Oai - QL21B", "43": "Ch\u1ee3 Kim B\u00e0i", "44": "(B) Kim B\u00e0i - Tuy\u1ebfn 94"}}