{"Lat": {"0": 21.1373833333, "1": 21.138, "2": 21.139397, "3": 21.140966666700002, "4": 21.1399833333, "5": 21.1338333333, "6": 21.1277666667, "7": 21.121033333299998, "8": 21.10875, "9": 21.1040166667, "10": 21.1028, "11": 21.1026666667, "12": 21.1000166667, "13": 21.0929666667, "14": 21.087433333299998, "15": 21.0796666667, "16": 21.07455, "17": 21.0686333333, "18": 21.0658, "19": 21.0624666667, "20": 21.0601166667, "21": 21.05835, "22": 21.0497833333, "23": 21.0469333333, "24": 21.043000000000003, "25": 21.0473, "26": 21.04535, "27": 21.0405333333, "28": 21.03795, "29": 21.034983333299998, "30": 21.0328833333, "31": 21.0266166667, "32": 21.0227, "33": 21.0185833333, "34": 21.0131166667, "35": 21.00885, "36": 21.0049666667}, "BusStopCode": {"0": 3468, "1": 877, "2": 878, "3": 879, "4": 1403, "5": 1350, "6": 1404, "7": 1405, "8": 1406, "9": 1407, "10": 1408, "11": 1409, "12": 1410, "13": 1411, "14": 1412, "15": 1413, "16": 415, "17": 3225, "18": 1154, "19": 1155, "20": 3226, "21": 3227, "22": 3228, "23": 3229, "24": 1803, "25": 2127, "26": 3470, "27": 3471, "28": 3472, "29": 3473, "30": 3474, "31": 3475, "32": 3476, "33": 1148, "34": 1149, "35": 1150, "36": 3469}, "FleetOver": {"0": "59", "1": "43,53A,59,61,65", "2": "43,53A,59,61,65", "3": "43,53A,59,61", "4": "15,17,43,59", "5": "15,17,43,59", "6": "15,17,43,59", "7": "15,17,43,46,59", "8": "15,17,43,46,59", "9": "15,17,43,46,59", "10": "15,17,43,46,59", "11": "15,17,43,46,59,65", "12": "15,17,43,59", "13": "15,17,43,59", "14": "15,17,43,59", "15": "15,17,43,59", "16": "10A,10B,15,17,43,54,59", "17": "59,98", "18": "59,98", "19": "59,98", "20": "59,98", "21": "59,98", "22": "03B,59,98", "23": "03B,59,98", "24": "03B,59", "25": "03B,59", "26": "59", "27": "59", "28": "59", "29": "59", "30": "59", "31": "59", "32": "59", "33": "11,59", "34": "11,59", "35": "11,59", "36": "59"}, "Lng": {"0": 105.86105, "1": 105.85905, "2": 105.85441100000001, "3": 105.84715, "4": 105.84458333299999, "5": 105.8436, "6": 105.843583333, "7": 105.84496666700001, "8": 105.85008333299999, "9": 105.85751666700001, "10": 105.867116667, "11": 105.871866667, "12": 105.88623333299999, "13": 105.894133333, "14": 105.90326666700001, "15": 105.90721666700001, "16": 105.906683, "17": 105.903516667, "18": 105.906816667, "19": 105.90796666700001, "20": 105.9107, "21": 105.913733333, "22": 105.917966667, "23": 105.91958333299999, "24": 105.925633333, "25": 105.923966667, "26": 105.92981666700001, "27": 105.932966667, "28": 105.93745, "29": 105.93998333299999, "30": 105.94143333299999, "31": 105.94025, "32": 105.93868333299999, "33": 105.93703333299999, "34": 105.93613333299999, "35": 105.934, "36": 105.93278333299999}, "Name": {"0": "(A) \u0110\u00f4ng Anh - Tuy\u1ebfn 59", "1": "S\u1ed1 25 - 27 Cao L\u1ed7", "2": "17-19 Ph\u1ed1 T\u00f3, Uy N\u1ed7 - Cao L\u1ed7", "3": "9 Uy N\u1ed7 - Cao L\u1ed7", "4": "\u0110\u1ed1i di\u1ec7n Kho b\u1ea1c nh\u00e0 n\u01b0\u1edbc huy\u1ec7n \u0110\u00f4ng Anh, th\u1ecb tr\u1ea5n \u0110\u00f4ng Anh - Km 11+840 Qu\u1ed1c l\u1ed9 3", "5": "Tr\u01b0\u1edbc ng\u00e3 3 c\u00f4ng vi\u00ean C\u1ea7u \u0110\u00f4i 70m - Km11 Qu\u1ed1c l\u1ed9 3", "6": "\u0110\u1ed1i di\u1ec7n c\u00f4ng ty Minh C\u01b0\u1eddng - Km 10+960 Qu\u1ed1c l\u1ed9 3", "7": "Qua ng\u00e3 3 V\u0129nh Ng\u1ecdc - Km 9+335 Qu\u1ed1c l\u1ed9 3", "8": "\u0110\u1ed1i di\u1ec7n th\u00f4n V\u1ea1n L\u1ed9c (tr\u01b0\u1edbc ng\u00e3 3 \u0111\u01b0\u1eddng tr\u00e1nh QL5)", "9": "\u0110\u1ed1i di\u1ec7n C\u00f4ng Ty B\u00ea t\u00f4ng Appha - \u0110\u00f4ng H\u1ed9i  - Km 6+650 Qu\u1ed1c l\u1ed9 3", "10": "G\u1ea7n C\u1ed5ng L\u00e0ng Ti\u00ean H\u1ed9i, c\u00e2y \u0111a B\u00e1c H\u1ed3 - Km 5 +700 Qu\u1ed1c l\u1ed9 3", "11": "G\u1ea7n \u0111\u01b0\u1eddng v\u00e0o Khu di t\u00edch C\u1ed5 Loa 150m - Km 5+50 Qu\u1ed1c l\u1ed9 3", "12": "\u0110\u1ed1i di\u1ec7n ng\u00e3 3 D\u1ee5c T\u00fa, th\u00f4n L\u1ed9c H\u00e0 - Qu\u1ed1c l\u1ed9 3", "13": "C\u00f4ng ty \u0111\u00fac Mai L\u00e2m - Qu\u1ed1c l\u1ed9 3", "14": "\u0110\u1ed1i di\u1ec7n ng\u00f5 v\u00e0o Cty CP v\u1eadt t\u01b0 M\u1ecf \u0111\u1ecba ch\u1ea5t - Qu\u1ed1c l\u1ed9 3", "15": "Ng\u00f5 53 Thi\u00ean \u0110\u1ee9c, Y\u00ean Vi\u00ean - Qu\u1ed1c l\u1ed9 3", "16": "1095 Ng\u00f4 Gia T\u1ef1", "17": "\u0110\u1ed1i di\u1ec7n nh\u00e0 CT9A - K\u0110T Vi\u1ec7t H\u01b0ng", "18": "\u0110\u1ed1i di\u1ec7n Nh\u00e0 K2 - K\u0110T Vi\u1ec7t H\u01b0ng", "19": "\u0110\u1ed1i di\u1ec7n nh\u00e0 P6 - K\u0110T Vi\u1ec7t H\u01b0ng", "20": "\u0110\u1ed1i di\u1ec7n khu BT6 - K\u0110T Vi\u1ec7t H\u01b0ng - L\u01b0u Kh\u00e1nh \u0110\u00e0m", "21": "Qua ng\u00e3 4 Ph\u00fac L\u1ee3i - L\u01b0u Kh\u00e1nh \u0110\u00e0m 200m", "22": "Vincom Long Bi\u00ean - \u0111\u01b0\u1eddng H\u1ed9i X\u00e1", "23": "Tr\u01b0\u1edbc ng\u00e3 3 Hoa H\u1ed3ng - \u0111\u01b0\u1eddng H\u1ed9i X\u00e1", "24": "Ch\u1ee3 Ph\u00fac L\u1ee3i - \u0111\u01b0\u1eddng Ph\u00fac L\u1ee3i", "25": "Tr\u01b0\u1eddng THPT Ph\u00fac L\u1ee3i", "26": "UBND Ph\u01b0\u1eddng Ph\u00fac L\u1ee3i - \u0110\u00ea V\u00e0ng", "27": "Tr\u01b0\u1eddng M\u1ea7m non Ph\u00fac L\u1ee3i - \u0110\u00ea V\u00e0ng", "28": "Qua g\u1ea7m c\u1ea7u v\u01b0\u1ee3t Qu\u1ed1c l\u1ed9 1 - \u0110\u00ea V\u00e0ng", "29": "Qua c\u1ed5ng l\u00e0ng v\u0103n h\u00f3a \u0110\u00ecnh Ch\u00f9a V\u00e0ng - C\u1ed5 Bi", "30": "G\u1ea7n \u0111\u01b0\u1eddng v\u00e0o \u0110\u00ecnh Ch\u00f9a V\u00e0ng - C\u1ed5 Bi", "31": "G\u1ea7n Tr\u01b0\u1eddng Cao \u0111\u1eb3ng ngh\u1ec1 c\u00f4ng nghi\u1ec7p H\u00e0 N\u1ed9i - C\u1ed5 Bi", "32": "Qua c\u1ed5ng \u0110\u00e0i ph\u00e1t thanh huy\u1ec7n Gia L\u00e2m - 29, 31 C\u1ed5 Bi", "33": "36 Ng\u00f4 Xu\u00e2n Qu\u1ea3ng", "34": "\u0110\u1ed1i di\u1ec7n 205 Ng\u00f4 Xu\u00e2n Qu\u1ea3ng", "35": "\u0110\u1ed1i di\u1ec7n Cty T\u01b0 v\u1ea5n d\u1ecbch v\u1ee5 khoa h\u1ecdc N\u00f4ng nghi\u1ec7p - Ng\u00f4 Xu\u00e2n Qu\u1ea3ng", "36": "(B) H\u1ecdc vi\u1ec7n N\u00f4ng Nghi\u1ec7p Vi\u1ec7t Nam- Tuy\u1ebfn 59"}}