{"Lat": {"0": 20.9500833333, "1": 20.951423000000002, "2": 20.958052, "3": 20.9602166667, "4": 20.962585, "5": 20.9646333333, "6": 20.96475, "7": 20.966154, "8": 20.9697833333, "9": 20.9689833333, "10": 20.9668833333, "11": 20.9644833333, "12": 20.961683333299998, "13": 20.9594833333, "14": 20.9573666667, "15": 20.95485, "16": 20.95215, "17": 20.9477333333, "18": 20.944566666700002, "19": 20.9434666667, "20": 20.9422833333, "21": 20.9389, "22": 20.9353, "23": 20.9321833333, "24": 20.9268, "25": 20.923066666700002, "26": 20.918665, "27": 20.912233333299998, "28": 20.9075166667, "29": 20.9033833333, "30": 20.89355, "31": 20.8883, "32": 20.8799333333, "33": 20.87465, "34": 20.868916666700002, "35": 20.8645333333}, "BusStopCode": {"0": 1695, "1": 1487, "2": 651, "3": 652, "4": 653, "5": 654, "6": 828, "7": 829, "8": 830, "9": 622, "10": 623, "11": 1058, "12": 1059, "13": 1060, "14": 615, "15": 614, "16": 617, "17": 618, "18": 619, "19": 620, "20": 434, "21": 435, "22": 436, "23": 437, "24": 438, "25": 1224, "26": 1225, "27": 1226, "28": 1228, "29": 1227, "30": 1229, "31": 1230, "32": 1231, "33": 1232, "34": 1233, "35": 1747}, "FleetOver": {"0": "62", "1": "01,02,21A,27,33,37,57,62,89,91", "2": "01,02,21A,27,33,37,57,62,89", "3": "01,02,21A,27,33,37,57,62,89", "4": "01,02,105,21A,27,33,37,57,62,89", "5": "01,02,105,21A,27,33,37,57,62,89", "6": "37,62", "7": "37,62,85", "8": "37,62,85", "9": "103,105,106,22B,37,62", "10": "103,105,106,22B,37,39,62", "11": "103,105,106,22B,37,39,62", "12": "106,37,39,62", "13": "106,37,39,62", "14": "106,37,39,62", "15": "39,62", "16": "39,62", "17": "39,62", "18": "39,62", "19": "39,62", "20": "06A,06B,06C,06D,06E,08A,08ACT,101,12,62,94", "21": "06A,06B,06C,06D,06E,08A,08ACT,101,12,62,94", "22": "06A,06B,06C,06D,06E,08A,08ACT,101,12,62,94", "23": "06A,06B,06C,06D,06E,08A,08ACT,101,12,62,94", "24": "06A,06B,06C,06D,06E,08A,08ACT,101,12,62,94", "25": "06A,06B,06C,06D,06E,101,62,94", "26": "06A,06B,06C,06D,06E,101,62,94", "27": "06A,06B,06C,06D,06E,101,62,94", "28": "06A,06B,06C,06D,06E,101,62,94", "29": "06A,06B,06C,06D,06E,101,62,94", "30": "06A,06B,06C,06D,06E,101,62,94", "31": "06A,06B,06C,06D,06E,101,62,94", "32": "06A,06B,06C,06D,06E,101,62,94", "33": "06A,06B,06C,06D,06E,101,62,94", "34": "06A,06C,06D,06E,101,62", "35": "62"}, "Lng": {"0": 105.74838333299999, "1": 105.750547, "2": 105.759623, "3": 105.76245, "4": 105.76546, "5": 105.76803333299999, "6": 105.77266666700001, "7": 105.77663999999999, "8": 105.781416667, "9": 105.785383333, "10": 105.78948333299999, "11": 105.79408333299999, "12": 105.7992, "13": 105.80325, "14": 105.80725, "15": 105.8121, "16": 105.817483333, "17": 105.82583333299999, "18": 105.83275, "19": 105.84041666700001, "20": 105.84386666700001, "21": 105.84428333299999, "22": 105.845733333, "23": 105.846966667, "24": 105.8493, "25": 105.8516, "26": 105.85230800000001, "27": 105.85238333299999, "28": 105.85265, "29": 105.8531, "30": 105.85606666700001, "31": 105.857733333, "32": 105.86035, "33": 105.86303333299999, "34": 105.86521666700001, "35": 105.86691666700001}, "Name": {"0": "(A) BX Y\u00ean Ngh\u0129a - Tuy\u1ebfn 62", "1": "Tr\u01b0\u1eddng trung c\u1ea5p Kinh t\u1ebf - T\u00e0i ch\u00ednh H\u00e0 N\u1ed9i", "2": "807 Quang Trung - H\u00e0 \u0110\u00f4ng", "3": "707-709 Quang Trung, H\u00e0 \u0110\u00f4ng (c\u1ed9t m\u1ed1c H3/15)", "4": "Qua ng\u00e3 t\u01b0 Quang Trung, L\u00ea Tr\u1ecdng T\u1ea5n - 521 Quang Trung (H\u00e0 \u0110\u00f4ng)", "5": "\u0110\u1ed1i di\u1ec7n \u0111\u01b0\u1eddng v\u00e0o ch\u1ee3 La Kh\u00ea (Qua Ga metro La Kh\u00ea) - 405 Quang Trung (H\u00e0 \u0110\u00f4ng)", "6": "Metro H\u00e0 \u0110\u00f4ng - T\u00f4 Hi\u1ec7u (H\u00e0 \u0110\u00f4ng)", "7": "27 T\u00f4 Hi\u1ec7u (H\u00e0 \u0110\u00f4ng)", "8": "\u0110\u1ed1i di\u1ec7n Chi c\u1ee5c thu\u1ebf H\u00e0 N\u1ed9i - T\u00f4 Hi\u1ec7u (H\u00e0 \u0110\u00f4ng)", "9": "70 Ph\u00f9ng H\u01b0ng (H\u00e0 \u0110\u00f4ng)", "10": "H\u1ecdc vi\u1ec7n Qu\u00e2n Y - Ph\u00f9ng H\u01b0ng (H\u00e0 \u0110\u00f4ng)", "11": "C\u1ed5ng th\u00f4n Y\u00ean X\u00e1 - 89 C\u1ea7u B\u01b0\u01a1u", "12": "G\u1ea7n \u0111\u01b0\u1eddng v\u00e0o Tr\u1ea1i t\u1ea1m giam - C\u1ea7u B\u01b0\u01a1u", "13": "\u0110\u1ed1i di\u1ec7n Cty XNK L\u00e2m n\u00f4ng s\u1ea3n s\u1ed1 1 S\u00e0i G\u00f2n - C\u1ea7u B\u01b0\u01a1u", "14": "Tr\u01b0\u1edbc nh\u00e0 CT8B chung c\u01b0 \u0110\u1ea1i Thanh - \u0111\u01b0\u1eddng C\u1ea7u B\u01b0\u01a1u", "15": "Qua C\u1ea7u T\u00f3 150m - Phan Tr\u1ecdng Tu\u1ec7", "16": "Qua TT gi\u00e1o d\u1ee5c TX Huy\u1ec7n Thanh Tr\u00ec 100m - Phan Tr\u1ecdng Tu\u1ec7", "17": "\u0110\u1ed1i di\u1ec7n XN KD Kim Kh\u00ed v\u00e0 D.v\u1ee5 s\u1ed1 3 - Phan Tr\u1ecdng Tu\u1ec7", "18": "\u0110\u1ed1i di\u1ec7n C\u00f4ng ty Ph\u00e2n L\u00e2n V\u0103n \u0110i\u1ec3n - Phan Tr\u1ecdng Tu\u1ec7", "19": "Tr\u01b0\u1eddng CN c\u01a1 \u0111i\u1ec7n &PTNT - Phan Tr\u1ecdng Tu\u1ec7", "20": "Qua ng\u00e3 3 Ng\u1ecdc H\u1ed3i - Phan Tr\u1ecdng Tu\u1ec7 100m - Ng\u1ecdc H\u1ed3i", "21": "Qua Khu t\u1eadp th\u1ec3 LIC\u00d4LA 100m - Ng\u1ecdc H\u1ed3i", "22": "G\u1ea7n ng\u00e3 3 \u0111\u01b0\u1eddng Qu\u1ef3nh \u0110\u00f4 - Ng\u1ecdc H\u1ed3i", "23": "Qua C\u00f4ng ty CP V\u1eadn t\u1ea3i & D\u1ecbch v\u1ee5 TS 15m - Ng\u1ecdc H\u1ed3i", "24": "Vi\u1ec7n nghi\u00ean c\u1ee9u tr\u1ed3ng & ph\u00e1t tri\u1ec3n c\u00e2y thu\u1ed1c", "25": "\u0110\u1ed9i 7 Th\u00f4n Ng\u1ecdc H\u1ed3i - Km 186+350 Qu\u1ed1c L\u1ed9 1A", "26": "C\u1ee5m C\u00f4ng nghi\u1ec7p v\u1eeba v\u00e0 nh\u1ecf Ng\u1ecdc H\u1ed3i - Km 186+900 Qu\u1ed1c L\u1ed9 1A", "27": "C\u00e1ch \u0111\u01b0\u1eddng v\u00e0o UBND x\u00e3 Li\u00ean Ninh 60m - Km 187+680 Qu\u1ed1c L\u1ed9 1A", "28": "\u0110\u1ed1i di\u1ec7n C\u00e2y x\u0103ng Li\u00ean Ninh - Qu\u1ed1c L\u1ed9 1A", "29": "Qua l\u1ed1i r\u1ebd v\u00e0o \u0110\u00ecnh \u0111\u1ec1n l\u00e0ng Y\u00ean Ph\u00fa 100m (Chi\u1ec1u Ga HN-Th\u01b0\u1eddng T\u00edn) - Qu\u1ed1c l\u1ed9 1A", "30": "\u0110\u01b0\u1eddng v\u00e0o X\u00ed Nghi\u1ec7p 198 - Km 189+780 Qu\u1ed1c L\u1ed9 1A", "31": "\u0110\u01b0\u1eddng v\u00e0o Tr\u1ea1i t\u1ea1m giam s\u1ed1 2 - Km 190+380 Qu\u1ed1c L\u1ed9 1A", "32": "Qua l\u1ed1i r\u1ebd tr\u1ea1m bi\u1ebfn \u00e1p 500KV (Khu Ga Th\u01b0\u1eddng T\u00edn) 50m - Km 191+360 Qu\u1ed1c L\u1ed9 1A", "33": "165 Th\u1ecb tr\u1ea5n Th\u01b0\u1eddng T\u00edn - Km 192 Qu\u1ed1c L\u1ed9 1A", "34": "\u0110\u01b0\u1eddng v\u00e0o B\u1ec7nh vi\u1ec7n t\u00e2m th\u1ea7n Trung \u01b0\u01a1ng - Km 192+660 Qu\u1ed1c L\u1ed9 1A", "35": "(B) BX Th\u01b0\u1eddng T\u00edn - Tuy\u1ebfn 62"}}