{"Lat": {"0": 21.067283, "1": 21.062196, "2": 21.0547333333, "3": 21.051595000000002, "4": 21.045966, "5": 21.0460333333, "6": 21.046, "7": 21.046031, "8": 21.0409166667, "9": 21.0372166667, "10": 21.03549, "11": 21.0314333333, "12": 21.0287166667, "13": 21.029424, "14": 21.030694, "15": 21.03134, "16": 21.032267, "17": 21.0311166667, "18": 21.029533333299998, "19": 21.025548999999998, "20": 21.0233333333, "21": 21.021909, "22": 21.0192, "23": 21.01605, "24": 21.0113, "25": 21.0039833333, "26": 21.0000666667, "27": 20.996783333299998, "28": 20.9955833333, "29": 20.99505, "30": 20.995765, "31": 20.992183333299998, "32": 20.987583333299998, "33": 20.9842333333, "34": 20.98219}, "BusStopCode": {"0": 1724, "1": 600, "2": 602, "3": 603, "4": 237, "5": 229, "6": 230, "7": 231, "8": 4087, "9": 500, "10": 501, "11": 49, "12": 64, "13": 282, "14": 283, "15": 284, "16": 286, "17": 530, "18": 531, "19": 325, "20": 749, "21": 750, "22": 34, "23": 35, "24": 36, "25": 40, "26": 41, "27": 42, "28": 405, "29": 406, "30": 407, "31": 661, "32": 528, "33": 529, "34": 1772}, "FleetOver": {"0": "38", "1": "07,14,14CT,27,28,35A,38,45,46,53A,53B,60A,60B,61", "2": "07,14,14CT,27,35A,38,45,46,53A,53B,60A,60B,61", "3": "07,14,14CT,27,35A,38,45,46,53A,53B,60A,60B,61", "4": "27,38,45", "5": "07,14,14CT,33,38,45", "6": "07,14,14CT,33,38,45", "7": "07,14,14CT,33,38,45", "8": "07,38", "9": "12,38", "10": "12,38", "11": "38,55,55B", "12": "105,26,27,28,32,34,38,49", "13": "09,09CT,27,28,32,34,38", "14": "107,22A,25,32,34,38,90", "15": "107,22A,25,32,34,38,90", "16": "18,22A,32,34,38", "17": "18,22A,32,34,38", "18": "02,18,23,32,34,38,45", "19": "01,32,38,40", "20": "01,03,38,49", "21": "03,11,38,43", "22": "08A,08ACT,08B,08BCT,09,09CT,31,35A,36,36CT,38", "23": "08A,08ACT,08B,08BCT,31,35A,36,36CT,38,52A,52B", "24": "08A,08ACT,08B,08BCT,23,31,35A,36,36CT,38,52A,52B", "25": "08A,08ACT,08B,08BCT,36,36CT,38,52A,52B", "26": "36,36CT,38,52A,52B", "27": "36,36CT,38,52A,52B", "28": "03B,19,24,38,52A,52B", "29": "03B,19,24,38,52A,52B", "30": "03B,19,24,38,52A,52B", "31": "04,26,30,38,42", "32": "26,30,38,42", "33": "26,30,38,42", "34": "38"}, "Lng": {"0": 105.787067, "1": 105.783753, "2": 105.781916667, "3": 105.781554, "4": 105.783533, "5": 105.787066667, "6": 105.7922, "7": 105.796345, "8": 105.79746666700001, "9": 105.80145, "10": 105.80373700000001, "11": 105.80273333299999, "12": 105.803666667, "13": 105.80879399999999, "14": 105.818767, "15": 105.82303200000001, "16": 105.829473, "17": 105.83365, "18": 105.83895, "19": 105.84142, "20": 105.84405, "21": 105.84896, "22": 105.84941666700001, "23": 105.84921666700001, "24": 105.84905, "25": 105.85106666700001, "26": 105.8505, "27": 105.85008333299999, "28": 105.85231666700001, "29": 105.856833333, "30": 105.86086100000001, "31": 105.8624, "32": 105.86338333299999, "33": 105.86376666700001, "34": 105.86353600000001}, "Name": {"0": "(A) Nam Th\u0103ng Long - Tuy\u1ebfn 38", "1": "Tr\u01b0\u1edbc 100m ng\u00f5 218 Ph\u1ea1m V\u0103n \u0110\u1ed3ng (\u0111\u1ed1i di\u1ec7n c\u00f4ng vi\u00ean H\u00f2a B\u00ecnh)", "2": "Si\u00eau th\u1ecb Metro Th\u0103ng Long - \u0110\u1ed1i di\u1ec7n ng\u00f5 599 Ph\u1ea1m V\u0103n \u0110\u1ed3ng", "3": "B\u1ed9 c\u00f4ng an - \u0111\u1ed1i di\u1ec7n 36A Ph\u1ea1m V\u0103n \u0110\u1ed3ng", "4": "Tr\u1ea1m trung chuy\u1ec3n xe bu\u00fdt Ho\u00e0ng Qu\u1ed1c Vi\u1ec7t (c\u1ed9t tr\u01b0\u1edbc) - chi\u1ec1u \u0111i B\u01b0\u1edfi", "5": "H\u1ecdc vi\u1ec7n Ch\u00ednh tr\u1ecb Qu\u1ed1c Gia H\u1ed3 Ch\u00ed Minh (\u0110\u1ed1i di\u1ec7n 108 Ho\u00e0ng Qu\u1ed1c Vi\u1ec7t)", "6": "Cao \u0111\u1eb3ng s\u01b0 ph\u1ea1m m\u1eabu gi\u00e1o Trung \u01b0\u01a1ng - 387 Ho\u00e0ng Qu\u1ed1c Vi\u1ec7t", "7": "247-249 Ho\u00e0ng Qu\u1ed1c Vi\u1ec7t", "8": "C\u00f4ng vi\u00ean Ngh\u0129a \u0110\u00f4 - S\u1ed1 64 Nguy\u1ec5n V\u0103n Huy\u00ean", "9": "15B1 Nguy\u1ec5n Kh\u00e1nh To\u00e0n", "10": "H\u00e8 tr\u01b0\u1edbc \u0111\u1ed1i di\u1ec7n s\u1ed1 nh\u00e0 26 - 28 Nguy\u1ec5n Kh\u00e1nh To\u00e0n", "11": "\u0110\u1ed1i di\u1ec7n C\u00f4ng vi\u00ean Th\u1ee7 L\u1ec7 - \u0110\u01b0\u1eddng B\u01b0\u1edfi d\u01b0\u1edbi", "12": "\u0110i\u1ec3m trung chuy\u1ec3n C\u1ea7u Gi\u1ea5y - GTVT 02", "13": "593 - 595 Kim M\u00e3", "14": "116 A5 T\u1eadp th\u1ec3 Gi\u1ea3ng V\u00f5 - Kim M\u00e3", "15": "211 Kim M\u00e3", "16": "H\u00e8 tr\u01b0\u1edbc t\u00f2a nh\u00e0 PTA - S\u1ed1 1 Kim M\u00e3", "17": "145 Nguy\u1ec5n Th\u00e1i H\u1ecdc", "18": "85 Nguy\u1ec5n Th\u00e1i H\u1ecdc - Tr\u01b0\u1eddng TH L\u00fd Th\u01b0\u1eddng Ki\u1ec7t", "19": "T\u1ed5ng c\u00f4ng ty \u0110\u01b0\u1eddng s\u1eaft Vi\u1ec7t Nam - 116 L\u00ea Du\u1ea9n", "20": "Cung VH H\u1eefu Ngh\u1ecb Vi\u1ec7t X\u00f4 - 91 Tr\u1ea7n H\u01b0ng \u0110\u1ea1o", "21": "67 Tr\u1ea7n H\u01b0ng \u0110\u1ea1o", "22": "92-94 B\u00e0 Tri\u1ec7u", "23": "180 - 182 B\u00e0 Tri\u1ec7u", "24": "\u0110\u1ed1i di\u1ec7n Vincom Tower - B\u00e0 Tri\u1ec7u", "25": "216-218 B\u1ea1ch Mai", "26": "368-370 B\u1ea1ch Mai", "27": "512-514 B\u1ea1ch Mai", "28": "110 Minh Khai", "29": "248-250 Minh Khai (C\u00f4ng ty May Th\u0103ng Long )", "30": "308 Minh Khai (G\u1ea7n c\u1ea7u Mai \u0110\u1ed9ng)", "31": "C\u00e1ch c\u1ed5ng C\u00f4ng ty c\u01a1 kh\u00ed Tr\u1ea7n H\u01b0ng \u0110\u1ea1o 40m - 18 Tam Trinh", "32": "\u0110\u1ed1i di\u1ec7n 303 Nguy\u1ec5n Tam Trinh", "33": "\u0110\u1ed1i di\u1ec7n 411 Nguy\u1ec5n Tam Trinh", "34": "(B) Mai \u0110\u1ed9ng - Tuy\u1ebfn 38"}}