{"Lat": {"0": 21.1403666667, "1": 21.142766666700002, "2": 21.143833333299998, "3": 21.141683333299998, "4": 21.14645, "5": 21.1457333333, "6": 21.1443166667, "7": 21.142666666700002, "8": 21.1386, "9": 21.140183333299998, "10": 21.137966666700002, "11": 21.1346, "12": 21.136333333299998, "13": 21.1252666667, "14": 21.1222833333, "15": 21.12665, "16": 21.1307166667, "17": 21.1330166667, "18": 21.1295666667, "19": 21.125533333299998, "20": 21.1242833333, "21": 21.122766666700002, "22": 21.1123333333, "23": 21.1086333333, "24": 21.1063333333, "25": 21.1001333333, "26": 21.095233333299998, "27": 21.088616666700002, "28": 21.0853333333, "29": 21.0785, "30": 21.0707, "31": 21.0584833333, "32": 21.0517333333}, "BusStopCode": {"0": 1799, "1": 1597, "2": 1598, "3": 1599, "4": 1600, "5": 1601, "6": 1602, "7": 1603, "8": 1604, "9": 1605, "10": 1606, "11": 1607, "12": 1608, "13": 1609, "14": 1610, "15": 1611, "16": 1612, "17": 1613, "18": 1614, "19": 1615, "20": 1616, "21": 1617, "22": 1618, "23": 1619, "24": 1620, "25": 1621, "26": 1622, "27": 1623, "28": 1624, "29": 1625, "30": 1626, "31": 1627, "32": 1728}, "FleetOver": {"0": "20C", "1": "20C", "2": "20C", "3": "20C", "4": "20C", "5": "20C", "6": "20C", "7": "20C", "8": "20C", "9": "20C", "10": "20C", "11": "20C", "12": "20C", "13": "20C", "14": "20C", "15": "20C", "16": "20C", "17": "20C", "18": "20C", "19": "20C", "20": "20C", "21": "20C", "22": "20C", "23": "20C", "24": "20C", "25": "20C", "26": "20C", "27": "20C", "28": "20C", "29": "20C", "30": "20C", "31": "20C", "32": "20C"}, "Lng": {"0": 105.55341666700001, "1": 105.55568333299999, "2": 105.5807, "3": 105.58568333299999, "4": 105.593033333, "5": 105.599033333, "6": 105.60483333299999, "7": 105.611966667, "8": 105.622283333, "9": 105.626866667, "10": 105.63006666700001, "11": 105.63786666700001, "12": 105.6445, "13": 105.66276666700001, "14": 105.670266667, "15": 105.67753333299999, "16": 105.68111666700001, "17": 105.68883333299999, "18": 105.69351666700001, "19": 105.70005, "20": 105.703616667, "21": 105.70626666700001, "22": 105.713333333, "23": 105.71711666700001, "24": 105.719916667, "25": 105.731333333, "26": 105.73385, "27": 105.7384, "28": 105.73695, "29": 105.72951666700001, "30": 105.72845, "31": 105.73148333299999, "32": 105.73626666700001}, "Name": {"0": "(B) V\u00f5ng Xuy\u00ean - Ph\u00fac Th\u1ecd - Tuy\u1ebfn 20C", "1": "Qua c\u1eeda kh\u1ea9u X\u00e3 C\u1ea9m \u0110\u00ecnh", "2": "Tr\u01b0\u1edbc \u0111\u1ed1i di\u1ec7n UBND x\u00e3 Xu\u00e2n Ph\u00fa", "3": "Tr\u01b0\u1edbc ng\u00e3 4 Xu\u00e2n Ph\u00fa 70m", "4": "\u0110\u1ed1i di\u1ec7n UBND X\u00e3 V\u00e2n Ph\u00fac", "5": "Tr\u01b0\u1eddng THCS V\u00e2n C\u1ed1c", "6": "UBND X\u00e3 V\u00e2n Nam", "7": "Tr\u01b0\u1eddng THPT V\u00e2n C\u1ed1c", "8": "Qua 70m ng\u00e3 ba \u0111\u01b0\u1eddng v\u00e0o x\u00e3 H\u00e1t M\u00f4n - \u0110an Ph\u01b0\u1ee3ng", "9": "G\u1ea7n c\u1ed5ng x\u00f3m C\u1ea3 - l\u00e0ng H\u01b0u Trung", "10": "Tr\u01b0\u1eddng THCS Trung Ch\u00e2u", "11": "G\u1ea7n \u0111i\u1ebfm canh \u0111\u00ea s\u1ed1 7 - X\u00e3 Th\u1ecd An", "12": "\u0110\u1ed1i di\u1ec7n s\u00e2n v\u1eadn \u0111\u1ed9ng TDTT x\u00e3 Th\u1ecd An", "13": "G\u1ea7n \u0111i\u1ebfm canh \u0111\u00ea s\u1ed1 10 - X\u00e3 Trung Ch\u00e2u", "14": "\u0110\u1ed1i di\u1ec7n L\u00e0ng H\u01b0\u01a1ng Luy - X\u00e3 Trung Ch\u00e2u", "15": "L\u00e0ng H\u1ea1 M\u1ed7 (g\u1ea7n \u0111\u1ed1i di\u1ec7n c\u1ed9t m\u1ed1c V\u00e2n C\u1ed1c 15km)", "16": "Tr\u01b0\u1eddng THPT H\u1ed3ng Th\u00e1i", "17": "C\u1ed5ng \u0110\u00f4ng l\u00e0ng B\u00e1 D\u01b0\u01a1ng N\u1ed9i", "18": "C\u1ed5ng l\u00e0ng B\u1ed3ng Lai", "19": "\u0110\u1ed1i di\u1ec7n x\u00f3m B\u1eafc - X\u00e3 Li\u00ean H\u1ed3ng", "20": "L\u00e0ng H\u1eefu C\u01b0\u1edbc (g\u1ea7n \u0111i\u1ebfm canh \u0111\u00ea s\u1ed1 15)", "21": "\u0110\u1ed1i di\u1ec7n l\u00e0ng T\u1ed5 - x\u00e3 Li\u00ean H\u00e0", "22": "G\u1ea7n \u0111\u1ed1i di\u1ec7n tr\u01b0\u1eddng THCS Li\u00ean H\u00e0", "23": "\u0110\u1ed1i di\u1ec7n L\u00e0ng Qu\u00fd", "24": "\u0110\u1ed1i di\u1ec7n UBND X\u00e3 Li\u00ean Trung", "25": "\u0110\u1ed1i di\u1ec7n Th\u00f4n Trung- \u0111\u00ea Th\u01b0\u1ee3ng C\u00e1t", "26": "C\u1ed5ng l\u00e0ng Th\u01b0\u1ee3ng C\u00e1t 2 - \u0111\u00ea Th\u01b0\u1ee3ng C\u00e1t", "27": "C\u1ed5ng l\u00e0ng Th\u01b0\u1ee3ng C\u00e1t 1 - \u0111\u00ea Th\u01b0\u1ee3ng C\u00e1t", "28": "Tr\u01b0\u1edbc 50m ng\u00e3 3 K\u1ef3 V\u0169 - T\u00e2y T\u1ef1u (tr\u01b0\u1edbc l\u1ed1i v\u00e0o tr\u01b0\u1eddng C\u0110 C\u00f4ng ngh\u1ec7 HN)", "29": "G\u1ea7n tr\u1ea1m x\u0103ng d\u1ea7u, tr\u01b0\u1edbc 250m \u0111\u1ed1i di\u1ec7n \u0111\u01b0\u1eddng v\u00e0o khu B tr\u01b0\u1eddng \u0110HCN H\u00e0 N\u1ed9i - T\u00e2y T\u1ef1u", "30": "Tr\u01b0\u1edbc 50m \u0111\u1ed1i di\u1ec7n c\u1ed5ng tr\u01b0\u1eddng Ti\u1ec3u h\u1ecdc T\u00e2y T\u1ef1u A - T\u00e2y T\u1ef1u", "31": "Tr\u01b0\u1edbc 50m c\u1ed5ng ngh\u0129a trang li\u1ec7t s\u0129 T\u00e2y T\u1ef1u - T\u00e2y T\u1ef1u", "32": "(A) Nh\u1ed5n - Tuy\u1ebfn 20C"}}