{"Lat": {"0": 20.883582999999998, "1": 20.8861166667, "2": 20.8896166667, "3": 20.8935833333, "4": 20.896131, "5": 20.898748, "6": 20.900132, "7": 20.90195, "8": 20.904323, "9": 20.9063833333, "10": 20.910733333299998, "11": 20.918983333299998, "12": 20.925932999999997, "13": 20.931832999999997, "14": 20.9370666667, "15": 20.9402333333, "16": 20.95385, "17": 20.96285, "18": 20.9693, "19": 20.9826166667, "20": 20.9874333333, "21": 20.988695, "22": 20.992205, "23": 20.9966333333, "24": 21.00271, "25": 21.002233333299998, "26": 21.003016666700002, "27": 21.003818, "28": 21.006515, "29": 21.0096333333, "30": 21.010616666700002, "31": 21.010182999999998, "32": 21.0099, "33": 21.0091, "34": 21.0081, "35": 21.0066666667, "36": 21.00481, "37": 21.0033166667, "38": 21.00215, "39": 21.003203, "40": 21.006866666700002, "41": 21.0127666667, "42": 21.015587, "43": 21.01885, "44": 21.0229, "45": 21.027516666700002, "46": 21.0281}, "BusStopCode": {"0": 2060, "1": 2061, "2": 2062, "3": 2063, "4": 2064, "5": 2065, "6": 2066, "7": 2067, "8": 2068, "9": 2069, "10": 2070, "11": 2071, "12": 2751, "13": 2073, "14": 2754, "15": 2074, "16": 2075, "17": 2076, "18": 2077, "19": 2078, "20": 2079, "21": 2080, "22": 2081, "23": 3930, "24": 2027, "25": 2028, "26": 2029, "27": 2030, "28": 2031, "29": 2032, "30": 2033, "31": 4053, "32": 2034, "33": 2035, "34": 2036, "35": 2037, "36": 2038, "37": 4171, "38": 2083, "39": 2084, "40": 573, "41": 574, "42": 575, "43": 576, "44": 577, "45": 579, "46": 2082}, "FleetOver": {"0": "87", "1": "72,87", "2": "72,87", "3": "72,87", "4": "72,87", "5": "72,87", "6": "72,87", "7": "72,87", "8": "72,87", "9": "87", "10": "87", "11": "87", "12": "87", "13": "87", "14": "87", "15": "87", "16": "87", "17": "87", "18": "87", "19": "87", "20": "87", "21": "87", "22": "87", "23": "87,89", "24": "107,74,87,88", "25": "107,74,87,88", "26": "107,74,87,88", "27": "107,74,87,88", "28": "107,74,87,88", "29": "107,74,87,88", "30": "107,74,87,88", "31": "107,87,88", "32": "107,74,87,88", "33": "107,74,87,88", "34": "107,74,87,88", "35": "107,74,87,88", "36": "107,74,87,88", "37": "107,87", "38": "107,87", "39": "107,87", "40": "103,21B,22B,35A,39,50,60A,60B,87", "41": "103,21B,22B,33,35A,39,50,60A,60B,87", "42": "103,21B,22B,33,35A,39,50,60A,60B,87", "43": "103,104,21B,22B,29,30,33,35A,39,44,60A,60B,74,84,87,88", "44": "103,104,21B,22B,29,30,33,35A,39,44,46,60A,60B,74,84,87,88", "45": "35A,39,87", "46": "87"}, "Lng": {"0": 105.55628300000001, "1": 105.565183333, "2": 105.56785, "3": 105.5716, "4": 105.57421000000001, "5": 105.576945, "6": 105.57855, "7": 105.58200000000001, "8": 105.587819, "9": 105.5911, "10": 105.590583333, "11": 105.594333333, "12": 105.59676699999999, "13": 105.6002, "14": 105.603433333, "15": 105.60568333299999, "16": 105.616566667, "17": 105.62553333299999, "18": 105.627283333, "19": 105.63061666700001, "20": 105.63181666700001, "21": 105.63439199999999, "22": 105.639293, "23": 105.64116666700001, "24": 105.64833899999999, "25": 105.65806666700001, "26": 105.66885, "27": 105.677627, "28": 105.69809, "29": 105.7115, "30": 105.7188, "31": 105.729122, "32": 105.73178300000001, "33": 105.7463, "34": 105.75155, "35": 105.75863333299999, "36": 105.76771299999999, "37": 105.77486666700001, "38": 105.78058300000001, "39": 105.79043999999999, "40": 105.791233333, "41": 105.78646666700001, "42": 105.784246, "43": 105.781516667, "44": 105.77903333299999, "45": 105.779266667, "46": 105.7785}, "Name": {"0": "\u0110\u1ea7u B: Th\u1ecb tr\u1ea5n Xu\u00e2n Mai (Nh\u00e0 m\u00e1y th\u1ee9c \u0103n ch\u0103n nu\u00f4i CP)", "1": "C\u00e2y x\u0103ng T\u1ed5 8 Khu Chi\u1ebfn Th\u1eafng", "2": "Tr\u01b0\u1eddng Cao \u0111\u1eb3ng N\u00f4ng nghi\u1ec7p v\u00e0 Ph\u00e1t tri\u1ec3n N\u00f4ng th\u00f4n B\u1eafc B\u1ed9", "3": "S\u1ed1 6 T\u1ed5 3 Khu Chi\u1ebfn Th\u1eafng- Xu\u00e2n Mai", "4": "S\u1ed1 39 T\u1ed5 7 Khu T\u00e2n B\u00ecnh Th\u1ecb Tr\u1ea5n Xu\u00e2n Mai", "5": "B\u01b0u \u0111i\u1ec7n Xu\u00e2n Mai", "6": "T\u1ed5 2 khu Xu\u00e2n H\u00e0 - Xu\u00e2n Mai", "7": "C\u1ea7u Qu\u00e1n L\u00e1t - Qu\u1ed1c l\u1ed9 6", "8": "\u0110\u1ed1i di\u1ec7n Nh\u00e0 v\u0103n h\u00f3a TT Xu\u00e2n Mai - Qu\u1ed1c l\u1ed9 6", "9": "S\u1ed1 6 T\u1ed5 2 khu Ti\u00ean Tr\u01b0\u1ee3ng TT Xu\u00e2n Mai - TL 421B", "10": "S\u1ed1 36 T\u1ed5 5 Khu Ti\u00ean Tr\u01b0\u1ee3ng TT Xu\u00e2n Mai - TL 421B", "11": "C\u00f4ng ty TNHH Th\u01b0\u01a1ng m\u1ea1i H\u00f2a An - TL 421B", "12": "X\u00f3m 5 Th\u00f4n \u0110\u00f4ng H\u1ea1 - TL 421B (Chi\u1ec1u \u0111i M\u1ef9 \u0110\u00ecnh)", "13": "UBND x\u00e3 \u0110\u00f4ng Y\u00ean - TL 421B", "14": "X\u00f3m C\u1ea7u \u00d3, th\u00f4n \u0110\u00f4ng Th\u01b0\u1ee3ng, th\u1ecb tr\u1ea5n Qu\u1ed1c Oai (Chi\u1ec1u v\u1ec1 M\u1ef9 \u0110\u00ecnh)", "15": "Th\u00f4n \u0110\u00f4ng Th\u01b0\u1ee3ng  - TL 421B", "16": "Tr\u01b0\u1eddng THCS C\u1ea5n H\u1eefu - TL 421B", "17": "\u0110\u1ea7u l\u00e0ng \u0110\u1ecbnh T\u00fa, M\u00e1ng 7B - TL 421B", "18": "\u0110\u1ed1i di\u1ec7n Tr\u1ea1m bi\u1ebfn th\u1ebf \u0110\u00eca L\u00f3c 2 - TL 421B", "19": "\u0110\u01b0\u1eddng v\u00e0o l\u00e0ng Ph\u00fa M\u1ef9 - TL 421B", "20": "Tr\u01b0\u1edbc \u0111\u01b0\u1eddng v\u00e0o tr\u1ea1i \u0110\u1ed3ng D\u01a1i 70m - TL 421B", "21": "Nh\u00e0 V\u0103n h\u00f3a Th\u00f4n 3 (\u0110\u1ed1i di\u1ec7n B\u1ea3o Hi\u1ec3m Qu\u1ed1c Oai) - TL 421B", "22": "VinaPhone Th\u1ea1ch Th\u00e1n Qu\u1ed1c Oai - TL 421B", "23": "Tr\u01b0\u1edbc l\u1ed1i r\u1ebd v\u00e0o l\u00e0ng Du Ngh\u1ec7 x\u00e3 Ki\u1ec1u Ph\u00fa 100m", "24": "Ng\u00e3 3 Ch\u00f9a Th\u1ea7y - Qu\u1ed1c Oai - \u0110\u1ea1i l\u1ed9 Th\u0103ng Long", "25": "Th\u00f4n Qu\u1ea3ng Y\u00ean, Y\u00ean S\u01a1n, Qu\u1ed1c Oai - \u0110\u1ea1i l\u1ed9 Th\u0103ng Long", "26": "X\u00e3 V\u00e2n C\u00f4n, Ho\u00e0i \u0110\u1ee9c - \u0110\u1ea1i l\u1ed9 Th\u0103ng Long", "27": "Song Ph\u01b0\u01a1ng, Ho\u00e0i \u0110\u1ee9c - \u0110\u1ea1i l\u1ed9 Th\u0103ng Long", "28": "\u0110\u00ea Ph\u01b0\u01a1ng Vi\u00ean, Song Ph\u01b0\u01a1ng - \u0110\u1ea1i l\u1ed9 Th\u0103ng Long", "29": "K\u0110T Nam An Kh\u00e1nh - \u0110\u1ea1i l\u1ed9 Th\u0103ng Long", "30": "C\u1ea7u v\u01b0\u1ee3t An Kh\u00e1nh - \u0110\u1ea1i l\u1ed9 Th\u0103ng Long", "31": "Tr\u01b0\u1edbc 50m h\u1ea7m chui d\u00e2n sinh s\u1ed1 3 \u0110\u1ea1i L\u1ed9 Th\u0103ng Long", "32": "C\u1ed5ng Thi\u00ean \u0110\u01b0\u1eddng B\u1ea3o S\u01a1n - \u0110\u1ea1i l\u1ed9 Th\u0103ng Long", "33": "\u0110\u01b0\u1eddng v\u00e0o UBND Ph\u01b0\u1eddng T\u00e2y M\u1ed7 - \u0110\u1ea1i l\u1ed9 Th\u0103ng Long", "34": "Qua ng\u00e3 3 L\u00e0ng Mi\u00eau Nha - \u0110\u1ea1i l\u1ed9 Th\u0103ng Long", "35": "L\u1ed1i v\u00e0o THPT \u0110\u1ea1i M\u1ed7 - \u0110\u1ea1i l\u1ed9 Th\u0103ng Long", "36": "Tr\u01b0\u1edbc ng\u00e3 3 Ph\u1ed1 Sa \u0110\u00f4i - \u0110\u1ea1i l\u1ed9 Th\u0103ng Long", "37": "Qua 100m ng\u00e3 3 \u0110\u1ea1i l\u1ed9 Th\u0103ng Long - L\u00ea Quang \u0110\u1ea1o", "38": "C\u00f4ng ty Vi\u1ec5n Th\u00f4ng Viettel (T\u00f2a nh\u00e0 N1) - \u0110\u1ea1i l\u1ed9 Th\u0103ng Long", "39": "T\u00f2a nh\u00e0 Th\u0103ng Long Number One - \u0110\u1ea1i l\u1ed9 Th\u0103ng Long", "40": "Ng\u00e3 4 Ph\u1ea1m H\u00f9ng - Khu\u1ea5t Duy Ti\u1ebfn (\u0110\u1ed1i di\u1ec7n Trung t\u00e2m H\u1ed9i ngh\u1ecb Qu\u1ed1c Gia)", "41": "Qua 130m Doanh tr\u1ea1i B\u1ed9 ch\u1ec9 huy qu\u00e2n s\u1ef1 HN - 99A Ph\u1ea1m H\u00f9ng", "42": "T\u00f2a nh\u00e0 Landmark 72 - \u0111\u01b0\u1eddng Ph\u1ea1m H\u00f9ng", "43": "\u0110\u1ed1i di\u1ec7n nh\u00e0 CT5 K\u0110T S\u00f4ng \u0110\u00e0 M\u1ef9 \u0110\u00ecnh - Ph\u1ea1m H\u00f9ng", "44": "Qua ng\u00e3 4 Ph\u1ea1m H\u00f9ng - \u0110\u00ecnh Th\u00f4n (H\u01b0\u1edbng \u0111i Ph\u1ea1m V\u0103n \u0110\u1ed3ng)", "45": "\u0110\u1ed1i di\u1ec7n B\u1ebfn xe kh\u00e1ch M\u1ef9 \u0110\u00ecnh - Ph\u1ea1m H\u00f9ng (c\u1ed9t sau)", "46": "(A) BX M\u1ef9 \u0110\u00ecnh - Tuy\u1ebfn 87"}}