{"Lat": {"0": 20.96465, "1": 20.965452, "2": 20.964241, "3": 20.96365, "4": 20.9656, "5": 20.9726833333, "6": 20.9815, "7": 20.9888, "8": 20.9938333333, "9": 20.9971333333, "10": 20.99955, "11": 21.000866666700002, "12": 21.0013666667, "13": 21.0026166667, "14": 21.006283, "15": 21.0106333333, "16": 21.0172, "17": 21.0221166667, "18": 21.028166666700002, "19": 21.031999999999996, "20": 21.0423833333, "21": 21.045683333299998, "22": 21.047071, "23": 21.048514, "24": 21.05225, "25": 21.0531166667, "26": 21.0498833333, "27": 21.049992}, "BusStopCode": {"0": 4096, "1": 114, "2": 3273, "3": 115, "4": 116, "5": 1857, "6": 960, "7": 961, "8": 962, "9": 510, "10": 511, "11": 512, "12": 513, "13": 514, "14": 515, "15": 516, "16": 517, "17": 764, "18": 777, "19": 778, "20": 555, "21": 556, "22": 557, "23": 3416, "24": 559, "25": 1202, "26": 1203, "27": 4097}, "FleetOver": {"0": "48", "1": "04,48,99", "2": "04,48,99", "3": "04,48,99", "4": "04,48", "5": "04,48", "6": "48", "7": "48", "8": "48", "9": "48", "10": "48", "11": "48", "12": "106,48", "13": "48", "14": "24,40,45,47B,48,51,55,55B", "15": "19,24,40,45,48,51,55,55B", "16": "24,48,51,55,55B", "17": "03,19,24,42,43,44,48,51,55,55B", "18": "03,24,42,43,48,55,55B", "19": "03,24,42,43,48,55,55B", "20": "03,100,10A,17,34,43,48,54,65", "21": "01,03,100,10A,10B,17,22A,34,42,43,48,54,65", "22": "10A,10B,17,42,43,48,54,65", "23": "10A,10B,17,42,43,48,54,65", "24": "10A,10B,11,15,17,42,43,48,54,65", "25": "11,48", "26": "11,48", "27": "48"}, "Lng": {"0": 105.84255, "1": 105.850495, "2": 105.85821399999999, "3": 105.86383333299999, "4": 105.8757, "5": 105.88175, "6": 105.89433333299999, "7": 105.894133333, "8": 105.89245, "9": 105.891016667, "10": 105.8862, "11": 105.880366667, "12": 105.87801666700001, "13": 105.87406666700001, "14": 105.86838300000001, "15": 105.864516667, "16": 105.862433333, "17": 105.861483333, "18": 105.85833333299999, "19": 105.85643300000001, "20": 105.87076666700001, "21": 105.875983333, "22": 105.87885, "23": 105.88176499999999, "24": 105.88600000000001, "25": 105.8894, "26": 105.891833333, "27": 105.89219399999999}, "Name": {"0": "(B) BX N\u01b0\u1edbc Ng\u1ea7m - Tuy\u1ebfn 48", "1": "Bi\u1ec3n b\u00e1o K\u0110T Eco Park - \u0110\u01b0\u1eddng d\u1eabn c\u1ea7u Thanh Tr\u00ec", "2": "\u0110\u01b0\u1eddng v\u00e0o K\u0110T Gamuda", "3": "Qua \u0111\u01b0\u1eddng v\u00e0o khu t\u00e1i \u0111\u1ecbnh c\u01b0 X2A 30m - \u0111\u01b0\u1eddng d\u1eabn c\u1ea7u Thanh Tr\u00ec", "4": "S\u1ed1 nh\u00e0 15 - T\u1ed5 15 - Ph\u01b0\u1eddng Y\u00ean S\u1edf - \u0110\u01b0\u1eddng d\u1eabn c\u1ea7u Thanh Tr\u00ec", "5": "Tr\u01b0\u1eddng m\u1ea7m non Tr\u1ea7n Ph\u00fa - T\u1ed5 8 - Ph\u01b0\u1eddng Tr\u1ea7n Ph\u00fa - \u0110\u01b0\u1eddng d\u1eabn c\u1ea7u Thanh Tr\u00ec", "6": "\u0110\u1ed1i di\u1ec7n C\u00f4ng ty CP \u0110\u1ea7u t\u01b0 & B\u00ea t\u00f4ng Th\u1ecbnh Li\u1ec7t", "7": "\u0110\u1ed1i di\u1ec7n C\u00f4ng ty TNHH D\u01b0\u01a1ng Quang - \u0110\u00ea H\u1eefu H\u1ed3ng", "8": "\u0110\u1ed1i di\u1ec7n Tr\u01b0\u1eddng Ti\u1ec3u h\u1ecdc Thanh Tr\u00ec - \u0110\u00ea H\u1eefu H\u1ed3ng", "9": "\u0110\u1ed1i di\u1ec7n C\u00f4ng ty S\u1ee9 Thanh Tr\u00ec (\u0110\u1ed1i di\u1ec7n 1044 Nguy\u1ec5n Kho\u00e1i)", "10": "503 Nguy\u1ec5n Kho\u00e1i (\u0110\u1ed1i di\u1ec7n 856)", "11": "620 Nguy\u1ec5n Kho\u00e1i - \u0110\u1ed1i di\u1ec7n d\u1ed1c \u0110o\u00e0n K\u1ebft", "12": "\u0110\u1ed1i di\u1ec7n \u0110H Kinh Doanh v\u00e0 C\u00f4ng Ngh\u1ec7 HN - Nguy\u1ec5n Kho\u00e1i ", "13": "G\u1ea7m c\u1ea7u v\u01b0\u1ee3t V\u0129nh Tuy - Nguy\u1ec5n Kho\u00e1i", "14": "287 Nguy\u1ec5n Kho\u00e1i (Ng\u00e3 3 D\u1ed1c Minh Khai)", "15": "\u0110\u1ed1i di\u1ec7n BX L\u01b0\u01a1ng Y\u00ean (Tr\u01b0\u1edbc nh\u00e0 17B1 \u0110\u1ea7m Tr\u1ea5u) - Nguy\u1ec5n Kho\u00e1i", "16": "K9 B\u1ed9 \u0111\u1ed9i bi\u00ean ph\u00f2ng - Ng\u00f5 49 Nguy\u1ec5n Kho\u00e1i", "17": "\u0110\u1ed1i di\u1ec7n khu t\u1eadp th\u1ec3 15C Tr\u1ea7n Kh\u00e1nh D\u01b0 (chi\u1ec1u Tr\u1ea7n Kh\u00e1nh D\u01b0 \u0111i c\u1ea7u Ch\u01b0\u01a1ng D\u01b0\u01a1ng)", "18": "Tr\u01b0\u1edbc ph\u1ed1 Ch\u01b0\u01a1ng D\u01b0\u01a1ng \u0110\u1ed9 (\u0110\u1ed1i di\u1ec7n 198 Tr\u1ea7n Quang Kh\u1ea3i)", "19": "C\u1ea1nh ph\u1ed1 H\u00e0m T\u1eed Quan (\u0110\u1ed1i di\u1ec7n 162 Tr\u1ea7n Quang Kh\u1ea3i)", "20": "T\u1ed5ng c\u1ee5c H\u1ea3i Quan - 162 Nguy\u1ec5n V\u0103n C\u1eeb (c\u1ed9t sau)", "21": "358 - 360 Nguy\u1ec5n V\u0103n C\u1eeb", "22": "436 - 438 Nguy\u1ec5n V\u0103n C\u1eeb", "23": "S\u1ed1 548 Nguy\u1ec5n V\u0103n C\u1eeb", "24": "Ph\u00f2ng C\u00f4ng Ch\u1ee9ng s\u1ed1 2 TPHN - 654 Nguy\u1ec5n V\u0103n C\u1eeb", "25": "C\u00e2y x\u0103ng s\u1ed1 84 C\u1ea7u Chui (B\u0110X Gia Th\u1ee5y) - Nguy\u1ec5n V\u0103n Linh", "26": "\u0110\u1ed1i di\u1ec7n si\u00eau th\u1ecb BigC Long Bi\u00ean - Nguy\u1ec5n V\u0103n Linh", "27": "(A) Savico Long Bi\u00ean - Tuy\u1ebfn 48"}}