{"Lat": {"0": 21.0319, "1": 21.0345833333, "2": 21.041116666700002, "3": 21.040364999999998, "4": 21.04175, "5": 21.042845, "6": 21.042403, "7": 21.041448000000003, "8": 21.042995, "9": 21.044385000000002, "10": 21.0466833333, "11": 21.048317, "12": 21.04635, "13": 21.04635, "14": 21.04635, "15": 21.046257999999998, "16": 21.04615, "17": 21.050738, "18": 21.0574666667, "19": 21.0622, "20": 21.07015, "21": 21.0771833333, "22": 21.081999999999997, "23": 21.0875}, "BusStopCode": {"0": 1669, "1": 188, "2": 868, "3": 638, "4": 639, "5": 640, "6": 690, "7": 691, "8": 692, "9": 2126, "10": 694, "11": 695, "12": 233, "13": 234, "14": 235, "15": 236, "16": 228, "17": 594, "18": 595, "19": 597, "20": 596, "21": 598, "22": 3455, "23": 1758}, "FleetOver": {"0": "14", "1": "04,08A,08ACT,08B,08BCT,11,14,14CT,18,23,31,34", "2": "01,14,14CT,22A,31", "3": "14,14CT,18,22A,23", "4": "14,14CT,22A", "5": "14,14CT,45,50", "6": "14,14CT,45", "7": "14,14CT,45", "8": "14,14CT,45", "9": "14,14CT,90", "10": "14,14CT,45,90", "11": "14,14CT,45,90", "12": "13,14,14CT,33,45,96", "13": "07,14,14CT,33,38,45", "14": "07,14,14CT,33,38,45", "15": "07,14,14CT,33,38,45", "16": "07,14,14CT,33,45", "17": "07,14,14CT,27,35A,38,45,46,53A,53B,60A,60B,61", "18": "07,14,14CT,27,35A,38,45,46,53A,53B,60A,60B,61", "19": "07,14,14CT,27,28,35A,38,45,46,53A,53B,60A,60B,61", "20": "07,14,14CT,28,35B,46,53A,53B,56A,56C,57,60A,60B,61,93,95", "21": "07,14,14CT,28,35B,46,53A,53B,56A,56C,57,60A,60B,61,93,95", "22": "14,14CT,58", "23": "14,14CT"}, "Lng": {"0": 105.85188333299999, "1": 105.8547, "2": 105.849616667, "3": 105.846823, "4": 105.84421666700001, "5": 105.837899, "6": 105.831328, "7": 105.826558, "8": 105.823586, "9": 105.815161, "10": 105.81200000000001, "11": 105.808771, "12": 105.8017, "13": 105.796866667, "14": 105.7921, "15": 105.787504, "16": 105.784783333, "17": 105.781663, "18": 105.782766667, "19": 105.784016667, "20": 105.78555, "21": 105.7868, "22": 105.78535, "23": 105.785816667}, "Name": {"0": "(A) B\u1edd H\u1ed3 - Tuy\u1ebfn 14", "1": "S\u1ed1 3 H\u00e0ng Mu\u1ed1i", "2": "E3.1 \u0110i\u1ec3m trung chuy\u1ec3n Long Bi\u00ean", "3": "10-12 Qu\u00e1n Th\u00e1nh", "4": "86 Qu\u00e1n Th\u00e1nh - B\u1ed9 ch\u1ec9 huy Qu\u00e2n s\u1ef1 Qu\u1eadn Ba \u0110\u00ecnh", "5": "192A Qu\u00e1n Th\u00e1nh", "6": "12 Th\u1ee5y Khu\u00ea -C\u1ea1nh Tr\u01b0\u1eddng THPT Chu V\u0103n An.", "7": "72-74 Th\u1ee5y Khu\u00ea (\u0110\u1ed1i di\u1ec7n XN xe \u0111i\u1ec7n H\u00e0 N\u1ed9i)", "8": "130E -132A Th\u1ee5y Khu\u00ea (C\u00f4ng ty XNK L\u01b0\u01a1ng th\u1ef1c th\u1ef1c ph\u1ea9m H\u00e0 N\u1ed9i - Qua Tr\u01b0\u1eddng TH Chu V\u0103n An)", "9": "H\u00e8 tr\u01b0\u1edbc nh\u00e0 278 Th\u1ee5y Khu\u00ea", "10": "382-384 Th\u1ee5y Khu\u00ea", "11": "528 Th\u1ee5y Khu\u00ea", "12": "Trung t\u00e2m KHTN C\u00f4ng ngh\u1ec7 Qu\u1ed1c Gia - 18 Ho\u00e0ng Qu\u1ed1c Vi\u1ec7t", "13": "90 Ho\u00e0ng Qu\u1ed1c Vi\u1ec7t - Ng\u00e3 3 Nguy\u1ec5n V\u0103n Huy\u00ean", "14": "122-124 Ho\u00e0ng Qu\u1ed1c Vi\u1ec7t", "15": "212 Ho\u00e0ng Qu\u1ed1c Vi\u1ec7t - \u0110\u1ed1i di\u1ec7n HV Ch\u00ednh tr\u1ecb Qu\u1ed1c Gia H\u1ed3 Ch\u00ed Minh", "16": "Tr\u1ea1m trung chuy\u1ec3n xe bu\u00fdt Ho\u00e0ng Qu\u1ed1c Vi\u1ec7t (c\u1ed9t sau) - chi\u1ec1u \u0111i Ph\u1ea1m V\u0103n \u0110\u1ed3ng", "17": "36A Ph\u1ea1m V\u0103n \u0110\u1ed3ng", "18": "527 Ph\u1ea1m V\u0103n \u0110\u1ed3ng", "19": "Qua 70m \u0111\u01b0\u1eddng v\u00e0o c\u00f4ng vi\u00ean H\u00f2a B\u00ecnh - Ph\u1ea1m V\u0103n \u0110\u1ed3ng", "20": "373 Ph\u1ea1m V\u0103n \u0110\u1ed3ng", "21": "113 Ph\u1ea1m V\u0103n \u0110\u1ed3ng", "22": "72 T\u00e2n Xu\u00e2n (Ch\u00e2n c\u1ea7u Th\u0103ng Long)", "23": "(B) C\u1ed5 Nhu\u1ebf - Tuy\u1ebfn 14"}}