{"Lat": {"0": 20.9633666667, "1": 20.963582000000002, "2": 20.9649333333, "3": 20.965, "4": 20.9672166667, "5": 20.970537, "6": 20.9728166667, "7": 20.9786, "8": 20.9795, "9": 20.9855166667, "10": 20.99135, "11": 20.9946833333, "12": 20.9959333333, "13": 20.9955666667, "14": 21.000283, "15": 21.0028666667, "16": 21.0067, "17": 21.010703, "18": 21.013783333299997, "19": 21.016317, "20": 21.022022, "21": 21.025301000000002, "22": 21.0280833333, "23": 21.028717, "24": 21.029037, "25": 21.031029999999998, "26": 21.0333666667, "27": 21.0344166667, "28": 21.0401333333, "29": 21.0467333333, "30": 21.0510166667, "31": 21.0539166667, "32": 21.0592666667}, "BusStopCode": {"0": 1711, "1": 479, "2": 480, "3": 494, "4": 495, "5": 56, "6": 272, "7": 273, "8": 274, "9": 275, "10": 266, "11": 267, "12": 534, "13": 546, "14": 547, "15": 225, "16": 226, "17": 465, "18": 841, "19": 807, "20": 808, "21": 785, "22": 720, "23": 721, "24": 1813, "25": 1811, "26": 1809, "27": 1807, "28": 4185, "29": 122, "30": 123, "31": 124, "32": 1786}, "FleetOver": {"0": "05", "1": "05,36,36CT,37,60A,84", "2": "05,36,36CT,37,60A", "3": "05,106,36,36CT,37,60A,84", "4": "05,104,36,36CT,37,60A,84", "5": "05,22C,29,37,60A,60B", "6": "05,60B", "7": "05,60B", "8": "05,60B", "9": "05,60B", "10": "05,60B", "11": "05,60B", "12": "01,02,05,19,21A,21B,27,29,44,60B", "13": "05,105,29,44,60A,60B", "14": "05,105,29,44,60A,60B", "15": "05,29,30,44,85", "16": "05,29,30,44,85", "17": "05,29,30,44,85", "18": "05", "19": "05,104,51", "20": "05,104,51,84,85", "21": "05,51", "22": "05,39,61", "23": "05,39,61", "24": "05,84,97", "25": "05,97", "26": "05,97", "27": "05,49", "28": "05,13,20A,20B,29,32", "29": "05", "30": "05", "31": "05", "32": "05"}, "Lng": {"0": 105.8305, "1": 105.830398, "2": 105.83126666700001, "3": 105.82665, "4": 105.8265, "5": 105.826017, "6": 105.824783333, "7": 105.82231666700001, "8": 105.8201, "9": 105.813916667, "10": 105.81343333299999, "11": 105.814416667, "12": 105.80925, "13": 105.805516667, "14": 105.801833, "15": 105.799783333, "16": 105.79676666700001, "17": 105.793346, "18": 105.795083333, "19": 105.794467, "20": 105.790902, "21": 105.788982, "22": 105.78485, "23": 105.780833, "24": 105.778123, "25": 105.77469099999999, "26": 105.770733333, "27": 105.766833333, "28": 105.766483333, "29": 105.763083333, "30": 105.7636, "31": 105.763866667, "32": 105.764733333}, "Name": {"0": "(A) K\u0110T Linh \u0110\u00e0m - Tuy\u1ebfn 05", "1": "Nh\u00e0 N\u01a0. 7B K\u0110T Linh \u0110\u00e0m - Nguy\u1ec5n Duy Trinh", "2": "Nh\u00e0 N\u01a0. 1A K\u0110T Linh \u0110\u00e0m - Nguy\u1ec5n Duy Trinh", "3": "\u0110\u1ed1i di\u1ec7n Tr\u1ea1m c\u1ea5p n\u01b0\u1edbc Linh \u0110\u00e0m (\u0111\u1ed1i di\u1ec7n chung c\u01b0 HH1C) - Nguy\u1ec5n H\u1eefu Th\u1ecd", "4": "C\u00f4ng vi\u00ean B\u1eafc Linh \u0110\u00e0m - \u0110\u1ed1i di\u1ec7n L\u00f4 1 CT1 B\u1eafc Linh \u0110\u00e0m - Nguy\u1ec5n H\u1eefu Th\u1ecd", "5": "\u0110i\u1ec3m x\u00e9n h\u00e8 (To\u00e0 nh\u00e0 CT2 - K\u0110T B\u1eafc Linh \u0110\u00e0m) - C\u1ea7u D\u1eadu", "6": "\u0110\u1ed1i di\u1ec7n c\u1ed5ng ph\u1ee5 B\u1ec7nh vi\u1ec7n \u0111a khoa y h\u1ecdc c\u1ed5 truy\u1ec1n", "7": "\u0110\u1ed1i di\u1ec7n tr\u01b0\u1eddng Ti\u1ec3u h\u1ecdc - THCS \u0110\u1ea1i Kim", "8": "\u0110\u1ed1i di\u1ec7n 222 Kim Giang", "9": "\u0110\u1ed1i di\u1ec7n 32 Kim Giang", "10": "\u0110\u1ed1i di\u1ec7n 272 Kh\u01b0\u01a1ng \u0110\u00ecnh", "11": "\u0110\u1ed1i di\u1ec7n 134 Kh\u01b0\u01a1ng \u0110\u00ecnh", "12": "322 Nguy\u1ec5n Tr\u00e3i", "13": "90 Nguy\u1ec5n Tu\u00e2n", "14": "L\u00e0ng Sinh vi\u00ean Hacinco - Nguy\u1ec5n Tu\u00e2n", "15": "Qua Nh\u00e0 N1A K\u0110T Trung H\u00f2a Nh\u00e2n Ch\u00ednh 50m - Ho\u00e0ng Minh Gi\u00e1m", "16": "Tr\u01b0\u1eddng THPT chuy\u00ean H\u00e0 N\u1ed9i - Amsterdam (Ho\u00e0ng Minh Gi\u00e1m)", "17": "Tr\u01b0\u1eddng THPT Nguy\u1ec5n B\u1ec9nh Khi\u00eam - \u0111\u01b0\u1eddng Nguy\u1ec5n Ch\u00e1nh", "18": "54 M\u1ea1c Th\u00e1i T\u00f4ng", "19": "Tr\u01b0\u1eddng C\u0110 C\u1ed9ng \u0110\u1ed3ng H\u00e0 N\u1ed9i - 102 Trung Kinh", "20": "Tr\u01b0\u1edbc tr\u01b0\u1eddng THCS Y\u00ean H\u00f2a 30m - Trung K\u00ednh", "21": "Qua \u0111\u1ed1i di\u1ec7n Vi\u1ec7n Huy\u1ebft h\u1ecdc v\u00e0 truy\u1ec1n m\u00e1u Trung \u01b0\u01a1ng 20m - Tr\u1ea7n Th\u00e1i T\u00f4ng", "22": "S\u00e2n b\u00f3ng \u0110\u1ed3ng B\u00f4ng - T\u00f4n Th\u1ea5t Thuy\u1ebft (g\u1ea7n \u0110H FPT)", "23": "Toyota M\u1ef9 \u0110\u00ecnh - \u0111\u01b0\u1eddng T\u00f4n Th\u1ea5t Thuy\u1ebft", "24": "V\u1ecbnh x\u00e9n h\u00e8 tr\u01b0\u1edbc C\u00f4ng ty c\u1ed5 ph\u1ea7n S\u00f4ng \u0110\u00e0 9 - \u0111\u01b0\u1eddng Nguy\u1ec5n Ho\u00e0ng", "25": "V\u1ecbnh x\u00e9n h\u00e8 xe bu\u00fdt tr\u01b0\u1edbc t\u00f2a nh\u00e0 PT2 - K\u0110T Ph\u00fa M\u1ef9 - \u0111\u01b0\u1eddng Nguy\u1ec5n Ho\u00e0ng", "26": "V\u1ecbnh x\u00e9n h\u00e8 xe bu\u00fdt tr\u01b0\u1edbc t\u00f2a nh\u00e0 Sun Square - \u0111\u01b0\u1eddng Nguy\u1ec5n Ho\u00e0ng", "27": "H\u00e8 \u0111\u1ed1i di\u1ec7n \u0110\u01a1n nguy\u00ean 2 KTX M\u1ef9 \u0110\u00ecnh - \u0111\u01b0\u1eddng H\u00e0m Nghi", "28": "202 H\u1ed3 T\u00f9ng M\u1eadu", "29": "\u0110\u1ed1i di\u1ec7n 51 \u0110\u01b0\u1eddng K1 C\u1ea7u Di\u1ec5n", "30": "L\u1ed1i r\u1ebd v\u00e0o ga Ph\u00fa Di\u1ec5n - \u0110\u01b0\u1eddng K1 C\u1ea7u Di\u1ec5n", "31": "\u0110\u1ed1i di\u1ec7n c\u1ed5ng l\u00e0ng Ph\u00fa Di\u1ec5n - \u0110\u01b0\u1eddng K1 C\u1ea7u Di\u1ec5n", "32": "(B) Ph\u00fa Di\u1ec5n (Tr\u1ea1i G\u00e0) - Tuy\u1ebfn 05"}}