{"Lat": {"0": 21.0517333333, "1": 21.052198999999998, "2": 21.0548666667, "3": 21.05805, "4": 21.0624166667, "5": 21.064997, "6": 21.0667333333, "7": 21.0696, "8": 21.072582999999998, "9": 21.0753, "10": 21.076767, "11": 21.079063, "12": 21.08025, "13": 21.082971, "14": 21.0852, "15": 21.08605, "16": 21.0853, "17": 21.086026999999998, "18": 21.086382999999998, "19": 21.085182999999997, "20": 21.0857333333, "21": 21.086952, "22": 21.08795, "23": 21.092302, "24": 21.09375, "25": 21.0974, "26": 21.101682999999998, "27": 21.1029833333, "28": 21.1045833333, "29": 21.10595, "30": 21.109417, "31": 21.1189333333, "32": 21.124274, "33": 21.130817, "34": 21.13465, "35": 21.1416, "36": 21.146583, "37": 21.146212, "38": 21.150333, "39": 21.1531166667, "40": 21.155003, "41": 21.156867000000002, "42": 21.163933, "43": 21.1662, "44": 21.17415, "45": 21.178133, "46": 21.181683, "47": 21.188317, "48": 21.191333, "49": 21.196617, "50": 21.201883, "51": 21.20965, "52": 21.21455, "53": 21.215262, "54": 21.2147166667}, "BusStopCode": {"0": 2900, "1": 1054, "2": 1041, "3": 1414, "4": 1415, "5": 1416, "6": 1417, "7": 1418, "8": 1419, "9": 1420, "10": 1421, "11": 1422, "12": 1423, "13": 1424, "14": 1425, "15": 1426, "16": 2859, "17": 1427, "18": 1428, "19": 1429, "20": 1430, "21": 2860, "22": 1431, "23": 1432, "24": 1433, "25": 1434, "26": 2669, "27": 1435, "28": 1436, "29": 1437, "30": 1438, "31": 1439, "32": 1440, "33": 1441, "34": 2883, "35": 2884, "36": 2885, "37": 2886, "38": 2887, "39": 3314, "40": 2888, "41": 2889, "42": 2890, "43": 2891, "44": 2863, "45": 2864, "46": 2865, "47": 2866, "48": 2867, "49": 2868, "50": 2869, "51": 2870, "52": 2871, "53": 2901, "54": 2903}, "FleetOver": {"0": "92", "1": "20A,20B,20C,29,32,57,92", "2": "20A,20B,29,92", "3": "20A,20B,29,92", "4": "20A,20B,29,92", "5": "20A,20B,29,92", "6": "20A,20B,29,92", "7": "20A,20B,29,92", "8": "20A,20B,92", "9": "20A,20B,92", "10": "20A,20B,92", "11": "20A,20B,92", "12": "20A,20B,92", "13": "20A,20B,92", "14": "20B,92", "15": "20B,92", "16": "20B,92", "17": "20B,92", "18": "20B,92", "19": "20B,92", "20": "20B,92", "21": "20B,92", "22": "20B,92", "23": "20B,92", "24": "20B,92", "25": "20B,92", "26": "20B,92", "27": "20B,89,92", "28": "20B,89,92", "29": "20B,89,92", "30": "20B,89,92", "31": "20B,89,92", "32": "20B,89,92", "33": "20B,89,92", "34": "92", "35": "92", "36": "92", "37": "92", "38": "92", "39": "92", "40": "92", "41": "92", "42": "92", "43": "92", "44": "92", "45": "92", "46": "92", "47": "92", "48": "92", "49": "92", "50": "92", "51": "92", "52": "92", "53": "92", "54": "92"}, "Lng": {"0": 105.73626666700001, "1": 105.736056, "2": 105.732166667, "3": 105.72741666700001, "4": 105.72105, "5": 105.71675, "6": 105.71368333299999, "7": 105.70841666700001, "8": 105.703033, "9": 105.69796699999999, "10": 105.695218, "11": 105.68855, "12": 105.683416667, "13": 105.673667, "14": 105.66831666700001, "15": 105.66223333299999, "16": 105.65745, "17": 105.65371699999999, "18": 105.63451699999999, "19": 105.624233, "20": 105.61511666700001, "21": 105.60523899999998, "22": 105.5987, "23": 105.582329, "24": 105.57831666700001, "25": 105.56758333299999, "26": 105.555333, "27": 105.551066667, "28": 105.54445, "29": 105.54073333299999, "30": 105.534667, "31": 105.525516667, "32": 105.51988600000001, "33": 105.51295, "34": 105.51135, "35": 105.509083, "36": 105.50651699999999, "37": 105.49921100000002, "38": 105.4934, "39": 105.489883333, "40": 105.48291699999999, "41": 105.477167, "42": 105.47085, "43": 105.46658300000001, "44": 105.4526, "45": 105.44858300000001, "46": 105.444617, "47": 105.43705, "48": 105.43376699999999, "49": 105.42665, "50": 105.42015, "51": 105.41388300000001, "52": 105.41005, "53": 105.406322, "54": 105.38965}, "Name": {"0": "(A) Nh\u1ed5n - Tuy\u1ebfn 92", "1": "\u0110i\u1ec3m trung chuy\u1ec3n Nh\u1ed5n (c\u1ed9t sau) - Tr\u01b0\u1eddng \u0110\u1ea1i h\u1ecdc c\u00f4ng nghi\u1ec7p H\u00e0 N\u1ed9i - \u0110\u01b0\u1eddng 32", "2": "22 ph\u1ed1 Nh\u1ed5n", "3": "C\u00f4ng ty CP x\u00e2y d\u1ef1ng Th\u0103ng Long - Qu\u1ed1c l\u1ed9 32", "4": "\u0110\u1ea1i h\u1ecdc Th\u00e0nh \u0110\u00f4 - Qu\u1ed1c l\u1ed9 32", "5": "\u0110\u1ed1i di\u1ec7n K\u0110T Kim Chung - Di Tr\u1ea1ch", "6": "Qua l\u1ed1i r\u1ebd HV Khoa h\u1ecdc Qu\u00e2n S\u1ef1 - Qu\u1ed1c l\u1ed9 32", "7": "B\u01b0u \u0111i\u1ec7n Ho\u00e0i \u0110\u1ee9c - Qu\u1ed1c l\u1ed9 32", "8": "Khu \u0111\u00f4 th\u1ecb T\u00e2n T\u00e2y \u0110\u00f4", "9": "Tr\u01b0\u1eddng THPT B\u00ecnh Minh - Qu\u1ed1c l\u1ed9 32", "10": "XN thu\u1ed1c th\u00fa y Trung \u01b0\u01a1ng (\u0110\u1ee9c Th\u01b0\u1ee3ng Ho\u00e0i \u0110\u1ee9c) - Qu\u1ed1c l\u1ed9 32", "11": "\u0110\u1ed1i di\u1ec7n XN May M\u1ef9 Anh (X\u00e3 \u0110\u1ee9c Ph\u01b0\u1ee3ng) \u2013 Qu\u1ed1c l\u1ed9 32", "12": "\u0110\u1ed1i di\u1ec7n \u0111\u01b0\u1eddng v\u00e0o Ch\u00f9a Di\u00ean Ph\u00fac (C\u1ea1nh Th\u1ea1ch Th\u1ea3o Lisa) - Qu\u1ed1c l\u1ed9 32", "13": "Tr\u1ea1m th\u00fa y \u0110an Ph\u01b0\u1ee3ng", "14": "34-36 Phan \u0110\u00ecnh Ph\u00f9ng (Th\u1ecb tr\u1ea5n Ph\u00f9ng) - Qu\u1ed1c l\u1ed9 32 ", "15": "\u0110\u1ed1i di\u1ec7n C\u00f4ng an Th\u1ecb tr\u1ea5n Ph\u00f9ng - Qu\u1ed1c l\u1ed9 32 (C\u1ecdc ti\u00eau H6/21)", "16": "Qua 30m tr\u01b0\u1eddng THCS L\u01b0\u01a1ng Th\u1ebf Vinh th\u1ecb tr\u1ea5n Ph\u00f9ng, Km 22+100 Qu\u1ed1c l\u1ed9 32", "17": "Vi\u1ec7n nghi\u00ean c\u1ee9u ng\u00f4 Qu\u1ed1c Gia - Qu\u1ed1c l\u1ed9 32 (C\u1ecdc ti\u00eau H2/22)", "18": "G\u1ea7n \u0111\u01b0\u1eddng v\u00e0o th\u00f4n Ngo\u1ea1i x\u00e3 Tam Thu\u1ea5n 50m - Qu\u1ed1c l\u1ed9 32", "19": "G\u1ea7n d\u1ed1c Quai Ch\u00e8 x\u00e3 Tam Hi\u1ec7p 70m - Qu\u1ed1c l\u1ed9 32", "20": "Qua \u0111\u01b0\u1eddng v\u00e0o Khu sinh th\u00e1i C\u1ea9m \u0110\u00ecnh Hi\u1ec7p Thu\u1eadn 100n - Qu\u1ed1c l\u1ed9 32", "21": "Ph\u00f2ng kh\u00e1m \u0111a khoa khu v\u1ef1c Ng\u1ecdc T\u1ea3o", "22": "Qua \u0111\u01b0\u1eddng v\u00e0o ch\u1ee3 Ng\u1ecdc T\u1ea3o - Qu\u1ed1c l\u1ed9 32", "23": "Tr\u01b0\u1eddng THCS Ph\u1ee5ng Th\u01b0\u1ee3ng - Qu\u1ed1c l\u1ed9 32", "24": "\u0110\u1ed1i di\u1ec7n c\u00e2y x\u0103ng x\u00e3 Ph\u1ee5ng Th\u01b0\u1ee3ng - Qu\u1ed1c l\u1ed9 32", "25": "\u0110\u1ed1i di\u1ec7n c\u1eeda h\u00e0ng \u0111\u1ed3 g\u1ed7 Ch\u00fac Hi\u1ec1n - Ph\u1ed1 Qu\u1ea1t x\u00e3 \u0110\u1ea1i \u0110\u1ed3ng - Qu\u1ed1c l\u1ed9 32", "26": "B\u1ec7nh vi\u1ec7n \u0110a khoa Ph\u00fac Th\u1ecd", "27": "\u0110\u1ed1i di\u1ec7n C\u00f4ng an huy\u1ec7n Ph\u00fac Th\u1ecd - Qu\u1ed1c l\u1ed9 32", "28": "Tr\u1ea1m y t\u1ebf th\u1ecb tr\u1ea5n Ph\u00fac Th\u1ecd", "29": "\u0110\u1ed1i di\u1ec7n hi\u1ec7u s\u00e1ch nh\u00e2n d\u00e2n Ph\u00fac Th\u1ecd - Qu\u1ed1c l\u1ed9 32", "30": "Ng\u00e3 t\u01b0 G\u1ea1ch - Th\u1ecb tr\u1ea5n Ph\u00fac Th\u1ecd (Chi\u1ec1u \u0111i S\u01a1n T\u00e2y)", "31": "Tr\u01b0\u1eddng H\u1eefu Ngh\u1ecb T78 - QL32", "32": "May Minh Ph\u01b0\u01a1ng - QL32", "33": "C\u1eeda h\u00e0ng x\u0103ng d\u1ea7u s\u1ed1 14 - QL32", "34": "\u0110\u1ed1i di\u1ec7n cty TNHH Th\u00e1i H\u01b0ng - \u0111\u01b0\u1eddng La Th\u00e0nh (S\u01a1n T\u00e2y)", "35": "249 La Th\u00e0nh", "36": "\u0110\u1ed1i di\u1ec7n 4A La Th\u00e0nh", "37": "KCN Ph\u00fa Th\u1ecbnh", "38": "Cty x\u00e2y d\u1ef1ng Nga Th\u1ecbnh", "39": "Ng\u00f5 284 Y\u00ean Th\u1ecbnh - \u0111\u01b0\u1eddng Ph\u00fa Th\u1ecbnh", "40": "L\u1ed1i r\u1ebd c\u1ea7u V\u0129nh Th\u1ecbnh", "41": "Ng\u00e3 3 b\u1ebfn ph\u00e0 \u0110\u01b0\u1eddng L\u00e2m (chi\u1ec1u \u0111i T\u00e2y \u0110\u1eb1ng)", "42": "\u0110\u01b0\u1eddng v\u00e0o Ch\u00f9a M\u00eda, \u0110\u01b0\u1eddng L\u00e2m", "43": "C\u1eeda h\u00e0ng v\u1eadt li\u1ec7u x\u00e2y d\u1ef1ng M\u1ea1nh Th\u1eafng", "44": "Tr\u1ea1i Gi\u1ed1ng \u0110\u00f4ng Quang Ba V\u00ec", "45": "UBND x\u00e3 \u0110\u00f4ng Quang", "46": "\u0110\u1ed1i di\u1ec7n tr\u1ea1m Y t\u1ebf \u0110\u00f4ng Quang", "47": "559 Chu Minh - Ph\u1ed1 M\u1edbi", "48": "Ch\u00f9a Ph\u00fac L\u00e2m", "49": "C\u00f4ng an huy\u1ec7n Ba V\u00ec",