{"Lat": {"0": 20.734717, "1": 20.7319666667, "2": 20.7304666667, "3": 20.7280166667, "4": 20.7282166667, "5": 20.7296833333, "6": 20.7321666667, "7": 20.724, "8": 20.719483333299998, "9": 20.7125166667, "10": 20.7071333333, "11": 20.7053166667, "12": 20.701733333299998, "13": 20.6965333333, "14": 20.69375, "15": 20.6915833333, "16": 20.6916833333, "17": 20.6940166667, "18": 20.6948, "19": 20.69595, "20": 20.702066666700002, "21": 20.70905, "22": 20.7146166667, "23": 20.72135, "24": 20.731716666700002, "25": 20.7368666667, "26": 20.741633333299998, "27": 20.74625, "28": 20.752983333299998, "29": 20.7627666667, "30": 20.76905, "31": 20.7737333333, "32": 20.7854, "33": 20.79635, "34": 20.8061166667, "35": 20.8228833333, "36": 20.8301166667, "37": 20.8426166667, "38": 20.8537666667, "39": 20.8645666667, "40": 20.8704666667, "41": 20.8762166667, "42": 20.8793, "43": 20.886983333299998, "44": 20.894033333299998, "45": 20.9019833333, "46": 20.90755, "47": 20.9112333333, "48": 20.9186, "49": 20.922933333299998, "50": 20.9267166667, "51": 20.931938, "52": 20.93545, "53": 20.939083333299997, "54": 20.94415, "55": 20.947, "56": 20.951628, "57": 20.9556, "58": 20.9579, "59": 20.9639166667, "60": 20.971045999999998, "61": 20.97985}, "BusStopCode": {"0": 3552, "1": 3553, "2": 3554, "3": 3555, "4": 3556, "5": 3557, "6": 3558, "7": 3559, "8": 3560, "9": 3561, "10": 3562, "11": 3563, "12": 3540, "13": 3564, "14": 3565, "15": 3566, "16": 3567, "17": 3568, "18": 3569, "19": 3570, "20": 3083, "21": 3084, "22": 3085, "23": 1252, "24": 1253, "25": 1254, "26": 4260, "27": 1255, "28": 1256, "29": 1257, "30": 1258, "31": 1259, "32": 1260, "33": 1261, "34": 1262, "35": 1263, "36": 1264, "37": 1265, "38": 1266, "39": 1267, "40": 1268, "41": 1223, "42": 1270, "43": 1271, "44": 1272, "45": 1273, "46": 1274, "47": 1275, "48": 1276, "49": 1277, "50": 439, "51": 440, "52": 441, "53": 442, "54": 443, "55": 444, "56": 445, "57": 446, "58": 447, "59": 448, "60": 165, "61": 3532}, "FleetOver": {"0": "101", "1": "101,103", "2": "101", "3": "101", "4": "101", "5": "101", "6": "101", "7": "101", "8": "101", "9": "101", "10": "101", "11": "101", "12": "101", "13": "101", "14": "101", "15": "101", "16": "101", "17": "101", "18": "101", "19": "101", "20": "06A,101", "21": "06A,101", "22": "06A,101", "23": "06A,101,108", "24": "06A,101,108", "25": "06A,101,108", "26": "06A,101,108", "27": "06A,101,108", "28": "06A,06D,101,108", "29": "06A,06D,101,108", "30": "06A,06D,101,108", "31": "06A,06C,06D,101,108", "32": "06A,06C,06D,101,108", "33": "06A,06C,06D,101,108", "34": "06A,06C,06D,06E,101,108", "35": "06A,06C,06D,06E,101,108", "36": "06A,06C,06D,06E,101,108", "37": "06A,06C,06D,06E,101,108", "38": "06A,06C,06D,06E,101,108", "39": "06A,06C,06D,06E,101", "40": "06A,06C,06D,06E,101,62,94", "41": "06A,06B,06C,06D,06E,101,62,94", "42": "06A,06B,06C,06D,06E,101,62,94", "43": "06A,06B,06C,06D,06E,101,62,94", "44": "06A,06B,06C,06D,06E,101,62,94", "45": "06A,06B,06C,06D,06E,101,62,94", "46": "06A,06B,06C,06D,06E,101,62,94", "47": "06A,06B,06C,06D,06E,101,62,94", "48": "06A,06B,06C,06D,06E,101,62,94", "49": "06A,06B,06C,06D,06E,101,62,94", "50": "06A,06B,06C,06D,06E,08A,08ACT,101,12,62,94", "51": "06A,06B,06C,06D,06E,08A,08ACT,101,12,62,94", "52": "06A,06B,06C,06D,06E,08A,08ACT,101,12,62,94", "53": "06A,06B,06C,06D,06E,08A,08ACT,101,12,62,94", "54": "06A,06B,06C,06D,06E,08A,08ACT,101,12,39,94", "55": "06A,06B,06C,06D,06E,08A,08ACT,101,12,39,94", "56": "06A,06B,06C,06D,06E,08A,08ACT,101,12,94", "57": "06A,06B,06C,06D,06E,08A,08ACT,101,12,94", "58": "06A,06B,06C,06D,06E,08A,08ACT,101,12,60A,94,99", "59": "08ACT,101", "60": "03B,06A,06B,06C,06D,06E,08A,08ACT,08B,08BCT,101,106,12,16,21B,22C,29,36,36CT,37,94", "61": "101"}, "Lng": {"0": 105.76946699999999, "1": 105.770783333, "2": 105.77561666700001, "3": 105.78328333299999, "4": 105.7966, "5": 105.80393333299999, "6": 105.81926666700001, "7": 105.828966667, "8": 105.831933333, "9": 105.835466667, "10": 105.83988333299999, "11": 105.844016667, "12": 105.850816667, "13": 105.86511666700001, "14": 105.872716667, "15": 105.8797, "16": 105.888433333, "17": 105.899133333, "18": 105.90241666700001, "19": 105.90933333299999, "20": 105.91053333299999, "21": 105.9108, "22": 105.910766667, "23": 105.91185, "24": 105.912433333, "25": 105.9132, "26": 105.913416667, "27": 105.91185, "28": 105.911516667, "29": 105.90891666700001, "30": 105.90363333299999, "31": 105.898833333, "32": 105.892383333, "33": 105.8871, "34": 105.88398333299999, "35": 105.88225, "36": 105.878133333, "37": 105.8729, "38": 105.87035, "39": 105.86675, "40": 105.864883333, "41": 105.86251666700001, "42": 105.86081666700001, "43": 105.85821666700001, "44": 105.855983333, "45": 105.85363333299999, "46": 105.85273333299999, "47": 105.85255, "48": 105.85241666700001, "49": 105.85175, "50": 105.849566667, "51": 105.84730800000001, "52": 105.84595, "53": 105.8445, "54": 105.84456666700001, "55": 105.844466667, "56": 105.84413799999999, "57": 105.84338333299999, "58": 105.84291666700001, "59": 105.84211666700001, "60": 105.84128, "61": 105.841916667}, "Name": {"0": "(B) Th\u1ecb Tr\u1ea5n V\u00e2n \u0110\u00ecnh - Tuy\u1ebfn 101", "1": "27 Quang Trung - Th\u1ecb tr\u1ea5n V\u00e2n \u0110\u00ecnh", "2": "92 Tr\u1ea7n \u0110\u0103ng Ninh - Th\u1ecb tr\u1ea5n V\u00e2n \u0110\u00ecnh", "3": "\u0110\u1ed1i di\u1ec7n c\u1eeda h\u00e0ng nh\u1ef1a Ti\u1ec1n Phong Mai Nam - H\u1eadu X\u00e1 - \u0110T428", "4": "\u0110\u1ed1i di\u1ec7n THCS Ph\u01b0\u01a1ng T\u00fa - \u0110\u1ed9ng Ph\u00ed - \u0110T428", "5": "Qua c\u1eeda h\u00e0ng r\u1eeda xe T\u00e2n Ti\u1ebfn 100m - \u0110\u1ed9ng Ph\u00ed - \u0110T428", "6": "Tr\u01b0\u1edbc l\u1ed1i r\u1ebd v\u00e0o l\u00e0ng D\u0169ng C\u1ea9m 70m - \u0110T428", "7": "Sau l\u1ed1i r\u1ebd v\u00e0o l\u00e0ng Qu\u1ea3ng T\u00e1i - \u0110T428", "8": "Tr\u01b0\u1edbc \u1ea3nh th\u1ebb Vi\u1ec7t C\u01b0\u1eddng 10m - \u0110T428", "9": "Trung t\u00e2m y t\u1ebf \u0110\u1ed3ng T\u00e2n - \u0110T428", "10": "C\u1eeda h\u00e0ng m\u1ef9 ph\u1ea9m Loan Lily - \u0110T428", "11": "Qu\u00e1n bia \u00dat Minh - C\u00e2y \u0111a \u0110\u1ed3ng Sung - \u0110T428", "12": "\u0110\u01b0\u1eddng v\u00e0o \"Con \u0111\u01b0\u1eddng T\u00ecnh ngh\u0129a\" - \u0110T428", "13": "\u0110\u1ed1i di\u1ec7n \u0111\u1ed3 g\u00f5 M\u1ef9 Ngh\u1ec7 \u0110\u00ecnh Qu\u00e2n - \u0110T428", "14": "Qua \u0111\u00ecnh l\u00e0ng B\u00f9ng 60m - \u0110T 428", "15": "\u0110\u00ecnh L\u00e0ng Th\u1ea7n - \u0110T428", "16": "Sau c\u1eeda h\u00e0ng H\u00f2a Dung - th\u00f4n Gi\u1ebd Th\u01b0\u1ee3ng - \u0110T428", "17": "\u0110\u1ed1i di\u1ec7n \u0111\u00ecnh Gi\u1ebd H\u1ea1 - th\u00f4n Gi\u1ebd Th\u01b0\u1ee3ng - \u0110T428", "18": "Tr\u01b0\u1edbc CSSX gi\u00e0y d\u00e9p T\u00fac H\u1ed3ng - Gi\u1ebd H\u1ea1 - Ph\u00fa Y\u00ean - \u0110T428", "19": "C\u1eeda h\u00e0ng gi\u00e0y d\u00e9p S\u01a1n Tuy\u1ebft - Gi\u1ebd H\u1ea1 - Ph\u00fa Y\u00ean - \u0110T428", "20": "X\u00f3m M\u1edbi, th\u00f4n C\u1ed5 Trai (tr\u01b0\u1edbc 20m c\u1ed9t \u0111i\u1ec7n 09 - \u0110X 10)- Qu\u1ed1c l\u1ed9 1", "21": "Ng\u00e3 3 Th\u01b0\u1ee3ng Y\u00ean (qua 50m \u0111\u1ed1i di\u1ec7n \u0111\u01b0\u1eddng v\u00e0o th\u00f4n Th\u01b0\u1ee3ng Y\u00ean) - Qu\u1ed1c l\u1ed9 1", "22": "Th\u00f4n Ki\u1ec1u \u0110o\u00e0i - Qu\u1ed1c l\u1ed9 1", "23": "Ph\u1ed1 Gu\u1ed9t (C\u1eeda h\u00e0ng b\u00e1nh k\u1eb9o Huy\u1ec1n T\u01b0\u1eddng) - Qu\u1ed1c L\u1ed9 1A", "24": "\u0110\u1ea1i l\u00fd b\u1ebfp ga Ho\u00e0ng Hi\u1ec7p - Ch\u1ee3 L\u1ecbm - Qu\u1ed1c L\u1ed9 1A", "25": "\u0110\u1ed1i di\u1ec7n Ga Ph\u00fa Xuy\u00ean (Tr\u01b0\u1eddng Ph\u00fa Xuy\u00ean A)- Km 208+500 - Qu\u1ed1c L\u1ed9 1A", "26": "Tr\u01b0\u1edbc 30m l\u1ed1i v\u00e0o C\u00f4ng ty \u0111i\u1ec7n l\u1ef1c Ph\u00fa Xuy\u00ean - Qu\u1ed1c l\u1ed9 1A", "27": "Nha khoa th\u1ea9m m\u1ef9 Ho\u00e0ng Anh - Qu\u1ed1c L\u1ed9 1A", "28": "\u0110\u1ed1i di\u1ec7n n\u1ed9i th\u1ea5t Duy H\u01b0ng - Ph\u1ed1 S\u1ed5 - Qu\u1ed1c L\u1ed9 1A",