{"Lat": {"0": 21.023120000000002, "1": 21.0186, "2": 21.020566666700002, "3": 21.026733333299997, "4": 21.024033, "5": 21.022033333299998, "6": 21.0192, "7": 21.017288, "8": 21.019126999999997, "9": 21.019363000000002, "10": 21.015810000000002, "11": 21.0111, "12": 21.0071333333, "13": 21.0076, "14": 21.01155, "15": 21.013816666700002, "16": 21.017016666700002, "17": 21.0195, "18": 21.021452, "19": 21.0234666667, "20": 21.02325, "21": 21.023387, "22": 21.02615, "23": 21.0285833333, "24": 21.029424, "25": 21.0324333333, "26": 21.036583333299998, "27": 21.0398333333, "28": 21.042066666700002, "29": 21.0408, "30": 21.0387166667, "31": 21.0343166667, "32": 21.033383333299998, "33": 21.0292833333, "34": 21.026, "35": 21.025, "36": 21.0238166667, "37": 21.02365, "38": 21.023305999999998}, "BusStopCode": {"0": 1937, "1": 754, "2": 347, "3": 391, "4": 179, "5": 33, "6": 34, "7": 768, "8": 253, "9": 254, "10": 520, "11": 667, "12": 668, "13": 679, "14": 680, "15": 681, "16": 247, "17": 248, "18": 472, "19": 70, "20": 71, "21": 151, "22": 152, "23": 63, "24": 282, "25": 367, "26": 368, "27": 831, "28": 219, "29": 220, "30": 428, "31": 337, "32": 338, "33": 94, "34": 176, "35": 177, "36": 178, "37": 606, "38": 1938}, "FleetOver": {"0": "09CT", "1": "02,03,09CT,14CT,35A,42,43,44,45,49", "2": "02,09CT,14CT,18,23,40,45,49", "3": "04,08ACT,08BCT,09CT,11,14CT,18,23,31,34", "4": "02,09CT,34,36CT,40", "5": "08A,08ACT,08B,08BCT,09,09CT,31,36,36CT", "6": "08A,08ACT,08B,08BCT,09,09CT,31,35A,36,36CT,38", "7": "09,09CT,30,52A,52B", "8": "01,09,09CT,30,41,49", "9": "01,09,09CT,30,41,49", "10": "01,02,09,09CT", "11": "01,02,09,09CT", "12": "01,02,09,09CT,18,21A,21B,44,51,84", "13": "09,09CT,18", "14": "09,09CT,18", "15": "09,09CT,18", "16": "09,09CT,12,26,35A", "17": "09,09CT,12,26,35A", "18": "09,09CT,107,12,22A,26,27", "19": "09,09CT", "20": "09,09CT", "21": "09,09CT,16,24", "22": "09,09CT,16,24", "23": "07,09,09CT,20A,20B,24,55,55B", "24": "09,09CT,27,28,32,34,38", "25": "09,09CT,90", "26": "09,09CT,90", "27": "09,09CT,90", "28": "09,09CT,14,14CT,45", "29": "09,09CT,14,14CT,45", "30": "09,09CT", "31": "09,09CT", "32": "09,09CT,41", "33": "09,09CT", "34": "02,09,09CT,40", "35": "02,09,09CT,34,36,36CT,40", "36": "02,09CT,34,40", "37": "02,04,08ACT,08BCT,09CT,11,31,34,35A,40,49,86CT", "38": "09CT"}, "Lng": {"0": 105.86071899999999, "1": 105.86056666700001, "2": 105.85826666700001, "3": 105.85621666700001, "4": 105.85366, "5": 105.8504, "6": 105.84941666700001, "7": 105.845721, "8": 105.83798200000001, "9": 105.834084, "10": 105.828275, "11": 105.82533333299999, "12": 105.82313333299999, "13": 105.8209, "14": 105.817516667, "15": 105.81511666700001, "16": 105.81423333299999, "17": 105.809125, "18": 105.809325, "19": 105.80645, "20": 105.80216666700001, "21": 105.799392, "22": 105.79873333299999, "23": 105.80388333299999, "24": 105.80879399999999, "25": 105.81373333299999, "26": 105.81495, "27": 105.816033333, "28": 105.81965, "29": 105.82445, "30": 105.82895, "31": 105.8321, "32": 105.83775, "33": 105.842283333, "34": 105.8467, "35": 105.85013333299999, "36": 105.85406666700001, "37": 105.856816667, "38": 105.860671}, "Name": {"0": "(A) Tr\u1ea7n Kh\u00e1nh D\u01b0 - Tuy\u1ebfn 09CT", "1": "\u0110\u1ed1i di\u1ec7n B\u1ec7nh Vi\u1ec7n Trung \u01b0\u01a1ng Qu\u00e2n \u0111\u1ed9i 108 - Tr\u1ea7n H\u01b0ng \u0110\u1ea1o", "2": "\u0110\u1ea1i h\u1ecdc Khoa h\u1ecdc t\u1ef1 nhi\u00ean - 19 L\u00ea Th\u00e1nh T\u00f4ng", "3": "51 L\u00fd Th\u00e1i T\u1ed5 - Ng\u00e2n h\u00e0ng Nh\u00e0 n\u01b0\u1edbc Vi\u1ec7t Nam", "4": "22B Hai B\u00e0 Tr\u01b0ng - C\u1ea1nh Tr\u00e0ng Ti\u1ec1n Plaza", "5": "58B B\u00e0 Tri\u1ec7u", "6": "92-94 B\u00e0 Tri\u1ec7u", "7": "\u0110\u1ed1i di\u1ec7n Trung t\u00e2m gi\u1ea3i tr\u00ed Ng\u00f4i Sao Xanh (H\u1ed3 Thi\u1ec1n Quang) - Tr\u1ea7n Nh\u00e2n T\u00f4ng", "8": "78-80A Kh\u00e2m Thi\u00ean (\u0110\u1ed1i di\u1ec7n 71)", "9": "274-276 Kh\u00e2m Thi\u00ean", "10": "142-144 Nguy\u1ec5n L\u01b0\u01a1ng B\u1eb1ng", "11": "G\u00f2 \u0110\u1ed1ng \u0110a - T\u00e2y S\u01a1n", "12": "290 T\u00e2y S\u01a1n", "13": "Caf\u00e9 Don 105E5 Th\u00e1i Th\u1ecbnh - \u0110\u1ed1i di\u1ec7n B\u1ec7nh vi\u1ec7n Ch\u00e2m c\u1ee9u Trung \u01b0\u01a1ng", "14": "122 Th\u00e1i Th\u1ecbnh", "15": "196 Th\u00e1i Th\u1ecbnh", "16": "\u0110\u1ed1i di\u1ec7n \u0110\u00e0i Truy\u1ec1n h\u00ecnh H\u00e0 N\u1ed9i - 5 Hu\u1ef3nh Th\u00fac Kh\u00e1ng", "17": "20 Hu\u1ef3nh Th\u00fac Kh\u00e1ng", "18": "89 Nguy\u1ec5n Ch\u00ed Thanh - KTX \u0110\u1ea1i h\u1ecdc Lu\u1eadt", "19": "\u0110\u1ed1i di\u1ec7n H\u1ecdc vi\u1ec7n Quan h\u1ec7 qu\u1ed1c t\u1ebf - 69 Ch\u00f9a L\u00e1ng", "20": "\u0110\u1ed1i di\u1ec7n THCS L\u00e1ng Th\u01b0\u1ee3ng - Ch\u00f9a L\u00e1ng", "21": "1014 \u0110\u01b0\u1eddng L\u00e1ng", "22": "1152D \u0110\u01b0\u1eddng L\u00e1ng", "23": "\u0110i\u1ec3m trung chuy\u1ec3n C\u1ea7u Gi\u1ea5y - GTVT 01", "24": "593 - 595 Kim M\u00e3", "25": "\u0110\u1ea1i s\u1ee9 qu\u00e1n Nh\u1eadt B\u1ea3n - 27 Li\u1ec5u Giai", "26": "Vi\u1ec7n Khoa h\u1ecdc X\u00e3 H\u1ed9i Vi\u1ec7t Nam - s\u1ed1 1 Li\u1ec5u Giai", "27": "73 V\u0103n Cao - \u0110\u1ed1i di\u1ec7n Cung th\u1ec3 thao Qu\u1ea7n Ng\u1ef1a H\u00e0 N\u1ed9i", "28": "239-241 Ho\u00e0ng Hoa Th\u00e1m", "29": "Tr\u01b0\u1eddng THCS Ba \u0110\u00ecnh - 145 Ho\u00e0ng Hoa Th\u00e1m", "30": "174 - 176 Ng\u1ecdc H\u00e0", "31": "91-93 L\u00ea H\u1ed3ng Phong", "32": "1B L\u00ea H\u1ed3ng Phong - Trung t\u00e2m TDTT Kh\u00fac H\u1ea1o", "33": "7 \u0110i\u1ec7n Bi\u00ean Ph\u1ee7", "34": "49 Hai B\u00e0 Tr\u01b0ng - Th\u00e1p H\u00e0 N\u1ed9i", "35": "37 Hai B\u00e0 Tr\u01b0ng - B\u1ec7nh vi\u1ec7n Vi\u1ec7t Nam Cu Ba", "36": "\u0110\u1ed1i di\u1ec7n 16 Hai B\u00e0 Tr\u01b0ng (Ng\u00e3 4 Hai B\u00e0 Tr\u01b0ng- Ng\u00f4 Quy\u1ec1n)", "37": "\u0110\u1ed1i di\u1ec7n 6C Phan Chu Trinh", "38": "(B) Tr\u1ea7n Kh\u00e1nh D\u01b0 - Tuy\u1ebfn 09CT"}}