{"Lat": {"0": 20.95835, "1": 20.962866666700002, "2": 20.96345, "3": 20.9672166667, "4": 20.9696333333, "5": 20.96965, "6": 20.971733333299998, "7": 20.97485, "8": 20.980216666700002, "9": 20.9842666667, "10": 20.9899, "11": 20.9938333333, "12": 20.998783, "13": 21.0017833333, "14": 21.00285, "15": 21.007683333299997, "16": 21.011366666700003, "17": 21.0140666667, "18": 21.0176833333, "19": 21.01915, "20": 21.015428, "21": 21.016317, "22": 21.022022, "23": 21.0196333333, "24": 21.01885, "25": 21.0229, "26": 21.0229833333, "27": 21.0218666667, "28": 21.0236833333, "29": 21.025226, "30": 21.02515, "31": 21.01955}, "BusStopCode": {"0": 3593, "1": 3594, "2": 3595, "3": 495, "4": 496, "5": 491, "6": 3596, "7": 3597, "8": 3598, "9": 3599, "10": 3600, "11": 3601, "12": 3602, "13": 3603, "14": 3604, "15": 3605, "16": 3606, "17": 3607, "18": 3608, "19": 3609, "20": 843, "21": 807, "22": 808, "23": 3299, "24": 576, "25": 577, "26": 584, "27": 3610, "28": 3611, "29": 1911, "30": 336, "31": 3575}, "FleetOver": {"0": "104", "1": "104", "2": "104", "3": "05,104,36,36CT,37,60A,84", "4": "104,22C,29,36,36CT,60B,84", "5": "104,22C,29,36,36CT,60B,84", "6": "104", "7": "104", "8": "104", "9": "104", "10": "104", "11": "104", "12": "104", "13": "104,19,27", "14": "104", "15": "104", "16": "104", "17": "104", "18": "104", "19": "104,105", "20": "104,51", "21": "05,104,51", "22": "05,104,51,84,85", "23": "104,30,84", "24": "103,104,21B,22B,29,30,33,35A,39,44,60A,60B,74,84,87,88", "25": "103,104,21B,22B,29,30,33,35A,39,44,46,60A,60B,74,84,87,88", "26": "104,22B,30,33,35A,39,46,60A,60B,74,84,87,88", "27": "104", "28": "104", "29": "104,84", "30": "104,26,84", "31": "104"}, "Lng": {"0": 105.82266666700001, "1": 105.82238333299999, "2": 105.82545, "3": 105.8265, "4": 105.83136666700001, "5": 105.83098333299999, "6": 105.82951666700001, "7": 105.82541666700001, "8": 105.819983333, "9": 105.81538333299999, "10": 105.81368333299999, "11": 105.81471666700001, "12": 105.81783100000001, "13": 105.81875, "14": 105.8173, "15": 105.81456666700001, "16": 105.809183333, "17": 105.80556666700001, "18": 105.8024, "19": 105.7996, "20": 105.79732, "21": 105.794467, "22": 105.790902, "23": 105.784783333, "24": 105.781516667, "25": 105.77903333299999, "26": 105.778566667, "27": 105.7779, "28": 105.77451666700001, "29": 105.77203100000001, "30": 105.76701666700001, "31": 105.767416667}, "Name": {"0": "(B) B\u1eafc Linh \u0110\u00e0m - Tuy\u1ebfn 104", "1": "Sau t\u00f2a Nam - Rice City - Ng\u00f5 15 B\u1eb1ng Li\u1ec7t", "2": "\u0110\u1ed1i di\u1ec7n t\u00f2a nh\u00e0 HUD3 - CT3", "3": "C\u00f4ng vi\u00ean B\u1eafc Linh \u0110\u00e0m - \u0110\u1ed1i di\u1ec7n L\u00f4 1 CT1 B\u1eafc Linh \u0110\u00e0m - Nguy\u1ec5n H\u1eefu Th\u1ecd", "4": "\u0110\u1ed1i di\u1ec7n Ao sen L\u00e0ng \u0110\u1ea1i T\u1eeb - Nguy\u1ec5n H\u1eefu Th\u1ecd", "5": "\u0110\u1ed1i di\u1ec7n \u0111\u00e0i t\u01b0\u1edfng ni\u1ec7m ch\u1ee7 t\u1ecbch HCM - \u0111\u01b0\u1eddng Nguy\u1ec5n H\u1eefu Th\u1ecd", "6": "72 \u0110\u1eb7ng Xu\u00e2n B\u1ea3ng", "7": "Chung c\u01b0 \u0110\u1ea1i Kim", "8": "S\u1ed1 45 - Ng\u00f5 2 \u0110\u1ecbnh C\u00f4ng Th\u01b0\u1ee3ng", "9": "S\u1ed1 573 V\u0169 T\u00f4ng Phan", "10": "375 V\u0169 T\u00f4ng Phan", "11": "283 V\u0169 T\u00f4ng Phan", "12": "71 V\u0169 T\u00f4ng Phan", "13": "S\u1ed1 65 Nguy\u1ec5n Tr\u00e3i", "14": "\u0110\u1ed1i di\u1ec7n 63 Gi\u00e1p Nh\u1ea5t", "15": "\u0110\u1ed1i di\u1ec7n 227 Gi\u00e1p Nh\u1ea5t", "16": "\u0110\u1ed1i di\u1ec7n 139 Nguy\u1ec5n Ng\u1ecdc V\u0169", "17": "\u0110\u1ed1i di\u1ec7n 221 Nguy\u1ec5n Khang", "18": "\u0110\u1ed1i di\u1ec7n 83 Nguy\u1ec5n Khang", "19": "T\u00f2a nh\u00e0 G3D V\u0169 Ph\u1ea1m H\u00e0m", "20": "Trung t\u00e2m L\u01b0u tr\u1eef Qu\u1ed1c gia 1 - 18 V\u0169 Ph\u1ea1m H\u00e0m", "21": "Tr\u01b0\u1eddng C\u0110 C\u1ed9ng \u0110\u1ed3ng H\u00e0 N\u1ed9i - 102 Trung Kinh", "22": "Tr\u01b0\u1edbc tr\u01b0\u1eddng THCS Y\u00ean H\u00f2a 30m - Trung K\u00ednh", "23": "\u0110\u1ed1i di\u1ec7n 16 D\u01b0\u01a1ng \u0110\u00ecnh Ngh\u1ec7", "24": "\u0110\u1ed1i di\u1ec7n nh\u00e0 CT5 K\u0110T S\u00f4ng \u0110\u00e0 M\u1ef9 \u0110\u00ecnh - Ph\u1ea1m H\u00f9ng", "25": "Qua ng\u00e3 4 Ph\u1ea1m H\u00f9ng - \u0110\u00ecnh Th\u00f4n (H\u01b0\u1edbng \u0111i Ph\u1ea1m V\u0103n \u0110\u1ed3ng)", "26": "G\u1ea7n ng\u00e3 4 Ph\u1ea1m H\u00f9ng - \u0110\u00ecnh Th\u00f4n (H\u01b0\u1edbng \u0111i Khu\u1ea5t Duy Ti\u1ebfn)-c\u1ed9t sau", "27": "\u0110\u1ed1i di\u1ec7n M\u1ea7m non Ch\u00edch B\u00f4ng - s\u1ed1 10 Thi\u00ean Hi\u1ec1n", "28": "S\u00e2n b\u00f3ng Nh\u00e2n M\u1ef9 - Thi\u00ean Hi\u1ec1n", "29": "Tr\u01b0\u1eddng THCS-THPT Tr\u1ea7n Qu\u1ed1c Tu\u1ea5n", "30": "\u0110\u1ed1i di\u1ec7n \u0111\u01b0\u1eddng v\u00e0o Tr\u01b0\u1eddng C\u0110 ngh\u1ec1 Tr\u1ea7n H\u01b0ng \u0110\u1ea1o - L\u00ea \u0110\u1ee9c Th\u1ecd", "31": "(A) SV\u0110 M\u1ef9 \u0110\u00ecnh - Tuy\u1ebfn 104"}}