{"Lat": {"0": 21.1264666667, "1": 21.125, "2": 21.1198, "3": 21.122083, "4": 21.129209, "5": 21.1358, "6": 21.1451166667, "7": 21.15025, "8": 21.15485, "9": 21.158458, "10": 21.1627333333, "11": 21.1675, "12": 21.17215, "13": 21.1753333333, "14": 21.178416666700002, "15": 21.1854833333, "16": 21.1879666667, "17": 21.1971666667, "18": 21.2017, "19": 21.208166666700002, "20": 21.212857, "21": 21.2183833333, "22": 21.2236833333, "23": 21.228133, "24": 21.231267000000003, "25": 21.2331333333, "26": 21.229333333299998, "27": 21.229483, "28": 21.2247666667, "29": 21.2171, "30": 21.2107, "31": 21.1951666667, "32": 21.1892}, "BusStopCode": {"0": 1710, "1": 1628, "2": 1629, "3": 1630, "4": 1631, "5": 1632, "6": 1633, "7": 1635, "8": 1015, "9": 1039, "10": 1016, "11": 1017, "12": 1018, "13": 1019, "14": 1020, "15": 1021, "16": 1022, "17": 1023, "18": 1024, "19": 1025, "20": 1636, "21": 1026, "22": 3449, "23": 4202, "24": 4203, "25": 1639, "26": 1640, "27": 1641, "28": 1642, "29": 1643, "30": 1644, "31": 1645, "32": 1793}, "FleetOver": {"0": "63", "1": "25,60B,63", "2": "63", "3": "63", "4": "63", "5": "63", "6": "63", "7": "63", "8": "35B,63", "9": "35B,63", "10": "35B,63", "11": "35B,63", "12": "35B,63", "13": "35B,63", "14": "35B,63", "15": "35B,63", "16": "35B,63", "17": "35B,63", "18": "35B,63", "19": "35B,58,63", "20": "35B,58,63", "21": "58,63", "22": "58,63", "23": "63", "24": "63", "25": "63", "26": "63", "27": "63", "28": "63", "29": "63", "30": "63", "31": "63", "32": "63"}, "Lng": {"0": 105.78043333299999, "1": 105.77906666700001, "2": 105.77, "3": 105.76313300000001, "4": 105.760154, "5": 105.75956699999999, "6": 105.75941666700001, "7": 105.7575, "8": 105.75105, "9": 105.748924, "10": 105.74605, "11": 105.742117, "12": 105.736883333, "13": 105.73135, "14": 105.72818333299999, "15": 105.72305, "16": 105.719833333, "17": 105.7107, "18": 105.7087, "19": 105.705783333, "20": 105.706027, "21": 105.70315, "22": 105.70445, "23": 105.70561699999999, "24": 105.70425, "25": 105.68985, "26": 105.688116667, "27": 105.68148300000001, "28": 105.67503333299999, "29": 105.668933333, "30": 105.66176666700001, "31": 105.64761666700001, "32": 105.643266667}, "Name": {"0": "(A) KCN B\u1eafc Th\u0103ng Long - Tuy\u1ebfn 63", "1": "\u0110\u1ed1i di\u1ec7n c\u1ed5ng KCN B\u1eafc Th\u0103ng Long (Qua c\u1ea7u v\u01b0\u1ee3t b\u1ed9 h\u00e0nh )", "2": "\u0110\u1ed1i di\u1ec7n trung t\u00e2m giao d\u1ecbch Viettel ( \u0110\u1ea1i \u0110\u1ed3ng - \u0110\u1ea1i M\u1ea1ch) ", "3": "Qua \u0111\u1ed1i di\u1ec7n ng\u00e3 3 Trung t\u00e2m \u0111i\u1ec1u d\u01b0\u1ee1ng", "4": "\u0110\u1ed1i di\u1ec7n UBND x\u00e3 \u0110\u1ea1i M\u1ea1ch ", "5": "\u0110\u1ed1i di\u1ec7n nh\u00e0 m\u00e1y bia H\u00e0 N\u1ed9i HABECO ", "6": "\u0110\u1ed1i di\u1ec7n c\u1ed5ng l\u00e0ng Nam th\u00f4n Y\u00ean Nh\u00e2n ", "7": "Ng\u00e3 3 H\u1ed3 3 g\u00f3c (g\u1ea7n UBND x\u00e3 Ti\u1ec1n Phong) ", "8": "\u0110\u1ed1i di\u1ec7n ch\u00f9a Trung H\u1eadu - QL23", "9": "Qua c\u1ed5ng tr\u01b0\u1eddng THPT Ti\u1ec1n Phong 70m", "10": "\u0110\u1ed1i di\u1ec7n \u0111\u01b0\u1eddng v\u00e0o \u0111\u1ec1n Hai B\u00e0 Tr\u01b0ng 20m - QL23B", "11": "\u0110\u1ed1i di\u1ec7n c\u00f4ng ty s\u01a1n Alex - QL23", "12": "Qua c\u1ed5ng l\u00e0ng Th\u01b0\u1eddng L\u1ec7 50m - QL23", "13": "Ng\u00e2n h\u00e0ng Viettinbank M\u00ea Linh - QL23", "14": "Tr\u01b0\u1edbc \u0111\u1ed1i di\u1ec7n Tr\u1ea1m y t\u1ebf x\u00e3 \u0110\u1ea1i Th\u1ecbnh 30m - QL23", "15": "Tr\u01b0\u1edbc \u0111\u1ed1i di\u1ec7n l\u1ed1i r\u1ebd v\u00e0o UBND huy\u1ec7n M\u00ea Linh 70m - QL23", "16": "\u0110\u1ed1i di\u1ec7n c\u1ed5ng l\u00e0ng N\u1ed9i \u0110\u1ed3ng tr\u01b0\u1edbc - QL23", "17": "Tr\u01b0\u1edbc \u0111\u1ed1i di\u1ec7n BV\u0110K M\u00ea Linh 400m - QL23", "18": "Chi c\u1ee5c Thu\u1ebf Huy\u1ec7n M\u00ea Linh - QL23", "19": "Khu du l\u1ecbch \u0111\u1ed3i 79 m\u00f9a xu\u00e2n - QL23B", "20": "\u0110\u1ed1i di\u1ec7n x\u00ed nghi\u1ec7p \u0111o \u0111\u1ea1c v\u00e0 b\u1ea3n \u0111\u1ed3", "21": "\u0110\u1ed1i di\u1ec7n C\u00f4ng ty TNHH Ho\u00e0ng Giang - QL 23B ", "22": "Nh\u00e0 v\u0103n h\u00f3a t\u1ed1 15 ph\u01b0\u1eddng H\u00f9ng V\u01b0\u01a1ng, \u0111\u01b0\u1eddng Nguy\u1ec5n Tr\u00e3i - Ph\u00fac Y\u00ean", "23": "105 Nguy\u1ec5n Tr\u00e3i, Ph\u00fac Y\u00ean", "24": "140 - 142 Hai B\u00e0 Tr\u01b0ng, Ph\u00fac Y\u00ean", "25": "C\u00f4ng ty Tr\u01b0\u1eddng Th\u00e0nh - Qu\u1ed1c l\u1ed9 2 ", "26": "\u0110\u1ed1i di\u1ec7n c\u00f4ng ty TMDV Tr\u01b0\u1eddng To\u00e0n ", "27": "Tr\u1ea1m th\u1ee7y s\u1ea3n M\u00ea Linh ", "28": "\u0110\u1ed1i di\u1ec7n 70m tr\u01b0\u1edbc ng\u00e3 3 tr\u01b0\u1eddng THCS B\u1ea1ch Tr\u1eef ", "29": "Tr\u01b0\u1edbc 70m c\u1ed5ng tr\u01b0\u1eddng THPT T\u1ef1 L\u1eadp ", "30": "Tr\u01b0\u1edbc 70m \u0111\u01b0\u1eddng v\u00e0o UBND x\u00e3 T\u1ef1 L\u1eadp ", "31": "Qua c\u1ea7u Li\u00ean M\u1ea1c 100m ", "32": "(B) Ti\u1ebfn Th\u1ecbnh - M\u00ea Linh - Tuy\u1ebfn 63"}}