{"Lat": {"0": 21.2570333333, "1": 21.257214, "2": 21.2574166667, "3": 21.2575, "4": 21.25725, "5": 21.2572166667, "6": 21.2571, "7": 21.2523, "8": 21.24715, "9": 21.2418333333, "10": 21.2393, "11": 21.2355166667, "12": 21.2295, "13": 21.2251833333, "14": 21.21815, "15": 21.215183, "16": 21.2019, "17": 21.191133333299998, "18": 21.18675, "19": 21.1662833333, "20": 21.1579333333, "21": 21.151766666700002, "22": 21.1415, "23": 21.1316666667, "24": 21.1265333333, "25": 21.11955, "26": 21.076966666700002, "27": 21.0711666667, "28": 21.067283}, "BusStopCode": {"0": 1784, "1": 1114, "2": 1111, "3": 1112, "4": 1123, "5": 1124, "6": 973, "7": 974, "8": 977, "9": 975, "10": 976, "11": 978, "12": 979, "13": 980, "14": 904, "15": 903, "16": 905, "17": 906, "18": 907, "19": 908, "20": 909, "21": 910, "22": 911, "23": 912, "24": 884, "25": 913, "26": 599, "27": 601, "28": 1725}, "FleetOver": {"0": "56A", "1": "56A,56B,56C", "2": "56A,56B,56C", "3": "56A,56B,56C", "4": "56A,56B,56C", "5": "56A,56C", "6": "56A,56C", "7": "56A,56C", "8": "56A,56C", "9": "56A,56C", "10": "56A,56C", "11": "56A,56C", "12": "56A,56C", "13": "56A,56C", "14": "56A,56C,58,95", "15": "07,56A,56C,58,64,95", "16": "07,56A,56C,58,95", "17": "07,56A,56C,58,95", "18": "07,53B,56A,56C,58,64,93,95", "19": "07,53B,56A,56C,58,64,93,95", "20": "07,35B,53A,53B,56A,56C,58,61,64,93,95", "21": "07,35B,53A,53B,56A,56C,58,61,64,93,95", "22": "07,35B,53A,53B,56A,56C,58,61,64,93,95", "23": "07,35B,53A,53B,56A,56C,58,61,64,93,95", "24": "07,35B,53A,53B,56A,56C,58,61,64,93,95", "25": "07,35B,53A,53B,56A,56C,58,60B,61,93,95", "26": "07,14,14CT,28,35B,46,53A,53B,56A,56C,57,60A,60B,61,93,95", "27": "07,14,14CT,28,35B,46,53A,53B,56A,56C,57,60A,60B,61,93,95", "28": "56A"}, "Lng": {"0": 105.868, "1": 105.86086, "2": 105.85831666700001, "3": 105.854183333, "4": 105.850883333, "5": 105.846, "6": 105.84200000000001, "7": 105.83353333299999, "8": 105.827783333, "9": 105.8226, "10": 105.816983333, "11": 105.808433333, "12": 105.79055, "13": 105.77925, "14": 105.77523333299999, "15": 105.778476, "16": 105.779733333, "17": 105.780516667, "18": 105.780383, "19": 105.77955, "20": 105.77918333299999, "21": 105.7789, "22": 105.77845, "23": 105.77908333299999, "24": 105.78071666700001, "25": 105.78315, "26": 105.7864, "27": 105.7855, "28": 105.787067}, "Name": {"0": "(B) N\u00fai \u0110\u00f4i - Tuy\u1ebfn 56A", "1": "Khu A C\u1ed9t \u0111i\u1ec7n SS1, \u0110\u01b0\u1eddng N\u00fai \u0110\u00f4i", "2": "S\u1ed1 nh\u00e0 22, t\u1ed5 7 Th\u1ecb tr\u1ea5n S\u00f3c S\u01a1n", "3": "S\u1ed1 nh\u00e0 73 \u0111\u01b0\u1eddng N\u00fai \u0110\u00f4i", "4": "Tr\u01b0\u1eddng cao \u0111\u1eb3ng th\u1ef1c h\u00e0nh \u0110a Ph\u00fac, \u0110\u01b0\u1eddng N\u00fai \u0110\u00f4i", "5": "T\u01b0\u1eddng r\u00e0o Tr\u1ea1m th\u00fa y Huy\u1ec7n S\u00f3c S\u01a1n, \u0110\u01b0\u1eddng N\u00fai \u0110\u00f4i", "6": "\u0110\u1ed1i di\u1ec7n TT Qu\u1ea3ng c\u00e1o Xu\u00e2n Du - L\u00e0ng D\u01b0\u1ee3c Th\u01b0\u1ee3ng T\u1ec9nh l\u1ed9 131", "7": "Ng\u00e3 4 \u0110\u1ed3i Ra\u0111a- Km 7+650 T\u1ec9nh l\u1ed9 131", "8": "Tr\u01b0\u1eddng Trung c\u1ea5p KTKT \u0111a ng\u00e0nh S\u00f3c S\u01a1n", "9": "\u0110\u1ed1i di\u1ec7n Ch\u00f9a Ph\u1eadt Quang - Km 6+00 T\u1ec9nh l\u1ed9 131", "10": "Ng\u00e3 3 Qu\u1ea3ng H\u1ed9i - Km 5+350 T\u1ec9nh l\u1ed9 131", "11": "Nh\u00e0 ch\u1edd \u0111\u1ed1i di\u1ec7n Khu c\u00f4ng nghi\u1ec7p N\u1ed9i B\u00e0i - T\u1ec9nh L\u1ed9 131", "12": "Th\u00f4n B\u1eafc H\u1ea1 - X\u00e3 Quang Ti\u1ebfn - Km 2+200 T\u1ec9nh l\u1ed9 131", "13": "\u0110\u01b0\u1eddng v\u00e0o th\u00f4n \u0110\u1ed3ng Gi\u00e1 - T\u1ec9nh l\u1ed9 131 (chi\u1ec1u \u0111i c\u1ea7u Th\u0103ng Long)", "14": "Qua ng\u00e3 3 Qu\u1ed1c l\u1ed9 2 - cao t\u1ed1c N\u1ed9i B\u00e0i, L\u00e0o Cai 50m (chi\u1ec1u N\u00fai \u0110\u00f4i - H\u00e0 N\u1ed9i)", "15": "Qua ng\u00e3 t\u01b0 cao t\u1ed1c TL - Ph\u00fac Y\u00ean - Km 11+380 Cao t\u1ed1c BTL-NB", "16": "So\u00e1t v\u00e9 cao t\u1ed1c B\u1eafc Th\u0103ng Long - Km 10+010 Cao t\u1ed1c BTL-NB", "17": "\u0110\u1ed1i di\u1ec7n nh\u00e0 m\u00e1y t\u1ea5m l\u1ee3p VitMetal- Km 8+700 Cao t\u1ed1c BTL-NB", "18": "KCN Quang Minh - Km 8+150 Cao t\u1ed1c BTL-NB", "19": "\u0110\u1ed1i di\u1ec7n C\u00f4ng ty c\u01a1 kh\u00ed Nam H\u1ed3ng- Km 5+950 Cao t\u1ed1c BTL-NB", "20": "Qua c\u1ea7u v\u01b0\u1ee3t ng\u00e3 4 Nam H\u1ed3ng 70m Cao t\u1ed1c BTL-NB", "21": "\u0110\u1ea7m V\u00e2n Tr\u00ec- Km 4+400 Cao t\u1ed1c BTL-NB", "22": "Qua c\u1ea7u chui d\u00e2n sinh s\u1ed1 4 - \u0111\u1ed1i di\u1ec7n \u0111\u01b0\u1eddng v\u00e0o th\u00f4n Nhu\u1ebf, Km 11+200 (chi\u1ec1u s\u00e2n bay N\u1ed9i B\u00e0i \u0111i H\u00e0 N\u1ed9i)", "23": "UBND x\u00e3 Kim Chung- Km 2+200 Cao t\u1ed1c BTL-NB", "24": "Tr\u01b0\u1edbc ng\u00e3 t\u01b0 khu CN Th\u0103ng Long 100m (chi\u1ec1u N\u1ed9i B\u00e0i - H\u00e0 N\u1ed9i)", "25": "KCN B\u1eafc Th\u0103ng Long - Km 0+800 Cao t\u1ed1c BTL-NB", "26": "96 Ph\u1ea1m V\u0103n \u0110\u1ed3ng (Ng\u00e3 4 Ph\u1ea1m V\u0103n \u0110\u1ed3ng - Xu\u00e2n \u0110\u1ec9nh)", "27": "Showroom \u00f4 t\u00f4 Trung S\u01a1n (\u0111\u1ed1i di\u1ec7n 315 Ph\u1ea1m V\u0103n \u0110\u1ed3ng)", "28": "(A) Nam Th\u0103ng Long - Tuy\u1ebfn 56A"}}