{"Lat": {"0": 21.262442, "1": 21.2603, "2": 21.2571833333, "3": 21.25735, "4": 21.2573333333, "5": 21.2570333333, "6": 21.2569, "7": 21.2521666667, "8": 21.2435166667, "9": 21.2426833333, "10": 21.2431166667, "11": 21.2427833333, "12": 21.2441833333, "13": 21.245338, "14": 21.2466166667, "15": 21.24695, "16": 21.2549666667, "17": 21.26065, "18": 21.276220000000002, "19": 21.2839333333, "20": 21.2925333333, "21": 21.2959, "22": 21.3017666667, "23": 21.30275, "24": 21.295217, "25": 21.285866666700002, "26": 21.27605, "27": 21.2693833333, "28": 21.264233333299998, "29": 21.261366666700003, "30": 21.2569333333, "31": 21.257214, "32": 21.2574166667, "33": 21.2575, "34": 21.25725, "35": 21.2594333333, "36": 21.262322}, "BusStopCode": {"0": 3966, "1": 1387, "2": 1108, "3": 1109, "4": 1110, "5": 1113, "6": 1115, "7": 1116, "8": 1536, "9": 3983, "10": 3984, "11": 3985, "12": 2974, "13": 3986, "14": 2975, "15": 2976, "16": 3987, "17": 2977, "18": 3988, "19": 2978, "20": 2979, "21": 2980, "22": 2981, "23": 2982, "24": 3990, "25": 2983, "26": 2984, "27": 1853, "28": 1854, "29": 1855, "30": 1122, "31": 1114, "32": 1111, "33": 1112, "34": 1123, "35": 1368, "36": 3967}, "FleetOver": {"0": "56B", "1": "15,56B", "2": "56A,56B,56C", "3": "56A,56B,56C", "4": "56A,56B,56C", "5": "56A,56B,56C", "6": "56B,56C", "7": "56B", "8": "56B", "9": "56B", "10": "56B", "11": "56B", "12": "56B", "13": "56B", "14": "56B", "15": "56B", "16": "56B", "17": "56B", "18": "56B", "19": "56B", "20": "56B", "21": "56B", "22": "56B", "23": "56B", "24": "56B", "25": "56B", "26": "56B", "27": "56B,56C", "28": "56B,56C", "29": "56B,56C", "30": "56B,56C", "31": "56A,56B,56C", "32": "56A,56B,56C", "33": "56A,56B,56C", "34": "56A,56B,56C", "35": "15,56B", "36": "56B"}, "Lng": {"0": 105.850944, "1": 105.84945, "2": 105.850466667, "3": 105.85368333299999, "4": 105.85805, "5": 105.8604, "6": 105.8677, "7": 105.8755, "8": 105.885116667, "9": 105.8915, "10": 105.897016667, "11": 105.90243333299999, "12": 105.908233333, "13": 105.91238700000001, "14": 105.9158, "15": 105.9335, "16": 105.9315, "17": 105.927116667, "18": 105.92088500000001, "19": 105.921883333, "20": 105.920566667, "21": 105.913416667, "22": 105.90325, "23": 105.899566667, "24": 105.895583, "25": 105.8917, "26": 105.891066667, "27": 105.8823, "28": 105.87798333299999, "29": 105.87148333299999, "30": 105.86736666700001, "31": 105.86086, "32": 105.85831666700001, "33": 105.854183333, "34": 105.850883333, "35": 105.849133333, "36": 105.85118}, "Name": {"0": "(A) S\u00f3c S\u01a1n - Tuy\u1ebfn 56B", "1": "Cty \u0110\u1ea7u t\u01b0 & Th\u01b0\u01a1ng m\u1ea1i kho\u00e1ng s\u1ea3n S\u00f3c S\u01a1n - Km 25+250 Qu\u1ed1c l\u1ed9 3", "2": "\u0110\u1ed1i di\u1ec7n Trung t\u00e2m Gi\u00e1o d\u1ee5c th\u01b0\u1eddng xuy\u00ean Huy\u1ec7n S\u00f3c S\u01a1n, \u0110\u01b0\u1eddng N\u00fai \u0110\u00f4i", "3": "Ban QLDA Huy\u1ec7n S\u00f3c S\u01a1n - s\u1ed1 40 \u0111\u01b0\u1eddng N\u00fai \u0110\u00f4i t\u1ed5 4 Th\u1ecb tr\u1ea5n S\u00f3c S\u01a1n", "4": "C\u00f4ng ty Nam S\u01a1n - s\u1ed1 122 \u0111\u01b0\u1eddng N\u00fai \u0110\u00f4i", "5": "S\u1ed1 158 \u0110\u01b0\u1eddng N\u00fai \u0110\u00f4i", "6": "S\u1ed1 nh\u00e0 190 \u0111\u01b0\u1eddng N\u00fai \u0110\u00f4i - th\u1ecb tr\u1ea5n S\u00f3c S\u01a1n", "7": "\u0110\u1ed1i\u00a0di\u1ec7n\u00a0Ph\u00f2ng\u00a0kh\u00e1m\u00a0\u0111a\u00a0khoa\u00a0Xu\u00e2n\u00a0Giang", "8": "C\u1eeda\u00a0h\u00e0ng\u00a0\u0111i\u1ec7n\u00a0l\u1ea1nh\u00a0\u0110\u1ee9c\u00a0Nguy\u00ean", "9": "\u0110\u1ed1i di\u1ec7n tr\u01b0\u1eddng THPT Xu\u00e2n Giang", "10": "G\u1ea7n \u0111\u1ed1i di\u1ec7n UBND x\u00e3 Xu\u00e2n Giang (\u0111\u1ecba ph\u1eadn l\u00e0ng \u0110\u1ea1i T\u1ea3o)", "11": "X\u00f3m \u0110\u1ed3ng May - Th\u00f4n Xu\u00e2n T\u1ea3o (l\u00e0ng Ng\u1ecdc H\u00e0) - Chi\u1ec1u \u0111i", "12": "\u0110\u1ed1i di\u1ec7n \u0110\u00ecnh l\u00e0ng Ti\u00ean T\u1ea3o - T\u1ec9nh L\u1ed9 131", "13": "G\u1ea7n C\u00e2u l\u1ea1c b\u1ed9 ng\u01b0\u1eddi cao tu\u1ed5i th\u00f4n Ti\u00ean T\u1ea3o", "14": "\u0110\u1ed1i di\u1ec7n UBND x\u00e3 Vi\u1ec7t Long - T\u1ec9nh L\u1ed9 131", "15": "G\u1ea7n d\u1ed1c \u0110a th\u00f4n L\u01b0\u01a1ng Ph\u00fac - T\u1ec9nh L\u1ed9 131", "16": "\u0110\u1ed1i di\u1ec7n tr\u1ea1m b\u01a1m T\u0103ng Long - l\u00e0ng T\u0103ng Long - x\u00e3 Vi\u1ec7t Long", "17": "\u0110\u1ed1i di\u1ec7n \u0111\u00ecnh l\u00e0ng T\u0103ng Long - T\u1ec9nh L\u1ed9 131", "18": "Qua b\u1ebfn \u0111\u00f2 \u0110\u00f4ng B\u1eafc", "19": "\u0110\u1ed1i di\u1ec7n th\u00f4n C\u1ea9m H\u00e0 - T\u1ec9nh L\u1ed9 131", "20": "\u0110\u1ed1i di\u1ec7n tr\u01b0\u1eddng M\u1ea7m non th\u00f4n Hi\u1ec7u Ch\u00e2n - T\u1ec9nh L\u1ed9 131", "21": "X\u00f3m 10  th\u00f4n Ng\u00f4 \u0110\u1ea1o - T\u1ec9nh L\u1ed9 131", "22": "G\u1ea7n Ng\u00e3 3 T\u00e2n Th\u00e0nh - th\u00f4n Ng\u00f4 \u0110\u1ea1o - T\u1ec9nh L\u1ed9 131", "23": "UBND - Tr\u1ea1m Y t\u1ebf x\u00e3 T\u00e2n H\u01b0ng - T\u1ec9nh l\u1ed9 296", "24": "\u0110\u1ed1i di\u1ec7n l\u00e0ng \u0110\u1ed3ng B\u00f4ng", "25": "Nh\u00e0 v\u0103n ho\u00e1 th\u00f4n Xu\u00e2n T\u00e0ng - T\u1ec9nh l\u1ed9 296", "26": "UBND x\u00e3 B\u1eafc Ph\u00fa - T\u1ec9nh l\u1ed9 296", "27": "\u0110\u1ed1i di\u1ec7n Km 2+250 -T\u1ec9nh l\u1ed9 296", "28": "Qua UBND x\u00e3 T\u00e2n Minh - T\u1ec9nh l\u1ed9 296", "29": "\u0110\u1ed1i di\u1ec7n Km 0+500 -T\u1ec9nh l\u1ed9 296", "30": "Qua ng\u00e3 t\u01b0 l\u1ed1i v\u00e0o \u0110H \u0110i\u1ec7n l\u1ef1c 50m - \u0111\u01b0\u1eddng N\u00fai \u0110\u00f4i, th\u1ecb tr\u1ea5n S\u00f3c S\u01a1n", "31": "Khu A C\u1ed9t \u0111i\u1ec7n SS1, \u0110\u01b0\u1eddng N\u00fai \u0110\u00f4i", "32": "S\u1ed1 nh\u00e0 22, t\u1ed5 7 Th\u1ecb tr\u1ea5n S\u00f3c S\u01a1n", "33": "S\u1ed1 nh\u00e0 73 \u0111\u01b0\u1eddng N\u00fai \u0110\u00f4i", "34": "Tr\u01b0\u1eddng cao \u0111\u1eb3ng th\u1ef1c h\u00e0nh \u0110a Ph\u00fac, \u0110\u01b0\u1eddng N\u00fai \u0110\u00f4i", "35": "\u0110\u1ed1i di\u1ec7n Cty CP \u0110\u1ea7u t\u01b0 th\u01b0\u01a1ng m\u1ea1i v\u00e0 kho\u00e1ng s\u1ea3n S\u00f3c S\u01a1n - Km 25+150 Qu\u1ed1c l\u1ed9 3", "36": "(B) S\u00f3c S\u01a1n - Tuy\u1ebfn 56B"}}