{"Lat": {"0": 21.0231833333, "1": 21.0222333333, "2": 21.0186, "3": 21.020566666700002, "4": 21.0230833333, "5": 21.024033, "6": 21.024998999999998, "7": 21.026448000000002, "8": 21.027383333299998, "9": 21.02945, "10": 21.031033333299998, "11": 21.031003, "12": 21.0272, "13": 21.0247833333, "14": 21.019993, "15": 21.015810000000002, "16": 21.0111, "17": 21.0071333333, "18": 20.9999166667, "19": 20.9959333333, "20": 20.9935833333, "21": 20.9904666667, "22": 20.988163, "23": 20.985882999999998, "24": 20.983446, "25": 20.980401, "26": 20.979275, "27": 20.975483333299998, "28": 20.972531, "29": 20.969518, "30": 20.96755, "31": 20.964783333299998, "32": 20.9620333333, "33": 20.96017, "34": 20.958085, "35": 20.954073, "36": 20.952066666700002, "37": 20.949979000000003}, "BusStopCode": {"0": 1667, "1": 759, "2": 754, "3": 347, "4": 2183, "5": 179, "6": 180, "7": 726, "8": 727, "9": 95, "10": 773, "11": 66, "12": 717, "13": 718, "14": 719, "15": 520, "16": 667, "17": 668, "18": 533, "19": 534, "20": 535, "21": 544, "22": 536, "23": 537, "24": 797, "25": 798, "26": 799, "27": 800, "28": 643, "29": 644, "30": 645, "31": 646, "32": 647, "33": 648, "34": 649, "35": 650, "36": 1470, "37": 1750}, "FleetOver": {"0": "02", "1": "02,03,24,35A,40,42,43,44,48,49,51,55,55B", "2": "02,03,09CT,14CT,35A,42,43,44,45,49", "3": "02,09CT,14CT,18,23,40,45,49", "4": "02,40", "5": "02,09CT,34,36CT,40", "6": "02,09CT,34,36,36CT,40", "7": "02,09,09CT,45", "8": "02,09,09CT,45", "9": "02,09,09CT,32,34,45", "10": "02,23,32,34", "11": "02,23,41", "12": "02,25,41", "13": "02,25,41", "14": "02,25,41", "15": "01,02,09,09CT", "16": "01,02,09,09CT", "17": "01,02,09,09CT,18,21A,21B,44,51,84", "18": "01,02,19,21A,21B,27,44", "19": "01,02,05,19,21A,21B,27,29,44,60B", "20": "01,02,05,105,19,21A,21B,27,29,60A", "21": "01,02,105,19,21A,22B,22C,27,39", "22": "01,02,105,19,21A,22B,22C,27,39", "23": "01,02,105,19,21A,22B,22C,27,39", "24": "01,02,105,19,21A,22B,22C,27,39", "25": "01,02,103,105,19,21A,22B,22C,27,33,39,85", "26": "01,02,103,105,106,19,21A,22B,22C,27,33,85", "27": "01,02,103,105,106,19,21A,22B,22C,27,33", "28": "01,02,21A,27,33,57,89", "29": "01,02,21A,27,33,57,89", "30": "01,02,21A,27,33,57,89", "31": "01,02,105,21A,27,33,37,57,62,89", "32": "01,02,21A,27,33,37,57,62,89", "33": "01,02,21A,27,33,37,57,62,89", "34": "01,02,21A,27,33,37,57,62,89", "35": "01,02,21A,27,33,37,57,62,89,91", "36": "01,02,21A,27,33,37,57,62,89,91", "37": "02"}, "Lng": {"0": 105.86083333299999, "1": 105.86118333299999, "2": 105.86056666700001, "3": 105.85826666700001, "4": 105.85706666700001, "5": 105.85366, "6": 105.850397, "7": 105.84966599999998, "8": 105.84665, "9": 105.84238333299999, "10": 105.83936666700001, "11": 105.836075, "12": 105.83385, "13": 105.8328, "14": 105.830519, "15": 105.828275, "16": 105.82533333299999, "17": 105.82313333299999, "18": 105.815233333, "19": 105.80925, "20": 105.8058, "21": 105.80138333299999, "22": 105.798207, "23": 105.794981, "24": 105.79166200000002, "25": 105.7879, "26": 105.786454, "27": 105.78155, "28": 105.777525, "29": 105.77386000000001, "30": 105.77138333299999, "31": 105.767783333, "32": 105.764283333, "33": 105.76188799999998, "34": 105.759179, "35": 105.753901, "36": 105.75121666700001, "37": 105.747619}, "Name": {"0": "(A) B\u00e1c C\u1ed5 - Tr\u1ea7n Kh\u00e1nh D\u01b0 - Tuy\u1ebfn 02", "1": "Tr\u1ea1m trung chuy\u1ec3n xe bu\u00fdt Tr\u1ea7n Kh\u00e1nh D\u01b0 (Khu \u0111\u00f3n kh\u00e1ch)", "2": "\u0110\u1ed1i di\u1ec7n B\u1ec7nh Vi\u1ec7n Trung \u01b0\u01a1ng Qu\u00e2n \u0111\u1ed9i 108 - Tr\u1ea7n H\u01b0ng \u0110\u1ea1o", "3": "\u0110\u1ea1i h\u1ecdc Khoa h\u1ecdc t\u1ef1 nhi\u00ean - 19 L\u00ea Th\u00e1nh T\u00f4ng", "4": "H\u00e8 c\u1ea1nh v\u01b0\u1eddn hoa 19-8, \u0111\u01b0\u1eddng Hai B\u00e0 Tr\u01b0ng", "5": "22B Hai B\u00e0 Tr\u01b0ng - C\u1ea1nh Tr\u00e0ng Ti\u1ec1n Plaza", "6": "48 Hai B\u00e0 Tr\u01b0ng - Vi\u1ec7n Ki\u1ec3m Nghi\u1ec7m thu\u1ed1c Trung \u01b0\u01a1ng", "7": "6-8 Tr\u00e0ng Thi (Qua ng\u00e3 4 Tr\u00e0ng Thi - L\u00fd Qu\u1ed1c S\u01b0)", "8": "B\u1ec7nh vi\u1ec7n Vi\u1ec7t \u0110\u1ee9c - 40 Tr\u00e0ng Thi", "9": "12A \u0110i\u1ec7n Bi\u00ean Ph\u1ee7", "10": "C\u00f4ng vi\u00ean L\u00ea nin - \u0110\u1ed1i di\u1ec7n 35 Tr\u1ea7n Ph\u00fa", "11": "B\u1ec7nh vi\u1ec7n Xanhpon - 12 Chu V\u0103n An", "12": "92-94 T\u00f4n \u0110\u1ee9c Th\u1eafng", "13": "160 T\u00f4n \u0110\u1ee9c Th\u1eafng", "14": "276 T\u00f4n \u0110\u1ee9c Th\u1eafng", "15": "142-144 Nguy\u1ec5n L\u01b0\u01a1ng B\u1eb1ng", "16": "G\u00f2 \u0110\u1ed1ng \u0110a - T\u00e2y S\u01a1n", "17": "290 T\u00e2y S\u01a1n", "18": "94 Nguy\u1ec5n Tr\u00e3i", "19": "322 Nguy\u1ec5n Tr\u00e3i", "20": "386 Nguy\u1ec5n Tr\u00e3i - C\u1ee5c S\u1edf h\u1eefu tr\u00ed tu\u1ec7", "21": "B\u00e1ch h\u00f3a Thanh Xu\u00e2n - \u0111\u01b0\u1eddng Nguy\u1ec5n Tr\u00e3i", "22": "204-206 Nguy\u1ec5n Tr\u00e3i (G\u1ea7n ng\u00e3 3 Nguy\u1ec5n Tr\u00e3i - L\u01b0\u01a1ng Th\u1ebf Vinh )", "23": "C\u00f4ng ty CP C\u00f4ng tr\u00ecnh GT 873 - Nguy\u1ec5n Tr\u00e3i", "24": "S\u1ed1 10 Tr\u1ea7n Ph\u00fa - Si\u00eau Th\u1ecb Vi\u1ec7t Long", "25": "H\u1ecdc vi\u1ec7n c\u00f4ng ngh\u1ec7 b\u01b0u ch\u00ednh vi\u1ec5n th\u00f4ng - Tr\u1ea7n Ph\u00fa (H\u00e0 \u0110\u00f4ng)", "26": "100 Tr\u1ea7n Ph\u00fa (H\u00e0 \u0110\u00f4ng)", "27": "Kh\u00e1ch s\u1ea1n S\u00f4ng Nhu\u1ec7 (148 Tr\u1ea7n Ph\u00fa- H\u00e0 \u0110\u00f4ng)", "28": "S\u1ed1 8 Quang Trung - H\u00e0 \u0110\u00f4ng", "29": "96 Quang Trung - H\u00e0 \u0110\u00f4ng", "30": "Nh\u00e0 thi \u0111\u1ea5u H\u00e0 \u0110\u00f4ng - 182 Quang Trung (H\u00e0 \u0110\u00f4ng)", "31": "254 Quang Trung - H\u00e0 \u0110\u00f4ng", "32": "\u0110\u1ed1i di\u1ec7n K\u0110T V\u0103n Ph\u00fa - 418 Quang Trung (H\u00e0 \u0110\u00f4ng)", "33": "530 - 532 Quang Trung - H\u00e0 \u0110\u00f4ng", "34": "678 - 680 Quang Trung (H\u00e0 \u0110\u00f4ng)", "35": "Showroom \u00f4 t\u00f4 Tr\u01b0\u1eddng S\u01a1n (\u0111\u1ed1i di\u1ec7n Nissan H\u00e0 \u0110\u00f4ng - Km 14+600, Qu\u1ed1c l\u1ed9 6)", "36": "\u0110\u1ed1i di\u1ec7n Tr\u01b0\u1eddng TH Kinh t\u1ebf H\u00e0 T\u00e2y - Qu\u1ed1c l\u1ed9 6", "37": "(B) BX Y\u00ean Ngh\u0129a - Tuy\u1ebfn 02"}}