{"Lat": {"0": 21.0431833333, "1": 21.0413333333, "2": 21.037567000000003, "3": 21.04245, "4": 21.0463833333, "5": 21.051816666700002, "6": 21.05675, "7": 21.060166666700002, "8": 21.0631166667, "9": 21.06705, "10": 21.0696, "11": 21.0672666667, "12": 21.0676666667, "13": 21.0645166667, "14": 21.0684166667, "15": 21.0686333333, "16": 21.0658, "17": 21.0624666667, "18": 21.0601166667, "19": 21.05835, "20": 21.0497833333, "21": 21.0469333333, "22": 21.0386666667, "23": 21.035216666700002, "24": 21.0324, "25": 21.027683, "26": 21.0242666667, "27": 21.02498, "28": 21.0266166667}, "BusStopCode": {"0": 3215, "1": 866, "2": 770, "3": 1073, "4": 3216, "5": 3217, "6": 3218, "7": 3219, "8": 3220, "9": 3221, "10": 3222, "11": 3223, "12": 3224, "13": 422, "14": 423, "15": 3225, "16": 1154, "17": 1155, "18": 3226, "19": 3227, "20": 3228, "21": 3229, "22": 3230, "23": 3231, "24": 3232, "25": 2969, "26": 2970, "27": 1816, "28": 3290}, "FleetOver": {"0": "98", "1": "100,10A,10B,17,50,98", "2": "01,03,100,10B,11,14,14CT,17,18,22A,23,34,47A,54,98", "3": "11,98", "4": "98", "5": "98", "6": "98", "7": "98", "8": "98", "9": "98", "10": "98", "11": "98", "12": "42,98", "13": "10A,10B,15,17,43,54,98", "14": "10A,10B,15,17,43,54,98", "15": "59,98", "16": "59,98", "17": "59,98", "18": "59,98", "19": "59,98", "20": "03B,59,98", "21": "03B,59,98", "22": "98", "23": "98", "24": "98", "25": "100,40,52B,98", "26": "100,40,52B,98", "27": "100,106,40,47B,52B,98", "28": "98"}, "Lng": {"0": 105.847816667, "1": 105.84935, "2": 105.85275, "3": 105.86526666700001, "4": 105.8653, "5": 105.86378333299999, "6": 105.86585, "7": 105.86343333299999, "8": 105.8654, "9": 105.87275, "10": 105.88176666700001, "11": 105.885, "12": 105.89035, "13": 105.89725, "14": 105.900983333, "15": 105.903516667, "16": 105.906816667, "17": 105.90796666700001, "18": 105.9107, "19": 105.913733333, "20": 105.917966667, "21": 105.91958333299999, "22": 105.92255, "23": 105.9195, "24": 105.91616499999999, "25": 105.911367, "26": 105.9067, "27": 105.90128899999999, "28": 105.89933333299999}, "Name": {"0": "(A) Y\u00ean Ph\u1ee5 - Tuy\u1ebfn 98", "1": "E3.3 \u0110i\u1ec3m trung chuy\u1ec3n Long Bi\u00ean", "2": "80 Tr\u1ea7n Nh\u1eadt Du\u1eadt", "3": "Ch\u00f9a \u00c1i M\u1ed9", "4": "V\u01b0\u1eddn hoa B\u1eafc Bi\u00ean ch\u00e2n C\u1ea7u Long Bi\u00ean", "5": "140 Ng\u1ecdc Th\u1ee5y", "6": "270 Ng\u1ecdc Th\u1ee5y - UBND Ph\u01b0\u1eddng Ng\u1ecdc Th\u1ee5y", "7": "Ng\u00f5 352 Ng\u1ecdc Th\u1ee5y - B\u1eafc Bi\u00ean", "8": "Ng\u00f5 424 Ng\u1ecdc Th\u1ee5y", "9": "Qua ng\u00f5 608 Ng\u1ecdc Th\u1ee5y - Gia Th\u01b0\u1ee3ng", "10": "203-205 \u0110\u1ee9c Giang", "11": "\u0110\u1ed1i di\u1ec7n c\u00f4ng ty ch\u1ebf t\u1ea1o m\u00e1y bi\u1ebfn \u00e1p H\u00e0 N\u1ed9i", "12": "59 \u0110\u1ee9c Giang (C\u00f4ng ty May \u0110\u1ee9c Giang)", "13": "318 Ng\u00f4 Gia T\u1ef1", "14": "368 Ng\u00f4 Gia T\u1ef1 - Ng\u00e3 3 \u0111\u01b0\u1eddng v\u00e0o c\u00f4ng An qu\u1eadn Long Bi\u00ean", "15": "\u0110\u1ed1i di\u1ec7n nh\u00e0 CT9A - K\u0110T Vi\u1ec7t H\u01b0ng", "16": "\u0110\u1ed1i di\u1ec7n Nh\u00e0 K2 - K\u0110T Vi\u1ec7t H\u01b0ng", "17": "\u0110\u1ed1i di\u1ec7n nh\u00e0 P6 - K\u0110T Vi\u1ec7t H\u01b0ng", "18": "\u0110\u1ed1i di\u1ec7n khu BT6 - K\u0110T Vi\u1ec7t H\u01b0ng - L\u01b0u Kh\u00e1nh \u0110\u00e0m", "19": "Qua ng\u00e3 4 Ph\u00fac L\u1ee3i - L\u01b0u Kh\u00e1nh \u0110\u00e0m 200m", "20": "Vincom Long Bi\u00ean - \u0111\u01b0\u1eddng H\u1ed9i X\u00e1", "21": "Tr\u01b0\u1edbc ng\u00e3 3 Hoa H\u1ed3ng - \u0111\u01b0\u1eddng H\u1ed9i X\u00e1", "22": "Tr\u01b0\u1edbc ng\u00e3 3 \u0111\u01b0\u1eddng Hoa S\u1eefa - V\u0169 Xu\u00e2n Thi\u1ec1u", "23": "\u0110\u1ed1i di\u1ec7n Nh\u00e0 m\u00e1y bia Vi\u1ec7t \u0110\u1ee9c V\u0169 Xu\u00e2n Thi\u1ec1u - 289 V\u0169 Xu\u00e2n thi\u1ec1u", "24": "103 V\u0169 Xu\u00e2n Thi\u1ec1u", "25": "Tr\u01b0\u1edbc 50m ng\u00f5 12 Th\u1ea1ch B\u00e0n", "26": "\u0110\u1ed1i di\u1ec7n tr\u01b0\u1eddng THCS Th\u1ea1ch B\u00e0n - \u0111\u01b0\u1eddng Th\u1ea1ch B\u00e0n", "27": "Aeon Mall Long Bi\u00ean (\u0110\u1ed1i di\u1ec7n C\u1ed9t \u0111i\u1ec7n T4A/2A-B \u0111\u01b0\u1eddng C\u1ed5 Linh)", "28": "(B) AEON MALL Long Bi\u00ean -- Tuy\u1ebfn 98"}}