{"Lat": {"0": 20.75915, "1": 20.7661, "2": 20.7695666667, "3": 20.7795833333, "4": 20.777616666700002, "5": 20.7771, "6": 20.7742, "7": 20.7737166667, "8": 20.786383333299998, "9": 20.793983333299998, "10": 20.8004, "11": 20.8091333333, "12": 20.8134166667, "13": 20.8171833333, "14": 20.82785, "15": 20.8361833333, "16": 20.8432666667, "17": 20.85205, "18": 20.8553333333, "19": 20.860766666700002, "20": 20.865384, "21": 20.8715333333, "22": 20.878866666700002, "23": 20.889267, "24": 20.8949833333, "25": 20.9025333333, "26": 20.910216666700002, "27": 20.9164833333, "28": 20.923166666700002, "29": 20.92885, "30": 20.9356833333, "31": 20.9436, "32": 20.9480166667, "33": 20.9552, "34": 20.954073, "35": 20.952066666700002, "36": 20.9498}, "BusStopCode": {"0": 2722, "1": 2641, "2": 2642, "3": 2723, "4": 2724, "5": 2725, "6": 2726, "7": 2727, "8": 2728, "9": 2729, "10": 2730, "11": 4109, "12": 2731, "13": 2732, "14": 2733, "15": 2734, "16": 2735, "17": 2736, "18": 2737, "19": 4052, "20": 2738, "21": 3052, "22": 2739, "23": 2740, "24": 2741, "25": 2742, "26": 2743, "27": 2744, "28": 2745, "29": 2746, "30": 2747, "31": 2748, "32": 2749, "33": 2750, "34": 650, "35": 1470, "36": 2693}, "FleetOver": {"0": "91", "1": "06E,91", "2": "06E,91", "3": "91", "4": "91", "5": "91", "6": "91", "7": "103,91", "8": "103,91", "9": "103,91", "10": "103,91", "11": "103,91", "12": "103,91", "13": "103,91", "14": "103,91", "15": "103,91", "16": "103,91", "17": "103,91", "18": "103,91,94", "19": "103,91,94", "20": "103,91,94", "21": "103,91,94", "22": "103,91,94", "23": "91", "24": "91", "25": "91", "26": "91", "27": "91", "28": "91", "29": "91", "30": "91", "31": "91", "32": "91", "33": "91", "34": "01,02,21A,27,33,37,57,62,89,91", "35": "01,02,21A,27,33,37,57,62,89,91", "36": "91"}, "Lng": {"0": 105.81251666700001, "1": 105.81031666700001, "2": 105.809283333, "3": 105.805516667, "4": 105.794666667, "5": 105.785733333, "6": 105.77661666700001, "7": 105.7704, "8": 105.77945, "9": 105.779766667, "10": 105.77821666700001, "11": 105.776283333, "12": 105.775866667, "13": 105.7748, "14": 105.7726, "15": 105.771583333, "16": 105.7706, "17": 105.76915, "18": 105.76708333299999, "19": 105.76366666700001, "20": 105.760883, "21": 105.75875, "22": 105.75973333299999, "23": 105.763217, "24": 105.763983333, "25": 105.76233333299999, "26": 105.76071666700001, "27": 105.75938333299999, "28": 105.75855, "29": 105.758, "30": 105.75766666700001, "31": 105.75683333299999, "32": 105.757033333, "33": 105.757433333, "34": 105.753901, "35": 105.75121666700001, "36": 105.747316667}, "Name": {"0": "(B) Ph\u00fa T\u00fac (B\u0110X Ph\u00fa T\u00fac) - Tuy\u1ebfn 91", "1": "Th\u00f4n L\u01b0u Th\u01b0\u1ee3ng", "2": "\u0110\u1ed1i di\u1ec7n c\u1ed5ng l\u00e0ng Ph\u00fa T\u00fac", "3": "\u0110\u1ed1i di\u1ec7n CH x\u0103ng d\u1ea7u Ph\u00fa Ng\u1ecdc - T\u1ec9nh l\u1ed9 429", "4": "X\u00f3m B\u1ea7u B\u1eafc - Th\u00f4n B\u1ea7u - T\u1ec9nh l\u1ed9 429 (Chi\u1ec1u \u0111i Y\u00ean Ngh\u0129a)", "5": "G\u1ea7n c\u1eeda h\u00e0ng x\u0103ng d\u1ea7u Qu\u1ea3ng Ph\u00fa - T\u1ec9nh l\u1ed9 429", "6": "\u0110\u00ecnh Qu\u1ea3ng Nguy\u00ean - T\u1ec9nh l\u1ed9 429 (Chi\u1ec1u \u0111i Y\u00ean Ngh\u0129a)", "7": "Ng\u00e3 3 Qu\u00e1n Tr\u00f2n (CH x\u0103ng d\u1ea7u s\u1ed1 26) - Qu\u1ed1c l\u1ed9 21B", "8": "Th\u00f4n X\u00e0 C\u1ea7u (Tr\u01b0\u1edbc c\u1ea7u X\u00e0 Ki\u1ec1u 300m) - Qu\u1ed1c l\u1ed9 21B", "9": "\u0110\u1ed1i di\u1ec7n c\u1ed5ng l\u00e0ng T\u1ea3o D\u01b0\u01a1ng", "10": "L\u00e0ng Ng\u1ecdc \u0110\u00ecnh", "11": "\u0110\u00ecnh l\u00e0ng Canh Ho\u1ea1ch QL21B", "12": "B\u01b0u \u0111i\u1ec7n huy\u1ec7n Thanh Oai", "13": "C\u1ed5ng l\u00e0ng V\u0169 L\u0103ng", "14": "G\u1ea7n c\u1eeda h\u00e0ng x\u0103ng d\u1ea7u Ph\u01b0\u01a1ng Trung", "15": "Th\u00f4n \u0110\u00f4n Th\u01b0, x\u00e3 Kim Th\u01b0 (Chi\u1ec1u \u0111i Y\u00ean Ngh\u0129a)", "16": "Th\u00f4n T\u00e2n Th\u01b0, x\u00e3 Kim Th\u01b0 (Chi\u1ec1u \u0111i Y\u00ean Ngh\u0129a)", "17": "UBND huy\u1ec7n Thanh Oai", "18": "B\u01b0u \u0111i\u1ec7n Kim B\u00e0i", "19": "Qua 70m l\u1ed1i v\u00e0o tr\u1ea1m bi\u1ebfn \u00e1p Thanh Oai - QL21B", "20": "Qua \u0111\u1ed1i di\u1ec7n l\u1ed1i v\u00e0o BV huy\u1ec7n Thanh Oai 30m", "21": "\u0110\u1ed1i di\u1ec7n c\u1eeda h\u00e0ng s\u1eeda ch\u1eefa xe m\u00e1y Xu\u00e2n B\u1eafc (ph\u1ed1 Ba H\u00e0ng)", "22": "Vigracega T\u1eeb Li\u00eam", "23": "Nh\u00e0 v\u0103n h\u00f3a th\u00f4n Ch\u1ee3, ng\u00e3 3 B\u00ecnh \u0110\u00e0", "24": "\u0110\u1ec1n N\u1ed9i, B\u00ecnh \u0110\u00e0", "25": "\u0110\u1ed1i di\u1ec7n C\u0110 ngh\u1ec1 Simco", "26": "525 Thanh L\u01b0\u01a1ng", "27": "311 Th\u1ea1ch B\u00edch", "28": "19 Th\u1ea1ch B\u00edch", "29": "\u0110\u1ed1i di\u1ec7n C\u1ee5m CN Thanh Oai", "30": "L\u1ed1i v\u00e0o l\u00e0ng Th\u01b0\u1ee3ng M\u1ea1o", "31": "157 Ph\u1ed1 X\u1ed1m - THPT Tr\u1ea7n H\u01b0ng \u0110\u1ea1o", "32": "\u0110\u1ea1i h\u1ecdc \u0110\u1ea1i Nam", "33": "17 Ba La", "34": "Showroom \u00f4 t\u00f4 Tr\u01b0\u1eddng S\u01a1n (\u0111\u1ed1i di\u1ec7n Nissan H\u00e0 \u0110\u00f4ng - Km 14+600, Qu\u1ed1c l\u1ed9 6)", "35": "\u0110\u1ed1i di\u1ec7n Tr\u01b0\u1eddng TH Kinh t\u1ebf H\u00e0 T\u00e2y - Qu\u1ed1c l\u1ed9 6", "36": "(A) BX Y\u00ean Ngh\u0129a - Tuy\u1ebfn 91"}}