{"Lat": {"0": 21.0431833333, "1": 21.0413333333, "2": 21.037567000000003, "3": 21.0423833333, "4": 21.045683333299998, "5": 21.0462, "6": 21.0433666667, "7": 21.0406166667, "8": 21.037202, "9": 21.032866666700002, "10": 21.0295, "11": 21.0280166667, "12": 21.02545, "13": 21.0245833333, "14": 21.0269, "15": 21.029766666700002, "16": 21.028117, "17": 21.023467, "18": 21.0216666667, "19": 21.0180666667, "20": 21.013716666700002, "21": 21.0133833333, "22": 21.016683333299998, "23": 21.0192833333, "24": 21.0212666667, "25": 21.0189833333}, "BusStopCode": {"0": 3342, "1": 866, "2": 770, "3": 555, "4": 556, "5": 3316, "6": 3317, "7": 3318, "8": 3319, "9": 3320, "10": 3148, "11": 3149, "12": 1815, "13": 2967, "14": 2968, "15": 1207, "16": 1208, "17": 1189, "18": 1190, "19": 1191, "20": 3321, "21": 3322, "22": 3323, "23": 3324, "24": 3325, "25": 3326}, "FleetOver": {"0": "100", "1": "100,10A,10B,17,50,98", "2": "01,03,100,10B,11,14,14CT,17,18,22A,23,34,47A,54,98", "3": "03,100,10A,17,34,43,48,54,65", "4": "01,03,100,10A,10B,17,22A,34,42,43,48,54,65", "5": "100", "6": "100", "7": "100", "8": "100", "9": "100", "10": "100", "11": "100", "12": "100,106,40,47B,52B,98", "13": "100,40,52B,98", "14": "100,40,52B,98", "15": "100,11,40,52A,52B", "16": "100,11,40,52A,52B", "17": "100,11,40,52A,52B", "18": "100,11,40,52A,52B", "19": "100,40,52A,52B", "20": "100", "21": "100", "22": "100", "23": "100", "24": "100", "25": "100"}, "Lng": {"0": 105.847816667, "1": 105.84935, "2": 105.85275, "3": 105.87076666700001, "4": 105.875983333, "5": 105.879516667, "6": 105.88235, "7": 105.879466667, "8": 105.88058000000001, "9": 105.87961666700001, "10": 105.88443333299999, "11": 105.89263333299999, "12": 105.8998, "13": 105.907283333, "14": 105.910867, "15": 105.91446666700001, "16": 105.920079, "17": 105.9319, "18": 105.936383333, "19": 105.94255, "20": 105.950116667, "21": 105.953033333, "22": 105.955766667, "23": 105.954483333, "24": 105.949316667, "25": 105.94818333299999}, "Name": {"0": "(A) Long Bi\u00ean -- Tuy\u1ebfn 100", "1": "E3.3 \u0110i\u1ec3m trung chuy\u1ec3n Long Bi\u00ean", "2": "80 Tr\u1ea7n Nh\u1eadt Du\u1eadt", "3": "T\u1ed5ng c\u1ee5c H\u1ea3i Quan - 162 Nguy\u1ec5n V\u0103n C\u1eeb (c\u1ed9t sau)", "4": "358 - 360 Nguy\u1ec5n V\u0103n C\u1eeb", "5": "\u0110\u1ed1i di\u1ec7n 107 Nguy\u1ec5n S\u01a1n", "6": "Tr\u01b0\u1edbc \u0110o\u00e0n ti\u1ebfp vi\u00ean h\u00e0ng kh\u00f4ng Vi\u1ec7t Nam Airline 30m - ph\u1ed1 L\u00e2m H\u1ea1", "7": "\u0110\u1ed1i di\u1ec7n Trung t\u00e2m y t\u1ebf h\u00e0ng kh\u00f4ng - Ng\u00f5 200 Nguy\u1ec5n S\u01a1n", "8": "\u0110\u1ed1i di\u1ec7n s\u1ed1 nh\u00e0 171 \u0111\u01b0\u1eddng Ho\u00e0ng Nh\u01b0 Ti\u1ebfp", "9": "C\u00f4ng ty Th\u01b0\u01a1ng m\u1ea1i v\u00e0 D\u1ecbch v\u1ee5 Ph\u01b0\u01a1ng Tr\u00e2m - \u0110\u01b0\u1eddng C\u1ed5 Linh", "10": "Qua tr\u01b0\u1eddng THCS Long Bi\u00ean (G\u1ea7n  ng\u00f5 46 T\u1ef1 \u0110\u00ecnh) - C\u1ed5 Linh", "11": "He\u0300 tr\u01b0\u01a1\u0301c nha\u0300 106 -108 C\u00f4\u0309 Linh", "12": "\u0110\u1ed1i di\u1ec7n Aeon Mall Long Bi\u00ean (C\u1ed9t \u0111i\u1ec7n T4A/2A-B \u0111\u01b0\u1eddng C\u1ed5 Linh)", "13": "S\u1ed1 183 Th\u1ea1ch B\u00e0n", "14": "\u0110\u1ed1i di\u1ec7n 30 Th\u1ea1ch B\u00e0n", "15": "\u0110\u01b0\u1eddng v\u00e0o \u0111\u01b0\u1eddng Th\u1ea1ch B\u00e0n - \u0110\u1ed1i di\u1ec7n 693 Nguy\u1ec5n V\u0103n Linh", "16": "\u0110\u1ed1i di\u1ec7n C\u00f4ng ty May 10 - Nguy\u1ec5n V\u0103n Linh", "17": "Qua ng\u00e3 3 c\u1ea7u Thanh Tr\u00ec - Nguy\u1ec5n \u0110\u1ee9c Thu\u1eadn", "18": "\u0110\u1ed1i di\u1ec7n b\u01b0u \u0111i\u1ec7n Tr\u00e2u Qu\u1ef3 - Nguy\u1ec5n \u0110\u1ee9c Thu\u1eadn", "19": "\u0110\u1ed1i di\u1ec7n TT Th\u1ec3 d\u1ee5c th\u1ec3 thao Gia L\u00e2m - Nguy\u1ec5n \u0110\u1ee9c Thu\u1eadn", "20": "\u0110\u1ed1i di\u1ec7n nh\u00e0 CT8B - \u0111\u01b0\u1eddng DX2", "21": "\u0110\u1ed1i di\u1ec7n nh\u00e0 A3-D1 (K\u0110T \u0110\u1eb7ng X\u00e1)", "22": "\u0110\u1ed1i di\u1ec7n nh\u00e0 D5 (K\u0110T \u0110\u1eb7ng X\u00e1)", "23": "\u0110\u1ed1i di\u1ec7n nh\u00e0 D16 (K\u0110T \u0110\u1eb7ng X\u00e1)", "24": "\u0110\u1ed1i di\u1ec7n nh\u00e0 D10 (K\u0110T \u0110\u1eb7ng X\u00e1)", "25": "(B) \u0110\u1eb7ng X\u00e1 - Tuy\u1ebfn 100"}}