{"Lat": {"0": 21.0247333333, "1": 21.0222333333, "2": 21.0171166667, "3": 21.0096333333, "4": 21.006532999999997, "5": 21.003083333299998, "6": 21.0029166667, "7": 21.00335, "8": 21.00635, "9": 21.0081833333, "10": 21.009733333299998, "11": 21.00785, "12": 21.007485, "13": 21.0071333333, "14": 21.003966666700002, "15": 21.005883333299998, "16": 21.00985, "17": 21.013107, "18": 21.01455, "19": 21.015428, "20": 21.016317, "21": 21.022022, "22": 21.025301000000002, "23": 21.028873, "24": 21.0296}, "BusStopCode": {"0": 1734, "1": 759, "2": 502, "3": 503, "4": 2139, "5": 315, "6": 684, "7": 837, "8": 838, "9": 80, "10": 591, "11": 592, "12": 69, "13": 668, "14": 146, "15": 147, "16": 148, "17": 149, "18": 806, "19": 843, "20": 807, "21": 808, "22": 785, "23": 792, "24": 1759}, "FleetOver": {"0": "51", "1": "02,03,24,35A,40,42,43,44,48,49,51,55,55B", "2": "24,48,51,55,55B", "3": "19,24,40,45,48,51,55,55B", "4": "19,24,40,47B,48,51,55,55B", "5": "51", "6": "26,51", "7": "18,51", "8": "18,51", "9": "35A,44,51", "10": "21A,21B,26,35A,44,51", "11": "21A,21B,26,35A,44,51,99", "12": "12,18,21A,21B,23,26,35A,44,51", "13": "01,02,09,09CT,18,21A,21B,44,51,84", "14": "16,24,27,51", "15": "16,24,27,51", "16": "16,24,27,51,84", "17": "16,24,27,50,51", "18": "105,51,84", "19": "104,51", "20": "05,104,51", "21": "05,104,51,84,85", "22": "05,51", "23": "39,51,61", "24": "51"}, "Lng": {"0": 105.86005, "1": 105.86118333299999, "2": 105.8623, "3": 105.864983333, "4": 105.86791699999999, "5": 105.864033333, "6": 105.85923333299999, "7": 105.855016667, "8": 105.85478333299999, "9": 105.8461, "10": 105.835433333, "11": 105.83316666700001, "12": 105.828726, "13": 105.82313333299999, "14": 105.818616667, "15": 105.81665, "16": 105.8128, "17": 105.808025, "18": 105.80176666700001, "19": 105.79732, "20": 105.794467, "21": 105.790902, "22": 105.788982, "23": 105.78785400000001, "24": 105.7914}, "Name": {"0": "(A) Tr\u1ea7n Kh\u00e1nh D\u01b0 - Tuy\u1ebfn 51", "1": "Tr\u1ea1m trung chuy\u1ec3n xe bu\u00fdt Tr\u1ea7n Kh\u00e1nh D\u01b0 (Khu \u0111\u00f3n kh\u00e1ch)", "2": "\u0110\u1ed1i di\u1ec7n K9 B\u1ed9 \u0111\u1ed9i bi\u00ean ph\u00f2ng - Nguy\u1ec5n Kho\u00e1i", "3": "C\u1ea1nh ng\u00f5 18 Nguy\u1ec5n Kho\u00e1i (\u0110\u1ed1i di\u1ec7n V\u00e2n \u0110\u1ed3n Hotel)", "4": "H\u00e8 tr\u01b0\u1edbc s\u1ed1 nh\u00e0 202 - 204 Nguy\u1ec5n Kho\u00e1i", "5": "110-112 L\u1ea1c Trung", "6": "Qua c\u1ed5ng B\u1ec7nh vi\u1ec7n Thanh Nh\u00e0n 50m - 42 Thanh Nh\u00e0n", "7": "CV Tu\u1ed5i Tr\u1ebb (Ng\u00e3 3 V\u00f5 Th\u1ecb S\u00e1u - Thanh Nh\u00e0n)", "8": "C\u00f4ng vi\u00ean Tu\u1ed5i Tr\u1ebb - \u0110\u1ed1i di\u1ec7n 46 V\u00f5 Th\u1ecb S\u00e1u", "9": "120 \u0110\u1ea1i C\u1ed3 Vi\u1ec7t", "10": "101A2 TT Trung T\u1ef1 - Ph\u1ea1m Ng\u1ecdc Th\u1ea1ch", "11": "104 C1 T\u1eadp th\u1ec3 Trung T\u1ef1 - Ph\u1ea1m Ng\u1ecdc Th\u1ea1ch", "12": "C\u00f4ng ty in th\u01b0\u01a1ng m\u1ea1i & d\u1ecbch v\u1ee5 ng\u00e2n h\u00e0ng - S\u1ed1 10 Ch\u00f9a B\u1ed9c", "13": "290 T\u00e2y S\u01a1n", "14": "Flatfom d\u00e0nh ri\u00eang cho xe bu\u00fdt tr\u01b0\u1edbc nh\u00e0 80 \u0110\u01b0\u1eddng L\u00e1ng", "15": "220 \u0111\u01b0\u1eddng L\u00e1ng - Tr\u01b0\u1eddng \u0110\u1ea3ng L\u00ea H\u1ed3ng Phong", "16": "470 \u0110\u01b0\u1eddng L\u00e1ng", "17": "Ch\u1ee3 L\u00e1ng H\u1ea1 A - 572 \u0110\u01b0\u1eddng L\u00e1ng", "18": "S\u1ed1 1 L\u00f4 11B Khu \u0111\u00f4 th\u1ecb Trung Y\u00ean, \u0111\u01b0\u1eddng Trung Y\u00ean 10 - Trung H\u00f2a", "19": "Trung t\u00e2m L\u01b0u tr\u1eef Qu\u1ed1c gia 1 - 18 V\u0169 Ph\u1ea1m H\u00e0m", "20": "Tr\u01b0\u1eddng C\u0110 C\u1ed9ng \u0110\u1ed3ng H\u00e0 N\u1ed9i - 102 Trung Kinh", "21": "Tr\u01b0\u1edbc tr\u01b0\u1eddng THCS Y\u00ean H\u00f2a 30m - Trung K\u00ednh", "22": "Qua \u0111\u1ed1i di\u1ec7n Vi\u1ec7n Huy\u1ebft h\u1ecdc v\u00e0 truy\u1ec1n m\u00e1u Trung \u01b0\u01a1ng 20m - Tr\u1ea7n Th\u00e1i T\u00f4ng", "23": "Qua v\u00f2ng xuy\u1ebfn ng\u00e3 t\u01b0 Tr\u1ea7n Th\u00e1i T\u00f4ng - T\u00f4n Th\u1ea5t Thuy\u1ebft 70m - Tr\u1ea7n Th\u00e1i T\u00f4ng", "24": "(B) CV C\u1ea7u Gi\u1ea5y - Tuy\u1ebfn 51"}}