{"Lat": {"0": 21.06085, "1": 21.061866666700002, "2": 21.062483333299998, "3": 21.0765666667, "4": 21.081445000000002, "5": 21.0829833333, "6": 21.0864166667, "7": 21.088973, "8": 21.095198999999997, "9": 21.096296, "10": 21.092725, "11": 21.0878, "12": 21.084, "13": 21.080398000000002, "14": 21.07455, "15": 21.068267000000002, "16": 21.06493, "17": 21.061295, "18": 21.057883, "19": 21.052338, "20": 21.0497, "21": 21.04555, "22": 21.042351999999998, "23": 21.0377166667, "24": 21.0414833333, "25": 21.0431833333}, "BusStopCode": {"0": 1794, "1": 1141, "2": 1142, "3": 1143, "4": 2109, "5": 1144, "6": 1145, "7": 1146, "8": 1147, "9": 191, "10": 192, "11": 193, "12": 194, "13": 195, "14": 415, "15": 416, "16": 417, "17": 418, "18": 419, "19": 549, "20": 550, "21": 552, "22": 553, "23": 769, "24": 857, "25": 2966}, "FleetOver": {"0": "10B", "1": "10B", "2": "10B", "3": "10B", "4": "10B", "5": "10B", "6": "10B", "7": "10B", "8": "10B", "9": "10A,10B,54", "10": "10A,10B,54", "11": "10A,10B,54", "12": "10A,10B,54", "13": "10A,10B,54", "14": "10A,10B,15,17,43,54,59", "15": "10A,10B,15,17,43,54,98", "16": "10A,10B,15,17,43,54,98", "17": "10A,10B,15,17,42,43,54", "18": "10A,10B,15,17,42,43,54", "19": "10A,10B,11,15,17,42,43,48,54,65", "20": "01,10B,22A,42,43,54", "21": "01,03,100,10A,10B,17,22A,34,42,43,48,54,65", "22": "01,03,100,10A,10B,17,22A,34,42,43,48,54,65", "23": "03,100,10B,11,34,47A,54,98", "24": "100,10A,10B,17,54,98", "25": "10B"}, "Lng": {"0": 105.98235, "1": 105.96566666700001, "2": 105.956116667, "3": 105.943, "4": 105.93976799999999, "5": 105.94015, "6": 105.93965, "7": 105.938272, "8": 105.931036, "9": 105.92816699999999, "10": 105.92445, "11": 105.91961666700001, "12": 105.915833333, "13": 105.91222900000001, "14": 105.906683, "15": 105.90045, "16": 105.897347, "17": 105.893869, "18": 105.89042099999999, "19": 105.885754, "20": 105.883467, "21": 105.875283333, "22": 105.870446, "23": 105.852983333, "24": 105.849466667, "25": 105.847816667}, "Name": {"0": "(B) Trung M\u1ea7u - Tuy\u1ebfn 10B", "1": "G\u1ea7n \u0111\u01b0\u1eddng v\u00e0o Tr\u01b0\u1eddng THCS Ph\u00f9 \u0110\u1ed5ng", "2": "G\u1ea7n \u0111\u01b0\u1eddng v\u00e0o h\u1ea7m chui Qu\u1ed1c l\u1ed9 1B - Ph\u00f9 \u0110\u1ed5ng", "3": "\u0110\u1ed1i di\u1ec7n Khu Sinh th\u00e1i C\u00e1nh bu\u1ed3m Xanh - Ninh Hi\u1ec7p", "4": "X\u00f3m 8 - x\u00e3 Ninh Hi\u1ec7p", "5": "\u0110\u1ed1i di\u1ec7n b\u01b0u \u0111i\u1ec7n x\u00e3 Ninh Hi\u1ec7p", "6": "Tr\u01b0\u1edbc kiot s\u1ed1 19B - Ch\u1ee3 v\u1ea3i Ninh Hi\u1ec7p", "7": "Cu\u1ed1i ch\u1ee3 v\u1ea3i Ninh Hi\u1ec7p", "8": "Tr\u1ea1m bi\u1ebfn \u00e1p Tr\u00f9ng Qu\u00e1n 1 - Y\u00ean Th\u01b0\u1eddng", "9": "S\u1ed1 1 D\u1ed1c L\u00e3 - H\u00e0 Huy T\u1eadp", "10": "\u0110\u1ed1i di\u1ec7n 666 H\u00e0 Huy T\u1eadp", "11": "\u0110\u1ed1i di\u1ec7n Cty Gi\u1ea7y Y\u00ean Vi\u00ean - H\u00e0 Huy T\u1eadp", "12": "\u0110\u1ed1i di\u1ec7n 274 H\u00e0 Huy T\u1eadp", "13": "115 H\u00e0 Huy T\u1eadp", "14": "1095 Ng\u00f4 Gia T\u1ef1", "15": "713 Ng\u00f4 Gia T\u1ef1", "16": "505 Ng\u00f4 Gia T\u1ef1", "17": "279 Ng\u00f4 Gia T\u1ef1", "18": "B\u01b0u c\u1ee5c Long Bi\u00ean - 79 Ng\u00f4 Gia T\u1ef1", "19": "Si\u00eau th\u1ecb Fivimart - 583 Nguy\u1ec5n V\u0103n C\u1eeb", "20": "549 Nguy\u1ec5n V\u0103n C\u1eeb (c\u1ed9t tr\u01b0\u1edbc)", "21": "Cty C\u1ea7u 5 Th\u0103ng Long - 307 Nguy\u1ec5n V\u0103n C\u1eeb", "22": "135 Nguy\u1ec5n V\u0103n C\u1eeb", "23": "Tr\u1ea7n Nh\u1eadt Du\u1eadt (373 H\u1ed3ng H\u00e0) - G\u1ea7n H\u00e0m T\u1eed Quan", "24": "E1.2 \u0110i\u1ec3m trung chuy\u1ec3n Long Bi\u00ean", "25": "(A) Long Bi\u00ean - Tuy\u1ebfn 10B"}}