{"Lat": {"0": 21.1373833333, "1": 21.138, "2": 21.139397, "3": 21.140966666700002, "4": 21.1426833333, "5": 21.1471833333, "6": 21.150033333299998, "7": 21.1516, "8": 21.1522, "9": 21.15285, "10": 21.154216666700002, "11": 21.15505, "12": 21.1572333333, "13": 21.1607833333, "14": 21.161516666700003, "15": 21.157988, "16": 21.1579333333, "17": 21.151766666700002, "18": 21.1415, "19": 21.1316666667, "20": 21.1265333333, "21": 21.11955, "22": 21.076966666700002, "23": 21.0711666667, "24": 21.062196, "25": 21.0547333333, "26": 21.051595000000002, "27": 21.0460166667}, "BusStopCode": {"0": 880, "1": 877, "2": 878, "3": 879, "4": 1002, "5": 997, "6": 1003, "7": 1006, "8": 1004, "9": 1000, "10": 2958, "11": 2959, "12": 2960, "13": 2961, "14": 2962, "15": 1009, "16": 909, "17": 910, "18": 911, "19": 912, "20": 884, "21": 913, "22": 599, "23": 601, "24": 600, "25": 602, "26": 603, "27": 1709}, "FleetOver": {"0": "53A", "1": "43,53A,59,61,65", "2": "43,53A,59,61,65", "3": "43,53A,59,61", "4": "53A,61", "5": "53A,61", "6": "53A,61", "7": "53A,61", "8": "53A,61", "9": "53A,61", "10": "53A,61,96", "11": "53A,61,96", "12": "53A,61,96", "13": "53A,61,96", "14": "53A,61,96", "15": "35B,53A,61", "16": "07,35B,53A,53B,56A,56C,58,61,64,93,95", "17": "07,35B,53A,53B,56A,56C,58,61,64,93,95", "18": "07,35B,53A,53B,56A,56C,58,61,64,93,95", "19": "07,35B,53A,53B,56A,56C,58,61,64,93,95", "20": "07,35B,53A,53B,56A,56C,58,61,64,93,95", "21": "07,35B,53A,53B,56A,56C,58,60B,61,93,95", "22": "07,14,14CT,28,35B,46,53A,53B,56A,56C,57,60A,60B,61,93,95", "23": "07,14,14CT,28,35B,46,53A,53B,56A,56C,57,60A,60B,61,93,95", "24": "07,14,14CT,27,28,35A,38,45,46,53A,53B,60A,60B,61", "25": "07,14,14CT,27,35A,38,45,46,53A,53B,60A,60B,61", "26": "07,14,14CT,27,35A,38,45,46,53A,53B,60A,60B,61", "27": "53A"}, "Lng": {"0": 105.86105, "1": 105.85905, "2": 105.85441100000001, "3": 105.84715, "4": 105.84278333299999, "5": 105.83863333299999, "6": 105.83585, "7": 105.833, "8": 105.8298, "9": 105.82368333299999, "10": 105.8145, "11": 105.8091, "12": 105.803716667, "13": 105.793383333, "14": 105.78683333299999, "15": 105.775599, "16": 105.77918333299999, "17": 105.7789, "18": 105.77845, "19": 105.77908333299999, "20": 105.78071666700001, "21": 105.78315, "22": 105.7864, "23": 105.7855, "24": 105.783753, "25": 105.781916667, "26": 105.781554, "27": 105.78346666700001}, "Name": {"0": "(B) Ng\u00e3 3 xay s\u00e1t \u0110\u00f4ng Quan - Tuy\u1ebfn 53", "1": "S\u1ed1 25 - 27 Cao L\u1ed7", "2": "17-19 Ph\u1ed1 T\u00f3, Uy N\u1ed7 - Cao L\u1ed7", "3": "9 Uy N\u1ed7 - Cao L\u1ed7", "4": "Qua ng\u00e3 4 Qu\u1ed1c L\u1ed9 23B - Qu\u1ed1c l\u1ed9 3 ", "5": "T\u00f2a \u00e1n Nh\u00e2n d\u00e2n Huy\u1ec7n \u0110\u00f4ng Anh - QL23", "6": "Qua c\u1ed5ng Th\u00f4n L\u01b0\u01a1ng N\u1ed7 150m - QL23", "7": "\u0110\u1ed1i di\u1ec7n tr\u1ee5 s\u1edf c\u00f4ng ty TNHH MTV X\u1ed5 s\u1ed1 ki\u1ebfn thi\u1ebft Th\u1ee7 \u0111\u00f4", "8": "Tr\u01b0\u1edbc ng\u00e3 3 Th\u00f4n C\u1ed5 H\u1ee3p - \u0110\u01b0\u1eddng 23B", "9": "Trung t\u00e2m y t\u1ebf d\u1ef1 ph\u00f2ng Huy\u1ec7n \u0110\u00f4ng Anh - QL 23", "10": "B\u01b0u \u0111i\u1ec7n V\u00e2n Tr\u00ec - \u0110\u01b0\u1eddng 23B", "11": "L\u1ed1i v\u00e0o l\u00e0ng v\u0103n h\u00f3a Th\u00f4n Nh\u00ec - \u0110\u01b0\u1eddng 23B", "12": "C\u00f4ng ty B\u1eafc H\u00e0 - \u0110\u01b0\u1eddng 23B", "13": "S\u1ed1 nh\u00e0 45 - 47 (\u0110\u01b0\u1eddng 23B)", "14": "\u0110\u1ed1i di\u1ec7n cty TNHH B\u1ea3o Y\u1ebfn (th\u00f4n \u0110\u00eca - Nam H\u1ed3ng) - QL 23B", "15": "Tr\u01b0\u1edbc c\u1ea7u v\u01b0\u1ee3t ng\u00e3 4 Nam H\u1ed3ng 200m - QL23", "16": "Qua c\u1ea7u v\u01b0\u1ee3t ng\u00e3 4 Nam H\u1ed3ng 70m Cao t\u1ed1c BTL-NB", "17": "\u0110\u1ea7m V\u00e2n Tr\u00ec- Km 4+400 Cao t\u1ed1c BTL-NB", "18": "Qua c\u1ea7u chui d\u00e2n sinh s\u1ed1 4 - \u0111\u1ed1i di\u1ec7n \u0111\u01b0\u1eddng v\u00e0o th\u00f4n Nhu\u1ebf, Km 11+200 (chi\u1ec1u s\u00e2n bay N\u1ed9i B\u00e0i \u0111i H\u00e0 N\u1ed9i)", "19": "UBND x\u00e3 Kim Chung- Km 2+200 Cao t\u1ed1c BTL-NB", "20": "Tr\u01b0\u1edbc ng\u00e3 t\u01b0 khu CN Th\u0103ng Long 100m (chi\u1ec1u N\u1ed9i B\u00e0i - H\u00e0 N\u1ed9i)", "21": "KCN B\u1eafc Th\u0103ng Long - Km 0+800 Cao t\u1ed1c BTL-NB", "22": "96 Ph\u1ea1m V\u0103n \u0110\u1ed3ng (Ng\u00e3 4 Ph\u1ea1m V\u0103n \u0110\u1ed3ng - Xu\u00e2n \u0110\u1ec9nh)", "23": "Showroom \u00f4 t\u00f4 Trung S\u01a1n (\u0111\u1ed1i di\u1ec7n 315 Ph\u1ea1m V\u0103n \u0110\u1ed3ng)", "24": "Tr\u01b0\u1edbc 100m ng\u00f5 218 Ph\u1ea1m V\u0103n \u0110\u1ed3ng (\u0111\u1ed1i di\u1ec7n c\u00f4ng vi\u00ean H\u00f2a B\u00ecnh)", "25": "Si\u00eau th\u1ecb Metro Th\u0103ng Long - \u0110\u1ed1i di\u1ec7n ng\u00f5 599 Ph\u1ea1m V\u0103n \u0110\u1ed3ng", "26": "B\u1ed9 c\u00f4ng an - \u0111\u1ed1i di\u1ec7n 36A Ph\u1ea1m V\u0103n \u0110\u1ed3ng", "27": "(A) Ho\u00e0ng Qu\u1ed1c Vi\u1ec7t - Tuy\u1ebfn 53"}}