{"Lat": {"0": 21.0431833333, "1": 21.0413833333, "2": 21.0440666667, "3": 21.046466666700002, "4": 21.0503333333, "5": 21.061584, "6": 21.06355, "7": 21.0665833333, "8": 21.0699333333, "9": 21.0737166667, "10": 21.077033333299998, "11": 21.0803, "12": 21.0842333333, "13": 21.0900333333, "14": 21.0898666667, "15": 21.0897166667, "16": 21.0894, "17": 21.090766666700002, "18": 21.086812, "19": 21.1171666667, "20": 21.12645, "21": 21.1319, "22": 21.1418, "23": 21.1530833333, "24": 21.1581833333, "25": 21.1652666667, "26": 21.185933, "27": 21.192593, "28": 21.205018, "29": 21.2145166667, "30": 21.2188, "31": 21.22275, "32": 21.22775, "33": 21.2312833333, "34": 21.23595, "35": 21.2379833333, "36": 21.2403166667, "37": 21.239183333299998, "38": 21.2366666667, "39": 21.2312833333, "40": 21.2228166667, "41": 21.21835, "42": 21.213209, "43": 21.2093666667, "44": 21.2016666667, "45": 21.2016333333, "46": 21.191999999999997, "47": 21.18105}, "BusStopCode": {"0": 3457, "1": 856, "2": 859, "3": 860, "4": 861, "5": 17, "6": 18, "7": 19, "8": 20, "9": 21, "10": 22, "11": 23, "12": 1, "13": 2, "14": 3, "15": 4, "16": 5, "17": 6, "18": 3436, "19": 882, "20": 883, "21": 885, "22": 886, "23": 887, "24": 888, "25": 889, "26": 890, "27": 891, "28": 892, "29": 893, "30": 894, "31": 3124, "32": 3001, "33": 3125, "34": 3126, "35": 3437, "36": 3438, "37": 3439, "38": 3440, "39": 3441, "40": 3442, "41": 1027, "42": 1655, "43": 1028, "44": 3443, "45": 3444, "46": 3445, "47": 3435}, "FleetOver": {"0": "58", "1": "18,23,24,31,58", "2": "31,50,55,55B,58", "3": "31,41,50,55,55B,58,86,86CT", "4": "31,41,55,55B,58", "5": "31,41,55,55B,58", "6": "31,41,55,55B,58", "7": "31,41,55,55B,58", "8": "31,55,55B,58", "9": "31,55,55B,58", "10": "31,55,55B,58", "11": "31,55,55B,58,86,86CT", "12": "31,58", "13": "31,58", "14": "31,58", "15": "31,58", "16": "31,58", "17": "31,58", "18": "58", "19": "07,35B,53A,53B,56A,56C,58,60B,61,93,95", "20": "07,35B,53A,53B,56A,56C,58,61,64,93,95", "21": "07,35B,53A,53B,56A,56C,58,61,64,93,95", "22": "07,35B,53A,53B,56A,56C,58,61,64,93,95", "23": "07,35B,53A,53B,56A,56C,58,61,64,93,95", "24": "07,35B,53A,53B,56A,56C,58,61,64,93,95", "25": "07,53B,56A,56C,58,64,93,95", "26": "07,56A,56C,58,64,95", "27": "07,56A,56C,58,64,95", "28": "07,56A,56C,58,64,95", "29": "07,56A,56C,58,64,95", "30": "56A,56C,58,95", "31": "58,64,95", "32": "58,64,93,95", "33": "58,95", "34": "58,95", "35": "58", "36": "58", "37": "58", "38": "58", "39": "58", "40": "58,63", "41": "58,63", "42": "35B,58,63", "43": "35B,58,63", "44": "58", "45": "58", "46": "58", "47": "58"}, "Lng": {"0": 105.847816667, "1": 105.849583333, "2": 105.84705, "3": 105.844016667, "4": 105.8406, "5": 105.83260800000001, "6": 105.83195, "7": 105.82781666700001, "8": 105.82616666700001, "9": 105.82488333299999, "10": 105.82103333299999, "11": 105.818733333, "12": 105.81683333299999, "13": 105.81158333299999, "14": 105.8078, "15": 105.802833333, "16": 105.79705, "17": 105.78895, "18": 105.785407, "19": 105.78415, "20": 105.78116666700001, "21": 105.7792, "22": 105.77868333299999, "23": 105.7792, "24": 105.77943333299999, "25": 105.779733333, "26": 105.780533, "27": 105.78072900000001, "28": 105.779777, "29": 105.77873333299999, "30": 105.7746, "31": 105.76825, "32": 105.76115, "33": 105.756183333, "34": 105.74635, "35": 105.74303333299999, "36": 105.73845, "37": 105.72715, "38": 105.721533333, "39": 105.71113333299999, "40": 105.703916667, "41": 105.70295, "42": 105.70551699999999, "43": 105.70516666700001, "44": 105.700083333, "45": 105.68671666700001, "46": 105.68195, "47": 105.68165}, "Name": {"0": "(A) Long Bi\u00ean - Tuy\u1ebfn 58", "1": "E1.3 \u0110i\u1ec3m trung chuy\u1ec3n Long Bi\u00ean", "2": "Qua n\u00fat giao H\u00e0ng Than 50m - Y\u00ean Ph\u1ee5 (\u0111\u01b0\u1eddng xe bu\u00fdt)", "3": "Tr\u01b0\u1edbc n\u00fat giao C\u1eeda B\u1eafc 30m - Y\u00ean Ph\u1ee5 (\u0111\u01b0\u1eddng xe bu\u00fdt)", "4": "\u0110\u01b0\u1eddng v\u00e0o b\u00e3i An D\u01b0\u01a1ng - Y\u00ean Ph\u1ee5 (\u0110\u1ed1i di\u1ec7n Sofitel Plaza)", "5": "S\u1ed1 48-50 \u00c2u C\u01a1", "6": "S\u1ed1 136 \u00c2u C\u01a1", "7": "Ch\u1ee3 \u0111\u1ed3 c\u0169 Qu\u1ea3ng An - \u00c2u C\u01a1", "8": "236 \u00c2u C\u01a1", "9": "S\u1ed1 286 \u00c2u C\u01a1", "10": "\u0110\u1ed1i di\u1ec7n 415 \u00c2u C\u01a1", "11": "\u0110\u1ed1i di\u1ec7n 513 \u00c2u C\u01a1 (G\u1ea7n ng\u00e3 3 L\u1ea1c Long Qu\u00e2n)", "12": "8 An D\u01b0\u01a1ng V\u01b0\u01a1ng", "13": "\u0110\u1ed1i di\u1ec7n Tr\u1ea1m th\u00fa y T\u00e2y H\u1ed3 197 An D\u01b0\u01a1ng V\u01b0\u01a1ng", "14": "\u0110\u1ed1i di\u1ec7n l\u1ed1i r\u1ebd v\u00e0o UBND x\u00e3 Ph\u00fa Th\u01b0\u1ee3ng - An D\u01b0\u01a1ng V\u01b0\u01a1ng", "15": "\u0110\u1ed1i di\u1ec7n 327 An D\u01b0\u01a1ng V\u01b0\u01a1ng", "16": "\u0110\u1ed1i di\u1ec7n l\u00e0ng Th\u01b0\u1ee3ng Thu\u1ef5 - An D\u01b0\u01a1ng V\u01b0\u01a1ng", "17": "X\u00f3m \u0110\u00ecnh Nh\u1eadt T\u1ea3o (C\u00e1ch \u0111\u1ed1i di\u1ec7n \u0110\u00ecnh Nh\u1eadt T\u1ea3o 100m) - An D\u01b0\u01a1ng V\u01b0\u01a1ng", "18": "Tr\u01b0\u1eddng trung c\u1ea5p ngh\u1ec1 Th\u0103ng Long - T\u00e2n Xu\u00e2n (Ch\u00e2n c\u1ea7u Th\u0103ng Long)", "19": "Qua ng\u00e3 3 H\u1ea3i B\u1ed1i - V\u0129nh Ng\u1ecdc 300m", "20": "Qua ng\u00e3 t\u01b0 khu CN Th\u0103ng Long 100m (chi\u1ec1u H\u00e0 N\u1ed9i - N\u1ed9i B\u00e0i)", "21": "\u0110\u1ed1i di\u1ec7n UBND x\u00e3 Kim Chung- Km 2+230 Cao t\u1ed1c BTL-NB", "22": "Qua c\u1ea7u chui d\u00e2n sinh s\u1ed1 4 - \u0111\u01b0\u1eddng v\u00e0o th\u00f4n Nhu\u1ebf, Km 11+200 (chi\u1ec1u H\u00e0 N\u1ed9i \u0111i s\u00e2n bay N\u1ed9i B\u00e0i)", "23": "C\u1ea7u V\u00e2n Tr\u00ec- Km 4+560 Cao t\u1ed1c BTL-NB", "24": "Tr\u01b0\u1edbc 70m c\u1ea7u v\u01b0\u1ee3t Ng\u00e3 t\u01b0 Nam H\u1ed3ng Cao t\u1ed1c BTL-NB", "25": "C\u00f4ng ty c\u01a1 kh\u00ed Nam H\u1ed3ng- Km 6+120 Cao t\u1ed1c BTL-NB", "26": "\u0110\u1ed1i di\u1ec7n KCN Quang Minh (Melinh Palaza) - Km 8+100 Cao t\u1ed1c BTL-NB", "27": "Nh\u00e0 m\u00e1y t\u1ea5m l\u1ee3p VitMetal- Km 8+850 Cao t\u1ed1c BTL-NB", "28": "So\u00e1t v\u00e9 cao t\u1ed1c B\u1eafc Th\u0103ng Long - Km 10+230 Cao t\u1ed1c BTL-NB", "29": "Ng\u00e3 t\u01b0 Cao t\u1ed1c TL- Ph\u00fac Y\u00ean - Km 11+700 Cao t\u1ed1c BTL-NB", "30": "Tr\u01b0\u1edbc ng\u00e3 3 Qu\u1ed1c l\u1ed9 2 - cao t\u1ed1c N\u1ed9i B\u00e0i, L\u00e0o Cai 50m (chi\u1ec1u H\u00e0 N\u1ed9i - N\u00fai \u0110\u00f4i)", "31": "72 Th\u1ea1ch L\u1ed7i Thanh Xu\u00e2n", "32": "C\u1ed9t m\u1ed1c Km 10+00 - Qu\u1ed1c l\u1ed9 2", "33": "AH14 Thanh Xu\u00e2n ( \u0110\u1ed1i di\u1ec7n s\u1ed1 nh\u00e0 68 Thanh Nh\u00e0n  - Thanh Xu\u00e2n)", "34": "\u0110\u1ed1i di\u1ec7n HTX D\u1ecbch v\u1ee5 Trung Na", "35": "Tr\u1ea1m thu ph\u00ed QL2 th\u00f4n Trung Na", "36": "C\u1ea7u Xu\u00e2n Ph\u01b0\u01a1ng - Qu\u1ed1c l\u1ed9 2", "37": "Ng\u00e3 3 \u0111\u01b0\u1eddng Nguy\u1ec5n T\u1ea5t Th\u00e0nh- TX Ph\u00fac Y\u00ean", "38": "\u0110\u1ed1i di\u1ec7n c\u00f4ng ty Honda Vi\u1ec7t Nam", "39": "C\u1ed5ng BV\u0110K khu v\u1ef1c Ph\u00fac Y\u00ean", "40": "202 Nguy\u1ec5n Tr\u00e3i, Ph\u00fac Y\u00ean", "41": "C\u00f4ng ty TNHH Ho\u00e0ng Giang - QL 23B ", "42": "X\u00ed nghi\u1ec7p \u0111o \u0111\u1ea1c v\u00e0 b\u1ea3n \u0111\u1ed3", "43": "Ngh\u0129a trang Thanh T\u01b0\u1edbc", "44": "Th\u00f4n V\u0103n L\u00f4i x\u00e3 Tam \u0110\u1ed3ng - TL 312", "45": "UBND x\u00e3 Tam \u0110\u1ed3ng - T\u1ec9nh l\u1ed9 312", "46": "Th\u00f4n Nam C\u01b0\u1eddng x\u00e3 Tam \u0110\u1ed3ng - TL 312", "47": "(B) BV\u0110K M\u00ea Linh - Th\u1ea1ch \u0110\u00e0 - Tuy\u1ebfn 58"}}