{"Lat": {"0": 21.2147166667, "1": 21.2125833333, "2": 21.210678, "3": 21.2089833333, "4": 21.2059, "5": 21.198316666700002, "6": 21.1982666667, "7": 21.1982, "8": 21.1980166667, "9": 21.1983666667, "10": 21.1993833333, "11": 21.1942, "12": 21.18645, "13": 21.1769666667, "14": 21.17125, "15": 21.162983333299998, "16": 21.154666666700003, "17": 21.14865, "18": 21.1399833333, "19": 21.1338333333, "20": 21.1277666667, "21": 21.121033333299998, "22": 21.10875, "23": 21.1040166667, "24": 21.1028, "25": 21.1026666667, "26": 21.1000166667, "27": 21.0929666667, "28": 21.087433333299998, "29": 21.0796666667, "30": 21.07455, "31": 21.068267000000002, "32": 21.06493, "33": 21.061295, "34": 21.057883, "35": 21.052338, "36": 21.049533, "37": 21.04555, "38": 21.042351999999998, "39": 21.0414833333, "40": 21.043714}, "BusStopCode": {"0": 1782, "1": 897, "2": 898, "3": 917, "4": 899, "5": 1334, "6": 1335, "7": 1336, "8": 1337, "9": 1338, "10": 1339, "11": 1396, "12": 1397, "13": 1398, "14": 4067, "15": 1400, "16": 1401, "17": 1402, "18": 1403, "19": 1350, "20": 1404, "21": 1405, "22": 1406, "23": 1407, "24": 1408, "25": 1409, "26": 1410, "27": 1411, "28": 1412, "29": 1413, "30": 415, "31": 416, "32": 417, "33": 418, "34": 419, "35": 549, "36": 551, "37": 552, "38": 553, "39": 857, "40": 1715}, "FleetOver": {"0": "17", "1": "07,17,90", "2": "17,86,86CT,90", "3": "17,90", "4": "17", "5": "17", "6": "17", "7": "17", "8": "17", "9": "17", "10": "17", "11": "15,17", "12": "15,17", "13": "15,17,96", "14": "15,17,96", "15": "15,17", "16": "15,17", "17": "15,17", "18": "15,17,43,59", "19": "15,17,43,59", "20": "15,17,43,59", "21": "15,17,43,46,59", "22": "15,17,43,46,59", "23": "15,17,43,46,59", "24": "15,17,43,46,59", "25": "15,17,43,46,59,65", "26": "15,17,43,59", "27": "15,17,43,59", "28": "15,17,43,59", "29": "15,17,43,59", "30": "10A,10B,15,17,43,54,59", "31": "10A,10B,15,17,43,54,98", "32": "10A,10B,15,17,43,54,98", "33": "10A,10B,15,17,42,43,54", "34": "10A,10B,15,17,42,43,54", "35": "10A,10B,11,15,17,42,43,48,54,65", "36": "03,10A,11,15,17,34,48,65", "37": "01,03,100,10A,10B,17,22A,34,42,43,48,54,65", "38": "01,03,100,10A,10B,17,22A,34,42,43,48,54,65", "39": "100,10A,10B,17,54,98", "40": "17"}, "Lng": {"0": 105.80143333299999, "1": 105.80263333299999, "2": 105.809706, "3": 105.81516666700001, "4": 105.81721666700001, "5": 105.819916667, "6": 105.825083333, "7": 105.829733333, "8": 105.836333333, "9": 105.839716667, "10": 105.845, "11": 105.8481, "12": 105.847766667, "13": 105.846933333, "14": 105.84671666700001, "15": 105.846483333, "16": 105.84636666700001, "17": 105.84575, "18": 105.84458333299999, "19": 105.8436, "20": 105.843583333, "21": 105.84496666700001, "22": 105.85008333299999, "23": 105.85751666700001, "24": 105.867116667, "25": 105.871866667, "26": 105.88623333299999, "27": 105.894133333, "28": 105.90326666700001, "29": 105.90721666700001, "30": 105.906683, "31": 105.90045, "32": 105.897347, "33": 105.893869, "34": 105.89042099999999, "35": 105.885754, "36": 105.88321699999999, "37": 105.875283333, "38": 105.870446, "39": 105.849466667, "40": 105.847307}, "Name": {"0": "(B) N\u1ed9i B\u00e0i - Tuy\u1ebfn 17", "1": "\u0110\u1ed1i di\u1ec7n nh\u00e0 ga T1 s\u00e2n bay N\u1ed9i B\u00e0i - V\u0103n ph\u00f2ng Nassco", "2": "\u0110\u1ed1i di\u1ec7n Ga h\u00e0ng h\u00f3a ALS - Trung t\u00e2m d\u1ecbch v\u1ee5 k\u1ef9 thu\u1eadt cung \u1ee9ng \u0111i\u1ec7n", "3": "C\u00f4ng ty CP su\u1ea5t \u0103n h\u00e0ng kh\u00f4ng N\u1ed9i B\u00e0i - NCS", "4": "C\u1ed5ng Cty CP giao nh\u1eadn kho v\u1eadn h\u00e0ng kh\u00f4ng TBS - N\u1ed9i B\u00e0i", "5": "B\u01b0u \u0111i\u1ec7n Ph\u00fa Minh - Km 3 Qu\u1ed1c l\u1ed9 2", "6": "C\u1ea1nh \u0111\u01b0\u1eddng v\u00e0o ch\u00f9a H\u01b0ng Long - Km 2+450 Qu\u1ed1c l\u1ed9 2", "7": "\u0110\u1ed1i di\u1ec7n Ch\u00e8 Kim Anh - Km 1+980 Qu\u1ed1c l\u1ed9 2", "8": "\u0110\u1ed1i di\u1ec7n c\u00e2y x\u0103ng Vinapco - Km 1+310 Qu\u1ed1c l\u1ed9 2", "9": "\u0110\u1ed1i di\u1ec7n Tr\u01b0\u1eddng THCS Ph\u00f9 L\u1ed7 - Km 0+900 Qu\u1ed1c l\u1ed9 2", "10": "\u0110\u1ed1i di\u1ec7n c\u1eeda h\u00e0ng KDTH s\u1ed1 3 - Km 0+300 Qu\u1ed1c l\u1ed9 2", "11": "Tr\u01b0\u1eddng THPT Lam H\u1ed3ng - Km 17+750 Qu\u1ed1c l\u1ed9 3", "12": "Qua c\u1ea7u Ph\u1ee7 L\u1ed7 - Km 16+890 Qu\u1ed1c l\u1ed9 3", "13": "\u0110\u1ed1i di\u1ec7n \u0110\u01b0\u1eddng v\u00e0o Tr\u1ea1i g\u00e0 Nguy\u00ean Kh\u00ea - Km 15+750 Qu\u1ed1c l\u1ed9 3", "14": "Tr\u01b0\u1edbc s\u1ed1 nh\u00e0 25 Ph\u1ed1 Nguy\u00ean Kh\u00ea - X\u00e3 Nguy\u00ean Kh\u00ea", "15": "\u0110\u1ed1i di\u1ec7n qua \u0111\u01b0\u1eddng v\u00e0o C\u00f4ng ty CP ch\u1ebf t\u1ea1o thi\u1ebft b\u1ecb \u0111i\u1ec7n 45m - Km 14+300 Qu\u1ed1c l\u1ed9 3", "16": "\u0110\u1ed1i di\u1ec7n Nh\u00e0 m\u00e1y k\u1ebft c\u1ea5u Th\u00e9p kim kh\u00ed \u0110\u00f4ng Anh - Km 13+400 Qu\u1ed1c l\u1ed9 3", "17": "\u0110\u1ed1i di\u1ec7n Nh\u00e0 m\u00e1y t\u1ea5m l\u1ee3p \u0110\u00f4ng Anh- Km 12+700 Qu\u1ed1c l\u1ed9 3", "18": "\u0110\u1ed1i di\u1ec7n Kho b\u1ea1c nh\u00e0 n\u01b0\u1edbc huy\u1ec7n \u0110\u00f4ng Anh, th\u1ecb tr\u1ea5n \u0110\u00f4ng Anh - Km 11+840 Qu\u1ed1c l\u1ed9 3", "19": "Tr\u01b0\u1edbc ng\u00e3 3 c\u00f4ng vi\u00ean C\u1ea7u \u0110\u00f4i 70m - Km11 Qu\u1ed1c l\u1ed9 3", "20": "\u0110\u1ed1i di\u1ec7n c\u00f4ng ty Minh C\u01b0\u1eddng - Km 10+960 Qu\u1ed1c l\u1ed9 3", "21": "Qua ng\u00e3 3 V\u0129nh Ng\u1ecdc - Km 9+335 Qu\u1ed1c l\u1ed9 3", "22": "\u0110\u1ed1i di\u1ec7n th\u00f4n V\u1ea1n L\u1ed9c (tr\u01b0\u1edbc ng\u00e3 3 \u0111\u01b0\u1eddng tr\u00e1nh QL5)", "23": "\u0110\u1ed1i di\u1ec7n C\u00f4ng Ty B\u00ea t\u00f4ng Appha - \u0110\u00f4ng H\u1ed9i  - Km 6+650 Qu\u1ed1c l\u1ed9 3", "24": "G\u1ea7n C\u1ed5ng L\u00e0ng Ti\u00ean H\u1ed9i, c\u00e2y \u0111a B\u00e1c H\u1ed3 - Km 5 +700 Qu\u1ed1c l\u1ed9 3", "25": "G\u1ea7n \u0111\u01b0\u1eddng v\u00e0o Khu di t\u00edch C\u1ed5 Loa 150m - Km 5+50 Qu\u1ed1c l\u1ed9 3", "26": "\u0110\u1ed1i di\u1ec7n ng\u00e3 3 D\u1ee5c T\u00fa, th\u00f4n L\u1ed9c H\u00e0 - Qu\u1ed1c l\u1ed9 3", "27": "C\u00f4ng ty \u0111\u00fac Mai L\u00e2m - Qu\u1ed1c l\u1ed9 3", "28": "\u0110\u1ed1i di\u1ec7n ng\u00f5 v\u00e0o Cty CP v\u1eadt t\u01b0 M\u1ecf \u0111\u1ecba ch\u1ea5t - Qu\u1ed1c l\u1ed9 3", "29": "Ng\u00f5 53 Thi\u00ean \u0110\u1ee9c, Y\u00ean Vi\u00ean - Qu\u1ed1c l\u1ed9 3", "30": "1095 Ng\u00f4 Gia T\u1ef1", "31": "713 Ng\u00f4 Gia T\u1ef1", "32": "505 Ng\u00f4 Gia T\u1ef1", "33": "279 Ng\u00f4 Gia T\u1ef1", "34": "B\u01b0u c\u1ee5c Long Bi\u00ean - 79 Ng\u00f4 Gia T\u1ef1", "35": "Si\u00eau th\u1ecb Fivimart - 583 Nguy\u1ec5n V\u0103n C\u1eeb", "36": "549 Nguy\u1ec5n V\u0103n C\u1eeb (c\u1ed9t sau)", "37": "Cty C\u1ea7u 5 Th\u0103ng Long - 307 Nguy\u1ec5n V\u0103n C\u1eeb", "38": "135 Nguy\u1ec5n V\u0103n C\u1eeb", "39": "E1.2 \u0110i\u1ec3m trung chuy\u1ec3n Long Bi\u00ean", "40": "(A) Long Bi\u00ean - Tuy\u1ebfn 17"}}