{"Lat": {"0": 21.1299166667, "1": 21.12695, "2": 21.1246166667, "3": 21.124433, "4": 21.124417, "5": 21.124417, "6": 21.124405, "7": 21.119633, "8": 21.07465, "9": 21.0685333333, "10": 21.066, "11": 21.063788, "12": 21.058726999999998, "13": 21.0530833333, "14": 21.048982000000002, "15": 21.0444833333, "16": 21.0393333333, "17": 21.0355166667, "18": 21.0324166667, "19": 21.030694, "20": 21.03134, "21": 21.032288, "22": 21.02915, "23": 21.028266666700002, "24": 21.0272, "25": 21.0247833333, "26": 21.019993, "27": 21.0168833333, "28": 21.0146333333, "29": 21.012295, "30": 21.007917000000003, "31": 21.0049166667, "32": 21.00095, "33": 20.9931833333, "34": 20.9876, "35": 20.9842333333, "36": 20.97985}, "BusStopCode": {"0": 3822, "1": 3421, "2": 1664, "3": 3823, "4": 3824, "5": 3825, "6": 3116, "7": 2764, "8": 2765, "9": 300, "10": 301, "11": 302, "12": 303, "13": 304, "14": 312, "15": 46, "16": 47, "17": 48, "18": 77, "19": 283, "20": 284, "21": 287, "22": 52, "23": 53, "24": 717, "25": 718, "26": 719, "27": 847, "28": 848, "29": 849, "30": 78, "31": 157, "32": 158, "33": 159, "34": 160, "35": 161, "36": 1687}, "FleetOver": {"0": "25", "1": "25,60B", "2": "25,60B,63", "3": "25", "4": "25", "5": "25", "6": "25,46,96", "7": "25,90,96", "8": "25,90,96", "9": "13,25,55,55B,90", "10": "13,25,55,55B,90", "11": "13,25,55,55B,90", "12": "13,25,33,55,55B,90", "13": "13,25,33,55,55B,90", "14": "13,25,33,55,55B,90", "15": "25,55,55B", "16": "25,55,55B", "17": "25,55,55B", "18": "12,25", "19": "107,22A,25,32,34,38,90", "20": "107,22A,25,32,34,38,90", "21": "18,25,50", "22": "23,25,50", "23": "23,25,50", "24": "02,25,41", "25": "02,25,41", "26": "02,25,41", "27": "25,28,99", "28": "25,28,99", "29": "25,28", "30": "21A,21B,25,26,28", "31": "03,21A,21B,25,28,32,41", "32": "03,18,21A,21B,23,25,28,32,41,99", "33": "03,03B,08A,08ACT,08B,08BCT,16,21A,21B,25,28,32,41", "34": "03,03B,08A,08ACT,08B,08BCT,16,21A,21B,25,28,32,41", "35": "03,03B,08A,08ACT,08B,08BCT,12,16,21A,21B,25,28,32,41", "36": "25"}, "Lng": {"0": 105.773, "1": 105.77391666700001, "2": 105.77901666700001, "3": 105.79915, "4": 105.804317, "5": 105.80988300000001, "6": 105.82032099999999, "7": 105.82681699999999, "8": 105.810516667, "9": 105.81123333299999, "10": 105.81038333299999, "11": 105.80951999999999, "12": 105.80875800000001, "13": 105.809, "14": 105.806513, "15": 105.805783333, "16": 105.80661666700001, "17": 105.80568333299999, "18": 105.80871666700001, "19": 105.818767, "20": 105.82303200000001, "21": 105.829453, "22": 105.830233333, "23": 105.8328, "24": 105.83385, "25": 105.8328, "26": 105.830519, "27": 105.83115, "28": 105.833616667, "29": 105.835743, "30": 105.83921699999999, "31": 105.8412, "32": 105.84118333299999, "33": 105.84108333299999, "34": 105.84095, "35": 105.840916667, "36": 105.841916667}, "Name": {"0": "(A) B\u1ec7nh vi\u1ec7n nhi\u1ec7t \u0111\u1edbi TW CS2 - Tuy\u1ebfn 25", "1": "\u0110\u1ed1i di\u1ec7n khu nh\u00e0 D3 v\u00e0 D6 - \u0111\u01b0\u1eddng n\u1ed9i b\u1ed9 chung c\u01b0 Kim Chung", "2": "C\u1ed5ng KCN B\u1eafc Th\u0103ng Long (G\u1ea7n c\u1ea7u v\u01b0\u1ee3t b\u1ed9 h\u00e0nh) ", "3": "V\u1ecbnh x\u00e9n h\u00e8 cho xe bu\u00fdt (s\u1ed1 1 chi\u1ec1u v\u1ec1 H\u00e0 N\u1ed9i)", "4": "V\u1ecbnh x\u00e9n h\u00e8 cho xe bu\u00fdt (s\u1ed1 2 chi\u1ec1u v\u1ec1 H\u00e0 N\u1ed9i)", "5": "V\u1ecbnh x\u00e9n h\u00e8 cho xe bu\u00fdt (s\u1ed1 3 chi\u1ec1u v\u1ec1 H\u00e0 N\u1ed9i)", "6": "V\u1ecbnh xe bu\u00fdt \u0111\u01b0\u1eddng Ho\u00e0ng Sa -  g\u1ea7n \u0111i\u1ec3m m\u1edf \u0111i \u0111\u01b0\u1eddng 6 c\u00e2y", "7": "Qua ng\u00e3 t\u01b0 Qu\u1ed1c l\u1ed9 2 - V\u00f5 Nguy\u00ean Gi\u00e1p", "8": "CT13B Khu \u0111\u00f4 th\u1ecb Nam Th\u0103ng Long", "9": "Tr\u1ee5 s\u1edf Qu\u1eadn u\u1ef7 T\u00e2y H\u1ed3 - 657 L\u1ea1c Long Qu\u00e2n", "10": "579 L\u1ea1c Long Qu\u00e2n", "11": "545 L\u1ea1c Long Qu\u00e2n", "12": "Qua ng\u00e3 3 Xu\u00e2n La 70m - L\u1ea1c Long Qu\u00e2n (H\u1ed3 T\u00e2y)", "13": "G\u1ea7n ng\u00e3 3 V\u00f5ng Th\u1ecb - S\u1ed1 313 L\u1ea1c Long Qu\u00e2n", "14": "105 - 111 L\u1ea1c Long Qu\u00e2n (G\u1ea7n \u0111\u1ed1i di\u1ec7n ng\u00e3 3 Th\u1ee5y Khu\u00ea)", "15": "\u0110\u1ed1i di\u1ec7n 528 \u0111\u01b0\u1eddng B\u01b0\u1edfi d\u01b0\u1edbi - Ng\u00e3 3 Ho\u00e0ng Qu\u1ed1c Vi\u1ec7t", "16": "\u0110\u1ed1i di\u1ec7n 298 \u0111\u01b0\u1eddng B\u01b0\u1edfi d\u01b0\u1edbi", "17": "\u0110\u1ed1i di\u1ec7n 198 \u0111\u01b0\u1eddng B\u01b0\u1edfi d\u01b0\u1edbi - Ng\u00e3 3 Nguy\u1ec5n Kh\u00e1nh To\u00e0n", "18": "S\u1ed1 9 \u0110\u00e0o T\u1ea5n (\u0111\u1ed1i di\u1ec7n 22 \u0110\u00e0o T\u1ea5n)", "19": "116 A5 T\u1eadp th\u1ec3 Gi\u1ea3ng V\u00f5 - Kim M\u00e3", "20": "211 Kim M\u00e3", "21": "Kim M\u00e3 ", "22": "25B C\u00e1t Linh", "23": "11A C\u00e1t Linh", "24": "92-94 T\u00f4n \u0110\u1ee9c Th\u1eafng", "25": "160 T\u00f4n \u0110\u1ee9c Th\u1eafng", "26": "276 T\u00f4n \u0110\u1ee9c Th\u1eafng", "27": "253 X\u00e3 \u0110\u00e0n - Platform", "28": "165 X\u00e3 \u0110\u00e0n - Platform", "29": "71 X\u00e3 \u0110\u00e0n - Platform", "30": "Ng\u00e2n h\u00e0ng GP Bank - s\u1ed1 7 \u0110\u00e0o Duy Anh", "31": "\u0110\u1ed1i di\u1ec7n c\u1ed5ng Parabol \u0110H B\u00e1ch Khoa - 64 Gi\u1ea3i Ph\u00f3ng", "32": "B\u1ec7nh vi\u1ec7n B\u1ea1ch Mai - 78 Gi\u1ea3i Ph\u00f3ng", "33": "196 Gi\u1ea3i Ph\u00f3ng - Ng\u00e2n h\u00e0ng N\u00f4ng nghi\u1ec7p & PTNT Chi nh\u00e1nh Nam H\u00e0 N\u1ed9i", "34": "352 Gi\u1ea3i Ph\u00f3ng", "35": "\u0110\u1ed1i di\u1ec7n 807 Gi\u1ea3i Ph\u00f3ng", "36": "(B) BX Gi\u00e1p B\u00e1t - Tuy\u1ebfn 25"}}