{"Lat": {"0": 20.97985, "1": 20.984671, "2": 20.989376999999998, "3": 20.9933833333, "4": 21.000966666700002, "5": 21.004917000000003, "6": 21.0123333333, "7": 21.0150166667, "8": 21.016968, "9": 21.020322, "10": 21.022878, "11": 21.0247166667, "12": 21.0287166667, "13": 21.029975, "14": 21.028795000000002, "15": 21.0319333333, "16": 21.034438, "17": 21.0417166667, "18": 21.0452666667, "19": 21.050316666700002, "20": 21.05415, "21": 21.0581833333, "22": 21.0622, "23": 21.07015, "24": 21.0771833333, "25": 21.0822166667, "26": 21.08245, "27": 21.0787, "28": 21.074032, "29": 21.0719}, "BusStopCode": {"0": 1677, "1": 166, "2": 167, "3": 168, "4": 169, "5": 171, "6": 850, "7": 851, "8": 852, "9": 85, "10": 86, "11": 451, "12": 452, "13": 2760, "14": 62, "15": 4054, "16": 60, "17": 696, "18": 524, "19": 734, "20": 735, "21": 736, "22": 597, "23": 596, "24": 598, "25": 201, "26": 1062, "27": 1063, "28": 1064, "29": 1763}, "FleetOver": {"0": "28", "1": "03,03B,08A,08ACT,08B,08BCT,12,16,21A,21B,25,28,32,41", "2": "03,03B,08A,08ACT,08B,08BCT,16,21A,21B,25,28,32,41", "3": "03,03B,08A,08ACT,08B,08BCT,25,28,32,41", "4": "03,18,21A,21B,25,28,32,41,47B,99", "5": "03,25,28,32,41", "6": "25,28", "7": "25,28,99", "8": "25,28,99", "9": "28,30,49,99", "10": "23,28,49", "11": "28", "12": "28", "13": "09,09CT,27,28,32,34,38", "14": "09,09CT,105,20A,20B,26,27,28,32,34,38", "15": "07,16,20A,20B,26,27,28,32,34,49", "16": "16,20A,20B,26,27,28,32,34,49", "17": "13,28,97", "18": "28", "19": "28", "20": "28", "21": "28", "22": "07,14,14CT,27,28,35A,38,45,46,53A,53B,60A,60B,61", "23": "07,14,14CT,28,35B,46,53A,53B,56A,56C,57,60A,60B,61,93,95", "24": "07,14,14CT,28,35B,46,53A,53B,56A,56C,57,60A,60B,61,93,95", "25": "28,57", "26": "28,31", "27": "28,31", "28": "28,31", "29": "28"}, "Lng": {"0": 105.841916667, "1": 105.841169, "2": 105.84126100000002, "3": 105.84128333299999, "4": 105.84145, "5": 105.84151899999999, "6": 105.83615, "7": 105.8335, "8": 105.83153999999999, "9": 105.82681200000002, "10": 105.82210500000001, "11": 105.81943333299999, "12": 105.81761666700001, "13": 105.811073, "14": 105.803723, "15": 105.79955, "16": 105.796241, "17": 105.793933333, "18": 105.79023333299999, "19": 105.78991666700001, "20": 105.78728333299999, "21": 105.78345, "22": 105.784016667, "23": 105.78555, "24": 105.7868, "25": 105.78345, "26": 105.7782, "27": 105.777683333, "28": 105.777185, "29": 105.7772}, "Name": {"0": "(A) BX Gi\u00e1p B\u00e1t - Tuy\u1ebfn 28", "1": "Toyota Gi\u1ea3i Ph\u00f3ng - 807 Gi\u1ea3i Ph\u00f3ng", "2": "649 Gi\u1ea3i Ph\u00f3ng", "3": "487 Gi\u1ea3i Ph\u00f3ng", "4": "175-177 Gi\u1ea3i Ph\u00f3ng (Ng\u00e3 3 L\u00ea Thanh Ngh\u1ecb)", "5": "G\u1ea7n c\u1ed5ng Parabol \u0110H B\u00e1ch Khoa - 17 Gi\u1ea3i Ph\u00f3ng (c\u1ed9t sau)", "6": "242 X\u00e3 \u0110\u00e0n - Platform", "7": "398 X\u00e3 \u0110\u00e0n - Platform", "8": "490 X\u00e3 \u0110\u00e0n - Platform", "9": "Qua \u0111i\u1ec3m quay \u0111\u1ea7u 100m v\u1ec1 ph\u00eda Ho\u00e0ng C\u1ea7u - \u0110\u01b0\u1eddng V\u00e0nh \u0111ai 1 (chi\u1ec1u \u00d4 Ch\u1ee3 D\u1eeba \u0111i Ho\u00e0ng C\u1ea7u)", "10": "426 \u0110\u00ea La Th\u00e0nh (\u0110\u1ea1i h\u1ecdc V\u0103n H\u00f3a)", "11": "\u0110\u0103ng Khoa It Palaza - 29 Ng\u1ecdc Kh\u00e1nh", "12": "\u0110\u1ed1i di\u1ec7n 70 Ng\u1ecdc Kh\u00e1nh", "13": "H\u00e8 c\u1ea1nh Kh\u00e1ch s\u1ea1n Daewoo H\u00e0 N\u1ed9i", "14": "\u0110i\u1ec3m trung chuy\u1ec3n C\u1ea7u Gi\u1ea5y - Th\u1ee7 L\u1ec7 02", "15": "S\u1ed1 112 C\u1ea7u Gi\u1ea5y", "16": "250-252 C\u1ea7u Gi\u1ea5y", "17": "Tr\u01b0\u1eddng THCS Ngh\u0129a T\u00e2n - \u0110\u1ed1i di\u1ec7n 179 T\u00f4 Hi\u1ec7u", "18": "\u0110\u1ed1i di\u1ec7n KTX tr\u01b0\u1eddng \u0110\u1ea3ng Nguy\u1ec5n \u00c1i Qu\u1ed1c - 105K2 Nguy\u1ec5n Phong S\u1eafc", "19": "182 Tr\u1ea7n Cung - \u0110\u1ed1i di\u1ec7n Vi\u1ec7n E", "20": "\u0110\u00e0i t\u01b0\u1edfng ni\u1ec7m li\u1ec7t s\u1ef9 x\u00e3 C\u1ed5 Nhu\u1ebf (\u0110\u1ed1i di\u1ec7n 155 Tr\u1ea7n Cung)", "21": "548 Tr\u1ea7n Cung - CLB Th\u00f4n Ho\u00e0ng", "22": "Qua 70m \u0111\u01b0\u1eddng v\u00e0o c\u00f4ng vi\u00ean H\u00f2a B\u00ecnh - Ph\u1ea1m V\u0103n \u0110\u1ed3ng", "23": "373 Ph\u1ea1m V\u0103n \u0110\u1ed3ng", "24": "113 Ph\u1ea1m V\u0103n \u0110\u1ed3ng", "25": "\u0110\u1ed1i di\u1ec7n s\u1ed1 nh\u00e0 69 Ho\u00e0ng T\u0103ng B\u00ed - x\u00e3 \u0110\u00f4ng Ng\u1ea1c", "26": "\u0110\u1ed1i di\u1ec7n C\u1eeda h\u00e0ng B\u00e3o d\u01b0\u1ee1ng s\u1eeda ch\u1eefa xe m\u00e1y Nam H\u1ea3i X\u00f3m 7 \u0110\u00f4ng Ng\u1ea1c - \u0110\u01b0\u1eddng \u0110\u00f4ng Ng\u1ea1c", "27": "\u0110\u01b0\u1eddng v\u00e0o C\u00f4ng ty CP c\u01a1 \u0111i\u1ec7n HN- \u0110\u01b0\u1eddng \u0110\u00f4ng Ng\u1ea1c", "28": "Tr\u01b0\u1eddng C\u0110 T\u00e0i Nguy\u00ean & M\u00f4i Tr\u01b0\u1eddng HN - \u0110\u01b0\u1eddng \u0110\u00f4ng Ng\u1ea1c", "29": "(B) \u0110H M\u1ecf  - Tuy\u1ebfn 28"}}