{"Lat": {"0": 21.0279833333, "1": 21.028914999999998, "2": 21.0319333333, "3": 21.0368833333, "4": 21.04095, "5": 21.04635, "6": 21.04635, "7": 21.046257999999998, "8": 21.04615, "9": 21.050738, "10": 21.0574666667, "11": 21.0622, "12": 21.07015, "13": 21.0771833333, "14": 21.1171666667, "15": 21.12645, "16": 21.1319, "17": 21.1418, "18": 21.1530833333, "19": 21.1581833333, "20": 21.1652666667, "21": 21.185933, "22": 21.192593, "23": 21.205018, "24": 21.2145166667, "25": 21.2187, "26": 21.21445, "27": 21.2125833333, "28": 21.2147166667}, "BusStopCode": {"0": 1696, "1": 61, "2": 4054, "3": 560, "4": 561, "5": 234, "6": 235, "7": 236, "8": 228, "9": 594, "10": 595, "11": 597, "12": 596, "13": 598, "14": 882, "15": 883, "16": 885, "17": 886, "18": 887, "19": 888, "20": 889, "21": 890, "22": 891, "23": 892, "24": 893, "25": 895, "26": 896, "27": 897, "28": 1781}, "FleetOver": {"0": "07", "1": "07,24,49,55,55B", "2": "07,16,20A,20B,26,27,28,32,34,49", "3": "07", "4": "07,38", "5": "07,14,14CT,33,38,45", "6": "07,14,14CT,33,38,45", "7": "07,14,14CT,33,38,45", "8": "07,14,14CT,33,45", "9": "07,14,14CT,27,35A,38,45,46,53A,53B,60A,60B,61", "10": "07,14,14CT,27,35A,38,45,46,53A,53B,60A,60B,61", "11": "07,14,14CT,27,28,35A,38,45,46,53A,53B,60A,60B,61", "12": "07,14,14CT,28,35B,46,53A,53B,56A,56C,57,60A,60B,61,93,95", "13": "07,14,14CT,28,35B,46,53A,53B,56A,56C,57,60A,60B,61,93,95", "14": "07,35B,53A,53B,56A,56C,58,60B,61,93,95", "15": "07,35B,53A,53B,56A,56C,58,61,64,93,95", "16": "07,35B,53A,53B,56A,56C,58,61,64,93,95", "17": "07,35B,53A,53B,56A,56C,58,61,64,93,95", "18": "07,35B,53A,53B,56A,56C,58,61,64,93,95", "19": "07,35B,53A,53B,56A,56C,58,61,64,93,95", "20": "07,53B,56A,56C,58,64,93,95", "21": "07,56A,56C,58,64,95", "22": "07,56A,56C,58,64,95", "23": "07,56A,56C,58,64,95", "24": "07,56A,56C,58,64,95", "25": "07", "26": "07", "27": "07,17,90", "28": "07"}, "Lng": {"0": 105.805516667, "1": 105.80348799999999, "2": 105.79955, "3": 105.79798333299999, "4": 105.797783333, "5": 105.796866667, "6": 105.7921, "7": 105.787504, "8": 105.784783333, "9": 105.781663, "10": 105.782766667, "11": 105.784016667, "12": 105.78555, "13": 105.7868, "14": 105.78415, "15": 105.78116666700001, "16": 105.7792, "17": 105.77868333299999, "18": 105.7792, "19": 105.77943333299999, "20": 105.779733333, "21": 105.780533, "22": 105.78072900000001, "23": 105.779777, "24": 105.77873333299999, "25": 105.781916667, "26": 105.79631666700001, "27": 105.80263333299999, "28": 105.80143333299999}, "Name": {"0": "(A) C\u1ea7u Gi\u1ea5y - Tuy\u1ebfn 07", "1": "\u0110i\u1ec3m trung chuy\u1ec3n C\u1ea7u Gi\u1ea5y - Th\u1ee7 L\u1ec7 01", "2": "S\u1ed1 112 C\u1ea7u Gi\u1ea5y", "3": "\u0110\u1ed1i di\u1ec7n Tr\u01b0\u1eddng Cao \u0111\u1eb3ng \u0110i\u1ec7n t\u1eed - \u0110i\u1ec7n l\u1ea1nh H\u00e0 N\u1ed9i", "4": "B\u1ea3o t\u00e0ng d\u00e2n t\u1ed9c h\u1ecdc Vi\u1ec7t Nam - Nguy\u1ec5n V\u0103n Huy\u00ean", "5": "90 Ho\u00e0ng Qu\u1ed1c Vi\u1ec7t - Ng\u00e3 3 Nguy\u1ec5n V\u0103n Huy\u00ean", "6": "122-124 Ho\u00e0ng Qu\u1ed1c Vi\u1ec7t", "7": "212 Ho\u00e0ng Qu\u1ed1c Vi\u1ec7t - \u0110\u1ed1i di\u1ec7n HV Ch\u00ednh tr\u1ecb Qu\u1ed1c Gia H\u1ed3 Ch\u00ed Minh", "8": "Tr\u1ea1m trung chuy\u1ec3n xe bu\u00fdt Ho\u00e0ng Qu\u1ed1c Vi\u1ec7t (c\u1ed9t sau) - chi\u1ec1u \u0111i Ph\u1ea1m V\u0103n \u0110\u1ed3ng", "9": "36A Ph\u1ea1m V\u0103n \u0110\u1ed3ng", "10": "527 Ph\u1ea1m V\u0103n \u0110\u1ed3ng", "11": "Qua 70m \u0111\u01b0\u1eddng v\u00e0o c\u00f4ng vi\u00ean H\u00f2a B\u00ecnh - Ph\u1ea1m V\u0103n \u0110\u1ed3ng", "12": "373 Ph\u1ea1m V\u0103n \u0110\u1ed3ng", "13": "113 Ph\u1ea1m V\u0103n \u0110\u1ed3ng", "14": "Qua ng\u00e3 3 H\u1ea3i B\u1ed1i - V\u0129nh Ng\u1ecdc 300m", "15": "Qua ng\u00e3 t\u01b0 khu CN Th\u0103ng Long 100m (chi\u1ec1u H\u00e0 N\u1ed9i - N\u1ed9i B\u00e0i)", "16": "\u0110\u1ed1i di\u1ec7n UBND x\u00e3 Kim Chung- Km 2+230 Cao t\u1ed1c BTL-NB", "17": "Qua c\u1ea7u chui d\u00e2n sinh s\u1ed1 4 - \u0111\u01b0\u1eddng v\u00e0o th\u00f4n Nhu\u1ebf, Km 11+200 (chi\u1ec1u H\u00e0 N\u1ed9i \u0111i s\u00e2n bay N\u1ed9i B\u00e0i)", "18": "C\u1ea7u V\u00e2n Tr\u00ec- Km 4+560 Cao t\u1ed1c BTL-NB", "19": "Tr\u01b0\u1edbc 70m c\u1ea7u v\u01b0\u1ee3t Ng\u00e3 t\u01b0 Nam H\u1ed3ng Cao t\u1ed1c BTL-NB", "20": "C\u00f4ng ty c\u01a1 kh\u00ed Nam H\u1ed3ng- Km 6+120 Cao t\u1ed1c BTL-NB", "21": "\u0110\u1ed1i di\u1ec7n KCN Quang Minh (Melinh Palaza) - Km 8+100 Cao t\u1ed1c BTL-NB", "22": "Nh\u00e0 m\u00e1y t\u1ea5m l\u1ee3p VitMetal- Km 8+850 Cao t\u1ed1c BTL-NB", "23": "So\u00e1t v\u00e9 cao t\u1ed1c B\u1eafc Th\u0103ng Long - Km 10+230 Cao t\u1ed1c BTL-NB", "24": "Ng\u00e3 t\u01b0 Cao t\u1ed1c TL- Ph\u00fac Y\u00ean - Km 11+700 Cao t\u1ed1c BTL-NB", "25": "Qua 50m ng\u00e3 3 v\u00e0o th\u00f4n \u0110i\u1ec1n X\u00e1 - cao t\u1ed1c BTL-NB (\u0111\u01b0\u1eddng V\u00f5 V\u0103n Ki\u1ec7t)", "26": "\u0110\u1ed1i di\u1ec7n nh\u00e0 ga T2 s\u00e2n bay N\u1ed9i B\u00e0i - cao t\u1ed1c BTL-NB (\u0111\u01b0\u1eddng V\u00f5 V\u0103n Ki\u1ec7t)", "27": "\u0110\u1ed1i di\u1ec7n nh\u00e0 ga T1 s\u00e2n bay N\u1ed9i B\u00e0i - V\u0103n ph\u00f2ng Nassco", "28": "(B) N\u1ed9i B\u00e0i - Tuy\u1ebfn 07"}}