{"Lat": {"0": 21.0529666667, "1": 21.051142000000002, "2": 21.0497, "3": 21.047245999999998, "4": 21.045257, "5": 21.044052, "6": 21.042384, "7": 21.040003, "8": 21.03755, "9": 21.036483333299998, "10": 21.036516666700003, "11": 21.036351999999997, "12": 21.0325666667, "13": 21.0287166667, "14": 21.029424, "15": 21.030694, "16": 21.03134, "17": 21.032267, "18": 21.0311166667, "19": 21.029533333299998, "20": 21.025548999999998, "21": 21.023285, "22": 21.015595, "23": 21.01015, "24": 21.0049166667, "25": 21.00095, "26": 20.9931833333, "27": 20.9876, "28": 20.9842333333, "29": 20.97985}, "BusStopCode": {"0": 1778, "1": 1043, "2": 1044, "3": 1045, "4": 1046, "5": 1047, "6": 1048, "7": 239, "8": 240, "9": 242, "10": 2113, "11": 2114, "12": 58, "13": 64, "14": 282, "15": 283, "16": 284, "17": 286, "18": 530, "19": 531, "20": 325, "21": 326, "22": 327, "23": 328, "24": 157, "25": 158, "26": 159, "27": 160, "28": 161, "29": 1676}, "FleetOver": {"0": "32", "1": "20A,20B,29,32,57", "2": "20A,20B,29,32,57", "3": "20A,20B,29,32,57", "4": "20A,20B,29,32", "5": "20A,20B,29,32", "6": "20A,20B,29,32", "7": "05,13,20A,20B,29,32", "8": "20A,20B,29,32", "9": "13,20A,20B,26,29,32,49", "10": "16,20A,20B,26,32,34,49", "11": "16,20A,20B,26,32,34,49", "12": "07,16,20A,20B,26,27,28,32,34,49", "13": "105,26,27,28,32,34,38,49", "14": "09,09CT,27,28,32,34,38", "15": "107,22A,25,32,34,38,90", "16": "107,22A,25,32,34,38,90", "17": "18,22A,32,34,38", "18": "18,22A,32,34,38", "19": "02,18,23,32,34,38,45", "20": "01,32,38,40", "21": "01,03,11,32,40,49", "22": "03,32,41", "23": "03,32,41", "24": "03,21A,21B,25,28,32,41", "25": "03,18,21A,21B,23,25,28,32,41,99", "26": "03,03B,08A,08ACT,08B,08BCT,16,21A,21B,25,28,32,41", "27": "03,03B,08A,08ACT,08B,08BCT,16,21A,21B,25,28,32,41", "28": "03,03B,08A,08ACT,08B,08BCT,12,16,21A,21B,25,28,32,41", "29": "32"}, "Lng": {"0": 105.73485, "1": 105.737072, "2": 105.74018333299999, "3": 105.74639199999999, "4": 105.75147199999999, "5": 105.754557, "6": 105.75904299999999, "7": 105.76603300000001, "8": 105.774178, "9": 105.77818333299999, "10": 105.78431666700001, "11": 105.788399, "12": 105.7986, "13": 105.803666667, "14": 105.80879399999999, "15": 105.818767, "16": 105.82303200000001, "17": 105.829473, "18": 105.83365, "19": 105.83895, "20": 105.84142, "21": 105.841429, "22": 105.84133500000002, "23": 105.84128333299999, "24": 105.8412, "25": 105.84118333299999, "26": 105.84108333299999, "27": 105.84095, "28": 105.840916667, "29": 105.841917}, "Name": {"0": "(B) Nh\u1ed5n - \u0110H C\u00f4ng Nghi\u1ec7p HN - Tuy\u1ebfn 32", "1": "\u0110i\u1ec3m trung chuy\u1ec3n Nh\u1ed5n - v\u1ecb tr\u00ed \u0111\u1ed7 tuy\u1ebfn 20, 29, 32 (chi\u1ec1u S\u01a1n T\u00e2y - H\u00e0 N\u1ed9i)- \u0110\u01b0\u1eddng 32", "2": "\u0110\u1ed1i di\u1ec7n \u0110\u00ecnh v\u00e0 Mi\u1ebfu \u0110\u1ed3ng C\u1ed5 (Th\u00f4n Nguy\u00ean X\u00e1) - \u0110\u01b0\u1eddng 32", "3": "C\u00f4ng ty CP ch\u1ebf t\u1ea1o \u0111i\u1ec7n c\u01a1 H\u00e0 N\u1ed9i - \u0110\u01b0\u1eddng 32", "4": "150-152 T\u1ed5 3 \u0110\u01b0\u1eddng 32 (\u0110\u1ed1i di\u1ec7n C\u00f4ng ty V\u1eadt Li\u1ec7u & B\u01b0u \u0111i\u1ec7n )", "5": "\u0110\u1ed1i di\u1ec7n trung \u0111o\u00e0n th\u00f4ng tin 21(C\u1ea7u Di\u1ec5n)  - \u0110\u01b0\u1eddng 32", "6": "Si\u00eau th\u1ecb Dos Mark - \u0110\u01b0\u1eddng 32", "7": "Tr\u1ee5 s\u1edf Huy\u1ec7n u\u1ef7 T\u1eeb Li\u00eam - H\u1ed3 T\u00f9ng M\u1eadu", "8": "\u0110\u1ea1i h\u1ecdc Th\u01b0\u01a1ng M\u1ea1i - H\u1ed3 T\u00f9ng M\u1eadu (c\u1ed9t tr\u01b0\u1edbc)", "9": "S\u1ed1 9 H\u1ed3 T\u00f9ng M\u1eadu", "10": "S\u1ed1 197-199 Xu\u00e2n Th\u1ee7y (\u0110\u1ed1i di\u1ec7n \u0110\u1ea1i h\u1ecdc S\u01b0 ph\u1ea1m H\u00e0 N\u1ed9i)", "11": "S\u1ed1 79 Xu\u00e2n Th\u1ee7y (\u0110\u1ed1i di\u1ec7n H\u1ecdc vi\u1ec7n B\u00e1o ch\u00ed v\u00e0 Tuy\u00ean truy\u1ec1n)", "12": "165 C\u1ea7u Gi\u1ea5y - B\u01b0u \u0111i\u1ec7n C\u1ea7u Gi\u1ea5y", "13": "\u0110i\u1ec3m trung chuy\u1ec3n C\u1ea7u Gi\u1ea5y - GTVT 02", "14": "593 - 595 Kim M\u00e3", "15": "116 A5 T\u1eadp th\u1ec3 Gi\u1ea3ng V\u00f5 - Kim M\u00e3", "16": "211 Kim M\u00e3", "17": "H\u00e8 tr\u01b0\u1edbc t\u00f2a nh\u00e0 PTA - S\u1ed1 1 Kim M\u00e3", "18": "145 Nguy\u1ec5n Th\u00e1i H\u1ecdc", "19": "85 Nguy\u1ec5n Th\u00e1i H\u1ecdc - Tr\u01b0\u1eddng TH L\u00fd Th\u01b0\u1eddng Ki\u1ec7t", "20": "T\u1ed5ng c\u00f4ng ty \u0110\u01b0\u1eddng s\u1eaft Vi\u1ec7t Nam - 116 L\u00ea Du\u1ea9n", "21": "Ga H\u00e0 N\u1ed9i - 120 L\u00ea Du\u1ea9n", "22": "254-256 L\u00ea Du\u1ea9n", "23": "358-360 L\u00ea Du\u1ea9n", "24": "\u0110\u1ed1i di\u1ec7n c\u1ed5ng Parabol \u0110H B\u00e1ch Khoa - 64 Gi\u1ea3i Ph\u00f3ng", "25": "B\u1ec7nh vi\u1ec7n B\u1ea1ch Mai - 78 Gi\u1ea3i Ph\u00f3ng", "26": "196 Gi\u1ea3i Ph\u00f3ng - Ng\u00e2n h\u00e0ng N\u00f4ng nghi\u1ec7p & PTNT Chi nh\u00e1nh Nam H\u00e0 N\u1ed9i", "27": "352 Gi\u1ea3i Ph\u00f3ng", "28": "\u0110\u1ed1i di\u1ec7n 807 Gi\u1ea3i Ph\u00f3ng", "29": "(A) BX Gi\u00e1p B\u00e1t - Tuy\u1ebfn 32"}}