{"Lat": {"0": 20.9526333333, "1": 20.94655, "2": 20.9435333333, "3": 20.9448333333, "4": 20.9475, "5": 20.9515833333, "6": 20.9553333333, "7": 20.957139, "8": 20.9593, "9": 20.961914, "10": 20.964648999999998, "11": 20.96725, "12": 20.96905, "13": 20.97435, "14": 20.9768333333, "15": 20.9796166667, "16": 20.9810833333, "17": 20.983065, "18": 20.9862, "19": 20.9885166667, "20": 20.9902166667, "21": 20.9957666667, "22": 20.9984, "23": 21.003866666700002, "24": 21.006866666700002, "25": 21.0127666667, "26": 21.015587, "27": 21.01885, "28": 21.0229, "29": 21.027516666700002, "30": 21.0283, "31": 21.028873, "32": 21.031366666700002, "33": 21.0342833333, "34": 21.0377, "35": 21.0383833333, "36": 21.0405166667}, "BusStopCode": {"0": 1795, "1": 433, "2": 609, "3": 610, "4": 611, "5": 612, "6": 613, "7": 616, "8": 1055, "9": 1056, "10": 1057, "11": 624, "12": 1847, "13": 1848, "14": 1849, "15": 802, "16": 803, "17": 804, "18": 538, "19": 539, "20": 545, "21": 261, "22": 2828, "23": 262, "24": 573, "25": 574, "26": 575, "27": 576, "28": 577, "29": 579, "30": 722, "31": 792, "32": 791, "33": 790, "34": 523, "35": 746, "36": 1700}, "FleetOver": {"0": "39", "1": "06A,06B,06C,06D,06E,08A,08ACT,101,12,39,94", "2": "39,62", "3": "39,62", "4": "39,62", "5": "39,62", "6": "39,62", "7": "106,37,39,62", "8": "106,37,39,62", "9": "106,37,39,62", "10": "103,105,106,22B,37,39,62", "11": "103,105,106,22B,37,39,62", "12": "39", "13": "39", "14": "39,85", "15": "01,02,103,105,106,19,21A,22B,22C,27,33,39,85", "16": "01,02,103,105,19,21A,22B,22C,27,33,39", "17": "01,02,105,19,21A,22B,22C,27,39", "18": "01,02,105,19,21A,22B,22C,27,39", "19": "01,02,105,19,21A,22B,22C,27,39", "20": "01,02,105,19,21A,22B,22C,27,39", "21": "21B,22B,39", "22": "21B,22B,39", "23": "103,21B,22B,39", "24": "103,21B,22B,35A,39,50,60A,60B,87", "25": "103,21B,22B,33,35A,39,50,60A,60B,87", "26": "103,21B,22B,33,35A,39,50,60A,60B,87", "27": "103,104,21B,22B,29,30,33,35A,39,44,60A,60B,74,84,87,88", "28": "103,104,21B,22B,29,30,33,35A,39,44,46,60A,60B,74,84,87,88", "29": "35A,39,87", "30": "05,39,61", "31": "39,51,61", "32": "39", "33": "39", "34": "39", "35": "27,39,97", "36": "39"}, "Lng": {"0": 105.84971666700001, "1": 105.84416666700001, "2": 105.84111666700001, "3": 105.83205, "4": 105.82628333299999, "5": 105.81848333299999, "6": 105.811466667, "7": 105.807965, "8": 105.8039, "9": 105.798975, "10": 105.793957, "11": 105.789083333, "12": 105.786983333, "13": 105.78991666700001, "14": 105.78858333299999, "15": 105.78745, "16": 105.7892, "17": 105.79176000000001, "18": 105.796016667, "19": 105.79931666700001, "20": 105.8017, "21": 105.80025, "22": 105.798133333, "23": 105.79375, "24": 105.791233333, "25": 105.78646666700001, "26": 105.784246, "27": 105.781516667, "28": 105.77903333299999, "29": 105.779266667, "30": 105.78175, "31": 105.78785400000001, "32": 105.788383333, "33": 105.789116667, "34": 105.79025, "35": 105.792683333, "36": 105.7974}, "Name": {"0": "(B) T\u1ee9 Hi\u1ec7p - Tuy\u1ebfn 39", "1": "\u0110\u1ed1i di\u1ec7n Tr\u1ee5 s\u1edf H\u0110ND huy\u1ec7n Thanh Tr\u00ec - Ng\u1ecdc H\u1ed3i", "2": "Nh\u00e0 m\u00e1y Pin V\u0103n \u0110i\u1ec3n - Phan Tr\u1ecdng Tu\u1ec7", "3": "C\u00f4ng ty Ph\u00e2n L\u00e2n V\u0103n \u0110i\u1ec3n - Phan Tr\u1ecdng Tu\u1ec7", "4": "G\u1ea7n XNKD Kim Kh\u00ed v\u00e0 D.v\u1ee5 s\u1ed1 3 - Phan Tr\u1ecdng Tu\u1ec7", "5": "G\u1ea7n XN KD Kim Kh\u00ed v\u00e0 D.v\u1ee5 s\u1ed1 1 - Phan Tr\u1ecdng Tu\u1ec7", "6": "\u0110\u1ed1i di\u1ec7n Tr\u01b0\u1eddng C\u0110 K\u1ef9 Thu\u1eadt C\u00f4ng Nghi\u1ec7p HN - Phan Tr\u1ecdng Tu\u1ec7", "7": "30 C\u1ea7u B\u01b0\u01a1u (CH \u0111i\u1ec7n l\u1ea1nh H\u1ed3ng S\u0129)", "8": "12 C\u1ea7u B\u01b0\u01a1u - \u0110\u1ed1i di\u1ec7n Cty x\u00e2y d\u1ef1ng s\u1ed1 1", "9": "\u0110\u1ed1i di\u1ec7n C\u00f4ng ty TNHN th\u01b0\u01a1ng m\u1ea1i \u0110\u00e0 L\u1ea1t - C\u1ea7u B\u01b0\u01a1u", "10": "\u0110\u1ed1i di\u1ec7n T\u00f2a nh\u00e0 CT2 Chung c\u01b0 vi\u1ec7n b\u1ecfng, g\u1ea7n ng\u00e3 ba Y\u00ean X\u00e1 - Ph\u00f9ng H\u01b0ng (H\u00e0 \u0110\u00f4ng)", "11": "Vi\u1ec7n 103 - Ph\u00f9ng H\u01b0ng (H\u00e0 \u0110\u00f4ng)", "12": "Tr\u01b0\u1edbc 50m c\u00e1ch c\u1ed5ng sau vi\u1ec7n 103 - K\u0110T V\u0103n Qu\u00e1n - H\u00e0 \u0110\u00f4ng", "13": "\u0110\u1ed1i di\u1ec7n Kiot 19-20 CT7B K\u0110T V\u0103n Qu\u00e1n - H\u00e0 \u0110\u00f4ng", "14": "Chung c\u01b0 New Skyline \u2013 Nguy\u1ec5n Khuy\u1ebfn (H\u00e0 \u0110\u00f4ng)", "15": "Si\u00eau th\u1ecb Nguy\u1ec5n Kim - Km10 Nguy\u1ec5n Tr\u00e3i (H\u00e0 \u0110\u00f4ng)", "16": "\u0110\u1ea1i h\u1ecdc Ki\u1ebfn Tr\u00fac - Tr\u1ea7n Ph\u00fa (H\u00e0 \u0110\u00f4ng)", "17": "H\u1ecdc vi\u1ec7n An ninh nh\u00e2n d\u00e2n - Tr\u1ea7n Ph\u00fa (H\u00e0 \u0110\u00f4ng )", "18": "C\u00f4ng ty CP T\u01b0 v\u1ea5n \u0111\u1ea7u t\u01b0 M\u1ecf v\u00e0 C\u00f4ng nghi\u1ec7p - 565 Nguy\u1ec5n Tr\u00e3i", "19": "T\u1ed5ng C\u00f4ng ty x\u00e2y d\u1ef1ng S\u00f4ng \u0110\u00e0 - 493 Nguy\u1ec5n Tr\u00e3i", "20": "477 Nguy\u1ec5n Tr\u00e3i - H\u1ecdc vi\u1ec7n Khoa h\u1ecdc X\u00e3 h\u1ed9i", "21": "90 Khu\u1ea5t Duy ti\u1ebfn", "22": "162 Khu\u1ea5t Duy Ti\u1ebfn (\u0111\u1ed1i di\u1ec7n khu d\u00e2n c\u01b0 11 - T\u1ed5 d\u00e2n ph\u1ed1 32 ph\u01b0\u1eddng Thanh Xu\u00e2n B\u1eafc).", "23": "\u0110\u1ed1i di\u1ec7n 289A Khu\u1ea5t Duy Ti\u1ebfn - Vinaconex1", "24": "Ng\u00e3 4 Ph\u1ea1m H\u00f9ng - Khu\u1ea5t Duy Ti\u1ebfn (\u0110\u1ed1i di\u1ec7n Trung t\u00e2m H\u1ed9i ngh\u1ecb Qu\u1ed1c Gia)", "25": "Qua 130m Doanh tr\u1ea1i B\u1ed9 ch\u1ec9 huy qu\u00e2n s\u1ef1 HN - 99A Ph\u1ea1m H\u00f9ng", "26": "T\u00f2a nh\u00e0 Landmark 72 - \u0111\u01b0\u1eddng Ph\u1ea1m H\u00f9ng", "27": "\u0110\u1ed1i di\u1ec7n nh\u00e0 CT5 K\u0110T S\u00f4ng \u0110\u00e0 M\u1ef9 \u0110\u00ecnh - Ph\u1ea1m H\u00f9ng", "28": "Qua ng\u00e3 4 Ph\u1ea1m H\u00f9ng - \u0110\u00ecnh Th\u00f4n (H\u01b0\u1edbng \u0111i Ph\u1ea1m V\u0103n \u0110\u1ed3ng)", "29": "\u0110\u1ed1i di\u1ec7n B\u1ebfn xe kh\u00e1ch M\u1ef9 \u0110\u00ecnh - Ph\u1ea1m H\u00f9ng (c\u1ed9t sau)", "30": "B\u1ed9 N\u1ed9i V\u1ee5, B\u1ed9 T\u00e0i Nguy\u00ean M\u00f4i Tr\u01b0\u1eddng - 10 T\u00f4n Th\u1ea5t Thuy\u1ebft", "31": "Qua v\u00f2ng xuy\u1ebfn ng\u00e3 t\u01b0 Tr\u1ea7n Th\u00e1i T\u00f4ng - T\u00f4n Th\u1ea5t Thuy\u1ebft 70m - Tr\u1ea7n Th\u00e1i T\u00f4ng", "32": "\u0110\u1ed1i di\u1ec7n LOD Building 38 Tr\u1ea7n Th\u00e1i T\u00f4ng", "33": "\u0110\u1ed1i di\u1ec7n 45 A Tr\u1ea7n Th\u00e1i T\u00f4ng", "34": "Nh\u00e0 v\u0103n h\u00f3a Qu\u1eadn C\u1ea7u Gi\u1ea5y - 26 Nguy\u1ec5n Phong S\u1eafc", "35": "171-173 Tr\u1ea7n \u0110\u0103ng Ninh", "36": "(A) CV Ngh\u0129a \u0110\u00f4 - Tuy\u1ebfn 39"}}