{"Lat": {"0": 21.0266166667, "1": 21.02545, "2": 21.0245833333, "3": 21.0269, "4": 21.032647, "5": 21.0346833333, "6": 21.0386833333, "7": 21.0469, "8": 21.0498166667, "9": 21.0582166667, "10": 21.0600166667, "11": 21.0621666667, "12": 21.0656333333, "13": 21.0687333333, "14": 21.068267000000002, "15": 21.06493, "16": 21.0673833333, "17": 21.0675666667, "18": 21.069000000000003, "19": 21.0673833333, "20": 21.0637666667, "21": 21.0604166667, "22": 21.05675, "23": 21.0519333333, "24": 21.046999999999997, "25": 21.0418, "26": 21.0377166667, "27": 21.0414833333, "28": 21.0431833333}, "BusStopCode": {"0": 3290, "1": 1815, "2": 2967, "3": 2968, "4": 3234, "5": 3235, "6": 3236, "7": 3237, "8": 3238, "9": 3239, "10": 3240, "11": 1156, "12": 3241, "13": 3242, "14": 416, "15": 417, "16": 3243, "17": 3244, "18": 3245, "19": 3246, "20": 3247, "21": 3248, "22": 3249, "23": 3250, "24": 3251, "25": 1074, "26": 769, "27": 857, "28": 3215}, "FleetOver": {"0": "98", "1": "100,106,40,47B,52B,98", "2": "100,40,52B,98", "3": "100,40,52B,98", "4": "98", "5": "98", "6": "98", "7": "03B,59,98", "8": "03B,59,98", "9": "59,98", "10": "59,98", "11": "59,98", "12": "59,98", "13": "59,98", "14": "10A,10B,15,17,43,54,98", "15": "10A,10B,15,17,43,54,98", "16": "42,98", "17": "98", "18": "98", "19": "98", "20": "98", "21": "98", "22": "98", "23": "98", "24": "98", "25": "11,98", "26": "03,100,10B,11,34,47A,54,98", "27": "100,10A,10B,17,54,98", "28": "98"}, "Lng": {"0": 105.89933333299999, "1": 105.8998, "2": 105.907283333, "3": 105.910867, "4": 105.916604, "5": 105.91911666700001, "6": 105.92275, "7": 105.91996666700001, "8": 105.91826666700001, "9": 105.914083333, "10": 105.91138333299999, "11": 105.90805, "12": 105.907266667, "13": 105.903566667, "14": 105.90045, "15": 105.897347, "16": 105.89073333299999, "17": 105.88528333299999, "18": 105.8822, "19": 105.8735, "20": 105.8664, "21": 105.863183333, "22": 105.865766667, "23": 105.863683333, "24": 105.8653, "25": 105.8652, "26": 105.852983333, "27": 105.849466667, "28": 105.847816667}, "Name": {"0": "(B) AEON MALL Long Bi\u00ean -- Tuy\u1ebfn 98", "1": "\u0110\u1ed1i di\u1ec7n Aeon Mall Long Bi\u00ean (C\u1ed9t \u0111i\u1ec7n T4A/2A-B \u0111\u01b0\u1eddng C\u1ed5 Linh)", "2": "S\u1ed1 183 Th\u1ea1ch B\u00e0n", "3": "\u0110\u1ed1i di\u1ec7n 30 Th\u1ea1ch B\u00e0n", "4": "40 V\u0169 Xu\u00e2n Thi\u1ec1u", "5": "118 V\u0169 Xu\u00e2n Thi\u1ec1u", "6": "\u0110\u1ed1i di\u1ec7n \u0111\u01b0\u1eddng Hoa S\u1eefa", "7": "\u0110\u1ed1i di\u1ec7n ng\u00e3 3 Hoa H\u1ed3ng ( H\u1ed9i X\u00e1)", "8": "\u0110\u1ed1i di\u1ec7n Vincom Long Bi\u00ean (tr\u01b0\u1edbc 50m ng\u00e3 3 Chu Huy M\u00e2n)", "9": "Tr\u01b0\u1edbc 50m ng\u00e3 4 Ph\u00fac L\u1ee3i - L\u01b0u Kh\u00e1nh \u0110\u00e0m", "10": "Khu BT6 - K\u0110T Vi\u1ec7t H\u01b0ng", "11": "Nh\u00e0 P6 - K\u0110T Vi\u1ec7t H\u01b0ng", "12": "Nh\u00e0 K3 - K\u0110T Vi\u1ec7t H\u01b0ng", "13": "Nh\u00e0 CT 9A K\u0110T Vi\u1ec7t H\u01b0ng", "14": "713 Ng\u00f4 Gia T\u1ef1", "15": "505 Ng\u00f4 Gia T\u1ef1", "16": "\u0110\u1ed1i di\u1ec7n 59 \u0110\u1ee9c Giang - TCT \u0110\u1ee9c Giang", "17": "C\u00f4ng ty ch\u1ebf t\u1ea1o M\u00e1y bi\u1ebfn \u00e1p HN", "18": "H\u00e8 s\u1ed1 198 \u0110\u1ee9c Giang (\u0110\u1ed1i di\u1ec7n Nh\u00e0 v\u0103n h\u00f3a t\u1ed5 d\u00e2n ph\u1ed1 17 ph\u01b0\u1eddng Th\u01b0\u1ee3ng Thanh)", "19": "\u0110\u1ed1i di\u1ec7n 644 Ng\u1ecdc Th\u1ee5y - H\u1ecdc vi\u1ec7n H\u1eadu C\u1ea7n", "20": "\u0110\u1ed1i di\u1ec7n ng\u00f5 456 Ng\u1ecdc Th\u1ee5y", "21": "367 Ng\u1ecdc Th\u1ee5y", "22": "295 Ng\u1ecdc Th\u1ee5y (\u0110\u1ed1i di\u1ec7n UBND ph\u01b0\u1eddng Ng\u1ecdc Th\u1ee5y)", "23": "209 Ng\u1ecdc Th\u1ee5y", "24": "\u0110\u1ed1i di\u1ec7n v\u01b0\u1eddn hoa B\u1eafc Long Bi\u00ean (s\u1ed1 43 Ng\u1ecdc Th\u1ee5y)", "25": "\u0110\u1ed1i di\u1ec7n ch\u00f9a \u00c1i M\u1ed9", "26": "Tr\u1ea7n Nh\u1eadt Du\u1eadt (373 H\u1ed3ng H\u00e0) - G\u1ea7n H\u00e0m T\u1eed Quan", "27": "E1.2 \u0110i\u1ec3m trung chuy\u1ec3n Long Bi\u00ean", "28": "(A) Y\u00ean Ph\u1ee5 - Tuy\u1ebfn 98"}}