{"Lat": {"0": 21.0281, "1": 21.0229833333, "2": 21.018608, "3": 21.016683333299998, "4": 21.01245, "5": 21.0056666667, "6": 21.0076, "7": 21.009142999999998, "8": 21.009969, "9": 21.0111666667, "10": 21.0116833333, "11": 21.010581, "12": 21.008136999999998, "13": 21.0054833333, "14": 21.004, "15": 21.0033333333, "16": 21.003624, "17": 21.004110999999998, "18": 21.00365, "19": 21.002921, "20": 21.001712, "21": 20.9993, "22": 20.993783333299998, "23": 20.9895, "24": 20.99035, "25": 20.9905833333, "26": 20.991, "27": 20.990916666700002, "28": 21.000383, "29": 21.008533, "30": 21.009672, "31": 21.0213, "32": 21.027516666700002, "33": 21.0316333333, "34": 21.0475166667, "35": 21.052433333299998, "36": 21.0586, "37": 21.0607166667, "38": 21.0733666667, "39": 21.0800833333, "40": 21.0867666667, "41": 21.1001333333, "42": 21.111469, "43": 21.1145333333, "44": 21.114416666700002, "45": 21.114083333299998, "46": 21.11415, "47": 21.1131166667, "48": 21.1103166667, "49": 21.1094833333, "50": 21.1108166667, "51": 21.1134}, "BusStopCode": {"0": 3686, "1": 584, "2": 585, "3": 153, "4": 154, "5": 1958, "6": 1959, "7": 1960, "8": 1961, "9": 1962, "10": 1963, "11": 1964, "12": 2655, "13": 1966, "14": 1967, "15": 2656, "16": 2657, "17": 1968, "18": 1969, "19": 1970, "20": 1971, "21": 1972, "22": 1973, "23": 1974, "24": 1975, "25": 1976, "26": 1977, "27": 1978, "28": 3689, "29": 3688, "30": 3687, "31": 3690, "32": 3691, "33": 3692, "34": 3693, "35": 3694, "36": 3695, "37": 3696, "38": 3697, "39": 3698, "40": 3699, "41": 3700, "42": 3701, "43": 3702, "44": 3703, "45": 3704, "46": 3705, "47": 3706, "48": 3707, "49": 3708, "50": 3745, "51": 3746}, "FleetOver": {"0": "74", "1": "104,22B,30,33,35A,39,46,60A,60B,74,84,87,88", "2": "103,104,21B,22B,29,30,33,35A,39,44,60A,60B,74,84,87,88", "3": "50,74,88", "4": "50,74,88", "5": "107,74,87,88", "6": "107,74,87,88", "7": "107,74,87,88", "8": "107,74,87,88", "9": "107,74,87,88", "10": "107,74,87,88", "11": "107,74,87,88", "12": "107,74,87,88", "13": "107,74,87,88", "14": "107,74,87,88", "15": "107,74,87,88", "16": "107,74,87,88", "17": "107,74,87,88", "18": "107,74,88,89", "19": "107,74,88", "20": "107,74,88", "21": "107,74,88", "22": "107,74,88", "23": "107,74,88", "24": "107,74,88", "25": "107,74,88", "26": "107,74,88", "27": "107,74,88", "28": "107,74", "29": "107,74", "30": "107,74", "31": "74", "32": "74", "33": "74", "34": "74", "35": "74", "36": "74", "37": "74", "38": "74", "39": "74", "40": "74", "41": "74", "42": "74", "43": "74", "44": "74", "45": "74", "46": "74", "47": "74", "48": "74", "49": "74", "50": "74", "51": "74"}, "Lng": {"0": 105.7785, "1": 105.778566667, "2": 105.78126100000001, "3": 105.78045, "4": 105.7746, "5": 105.77021666700001, "6": 105.75943333299999, "7": 105.75260300000001, "8": 105.74501799999999, "9": 105.72875, "10": 105.719383333, "11": 105.711003, "12": 105.70028, "13": 105.68586666700001, "14": 105.66796699999999, "15": 105.6574, "16": 105.650896, "17": 105.642326, "18": 105.63566666700001, "19": 105.629494, "20": 105.61017199999999, "21": 105.5952, "22": 105.58565, "23": 105.57285, "24": 105.5595, "25": 105.5561, "26": 105.54555, "27": 105.537933333, "28": 105.533367, "29": 105.530533, "30": 105.52460400000001, "31": 105.52058333299999, "32": 105.518983333, "33": 105.516033333, "34": 105.50606666700001, "35": 105.502366667, "36": 105.49836666700001, "37": 105.497666667, "38": 105.50161666700001, "39": 105.50285, "40": 105.50185, "41": 105.49786666700001, "42": 105.495373, "43": 105.49526666700001, "44": 105.4927, "45": 105.48591666700001, "46": 105.47988333299999, "47": 105.47046666700001, "48": 105.461, "49": 105.44715, "50": 105.444483333, "51": 105.44045}, "Name": {"0": "(A) BX M\u1ef9 \u0110\u00ecnh - Tuy\u1ebfn 74", "1": "G\u1ea7n ng\u00e3 4 Ph\u1ea1m H\u00f9ng - \u0110\u00ecnh Th\u00f4n (H\u01b0\u1edbng \u0111i Khu\u1ea5t Duy Ti\u1ebfn)-c\u1ed9t sau", "2": "Nh\u00e0 CT5 K\u0110T S\u00f4ng \u0110\u00e0 M\u1ef9 \u0110\u00ecnh - Ph\u1ea1m H\u00f9ng", "3": "Nh\u00e0 h\u00e0ng H\u00e0n Qu\u1ed1c, nh\u00e0 CT4 \u0110N K\u0110T M\u1ef9 \u0110\u00ecnh - \u0110\u01b0\u1eddng M\u1ec5 Tr\u00ec", "4": "T\u01b0\u1eddng r\u00e0o Tr\u1ea1m y t\u1ebf M\u1ec5 Tr\u00ec - \u0110\u01b0\u1eddng M\u1ec5 Tr\u00ec", "5": "T\u01b0\u1eddng r\u00e0o s\u00e2n Golf M\u1ef9 \u0110\u00ecnh Pearl - \u0110\u1ea1i l\u1ed9 Th\u0103ng Long", "6": "X\u00f3m La, \u0110\u1ea1i M\u1ed7 - \u0110\u1ea1i l\u1ed9 Th\u0103ng Long", "7": "Qua \u0111\u1ed1i di\u1ec7n l\u1ed1i v\u00e0o THPT \u0110\u1ea1i M\u1ed7 - \u0110\u1ea1i l\u1ed9 Th\u0103ng Long", "8": "Tr\u1ee5 s\u1edf B\u1ed9 t\u01b0 l\u1ec7nh C\u1ea3nh s\u00e1t bi\u1ec3n - \u0110\u1ea1i l\u1ed9 Th\u0103ng Long", "9": "\u0110\u1ed1i di\u1ec7n Thi\u00ean \u0110\u01b0\u1eddng B\u1ea3o S\u01a1n - \u0110\u1ea1i l\u1ed9 Th\u0103ng Long", "10": "Qua l\u1ed1i r\u1ebd v\u00e0o UBND x\u00e3 An Kh\u00e1nh - \u0110\u1ea1i l\u1ed9 Th\u0103ng Long", "11": "Ch\u00f9a B\u00e0 - th\u00f4n Y\u00ean L\u0169ng, An Kh\u00e1nh - \u0110\u1ea1i l\u1ed9 Th\u0103ng Long", "12": "Tr\u01b0\u1edbc 50m l\u1ed1i v\u00e0o UBND huy\u1ec7n Ho\u00e0i \u0110\u1ee9c", "13": "C\u1ea7u v\u01b0\u1ee3t Song Ph\u01b0\u01a1ng - \u0110\u1ea1i l\u1ed9 Th\u0103ng Long", "14": "L\u00e0ng v\u0103n h\u00f3a th\u00f4n Quy\u1ebft Ti\u1ebfn (tr\u01b0\u1edbc 200m C\u1ea7u s\u00f4ng \u0110\u00e1y)", "15": "Ch\u00f9a S\u01a1n Trung, x\u00e3 Y\u00ean S\u01a1n", "16": "Ng\u00e3 3 Ch\u00f9a Th\u1ea7y, g\u1ea7n c\u1ea7u v\u01b0\u1ee3t S\u00e0i S\u01a1n", "17": "C\u1ea7u v\u01b0\u1ee3t Ho\u00e0ng X\u00e1 - c\u1ed9t m\u1ed1c H7/17 \u0110\u1ea1i l\u1ed9 Th\u0103ng Long", "18": "KCN Th\u1ea1ch Th\u1ea5t - \u0110\u1ea1i l\u1ed9 Th\u0103ng Long", "19": "Ng\u00e3 3 t\u1ec9nh l\u1ed9 419 - \u0110\u1ea1i l\u1ed9 Th\u0103ng Long - KCN Th\u1ea1ch Th\u1ea5t", "20": "Cty Sun House, x\u00e3 Ng\u1ecdc Li\u1ec7p - \u0110\u1ea1i l\u1ed9 Th\u0103ng Long", "21": "\u0110\u01b0\u1eddng v\u00e0o ch\u00f9a Kim Long - \u0110\u1ea1i l\u1ed9 Th\u0103ng Long", "22": "Th\u00f4n Li\u1ec7p Mai, x\u00e3 Ng\u1ecdc Li\u1ec7p - \u0110\u1ea1i l\u1ed9 Th\u0103ng Long", "23": "Th\u00f4n \u0110\u1ed3ng Kho, x\u00e3 \u0110\u1ed3ng Tr\u00fac - \u0110\u1ea1i l\u1ed9 Th\u0103ng Long", "24": "C\u1ea7u chui d\u00e2n sinh s\u1ed1 19 - \u0110\u1ea1i l\u1ed9 Th\u0103ng Long", "25": "Th\u00f4n \u0110\u1ed3i B\u00f4ng, x\u00e3 \u0110\u1ed3ng Tr\u00fac - \u0110\u1ea1i l\u1ed9 Th\u0103ng Long", "26": "Tr\u1ea1m 110KV Th\u1ea1ch Th\u1ea5t - \u0110\u1ea1i l\u1ed9 Th\u0103ng Long", "27": "\u0110\u01b0\u1eddng v\u00e0o KCN cao H\u00f2a L\u1ea1c - \u0110\u1ea1i l\u1ed9 Th\u0103ng Long", "28": "Tr\u01b0\u1eddng PTTH H\u00f2a L\u1ea1c", "29": "T\u00f2a Nh\u00e0 Viettel H\u00f2a L\u1ea1c", "30": "Tr\u01b0\u1edbc 50m \u0111\u01b0\u1eddng v\u00e0o tr\u01b0\u1eddng \u0110H FPT, H\u00f2a L\u1ea1c", "31": "Th\u00f4n 9 Th\u1ea1ch H\u00f2a", "32": "Trung T\u00e2m D\u1ea1y Ngh\u1ec1 v\u00e0 \u0110\u00e0o T\u1ea1o S\u00e1t H\u1ea1ch L\u00e1i Xe  H\u00f9ng V\u01b0\u01a1ng . Qua Ng\u00e3 T\u01b0 L\u00e1ng H\u00f2a L\u1ea1c - Qu\u1ed1c L\u1ed9 21A", "33": "Qua C\u1ea7u H\u00f2a L\u1ea1c (\u0110i Xu\u00e2n Mai) - Qu\u1ed1c L\u1ed9 21A", "34": "G\u1ea7n Ng\u00e3 T\u01b0 L\u1ee5c Qu\u00e2n", "35": "\u0110\u1ed1i Di\u1ec7n T\u1eadp \u0110o\u00e0n Y D\u01b0\u1ee3c B\u1ea3o Long - Qu\u1ed1c L\u1ed9 21A", "36": "C\u00f4ng Ty TNHH Punta VietNam", "37": "Qua Ng\u00e3 3 S\u01a1n T\u00e2y \u0110\u1ed3ng M\u00f4", "38": "Ng\u00e3 Ba S\u01a1n T\u00e2y - V\u00f5ng Xuy\u00ean - Qu\u1ed1c L\u1ed9 21A", "39": "T\u00e2n Ph\u00fa S\u01a1n \u0110\u00f4ng", "40": "\u0110\u1ed1i Di\u1ec7n \u0110\u01b0\u1eddng V\u00e0o Tr\u01b0\u1eddng S\u0129 Quan Ph\u00f2ng H\u00f3a", "41": "\u0110\u1ed1i Di\u1ec7n \u0110\u01b0\u1eddng V\u00e0o H\u1ecdc Vi\u1ec7n Ph\u00f2ng Kh\u00f4ng Kh\u00f4ng Qu\u00e2n - C\u00f4ng Ty Th\u1ecbnh C\u01b0\u1eddng", "42": "Qua Ng\u00e3 Ba Xu\u00e2n Khanh - Qu\u1ed1c L\u1ed9 21A", "43": "G\u1ea7n C\u00e2y X\u0103ng Qu\u00e2n \u0110\u1ed9i - \u0110\u1ed1i Di\u1ec7n B\u1ec7nh Vi\u1ec7n 105",