{"Lat": {"0": 21.0279833333, "1": 21.028795000000002, "2": 21.0319333333, "3": 21.034438, "4": 21.0357833333, "5": 21.036583333299998, "6": 21.0367333333, "7": 21.037538, "8": 21.0401333333, "9": 21.0424166667, "10": 21.0442, "11": 21.0458666667, "12": 21.04745, "13": 21.0496333333, "14": 21.052198999999998, "15": 21.0548666667, "16": 21.05805, "17": 21.0624166667, "18": 21.064997, "19": 21.0667333333, "20": 21.0696, "21": 21.072582999999998, "22": 21.0753, "23": 21.076767, "24": 21.079063, "25": 21.08025, "26": 21.082971, "27": 21.0847833333}, "BusStopCode": {"0": 1697, "1": 62, "2": 4054, "3": 60, "4": 65, "5": 2111, "6": 2112, "7": 244, "8": 4185, "9": 1049, "10": 1050, "11": 1051, "12": 1052, "13": 1053, "14": 1054, "15": 1041, "16": 1414, "17": 1415, "18": 1416, "19": 1417, "20": 1418, "21": 1419, "22": 1420, "23": 1421, "24": 1422, "25": 1423, "26": 1424, "27": 1802}, "FleetOver": {"0": "20A", "1": "09,09CT,105,20A,20B,26,27,28,32,34,38", "2": "07,16,20A,20B,26,27,28,32,34,49", "3": "16,20A,20B,26,27,28,32,34,49", "4": "16,20A,20B,26,32,34,49", "5": "16,20A,20B,26,32,34,49", "6": "16,20A,20B,26,32,34,49", "7": "20A,20B,29,32", "8": "05,13,20A,20B,29,32", "9": "20A,20B,29,32", "10": "20A,20B,29,32", "11": "20A,20B,29,32", "12": "20A,20B,29,32,57", "13": "20A,20B,29,32,57", "14": "20A,20B,20C,29,32,57,92", "15": "20A,20B,29,92", "16": "20A,20B,29,92", "17": "20A,20B,29,92", "18": "20A,20B,29,92", "19": "20A,20B,29,92", "20": "20A,20B,29,92", "21": "20A,20B,92", "22": "20A,20B,92", "23": "20A,20B,92", "24": "20A,20B,92", "25": "20A,20B,92", "26": "20A,20B,92", "27": "20A"}, "Lng": {"0": 105.805516667, "1": 105.803723, "2": 105.79955, "3": 105.796241, "4": 105.79188333299999, "5": 105.78843333299999, "6": 105.784066667, "7": 105.77531499999999, "8": 105.766483333, "9": 105.759616667, "10": 105.754916667, "11": 105.75051666700001, "12": 105.74663333299999, "13": 105.74101666700001, "14": 105.736056, "15": 105.732166667, "16": 105.72741666700001, "17": 105.72105, "18": 105.71675, "19": 105.71368333299999, "20": 105.70841666700001, "21": 105.703033, "22": 105.69796699999999, "23": 105.695218, "24": 105.68855, "25": 105.683416667, "26": 105.673667, "27": 105.66965}, "Name": {"0": "(A) C\u1ea7u Gi\u1ea5y - Tuy\u1ebfn 20A", "1": "\u0110i\u1ec3m trung chuy\u1ec3n C\u1ea7u Gi\u1ea5y - Th\u1ee7 L\u1ec7 02", "2": "S\u1ed1 112 C\u1ea7u Gi\u1ea5y", "3": "250-252 C\u1ea7u Gi\u1ea5y", "4": "370 C\u1ea7u Gi\u1ea5y", "5": "H\u1ecdc vi\u1ec7n B\u00e1o ch\u00ed v\u00e0 Tuy\u00ean truy\u1ec1n - 36 Xu\u00e2n Th\u1ee7y", "6": "G\u1ea7n nh\u00e0 s\u00e1ch S\u01b0 ph\u1ea1m (\u0110\u1ea1i h\u1ecdc S\u01b0 ph\u1ea1m H\u00e0 N\u1ed9i) - 136 Xu\u00e2n Th\u1ee7y", "7": "\u0110\u1ed1i di\u1ec7n \u0110H Th\u01b0\u01a1ng M\u1ea1i - 6 H\u1ed3 T\u00f9ng M\u1eadu (c\u1ed9t tr\u01b0\u1edbc)", "8": "202 H\u1ed3 T\u00f9ng M\u1eadu", "9": "Trung t\u00e2m ki\u1ec3m \u0111\u1ecbnh xe m\u00e1y qu\u00e2n s\u1ef1 (C\u1ea7u Di\u1ec5n) - \u0110\u01b0\u1eddng 32", "10": "C\u1ea1nh Trung \u0111o\u00e0n th\u00f4ng tin 21(C\u1eeda h\u00e0ng D\u1ea7u b\u00f3ng Pupe C\u1ea7u Di\u1ec5n) - \u0110\u01b0\u1eddng 32", "11": "135 T\u1ed5 3 (\u0110\u1ed1i di\u1ec7n tr\u01b0\u1eddng m\u1ea7m non Sao Mai - Ki\u1ec1u Mai) - \u0110\u01b0\u1eddng 32", "12": "\u0110\u1ed1i di\u1ec7n Cty CP ch\u1ebf t\u1ea1o \u0111i\u1ec7n c\u01a1 H\u00e0 N\u1ed9i - \u0110\u01b0\u1eddng 32", "13": "\u0110\u00ecnh v\u00e0 Mi\u1ebfu \u0110\u1ed3ng C\u1ed5 (Th\u00f4n Nguy\u00ean X\u00e1) - \u0110\u01b0\u1eddng 32", "14": "\u0110i\u1ec3m trung chuy\u1ec3n Nh\u1ed5n (c\u1ed9t sau) - Tr\u01b0\u1eddng \u0110\u1ea1i h\u1ecdc c\u00f4ng nghi\u1ec7p H\u00e0 N\u1ed9i - \u0110\u01b0\u1eddng 32", "15": "22 ph\u1ed1 Nh\u1ed5n", "16": "C\u00f4ng ty CP x\u00e2y d\u1ef1ng Th\u0103ng Long - Qu\u1ed1c l\u1ed9 32", "17": "\u0110\u1ea1i h\u1ecdc Th\u00e0nh \u0110\u00f4 - Qu\u1ed1c l\u1ed9 32", "18": "\u0110\u1ed1i di\u1ec7n K\u0110T Kim Chung - Di Tr\u1ea1ch", "19": "Qua l\u1ed1i r\u1ebd HV Khoa h\u1ecdc Qu\u00e2n S\u1ef1 - Qu\u1ed1c l\u1ed9 32", "20": "B\u01b0u \u0111i\u1ec7n Ho\u00e0i \u0110\u1ee9c - Qu\u1ed1c l\u1ed9 32", "21": "Khu \u0111\u00f4 th\u1ecb T\u00e2n T\u00e2y \u0110\u00f4", "22": "Tr\u01b0\u1eddng THPT B\u00ecnh Minh - Qu\u1ed1c l\u1ed9 32", "23": "XN thu\u1ed1c th\u00fa y Trung \u01b0\u01a1ng (\u0110\u1ee9c Th\u01b0\u1ee3ng Ho\u00e0i \u0110\u1ee9c) - Qu\u1ed1c l\u1ed9 32", "24": "\u0110\u1ed1i di\u1ec7n XN May M\u1ef9 Anh (X\u00e3 \u0110\u1ee9c Ph\u01b0\u1ee3ng) \u2013 Qu\u1ed1c l\u1ed9 32", "25": "\u0110\u1ed1i di\u1ec7n \u0111\u01b0\u1eddng v\u00e0o Ch\u00f9a Di\u00ean Ph\u00fac (C\u1ea1nh Th\u1ea1ch Th\u1ea3o Lisa) - Qu\u1ed1c l\u1ed9 32", "26": "Tr\u1ea1m th\u00fa y \u0110an Ph\u01b0\u1ee3ng", "27": "(B)BX Ph\u00f9ng - Tuy\u1ebfn 20A"}}