{"Lat": {"0": 21.0399833333, "1": 21.0417166667, "2": 21.03765, "3": 21.0351666667, "4": 21.03055, "5": 21.03068, "6": 21.0313333333, "7": 21.0344, "8": 21.0344833333, "9": 21.0305, "10": 21.029037, "11": 21.031029999999998, "12": 21.0333666667, "13": 21.0316333333, "14": 21.028814999999998, "15": 21.029823999999998, "16": 21.0370166667, "17": 21.039598, "18": 21.03795, "19": 21.0357, "20": 21.0349333333, "21": 21.0351, "22": 21.0373166667, "23": 21.0398333333, "24": 21.04295, "25": 21.0453, "26": 21.0472, "27": 21.0497833333, "28": 21.0539666667, "29": 21.0622666667, "30": 21.0659333333, "31": 21.0694333333, "32": 21.069166}, "BusStopCode": {"0": 3198, "1": 696, "2": 3199, "3": 3200, "4": 3201, "5": 3202, "6": 3203, "7": 580, "8": 581, "9": 582, "10": 1813, "11": 1811, "12": 1809, "13": 335, "14": 1912, "15": 1913, "16": 3204, "17": 3288, "18": 4061, "19": 4062, "20": 4063, "21": 3205, "22": 4064, "23": 4065, "24": 3208, "25": 3209, "26": 4066, "27": 3210, "28": 3211, "29": 3212, "30": 3213, "31": 1465, "32": 3182}, "FleetOver": {"0": "97", "1": "13,28,97", "2": "97", "3": "97", "4": "97", "5": "97", "6": "97", "7": "16,29,33,34,35A,46,53B,60A,60B,61,97", "8": "16,29,33,34,35A,46,53B,60A,60B,61,97", "9": "16,29,33,34,35A,46,53B,60A,60B,97", "10": "05,84,97", "11": "05,97", "12": "05,97", "13": "26,97", "14": "84,97", "15": "84,97", "16": "97", "17": "97", "18": "57,97", "19": "57,97", "20": "97", "21": "97", "22": "97", "23": "97", "24": "97", "25": "97", "26": "97", "27": "97", "28": "97", "29": "97", "30": "97", "31": "20A,20B,29,92,97", "32": "97"}, "Lng": {"0": 105.79755, "1": 105.793933333, "2": 105.79191666700001, "3": 105.7912, "4": 105.789683333, "5": 105.785895, "6": 105.7816, "7": 105.78043333299999, "8": 105.78001666700001, "9": 105.779266667, "10": 105.778123, "11": 105.77469099999999, "12": 105.770733333, "13": 105.7693, "14": 105.765923, "15": 105.76241999999999, "16": 105.748966667, "17": 105.742323, "18": 105.73795, "19": 105.738216667, "20": 105.735133333, "21": 105.734316667, "22": 105.72946666700001, "23": 105.72601666700001, "24": 105.71916666700001, "25": 105.712317, "26": 105.704833333, "27": 105.70408333299999, "28": 105.70501666700001, "29": 105.706583333, "30": 105.7076, "31": 105.70846666700001, "32": 105.708606}, "Name": {"0": "(B) C\u00f4ng Vi\u00ean Ngh\u0129a \u0110\u00f4 - Tuy\u1ebfn 97", "1": "Tr\u01b0\u1eddng THCS Ngh\u0129a T\u00e2n - \u0110\u1ed1i di\u1ec7n 179 T\u00f4 Hi\u1ec7u", "2": "T\u01b0\u1eddng r\u00e0o trung t\u00e2m th\u1ec3 d\u1ee5c th\u1ec3 thao Qu\u1eadn C\u1ea7u Gi\u1ea5y", "3": "Tr\u01b0\u1edbc s\u1ed1 nh\u00e0 20 Tr\u01b0\u01a1ng C\u00f4ng Giai", "4": "Qua tr\u01b0\u1eddng THCS C\u1ea7u Gi\u1ea5y 50m", "5": "Chi c\u1ee5c thi h\u00e0nh \u00e1n Qu\u1eadn C\u1ea7u Gi\u1ea5y", "6": "Qua ng\u00f5 86 Duy t\u00e2n 30m", "7": "\u0110\u1ed1i di\u1ec7n B\u1ec7nh vi\u1ec7n \u0111a khoa y h\u1ecdc c\u1ed5 truy\u1ec1n - Ph\u1ea1m H\u00f9ng", "8": "B\u1ec7nh vi\u1ec7n \u0111a khoa y h\u1ecdc c\u1ed5 truy\u1ec1n - 6 Ph\u1ea1m H\u00f9ng", "9": "\u0110\u1ed1i di\u1ec7n B\u01b0u c\u1ee5c Th\u0103ng Long - \u0111\u01b0\u1eddng Ph\u1ea1m H\u00f9ng", "10": "V\u1ecbnh x\u00e9n h\u00e8 tr\u01b0\u1edbc C\u00f4ng ty c\u1ed5 ph\u1ea7n S\u00f4ng \u0110\u00e0 9 - \u0111\u01b0\u1eddng Nguy\u1ec5n Ho\u00e0ng", "11": "V\u1ecbnh x\u00e9n h\u00e8 xe bu\u00fdt tr\u01b0\u1edbc t\u00f2a nh\u00e0 PT2 - K\u0110T Ph\u00fa M\u1ef9 - \u0111\u01b0\u1eddng Nguy\u1ec5n Ho\u00e0ng", "12": "V\u1ecbnh x\u00e9n h\u00e8 xe bu\u00fdt tr\u01b0\u1edbc t\u00f2a nh\u00e0 Sun Square - \u0111\u01b0\u1eddng Nguy\u1ec5n Ho\u00e0ng", "13": "Nh\u00e0 CT2B K\u0110T M\u1ef9 \u0110\u00ecnh - L\u00ea \u0110\u1ee9c Th\u1ecd", "14": "Nh\u00e0 CT5-\u0110N1 K\u0110T M\u1ef9 \u0110\u00ecnh I - \u0111\u01b0\u1eddng Tr\u1ea7n H\u1eefu D\u1ef1c", "15": "Nh\u00e0 C6 K\u0110T M\u1ef9 \u0110\u00ecnh I - \u0111\u01b0\u1eddng Tr\u1ea7n H\u1eefu D\u1ef1c", "16": "Qua c\u1ea7u v\u01b0\u1ee3t Xu\u00e2n Ph\u01b0\u01a1ng 100m", "17": "Nh\u00e0 m\u00e1y Bia S\u00e0i G\u00f2n - H\u00e0 N\u1ed9i", "18": "Qua ng\u00e3 3 Tr\u1ea7n H\u1eefu D\u1ef1c (TL70) - Xu\u00e2n Ph\u01b0\u01a1ng 150m", "19": "\u0110\u1ed1i di\u1ec7n B\u01b0u \u0111i\u1ec7n V\u00e2n Canh - Xu\u00e2n Ph\u01b0\u01a1ng (TL70)", "20": "\u0110\u1ed1i di\u1ec7n c\u1ed5ng l\u00e0ng An Trai - TL422B", "21": "Tr\u01b0\u1eddng THCS V\u00e2n Canh", "22": "\u0110\u1ed1i di\u1ec7n \u0111\u00e0i t\u01b0\u1edfng ni\u1ec7m V\u00e2n Canh - TL422", "23": "Tr\u01b0\u1edbc Kiot 01 H\u1eadu \u00c1i - TL422", "24": "\u0110\u1ed1i di\u1ec7n Tr\u1ea1m bi\u1ebfn \u00e1p 6 Di Tr\u1ea1ch", "25": "Tr\u01b0\u1edbc c\u1ed5ng l\u00e0ng V\u0103n H\u00f3a \u0110\u1ea1i T\u1ef1 50m", "26": "Tr\u01b0\u1edbc ng\u00e3 t\u01b0 S\u01a1n \u0110\u1ed3ng 100m - TL422", "27": "Tr\u01b0\u1eddng THPT Ho\u00e0i \u0110\u1ee9c A", "28": "\u0110\u1ed1i di\u1ec7n Cty CP x\u00e2y d\u1ef1ng kinh doanh t\u1ed5ng h\u1ee3p S\u01a1n H\u00e0", "29": "\u0110\u1ed1i di\u1ec7n tr\u01b0\u1eddng THCS \u0110\u1ee9c Giang", "30": "UBND huy\u1ec7n Ho\u00e0i \u0110\u1ee9c", "31": "\u0110\u1ed1i di\u1ec7n B\u01b0u \u0111i\u1ec7n Ho\u00e0i \u0110\u1ee9c (Tr\u1ecb tr\u1ea5n Tr\u00f4i) - Qu\u1ed1c l\u1ed9 32", "32": "(A) Ho\u00e0i \u0110\u1ee9c (B\u1ebfn xe Ho\u00e0i \u0110\u1ee9c) - Tuy\u1ebfn 97"}}