{"Lat": {"0": 21.031983333299998, "1": 21.02705, "2": 21.0228, "3": 21.020017000000003, "4": 21.0168833333, "5": 21.0146333333, "6": 21.0125166667, "7": 21.0090666667, "8": 21.005966, "9": 21.00455, "10": 21.0039833333, "11": 21.00095, "12": 20.9963333333, "13": 20.99155, "14": 20.988766666700002, "15": 20.9852333333, "16": 20.9836333333, "17": 20.98345, "18": 20.98355, "19": 20.97995, "20": 20.97385, "21": 20.969583333299997, "22": 20.9644333333, "23": 20.96525, "24": 20.9660166667, "25": 20.964876999999998, "26": 20.960063, "27": 20.9577333333, "28": 20.955455, "29": 20.9526333333}, "BusStopCode": {"0": 3289, "1": 3253, "2": 2857, "3": 93, "4": 847, "5": 848, "6": 3254, "7": 3255, "8": 3256, "9": 3257, "10": 634, "11": 158, "12": 3258, "13": 3259, "14": 3260, "15": 819, "16": 3261, "17": 3262, "18": 3263, "19": 3264, "20": 3265, "21": 3266, "22": 112, "23": 3267, "24": 113, "25": 429, "26": 430, "27": 3268, "28": 3269, "29": 3270}, "FleetOver": {"0": "99", "1": "50,99", "2": "50,99", "3": "28,30,49,99", "4": "25,28,99", "5": "25,28,99", "6": "99", "7": "99", "8": "99", "9": "18,23,99", "10": "18,23,99", "11": "03,18,21A,21B,23,25,28,32,41,99", "12": "99", "13": "99", "14": "99", "15": "36,36CT,99", "16": "106,42,99", "17": "106,42,99", "18": "42,99", "19": "99", "20": "99", "21": "99", "22": "04,48,99", "23": "04,48,99", "24": "04,48,99", "25": "03B,04,06A,06B,06C,06D,06E,08A,08ACT,101,106,12,16,37,60A,60B,94,99", "26": "03B,04,06A,06B,06C,06D,06E,08A,08ACT,101,106,12,16,37,48,60A,60B,94,99", "27": "60A,99", "28": "60A,99", "29": "99"}, "Lng": {"0": 105.829733333, "1": 105.82756666700001, "2": 105.8265, "3": 105.82666, "4": 105.83115, "5": 105.833616667, "6": 105.83235, "7": 105.831566667, "8": 105.8344, "9": 105.8357, "10": 105.838466667, "11": 105.84118333299999, "12": 105.84288333299999, "13": 105.8444, "14": 105.846483333, "15": 105.84631666700001, "16": 105.84893333299999, "17": 105.853433333, "18": 105.86221666700001, "19": 105.8646, "20": 105.86606666700001, "21": 105.8671, "22": 105.8667, "23": 105.85551699999999, "24": 105.84463333299999, "25": 105.84183200000001, "26": 105.84218600000001, "27": 105.844883333, "28": 105.84691200000002, "29": 105.84971666700001}, "Name": {"0": "(A) Kim M\u00e3 -- Tuy\u1ebfn 99", "1": "\u0110\u1ed1i di\u1ec7n 116 H\u00e0o Nam", "2": "H\u00e8 qua c\u1ed5ng H\u1ecdc vi\u1ec7n \u00c2m nh\u1ea1c Qu\u1ed1c gia Vi\u1ec7t Nam - 77 H\u00e0o Nam", "3": "144 \u00d4 Ch\u1ee3 D\u1eeba", "4": "253 X\u00e3 \u0110\u00e0n - Platform", "5": "165 X\u00e3 \u0110\u00e0n - Platform", "6": "208A Ng\u00f5 X\u00e3 \u0110\u00e0n 2", "7": "Trung t\u00e2m v\u0103n h\u00f3a th\u1ec3 thao qu\u1eadn \u0110\u1ed1ng \u0110a ( \u0110\u1eb7ng V\u0103n Ng\u1eef)", "8": "39 \u0110\u00f4ng T\u00e1c ( \u0110\u1ed1i di\u1ec7n nh\u00e0 m\u00e1y n\u01b0\u1edbc s\u1ea1ch Kim Li\u00ean)", "9": "S\u1ed1 3C5 L\u01b0\u01a1ng \u0110\u1ecbnh C\u1ee7a", "10": "15 Ph\u01b0\u01a1ng Mai - B\u1ec7nh vi\u1ec7n Da Li\u1ec5u Trung \u01af\u01a1ng", "11": "B\u1ec7nh vi\u1ec7n B\u1ea1ch Mai - 78 Gi\u1ea3i Ph\u00f3ng", "12": "138 Ph\u1ed1 V\u1ecdng", "13": "101 Nguy\u1ec5n An Ninh", "14": "15 Nguy\u1ec5n An Ninh", "15": "468 Tr\u01b0\u01a1ng \u0110\u1ecbnh", "16": "\u0110\u1ed1i di\u1ec7n tr\u01b0\u1eddng THCS T\u00e2n Mai", "17": "\u0110\u1ed1i di\u1ec7n c\u00f4ng vi\u00ean h\u1ed3 \u0110\u1ec1n L\u1eeb", "18": "Ch\u1ee3 \u0110\u1ea7u m\u1ed1i ph\u00eda Nam", "19": "Tr\u1ea1m bi\u1ebfn \u00e1p b\u01a1m ti\u1ebfp n\u01b0\u1edbc Tr\u1ea7n Ph\u00fa - \u0110\u1ed1i di\u1ec7n 559 Nguy\u1ec5n Tam Trinh", "20": "868 Tam Trinh", "21": "G\u1ea7n c\u1ed5ng v\u00e0o Metro Ho\u00e0ng Mai 50m - 126 Nguy\u1ec5n Tam Trinh (c\u1ea1nh c\u1ed9t \u0111i\u1ec7n)", "22": "C\u00f4ng ty TNHH Minh Tr\u01b0\u1eddng Sinh - \u0110\u01b0\u1eddng d\u1eabn c\u1ea7u Thanh Tr\u00ec", "23": "\u0110\u1ed1i di\u1ec7n c\u00f4ng vi\u00ean Y\u00ean S\u1edf", "24": "Qua l\u1ed1i r\u1ebd khu h\u00e0nh ch\u00ednh qu\u1eadn Ho\u00e0ng Mai - \u0111\u01b0\u1eddng Ph\u00e1p V\u00e2n", "25": "\u0110\u1ed1i di\u1ec7n T\u1eadp th\u1ec3 B\u1ebfn xe N\u01b0\u1edbc ng\u1ea7m H\u00e0 N\u1ed9i - Ng\u1ecdc H\u1ed3i", "26": "Tr\u01b0\u1eddng PTTH Vi\u1ec7t Nam Balan (\u0110\u1ed1i di\u1ec7n Kh\u00e1ch s\u1ea1n Nam Th\u00e0nh) - Ng\u1ecdc H\u1ed3i", "27": "Tr\u1ea1m bi\u1ebfn \u00e1p Ph\u00e1p V\u00e2n 6 (ng\u00f5 83 Ng\u1ecdc H\u1ed3i)", "28": "Nh\u00e0 No9 K\u0110T Ph\u00e1p V\u00e2n", "29": "(B) BV N\u1ed9i Ti\u1ebft TW c\u01a1 s\u1edf 2 - Tuy\u1ebfn 99"}}