{"Lat": {"0": 21.0232166667, "1": 21.0186, "2": 21.020566666700002, "3": 21.026733333299997, "4": 21.031982, "5": 21.0345833333, "6": 21.041116666700002, "7": 21.040364999999998, "8": 21.04175, "9": 21.042845, "10": 21.042403, "11": 21.041448000000003, "12": 21.042995, "13": 21.044385000000002, "14": 21.0466833333, "15": 21.048317, "16": 21.04635, "17": 21.04635, "18": 21.04635, "19": 21.046257999999998, "20": 21.04615, "21": 21.050738, "22": 21.0574666667, "23": 21.0622, "24": 21.07015, "25": 21.0771833333, "26": 21.081999999999997, "27": 21.0875}, "BusStopCode": {"0": 1936, "1": 754, "2": 347, "3": 391, "4": 190, "5": 188, "6": 868, "7": 638, "8": 639, "9": 640, "10": 690, "11": 691, "12": 692, "13": 2126, "14": 694, "15": 695, "16": 233, "17": 234, "18": 235, "19": 236, "20": 228, "21": 594, "22": 595, "23": 597, "24": 596, "25": 598, "26": 3455, "27": 1758}, "FleetOver": {"0": "14CT", "1": "02,03,09CT,14CT,35A,42,43,44,45,49", "2": "02,09CT,14CT,18,23,40,45,49", "3": "04,08ACT,08BCT,09CT,11,14CT,18,23,31,34", "4": "04,08A,08ACT,08B,08BCT,11,14CT,18,23,31,34,86,86CT", "5": "04,08A,08ACT,08B,08BCT,11,14,14CT,18,23,31,34", "6": "01,14,14CT,22A,31", "7": "14,14CT,18,22A,23", "8": "14,14CT,22A", "9": "14,14CT,45,50", "10": "14,14CT,45", "11": "14,14CT,45", "12": "14,14CT,45", "13": "14,14CT,90", "14": "14,14CT,45,90", "15": "14,14CT,45,90", "16": "13,14,14CT,33,45,96", "17": "07,14,14CT,33,38,45", "18": "07,14,14CT,33,38,45", "19": "07,14,14CT,33,38,45", "20": "07,14,14CT,33,45", "21": "07,14,14CT,27,35A,38,45,46,53A,53B,60A,60B,61", "22": "07,14,14CT,27,35A,38,45,46,53A,53B,60A,60B,61", "23": "07,14,14CT,27,28,35A,38,45,46,53A,53B,60A,60B,61", "24": "07,14,14CT,28,35B,46,53A,53B,56A,56C,57,60A,60B,61,93,95", "25": "07,14,14CT,28,35B,46,53A,53B,56A,56C,57,60A,60B,61,93,95", "26": "14,14CT,58", "27": "14,14CT"}, "Lng": {"0": 105.860683333, "1": 105.86056666700001, "2": 105.85826666700001, "3": 105.85621666700001, "4": 105.855672, "5": 105.8547, "6": 105.849616667, "7": 105.846823, "8": 105.84421666700001, "9": 105.837899, "10": 105.831328, "11": 105.826558, "12": 105.823586, "13": 105.815161, "14": 105.81200000000001, "15": 105.808771, "16": 105.8017, "17": 105.796866667, "18": 105.7921, "19": 105.787504, "20": 105.784783333, "21": 105.781663, "22": 105.782766667, "23": 105.784016667, "24": 105.78555, "25": 105.7868, "26": 105.78535, "27": 105.785816667}, "Name": {"0": "(A) Tr\u1ea7n Kh\u00e1nh D\u01b0 - Tuy\u1ebfn 14CT", "1": "\u0110\u1ed1i di\u1ec7n B\u1ec7nh Vi\u1ec7n Trung \u01b0\u01a1ng Qu\u00e2n \u0111\u1ed9i 108 - Tr\u1ea7n H\u01b0ng \u0110\u1ea1o", "2": "\u0110\u1ea1i h\u1ecdc Khoa h\u1ecdc t\u1ef1 nhi\u00ean - 19 L\u00ea Th\u00e1nh T\u00f4ng", "3": "51 L\u00fd Th\u00e1i T\u1ed5 - Ng\u00e2n h\u00e0ng Nh\u00e0 n\u01b0\u1edbc Vi\u1ec7t Nam", "4": "23 H\u00e0ng Tre", "5": "S\u1ed1 3 H\u00e0ng Mu\u1ed1i", "6": "E3.1 \u0110i\u1ec3m trung chuy\u1ec3n Long Bi\u00ean", "7": "10-12 Qu\u00e1n Th\u00e1nh", "8": "86 Qu\u00e1n Th\u00e1nh - B\u1ed9 ch\u1ec9 huy Qu\u00e2n s\u1ef1 Qu\u1eadn Ba \u0110\u00ecnh", "9": "192A Qu\u00e1n Th\u00e1nh", "10": "12 Th\u1ee5y Khu\u00ea -C\u1ea1nh Tr\u01b0\u1eddng THPT Chu V\u0103n An.", "11": "72-74 Th\u1ee5y Khu\u00ea (\u0110\u1ed1i di\u1ec7n XN xe \u0111i\u1ec7n H\u00e0 N\u1ed9i)", "12": "130E -132A Th\u1ee5y Khu\u00ea (C\u00f4ng ty XNK L\u01b0\u01a1ng th\u1ef1c th\u1ef1c ph\u1ea9m H\u00e0 N\u1ed9i - Qua Tr\u01b0\u1eddng TH Chu V\u0103n An)", "13": "H\u00e8 tr\u01b0\u1edbc nh\u00e0 278 Th\u1ee5y Khu\u00ea", "14": "382-384 Th\u1ee5y Khu\u00ea", "15": "528 Th\u1ee5y Khu\u00ea", "16": "Trung t\u00e2m KHTN C\u00f4ng ngh\u1ec7 Qu\u1ed1c Gia - 18 Ho\u00e0ng Qu\u1ed1c Vi\u1ec7t", "17": "90 Ho\u00e0ng Qu\u1ed1c Vi\u1ec7t - Ng\u00e3 3 Nguy\u1ec5n V\u0103n Huy\u00ean", "18": "122-124 Ho\u00e0ng Qu\u1ed1c Vi\u1ec7t", "19": "212 Ho\u00e0ng Qu\u1ed1c Vi\u1ec7t - \u0110\u1ed1i di\u1ec7n HV Ch\u00ednh tr\u1ecb Qu\u1ed1c Gia H\u1ed3 Ch\u00ed Minh", "20": "Tr\u1ea1m trung chuy\u1ec3n xe bu\u00fdt Ho\u00e0ng Qu\u1ed1c Vi\u1ec7t (c\u1ed9t sau) - chi\u1ec1u \u0111i Ph\u1ea1m V\u0103n \u0110\u1ed3ng", "21": "36A Ph\u1ea1m V\u0103n \u0110\u1ed3ng", "22": "527 Ph\u1ea1m V\u0103n \u0110\u1ed3ng", "23": "Qua 70m \u0111\u01b0\u1eddng v\u00e0o c\u00f4ng vi\u00ean H\u00f2a B\u00ecnh - Ph\u1ea1m V\u0103n \u0110\u1ed3ng", "24": "373 Ph\u1ea1m V\u0103n \u0110\u1ed3ng", "25": "113 Ph\u1ea1m V\u0103n \u0110\u1ed3ng", "26": "72 T\u00e2n Xu\u00e2n (Ch\u00e2n c\u1ea7u Th\u0103ng Long)", "27": "(B) C\u1ed5 Nhu\u1ebf - Tuy\u1ebfn 14"}}