{"Lat": {"0": 20.9933333333, "1": 21.0009, "2": 21.006283, "3": 21.0106333333, "4": 21.015, "5": 21.0177333333, "6": 21.0186, "7": 21.020566666700002, "8": 21.0219, "9": 21.0229833333, "10": 21.026448000000002, "11": 21.027383333299998, "12": 21.02945, "13": 21.031983333299998, "14": 21.0354166667, "15": 21.038467999999998, "16": 21.04195, "17": 21.042845, "18": 21.042403, "19": 21.041448000000003, "20": 21.042995, "21": 21.0432666667, "22": 21.0466833333, "23": 21.048317, "24": 21.04635, "25": 21.04635, "26": 21.04635, "27": 21.046257999999998, "28": 21.04615, "29": 21.050738, "30": 21.0574666667, "31": 21.0622, "32": 21.0672833333}, "BusStopCode": {"0": 3430, "1": 410, "2": 515, "3": 516, "4": 762, "5": 763, "6": 754, "7": 347, "8": 392, "9": 393, "10": 726, "11": 727, "12": 95, "13": 96, "14": 212, "15": 213, "16": 458, "17": 640, "18": 690, "19": 691, "20": 692, "21": 693, "22": 694, "23": 695, "24": 233, "25": 234, "26": 235, "27": 236, "28": 228, "29": 594, "30": 595, "31": 597, "32": 3429}, "FleetOver": {"0": "45", "1": "19,24,45,55", "2": "24,40,45,47B,48,51,55,55B", "3": "19,24,40,45,48,51,55,55B", "4": "19,40,45", "5": "19,40,45", "6": "02,03,09CT,14CT,35A,42,43,44,45,49", "7": "02,09CT,14CT,18,23,40,45,49", "8": "45,49", "9": "08A,08ACT,08B,08BCT,45,49", "10": "02,09,09CT,45", "11": "02,09,09CT,45", "12": "02,09,09CT,32,34,45", "13": "09,09CT,18,41,45", "14": "22A,45,50", "15": "22A,45,50", "16": "45,50", "17": "14,14CT,45,50", "18": "14,14CT,45", "19": "14,14CT,45", "20": "14,14CT,45", "21": "45", "22": "14,14CT,45,90", "23": "14,14CT,45,90", "24": "13,14,14CT,33,45,96", "25": "07,14,14CT,33,38,45", "26": "07,14,14CT,33,38,45", "27": "07,14,14CT,33,38,45", "28": "07,14,14CT,33,45", "29": "07,14,14CT,27,35A,38,45,46,53A,53B,60A,60B,61", "30": "07,14,14CT,27,35A,38,45,46,53A,53B,60A,60B,61", "31": "07,14,14CT,27,28,35A,38,45,46,53A,53B,60A,60B,61", "32": "45"}, "Lng": {"0": 105.86755, "1": 105.87061666700001, "2": 105.86838300000001, "3": 105.864516667, "4": 105.86265, "5": 105.862016667, "6": 105.86056666700001, "7": 105.85826666700001, "8": 105.85515, "9": 105.85185, "10": 105.84966599999998, "11": 105.84665, "12": 105.84238333299999, "13": 105.83986666700001, "14": 105.839333333, "15": 105.839906, "16": 105.84015, "17": 105.837899, "18": 105.831328, "19": 105.826558, "20": 105.823586, "21": 105.81753333299999, "22": 105.81200000000001, "23": 105.808771, "24": 105.8017, "25": 105.796866667, "26": 105.7921, "27": 105.787504, "28": 105.784783333, "29": 105.781663, "30": 105.782766667, "31": 105.784016667, "32": 105.787066667}, "Name": {"0": "(A) K\u0110T Times City - Tuy\u1ebfn 45", "1": "690 - 692 Minh Khai", "2": "287 Nguy\u1ec5n Kho\u00e1i (Ng\u00e3 3 D\u1ed1c Minh Khai)", "3": "\u0110\u1ed1i di\u1ec7n BX L\u01b0\u01a1ng Y\u00ean (Tr\u01b0\u1edbc nh\u00e0 17B1 \u0110\u1ea7m Tr\u1ea5u) - Nguy\u1ec5n Kho\u00e1i", "4": "\u0110\u1ed1i di\u1ec7n ph\u00f2ng ch\u1ee5p c\u1eaft l\u1edbp vi t\u00ednh 64 l\u1edbp - s\u1ed1 1 Tr\u1ea7n Kh\u00e1nh D\u01b0 (\u0111\u01b0\u1eddng d\u01b0\u1edbi)", "5": "\u0110\u1ed1i di\u1ec7n Khoa A11 Vi\u1ec7n 108 (C\u00e1ch ng\u00e3 3 Tr\u1ea7n Kh\u00e1nh D\u01b0 - Tr\u1ea7n H\u01b0ng \u0110\u1ea1o 80m)", "6": "\u0110\u1ed1i di\u1ec7n B\u1ec7nh Vi\u1ec7n Trung \u01b0\u01a1ng Qu\u00e2n \u0111\u1ed9i 108 - Tr\u1ea7n H\u01b0ng \u0110\u1ea1o", "7": "\u0110\u1ea1i h\u1ecdc Khoa h\u1ecdc t\u1ef1 nhi\u00ean - 19 L\u00ea Th\u00e1nh T\u00f4ng", "8": "18 L\u00fd Th\u01b0\u1eddng Ki\u1ec7t - T\u1ed5ng C\u00f4ng ty Du L\u1ecbch H\u00e0 N\u1ed9i", "9": "\u0110\u1ed1i di\u1ec7n 39 L\u00fd Th\u01b0\u1eddng Ki\u1ec7t", "10": "6-8 Tr\u00e0ng Thi (Qua ng\u00e3 4 Tr\u00e0ng Thi - L\u00fd Qu\u1ed1c S\u01b0)", "11": "B\u1ec7nh vi\u1ec7n Vi\u1ec7t \u0110\u1ee9c - 40 Tr\u00e0ng Thi", "12": "12A \u0110i\u1ec7n Bi\u00ean Ph\u1ee7", "13": "C\u1ed9t c\u1edd H\u00e0 N\u1ed9i - \u0110i\u1ec7n Bi\u00ean Ph\u1ee7", "14": "\u0110\u1ed1i di\u1ec7n t\u01b0\u1ee3ng \u0111\u00e0i B\u1eafc S\u01a1n - Ho\u00e0ng Di\u1ec7u", "15": "\u0110\u1ed1i di\u1ec7n \u0111\u01b0\u1eddng Ho\u00e0ng V\u0103n Th\u1ee5 - Ho\u00e0ng Di\u1ec7u", "16": "19 Nguy\u1ec5n Bi\u1ec3u", "17": "192A Qu\u00e1n Th\u00e1nh", "18": "12 Th\u1ee5y Khu\u00ea -C\u1ea1nh Tr\u01b0\u1eddng THPT Chu V\u0103n An.", "19": "72-74 Th\u1ee5y Khu\u00ea (\u0110\u1ed1i di\u1ec7n XN xe \u0111i\u1ec7n H\u00e0 N\u1ed9i)", "20": "130E -132A Th\u1ee5y Khu\u00ea (C\u00f4ng ty XNK L\u01b0\u01a1ng th\u1ef1c th\u1ef1c ph\u1ea9m H\u00e0 N\u1ed9i - Qua Tr\u01b0\u1eddng TH Chu V\u0103n An)", "21": "260 Th\u1ee5y Khu\u00ea - Qua d\u1ed1c Tam \u0110a 100m", "22": "382-384 Th\u1ee5y Khu\u00ea", "23": "528 Th\u1ee5y Khu\u00ea", "24": "Trung t\u00e2m KHTN C\u00f4ng ngh\u1ec7 Qu\u1ed1c Gia - 18 Ho\u00e0ng Qu\u1ed1c Vi\u1ec7t", "25": "90 Ho\u00e0ng Qu\u1ed1c Vi\u1ec7t - Ng\u00e3 3 Nguy\u1ec5n V\u0103n Huy\u00ean", "26": "122-124 Ho\u00e0ng Qu\u1ed1c Vi\u1ec7t", "27": "212 Ho\u00e0ng Qu\u1ed1c Vi\u1ec7t - \u0110\u1ed1i di\u1ec7n HV Ch\u00ednh tr\u1ecb Qu\u1ed1c Gia H\u1ed3 Ch\u00ed Minh", "28": "Tr\u1ea1m trung chuy\u1ec3n xe bu\u00fdt Ho\u00e0ng Qu\u1ed1c Vi\u1ec7t (c\u1ed9t sau) - chi\u1ec1u \u0111i Ph\u1ea1m V\u0103n \u0110\u1ed3ng", "29": "36A Ph\u1ea1m V\u0103n \u0110\u1ed3ng", "30": "527 Ph\u1ea1m V\u0103n \u0110\u1ed3ng", "31": "Qua 70m \u0111\u01b0\u1eddng v\u00e0o c\u00f4ng vi\u00ean H\u00f2a B\u00ecnh - Ph\u1ea1m V\u0103n \u0110\u1ed3ng", "32": "(B) Nam Th\u0103ng Long - Tuy\u1ebfn 45"}}