{"Lat": {"0": 20.97985, "1": 20.9803833333, "2": 20.9762666667, "3": 20.9717833333, "4": 20.964876999999998, "5": 20.960063, "6": 20.9549833333, "7": 20.9521333333, "8": 20.94655, "9": 20.9422833333, "10": 20.9389, "11": 20.9353, "12": 20.9321833333, "13": 20.9268, "14": 20.923066666700002, "15": 20.918665, "16": 20.912233333299998, "17": 20.9075166667, "18": 20.9033833333, "19": 20.89355, "20": 20.8883, "21": 20.8799333333, "22": 20.87465, "23": 20.868916666700002, "24": 20.8636, "25": 20.8540166667, "26": 20.842783333299998, "27": 20.83075, "28": 20.8234, "29": 20.8064, "30": 20.80375, "31": 20.800517000000003, "32": 20.798000000000002, "33": 20.7947166667, "34": 20.7946666667, "35": 20.791999999999998, "36": 20.7901833333, "37": 20.7831666667, "38": 20.7798, "39": 20.769916666700002, "40": 20.7657833333, "41": 20.759116666700002}, "BusStopCode": {"0": 1683, "1": 162, "2": 163, "3": 164, "4": 429, "5": 430, "6": 431, "7": 432, "8": 433, "9": 434, "10": 435, "11": 436, "12": 437, "13": 438, "14": 1224, "15": 1225, "16": 1226, "17": 1228, "18": 1227, "19": 1229, "20": 1230, "21": 1231, "22": 1232, "23": 1233, "24": 1234, "25": 1235, "26": 1236, "27": 1237, "28": 1238, "29": 1239, "30": 1517, "31": 1519, "32": 1521, "33": 2950, "34": 1529, "35": 1531, "36": 2920, "37": 1533, "38": 1535, "39": 2639, "40": 2640, "41": 2638}, "FleetOver": {"0": "06E", "1": "03B,06A,06B,06C,06D,06E,08A,08ACT,08B,08BCT,106,12,16,21B,22C", "2": "03B,06A,06B,06C,06D,06E,08A,08ACT,08B,08BCT,101,106,12,16,21B,22C,29,36,36CT,37,94", "3": "03B,06A,06B,06C,06D,06E,08A,08ACT,08B,08BCT,101,106,12,16,21B,22C,29,36,36CT,37,94", "4": "03B,04,06A,06B,06C,06D,06E,08A,08ACT,101,106,12,16,37,60A,60B,94,99", "5": "03B,04,06A,06B,06C,06D,06E,08A,08ACT,101,106,12,16,37,48,60A,60B,94,99", "6": "06A,06B,06C,06D,06E,08A,08ACT,101,12,94", "7": "06A,06B,06C,06D,06E,08A,08ACT,101,12,94", "8": "06A,06B,06C,06D,06E,08A,08ACT,101,12,39,94", "9": "06A,06B,06C,06D,06E,08A,08ACT,101,12,62,94", "10": "06A,06B,06C,06D,06E,08A,08ACT,101,12,62,94", "11": "06A,06B,06C,06D,06E,08A,08ACT,101,12,62,94", "12": "06A,06B,06C,06D,06E,08A,08ACT,101,12,62,94", "13": "06A,06B,06C,06D,06E,08A,08ACT,101,12,62,94", "14": "06A,06B,06C,06D,06E,101,62,94", "15": "06A,06B,06C,06D,06E,101,62,94", "16": "06A,06B,06C,06D,06E,101,62,94", "17": "06A,06B,06C,06D,06E,101,62,94", "18": "06A,06B,06C,06D,06E,101,62,94", "19": "06A,06B,06C,06D,06E,101,62,94", "20": "06A,06B,06C,06D,06E,101,62,94", "21": "06A,06B,06C,06D,06E,101,62,94", "22": "06A,06B,06C,06D,06E,101,62,94", "23": "06A,06C,06D,06E,101,62", "24": "06A,06C,06D,06E,101,108", "25": "06A,06C,06D,06E,101,108", "26": "06A,06C,06D,06E,101,108", "27": "06A,06C,06D,06E,101,108", "28": "06A,06C,06D,06E,101,108", "29": "06A,06C,06D,06E,101,108", "30": "06E", "31": "06E", "32": "06E", "33": "06E", "34": "06E", "35": "06E", "36": "06E", "37": "06E", "38": "06E", "39": "06E,91", "40": "06E,91", "41": "06E"}, "Lng": {"0": 105.841916667, "1": 105.84085, "2": 105.84078333299999, "3": 105.84076666700001, "4": 105.84183200000001, "5": 105.84218600000001, "6": 105.84321666700001, "7": 105.84381666700001, "8": 105.84416666700001, "9": 105.84386666700001, "10": 105.84428333299999, "11": 105.845733333, "12": 105.846966667, "13": 105.8493, "14": 105.8516, "15": 105.85230800000001, "16": 105.85238333299999, "17": 105.85265, "18": 105.8531, "19": 105.85606666700001, "20": 105.857733333, "21": 105.86035, "22": 105.86303333299999, "23": 105.86521666700001, "24": 105.867016667, "25": 105.87023333299999, "26": 105.87278333299999, "27": 105.8777, "28": 105.88186666700001, "29": 105.88393333299999, "30": 105.88173300000001, "31": 105.86016699999999, "32": 105.846966667, "33": 105.83938333299999, "34": 105.82965, "35": 105.82228333299999, "36": 105.816533333, "37": 105.80853333299999, "38": 105.80691666700001, "39": 105.80916666700001, "40": 105.81041666700001, "41": 105.81255}, "Name": {"0": "(A) BX Gi\u00e1p B\u00e1t - Tuy\u1ebfn 6E", "1": "\u0110\u1ed1i di\u1ec7n B\u1ebfn xe Gi\u00e1p B\u00e1t - Gi\u1ea3i Ph\u00f3ng", "2": "Ga Gi\u00e1p B\u00e1t - \u0110\u1ed1i di\u1ec7n 1035 Gi\u1ea3i Ph\u00f3ng", "3": "\u0110\u1ed1i di\u1ec7n 1251 Gi\u1ea3i Ph\u00f3ng", "4": "\u0110\u1ed1i di\u1ec7n T\u1eadp th\u1ec3 B\u1ebfn xe N\u01b0\u1edbc ng\u1ea7m H\u00e0 N\u1ed9i - Ng\u1ecdc H\u1ed3i", "5": "Tr\u01b0\u1eddng PTTH Vi\u1ec7t Nam Balan (\u0110\u1ed1i di\u1ec7n Kh\u00e1ch s\u1ea1n Nam Th\u00e0nh) - Ng\u1ecdc H\u1ed3i", "6": "Qua \u0111\u01b0\u1eddng v\u00e0o B\u1ec7nh vi\u1ec7n \u0111a khoa Th\u0103ng Long 60m - \u0110\u1ed1i di\u1ec7n 171 Ng\u1ecdc H\u1ed3i", "7": "\u0110\u1ed1i di\u1ec7n TCT c\u01a1 \u0111i\u1ec7n n\u00f4ng nghi\u1ec7p & Th\u1ee7y l\u1ee3i (V\u0103n \u0110i\u1ec3n) - 264 Ng\u1ecdc H\u1ed3i", "8": "\u0110\u1ed1i di\u1ec7n Tr\u1ee5 s\u1edf H\u0110ND huy\u1ec7n Thanh Tr\u00ec - Ng\u1ecdc H\u1ed3i", "9": "Qua ng\u00e3 3 Ng\u1ecdc H\u1ed3i - Phan Tr\u1ecdng Tu\u1ec7 100m - Ng\u1ecdc H\u1ed3i", "10": "Qua Khu t\u1eadp th\u1ec3 LIC\u00d4LA 100m - Ng\u1ecdc H\u1ed3i", "11": "G\u1ea7n ng\u00e3 3 \u0111\u01b0\u1eddng Qu\u1ef3nh \u0110\u00f4 - Ng\u1ecdc H\u1ed3i", "12": "Qua C\u00f4ng ty CP V\u1eadn t\u1ea3i & D\u1ecbch v\u1ee5 TS 15m - Ng\u1ecdc H\u1ed3i", "13": "Vi\u1ec7n nghi\u00ean c\u1ee9u tr\u1ed3ng & ph\u00e1t tri\u1ec3n c\u00e2y thu\u1ed1c", "14": "\u0110\u1ed9i 7 Th\u00f4n Ng\u1ecdc H\u1ed3i - Km 186+350 Qu\u1ed1c L\u1ed9 1A", "15": "C\u1ee5m C\u00f4ng nghi\u1ec7p v\u1eeba v\u00e0 nh\u1ecf Ng\u1ecdc H\u1ed3i - Km 186+900 Qu\u1ed1c L\u1ed9 1A", "16": "C\u00e1ch \u0111\u01b0\u1eddng v\u00e0o UBND x\u00e3 Li\u00ean Ninh 60m - Km 187+680 Qu\u1ed1c L\u1ed9 1A", "17": "\u0110\u1ed1i di\u1ec7n C\u00e2y x\u0103ng Li\u00ean Ninh - Qu\u1ed1c L\u1ed9 1A", "18": "Qua l\u1ed1i r\u1ebd v\u00e0o \u0110\u00ecnh \u0111\u1ec1n l\u00e0ng Y\u00ean Ph\u00fa 100m (Chi\u1ec1u Ga HN-Th\u01b0\u1eddng T\u00edn) - Qu\u1ed1c l\u1ed9 1A", "19": "\u0110\u01b0\u1eddng v\u00e0o X\u00ed Nghi\u1ec7p 198 - Km 189+780 Qu\u1ed1c L\u1ed9 1A", "20": "\u0110\u01b0\u1eddng v\u00e0o Tr\u1ea1i t\u1ea1m giam s\u1ed1 2 - Km 190+380 Qu\u1ed1c L\u1ed9 1A", "21": "Qua l\u1ed1i r\u1ebd tr\u1ea1m bi\u1ebfn \u00e1p 500KV (Khu Ga Th\u01b0\u1eddng T\u00edn) 50m - Km 191+360 Qu\u1ed1c L\u1ed9 1A", "22": "165 Th\u1ecb tr\u1ea5n Th\u01b0\u1eddng T\u00edn - Km 192 Qu\u1ed1c L\u1ed9 1A", "23": "\u0110\u01b0\u1eddng v\u00e0o B\u1ec7nh vi\u1ec7n t\u00e2m th\u1ea7n Trung \u01b0\u01a1ng - Km 192+660 Qu\u1ed1c L\u1ed9 1A", "24": "Qua BX Th\u01b0\u1eddng T\u00edn 50m - Qu\u1ed1c L\u1ed9 1A", "25": "\u0110\u1ed1i di\u1ec7n c\u00f4ng ty PTXD Ho\u00e0ng Long - Qu\u1ed1c L\u1ed9 1A", "26": "C\u1eeda h\u00e0ng \u0111i\u1ec7n tho\u1ea1i di \u0111\u1ed9ng Minh Thanh - Qu\u1ed1c L\u1ed9 1A", "27": "\u0110\u00f4ng Y Ph\u00fac Ki\u00ean (Ch\u1ee3 C\u1ea7u) - Qu\u1ed1c L\u1ed9 1A", "28": "Qua \u0111\u01b0\u1eddng v\u00e0o x\u01b0\u1edfng th\u00eau tay - Qu\u1ed1c L\u1ed9 1A", "29": "C\u1eeda h\u00e0ng \u0110TD\u0110 M\u1ea1nh C\u01b0\u1eddng (27 T\u00f4 Hi\u1ec7u - Ph\u1ed1 T\u00eda) - Qu\u1ed1c L\u1ed9 1A", "30": "Nh\u00e0 v\u0103n ho\u00e1 th\u00f4n T\u1eed D\u01b0\u01a1ng - TL 429", "31": "\u0110\u1ed1i di\u1ec7n c\u1ed9t m\u1ed1c Km5 - TL 429", "32": "\u0110\u1ed1i di\u1ec7n g\u1ea7n tr\u01b0\u1eddng THPT \u0110\u1ed3ng Quan - TL 429", "33": "Tr\u01b0\u1edbc c\u1ea7u \u0110\u1ed3ng Quan 70m", "34": "G\u1ea7n c\u1ed9t m\u1ed1c Km8+500 - TL 429", "35": "G\u1ea7n m\u1ed1c Km9+600 - TL 429", "36": "Qua l\u1ed1i r\u1ebd v\u00e0o ch\u00f9a Long Lai - th\u00f4n Ph\u00f9 B\u1eadt (Km10+200, t\u1ec9nh l\u1ed9 429)", "37": "G\u1ea7n m\u1ed1c Km11+400 - TL 429", "38": "Qua ng\u00e3 3 TL 429 \u0111i Ph\u00fa T\u00fac - 200m", "39": "C\u1ed5ng l\u00e0ng Ph\u00fa T\u00fac", "40": "\u0110\u1ed1i di\u1ec7n c\u1ed5ng th\u00f4n L\u01b0u Th\u01b0\u1ee3ng", "41": "(B) Ph\u00fa T\u00fac (Ph\u00fa Xuy\u00ean) - Tuy\u1ebfn 6E"}}