{"Lat": {"0": 21.1373833333, "1": 21.138, "2": 21.139397, "3": 21.140966666700002, "4": 21.1399833333, "5": 21.1338333333, "6": 21.1277666667, "7": 21.121033333299998, "8": 21.10875, "9": 21.1040166667, "10": 21.1028, "11": 21.1026666667, "12": 21.1000166667, "13": 21.0929666667, "14": 21.087433333299998, "15": 21.0796666667, "16": 21.07455, "17": 21.068267000000002, "18": 21.06493, "19": 21.061295, "20": 21.057883, "21": 21.052338, "22": 21.0497, "23": 21.04555, "24": 21.042351999999998, "25": 21.0321333333, "26": 21.0252833333, "27": 21.0222333333, "28": 21.0186, "29": 21.0195, "30": 21.020348000000002, "31": 21.021501999999998, "32": 21.02285, "33": 21.0172333333}, "BusStopCode": {"0": 3428, "1": 877, "2": 878, "3": 879, "4": 1403, "5": 1350, "6": 1404, "7": 1405, "8": 1406, "9": 1407, "10": 1408, "11": 1409, "12": 1410, "13": 1411, "14": 1412, "15": 1413, "16": 415, "17": 416, "18": 417, "19": 418, "20": 419, "21": 549, "22": 550, "23": 552, "24": 553, "25": 779, "26": 780, "27": 759, "28": 754, "29": 755, "30": 756, "31": 757, "32": 758, "33": 3427}, "FleetOver": {"0": "43", "1": "43,53A,59,61,65", "2": "43,53A,59,61,65", "3": "43,53A,59,61", "4": "15,17,43,59", "5": "15,17,43,59", "6": "15,17,43,59", "7": "15,17,43,46,59", "8": "15,17,43,46,59", "9": "15,17,43,46,59", "10": "15,17,43,46,59", "11": "15,17,43,46,59,65", "12": "15,17,43,59", "13": "15,17,43,59", "14": "15,17,43,59", "15": "15,17,43,59", "16": "10A,10B,15,17,43,54,59", "17": "10A,10B,15,17,43,54,98", "18": "10A,10B,15,17,43,54,98", "19": "10A,10B,15,17,42,43,54", "20": "10A,10B,15,17,42,43,54", "21": "10A,10B,11,15,17,42,43,48,54,65", "22": "01,10B,22A,42,43,54", "23": "01,03,100,10A,10B,17,22A,34,42,43,48,54,65", "24": "01,03,100,10A,10B,17,22A,34,42,43,48,54,65", "25": "03,24,34,42,43,48,55,55B,86,86CT", "26": "03,14CT,24,42,43,48,55,55B", "27": "02,03,24,35A,40,42,43,44,48,49,51,55,55B", "28": "02,03,09CT,14CT,35A,42,43,44,45,49", "29": "03,23,35A,43", "30": "03,35A,43", "31": "03,11,35A,43", "32": "03,11,40,43", "33": "43"}, "Lng": {"0": 105.86105, "1": 105.85905, "2": 105.85441100000001, "3": 105.84715, "4": 105.84458333299999, "5": 105.8436, "6": 105.843583333, "7": 105.84496666700001, "8": 105.85008333299999, "9": 105.85751666700001, "10": 105.867116667, "11": 105.871866667, "12": 105.88623333299999, "13": 105.894133333, "14": 105.90326666700001, "15": 105.90721666700001, "16": 105.906683, "17": 105.90045, "18": 105.897347, "19": 105.893869, "20": 105.89042099999999, "21": 105.885754, "22": 105.883467, "23": 105.875283333, "24": 105.870446, "25": 105.8561, "26": 105.85961666700001, "27": 105.86118333299999, "28": 105.86056666700001, "29": 105.85743333299999, "30": 105.8545, "31": 105.850773, "32": 105.846016667, "33": 105.84385}, "Name": {"0": "(B) \u0110\u00f4ng Anh - Tuy\u1ebfn 43", "1": "S\u1ed1 25 - 27 Cao L\u1ed7", "2": "17-19 Ph\u1ed1 T\u00f3, Uy N\u1ed7 - Cao L\u1ed7", "3": "9 Uy N\u1ed7 - Cao L\u1ed7", "4": "\u0110\u1ed1i di\u1ec7n Kho b\u1ea1c nh\u00e0 n\u01b0\u1edbc huy\u1ec7n \u0110\u00f4ng Anh, th\u1ecb tr\u1ea5n \u0110\u00f4ng Anh - Km 11+840 Qu\u1ed1c l\u1ed9 3", "5": "Tr\u01b0\u1edbc ng\u00e3 3 c\u00f4ng vi\u00ean C\u1ea7u \u0110\u00f4i 70m - Km11 Qu\u1ed1c l\u1ed9 3", "6": "\u0110\u1ed1i di\u1ec7n c\u00f4ng ty Minh C\u01b0\u1eddng - Km 10+960 Qu\u1ed1c l\u1ed9 3", "7": "Qua ng\u00e3 3 V\u0129nh Ng\u1ecdc - Km 9+335 Qu\u1ed1c l\u1ed9 3", "8": "\u0110\u1ed1i di\u1ec7n th\u00f4n V\u1ea1n L\u1ed9c (tr\u01b0\u1edbc ng\u00e3 3 \u0111\u01b0\u1eddng tr\u00e1nh QL5)", "9": "\u0110\u1ed1i di\u1ec7n C\u00f4ng Ty B\u00ea t\u00f4ng Appha - \u0110\u00f4ng H\u1ed9i  - Km 6+650 Qu\u1ed1c l\u1ed9 3", "10": "G\u1ea7n C\u1ed5ng L\u00e0ng Ti\u00ean H\u1ed9i, c\u00e2y \u0111a B\u00e1c H\u1ed3 - Km 5 +700 Qu\u1ed1c l\u1ed9 3", "11": "G\u1ea7n \u0111\u01b0\u1eddng v\u00e0o Khu di t\u00edch C\u1ed5 Loa 150m - Km 5+50 Qu\u1ed1c l\u1ed9 3", "12": "\u0110\u1ed1i di\u1ec7n ng\u00e3 3 D\u1ee5c T\u00fa, th\u00f4n L\u1ed9c H\u00e0 - Qu\u1ed1c l\u1ed9 3", "13": "C\u00f4ng ty \u0111\u00fac Mai L\u00e2m - Qu\u1ed1c l\u1ed9 3", "14": "\u0110\u1ed1i di\u1ec7n ng\u00f5 v\u00e0o Cty CP v\u1eadt t\u01b0 M\u1ecf \u0111\u1ecba ch\u1ea5t - Qu\u1ed1c l\u1ed9 3", "15": "Ng\u00f5 53 Thi\u00ean \u0110\u1ee9c, Y\u00ean Vi\u00ean - Qu\u1ed1c l\u1ed9 3", "16": "1095 Ng\u00f4 Gia T\u1ef1", "17": "713 Ng\u00f4 Gia T\u1ef1", "18": "505 Ng\u00f4 Gia T\u1ef1", "19": "279 Ng\u00f4 Gia T\u1ef1", "20": "B\u01b0u c\u1ee5c Long Bi\u00ean - 79 Ng\u00f4 Gia T\u1ef1", "21": "Si\u00eau th\u1ecb Fivimart - 583 Nguy\u1ec5n V\u0103n C\u1eeb", "22": "549 Nguy\u1ec5n V\u0103n C\u1eeb (c\u1ed9t tr\u01b0\u1edbc)", "23": "Cty C\u1ea7u 5 Th\u0103ng Long - 307 Nguy\u1ec5n V\u0103n C\u1eeb", "24": "135 Nguy\u1ec5n V\u0103n C\u1eeb", "25": "162 Tr\u1ea7n Quang Kh\u1ea3i - Vi\u1ec7n Quy ho\u1ea1ch Th\u1ee7y L\u1ee3i", "26": "V\u01b0\u1eddn hoa Tr\u1ea7n Quang Kh\u1ea3i (\u0110\u1ed1i di\u1ec7n BQL X\u00e2y d\u1ef1ng c\u00f4ng tr\u00ecnh C\u00f4ng \u00edch)", "27": "Tr\u1ea1m trung chuy\u1ec3n xe bu\u00fdt Tr\u1ea7n Kh\u00e1nh D\u01b0 (Khu \u0111\u00f3n kh\u00e1ch)", "28": "\u0110\u1ed1i di\u1ec7n B\u1ec7nh Vi\u1ec7n Trung \u01b0\u01a1ng Qu\u00e2n \u0111\u1ed9i 108 - Tr\u1ea7n H\u01b0ng \u0110\u1ea1o", "29": "16 Tr\u1ea7n H\u01b0ng \u0110\u1ea1o", "30": "32 Tr\u1ea7n H\u01b0ng \u0110\u1ea1o", "31": "Th\u01b0 vi\u1ec7n H\u00e0 N\u1ed9i - 54E Tr\u1ea7n H\u01b0ng \u0110\u1ea1o", "32": "80 Tr\u1ea7n H\u01b0ng \u0110\u1ea1o - B\u1ed9 Giao th\u00f4ng v\u1eadn t\u1ea3i", "33": "(A) CV Th\u1ed1ng Nh\u1ea5t - Tuy\u1ebfn 43"}}