{"Lat": {"0": 20.949807999999997, "1": 20.951423000000002, "2": 20.958052, "3": 20.9602166667, "4": 20.962585, "5": 20.9646333333, "6": 20.9671833333, "7": 20.970569, "8": 20.9724166667, "9": 20.9758333333, "10": 20.9796166667, "11": 20.9810833333, "12": 20.983065, "13": 20.9862, "14": 20.9885166667, "15": 20.9902166667, "16": 20.99335, "17": 20.995383333299998, "18": 20.99855, "19": 21.000738000000002, "20": 21.007426000000002, "21": 21.0103166667, "22": 21.01687, "23": 21.019287, "24": 21.018933333299998, "25": 21.0233333333, "26": 21.023866666700002, "27": 21.029367, "28": 21.0351833333, "29": 21.0384, "30": 21.037567000000003, "31": 21.042563, "32": 21.045683333299998, "33": 21.04905, "34": 21.048159}, "BusStopCode": {"0": 1749, "1": 1487, "2": 651, "3": 652, "4": 653, "5": 654, "6": 655, "7": 656, "8": 657, "9": 801, "10": 802, "11": 803, "12": 804, "13": 538, "14": 539, "15": 545, "16": 4072, "17": 541, "18": 542, "19": 543, "20": 664, "21": 666, "22": 519, "23": 251, "24": 252, "25": 749, "26": 636, "27": 637, "28": 632, "29": 633, "30": 770, "31": 554, "32": 556, "33": 455, "34": 1670}, "FleetOver": {"0": "01", "1": "01,02,21A,27,33,37,57,62,89,91", "2": "01,02,21A,27,33,37,57,62,89", "3": "01,02,21A,27,33,37,57,62,89", "4": "01,02,105,21A,27,33,37,57,62,89", "5": "01,02,105,21A,27,33,37,57,62,89", "6": "01,02,21A,27,33,57,89", "7": "01,02,21A,27,33,57,89", "8": "01,02,21A,27,33,57,89", "9": "01,02,103,105,106,19,21A,22B,22C,27,33", "10": "01,02,103,105,106,19,21A,22B,22C,27,33,39,85", "11": "01,02,103,105,19,21A,22B,22C,27,33,39", "12": "01,02,105,19,21A,22B,22C,27,39", "13": "01,02,105,19,21A,22B,22C,27,39", "14": "01,02,105,19,21A,22B,22C,27,39", "15": "01,02,105,19,21A,22B,22C,27,39", "16": "01,02,05,105,19,21A,21B,27,29,60A", "17": "01,02,05,19,21A,21B,27,44,60B", "18": "01,02,19,21A,21B,27,44", "19": "01,02,104,19,21A,21B,27,44", "20": "01,02,21A,21B,44,84", "21": "01,02,09,09CT,23", "22": "01,02,09,09CT", "23": "01,09,09CT,30,41,49", "24": "01,09,09CT,30,41,49", "25": "01,03,38,49", "26": "01,32,40", "27": "01", "28": "01,18,23,36,36CT", "29": "01,18,23", "30": "01,03,100,10B,11,14,14CT,17,18,22A,23,34,47A,54,98", "31": "01,10B,22A,42", "32": "01,03,100,10A,10B,17,22A,34,42,43,48,54,65", "33": "01,03,11,22A,34", "34": "01"}, "Lng": {"0": 105.74740200000001, "1": 105.750547, "2": 105.759623, "3": 105.76245, "4": 105.76546, "5": 105.76803333299999, "6": 105.7714, "7": 105.775677, "8": 105.77783333299999, "9": 105.7826, "10": 105.78745, "11": 105.7892, "12": 105.79176000000001, "13": 105.796016667, "14": 105.79931666700001, "15": 105.8017, "16": 105.806233333, "17": 105.80908333299999, "18": 105.8138, "19": 105.817132, "20": 105.82351299999999, "21": 105.82505, "22": 105.82902299999999, "23": 105.83339, "24": 105.83853333299999, "25": 105.84405, "26": 105.8448, "27": 105.84651299999999, "28": 105.8458, "29": 105.846566667, "30": 105.85275, "31": 105.871196, "32": 105.875983333, "33": 105.87596666700001, "34": 105.878495}, "Name": {"0": "(B) BX Y\u00ean Ngh\u0129a - Tuy\u1ebfn 01", "1": "Tr\u01b0\u1eddng trung c\u1ea5p Kinh t\u1ebf - T\u00e0i ch\u00ednh H\u00e0 N\u1ed9i", "2": "807 Quang Trung - H\u00e0 \u0110\u00f4ng", "3": "707-709 Quang Trung, H\u00e0 \u0110\u00f4ng (c\u1ed9t m\u1ed1c H3/15)", "4": "Qua ng\u00e3 t\u01b0 Quang Trung, L\u00ea Tr\u1ecdng T\u1ea5n - 521 Quang Trung (H\u00e0 \u0110\u00f4ng)", "5": "\u0110\u1ed1i di\u1ec7n \u0111\u01b0\u1eddng v\u00e0o ch\u1ee3 La Kh\u00ea (Qua Ga metro La Kh\u00ea) - 405 Quang Trung (H\u00e0 \u0110\u00f4ng)", "6": "267 Quang Trung - H\u00e0 \u0110\u00f4ng", "7": "85 Quang Trung (H\u00e0 \u0110\u00f4ng) - \u0110\u00ecnh C\u1ea7u \u0110\u01a1", "8": "15 Quang Trung - H\u00e0 \u0110\u00f4ng", "9": "Li\u00ean minh c\u00e1c HTX H\u00e0 N\u1ed9i - S\u1ed1 1 Tr\u1ea7n Ph\u00fa (H\u00e0 \u0110\u00f4ng)", "10": "Si\u00eau th\u1ecb Nguy\u1ec5n Kim - Km10 Nguy\u1ec5n Tr\u00e3i (H\u00e0 \u0110\u00f4ng)", "11": "\u0110\u1ea1i h\u1ecdc Ki\u1ebfn Tr\u00fac - Tr\u1ea7n Ph\u00fa (H\u00e0 \u0110\u00f4ng)", "12": "H\u1ecdc vi\u1ec7n An ninh nh\u00e2n d\u00e2n - Tr\u1ea7n Ph\u00fa (H\u00e0 \u0110\u00f4ng )", "13": "C\u00f4ng ty CP T\u01b0 v\u1ea5n \u0111\u1ea7u t\u01b0 M\u1ecf v\u00e0 C\u00f4ng nghi\u1ec7p - 565 Nguy\u1ec5n Tr\u00e3i", "14": "T\u1ed5ng C\u00f4ng ty x\u00e2y d\u1ef1ng S\u00f4ng \u0110\u00e0 - 493 Nguy\u1ec5n Tr\u00e3i", "15": "477 Nguy\u1ec5n Tr\u00e3i - H\u1ecdc vi\u1ec7n Khoa h\u1ecdc X\u00e3 h\u1ed9i", "16": "Tr\u01b0\u1edbc s\u1ed1 277 Nguy\u1ec5n Tr\u00e3i - B\u00e1ch h\u00f3a gi\u00e0y Th\u01b0\u1ee3ng \u0110\u00ecnh", "17": "C\u00f4ng ty thu\u1ed1c l\u00e1 Th\u0103ng Long - 235 Nguy\u1ec5n Tr\u00e3i", "18": "Ng\u00e3 3 Kim Giang - 185A Nguy\u1ec5n Tr\u00e3i", "19": "S\u00e2n v\u1eadn \u0111\u1ed9ng Th\u01b0\u1ee3ng \u0110\u00ecnh - 129 Nguy\u1ec5n Tr\u00e3i", "20": "\u0110\u1ea1i h\u1ecdc Thu\u1ef7 L\u1ee3i - 175 T\u00e2y S\u01a1n (c\u1ed9t tr\u01b0\u1edbc)", "21": "\u0110\u1ea1i h\u1ecdc C\u00f4ng \u0110o\u00e0n - 169 T\u00e2y S\u01a1n", "22": "83 Nguy\u1ec5n L\u01b0\u01a1ng B\u1eb1ng", "23": "221A-221B Kh\u00e2m Thi\u00ean (\u0110\u1ed1i di\u1ec7n 302)", "24": "\u0110\u00e0i t\u01b0\u1edfng ni\u1ec7m Kh\u00e2m Thi\u00ean - 45 Kh\u00e2m Thi\u00ean", "25": "Cung VH H\u1eefu Ngh\u1ecb Vi\u1ec7t X\u00f4 - 91 Tr\u1ea7n H\u01b0ng \u0110\u1ea1o", "26": "65 Qu\u00e1n S\u1ee9 (\u0110\u1ed1i di\u1ec7n 80 Qu\u00e1n S\u1ee9)", "27": "B\u1ec7nh vi\u1ec7n Vi\u1ec7t \u0110\u1ee9c - \u0110\u1ed1i di\u1ec7n s\u1ed1 10 Qu\u00e1n S\u1ee9", "28": "115 Ph\u00f9ng H\u01b0ng", "29": "\u0110\u1ed1i di\u1ec7n 16 Ph\u00f9ng H\u01b0ng (\u0111\u01b0\u1eddng trong)", "30": "80 Tr\u1ea7n Nh\u1eadt Du\u1eadt", "31": "T\u1ed5ng c\u1ee5c H\u1ea3i Quan - 162 Nguy\u1ec5n V\u0103n C\u1eeb (c\u1ed9t tr\u01b0\u1edbc)", "32": "358 - 360 Nguy\u1ec5n V\u0103n C\u1eeb", "33": "\u0110\u1ed1i di\u1ec7n 447 Ng\u1ecdc L\u00e2m - V\u01b0\u1eddn hoa Gia L\u00e2m", "34": "(A) BX Gia L\u00e2m - Tuy\u1ebfn 01"}}