{"Lat": {"0": 21.067283, "1": 21.07015, "2": 21.0771833333, "3": 21.1171666667, "4": 21.12645, "5": 21.1319, "6": 21.1418, "7": 21.1530833333, "8": 21.1581833333, "9": 21.1652666667, "10": 21.185933, "11": 21.192593, "12": 21.205018, "13": 21.2145166667, "14": 21.2188, "15": 21.2250166667, "16": 21.2296, "17": 21.2359166667, "18": 21.2389166667, "19": 21.2414666667, "20": 21.24795, "21": 21.2518166667, "22": 21.256833333299998, "23": 21.2572, "24": 21.2571833333, "25": 21.25735, "26": 21.2573333333, "27": 21.2570333333, "28": 21.2570333333}, "BusStopCode": {"0": 1725, "1": 596, "2": 598, "3": 882, "4": 883, "5": 885, "6": 886, "7": 887, "8": 888, "9": 889, "10": 890, "11": 891, "12": 892, "13": 893, "14": 894, "15": 965, "16": 966, "17": 967, "18": 969, "19": 970, "20": 968, "21": 971, "22": 972, "23": 1107, "24": 1108, "25": 1109, "26": 1110, "27": 1113, "28": 1784}, "FleetOver": {"0": "56A", "1": "07,14,14CT,28,35B,46,53A,53B,56A,56C,57,60A,60B,61,93,95", "2": "07,14,14CT,28,35B,46,53A,53B,56A,56C,57,60A,60B,61,93,95", "3": "07,35B,53A,53B,56A,56C,58,60B,61,93,95", "4": "07,35B,53A,53B,56A,56C,58,61,64,93,95", "5": "07,35B,53A,53B,56A,56C,58,61,64,93,95", "6": "07,35B,53A,53B,56A,56C,58,61,64,93,95", "7": "07,35B,53A,53B,56A,56C,58,61,64,93,95", "8": "07,35B,53A,53B,56A,56C,58,61,64,93,95", "9": "07,53B,56A,56C,58,64,93,95", "10": "07,56A,56C,58,64,95", "11": "07,56A,56C,58,64,95", "12": "07,56A,56C,58,64,95", "13": "07,56A,56C,58,64,95", "14": "56A,56C,58,95", "15": "56A,56C", "16": "56A,56C", "17": "56A,56C", "18": "56A,56C", "19": "56A,56C", "20": "56A,56C", "21": "56A,56C", "22": "56A,56C", "23": "56A,56C", "24": "56A,56B,56C", "25": "56A,56B,56C", "26": "56A,56B,56C", "27": "56A,56B,56C", "28": "56A"}, "Lng": {"0": 105.787067, "1": 105.78555, "2": 105.7868, "3": 105.78415, "4": 105.78116666700001, "5": 105.7792, "6": 105.77868333299999, "7": 105.7792, "8": 105.77943333299999, "9": 105.779733333, "10": 105.780533, "11": 105.78072900000001, "12": 105.779777, "13": 105.77873333299999, "14": 105.7746, "15": 105.7792, "16": 105.790066667, "17": 105.8095, "18": 105.816133333, "19": 105.8218, "20": 105.82895, "21": 105.83308333299999, "22": 105.840616667, "23": 105.84676666700001, "24": 105.850466667, "25": 105.85368333299999, "26": 105.85805, "27": 105.8604, "28": 105.868}, "Name": {"0": "(A) Nam Th\u0103ng Long - Tuy\u1ebfn 56A", "1": "373 Ph\u1ea1m V\u0103n \u0110\u1ed3ng", "2": "113 Ph\u1ea1m V\u0103n \u0110\u1ed3ng", "3": "Qua ng\u00e3 3 H\u1ea3i B\u1ed1i - V\u0129nh Ng\u1ecdc 300m", "4": "Qua ng\u00e3 t\u01b0 khu CN Th\u0103ng Long 100m (chi\u1ec1u H\u00e0 N\u1ed9i - N\u1ed9i B\u00e0i)", "5": "\u0110\u1ed1i di\u1ec7n UBND x\u00e3 Kim Chung- Km 2+230 Cao t\u1ed1c BTL-NB", "6": "Qua c\u1ea7u chui d\u00e2n sinh s\u1ed1 4 - \u0111\u01b0\u1eddng v\u00e0o th\u00f4n Nhu\u1ebf, Km 11+200 (chi\u1ec1u H\u00e0 N\u1ed9i \u0111i s\u00e2n bay N\u1ed9i B\u00e0i)", "7": "C\u1ea7u V\u00e2n Tr\u00ec- Km 4+560 Cao t\u1ed1c BTL-NB", "8": "Tr\u01b0\u1edbc 70m c\u1ea7u v\u01b0\u1ee3t Ng\u00e3 t\u01b0 Nam H\u1ed3ng Cao t\u1ed1c BTL-NB", "9": "C\u00f4ng ty c\u01a1 kh\u00ed Nam H\u1ed3ng- Km 6+120 Cao t\u1ed1c BTL-NB", "10": "\u0110\u1ed1i di\u1ec7n KCN Quang Minh (Melinh Palaza) - Km 8+100 Cao t\u1ed1c BTL-NB", "11": "Nh\u00e0 m\u00e1y t\u1ea5m l\u1ee3p VitMetal- Km 8+850 Cao t\u1ed1c BTL-NB", "12": "So\u00e1t v\u00e9 cao t\u1ed1c B\u1eafc Th\u0103ng Long - Km 10+230 Cao t\u1ed1c BTL-NB", "13": "Ng\u00e3 t\u01b0 Cao t\u1ed1c TL- Ph\u00fac Y\u00ean - Km 11+700 Cao t\u1ed1c BTL-NB", "14": "Tr\u01b0\u1edbc ng\u00e3 3 Qu\u1ed1c l\u1ed9 2 - cao t\u1ed1c N\u1ed9i B\u00e0i, L\u00e0o Cai 50m (chi\u1ec1u H\u00e0 N\u1ed9i - N\u00fai \u0110\u00f4i)", "15": "Qua \u0111\u01b0\u1eddng v\u00e0o th\u00f4n \u0110\u1ed3ng Gi\u00e1 50m - T\u1ec9nh l\u1ed9 131 (chi\u1ec1u \u0111i S\u00f3c S\u01a1n)", "16": "Th\u00f4n B\u1eafc H\u1ea1, X\u00e3 Quang Ti\u1ebfn - Km 2+350 T\u1ec9nh l\u1ed9 131", "17": "Khu c\u00f4ng nghi\u1ec7p N\u1ed9i B\u00e0i - Km 4+200 T\u1ec9nh l\u1ed9 131", "18": "Ng\u00e3 3 Qu\u1ea3ng H\u1ed9i - Km 5+250 T\u1ec9nh l\u1ed9 131", "19": "X\u00e3 Mai \u0110\u00ecnh - Km 5+900 T\u1ec9nh l\u1ed9 131", "20": "\u0110\u1ed1i di\u1ec7n tr\u01b0\u1eddng Trung c\u1ea5p KTKT \u0111a ng\u00e0nh S\u00f3c S\u01a1n", "21": "Ng\u00e3 4 \u0110\u1ed3i Ra\u0111a- Km 7+600 T\u1ec9nh l\u1ed9 131", "22": "C\u00e1ch c\u1ed5ng l\u00e0ng D\u01b0\u1ee3c Th\u01b0\u1ee3ng 30m - Km 8+600 T\u1ec9nh l\u1ed9 131", "23": "\u0110\u00e0i ph\u00e1t thanh Huy\u1ec7n S\u00f3c S\u01a1n, \u0110\u01b0\u1eddng N\u00fai \u0110\u00f4i", "24": "\u0110\u1ed1i di\u1ec7n Trung t\u00e2m Gi\u00e1o d\u1ee5c th\u01b0\u1eddng xuy\u00ean Huy\u1ec7n S\u00f3c S\u01a1n, \u0110\u01b0\u1eddng N\u00fai \u0110\u00f4i", "25": "Ban QLDA Huy\u1ec7n S\u00f3c S\u01a1n - s\u1ed1 40 \u0111\u01b0\u1eddng N\u00fai \u0110\u00f4i t\u1ed5 4 Th\u1ecb tr\u1ea5n S\u00f3c S\u01a1n", "26": "C\u00f4ng ty Nam S\u01a1n - s\u1ed1 122 \u0111\u01b0\u1eddng N\u00fai \u0110\u00f4i", "27": "S\u1ed1 158 \u0110\u01b0\u1eddng N\u00fai \u0110\u00f4i", "28": "(B) N\u00fai \u0110\u00f4i - Tuy\u1ebfn 56A"}}