{"Lat": {"0": 21.042267000000002, "1": 21.0412, "2": 21.0321333333, "3": 21.0252833333, "4": 21.0222333333, "5": 21.0171166667, "6": 21.0096333333, "7": 21.006532999999997, "8": 21.0010166667, "9": 20.997866666700002, "10": 20.9968166667, "11": 20.9957166667, "12": 20.995279999999998, "13": 20.9957833333, "14": 20.996347, "15": 20.998655, "16": 21.000219, "17": 21.0028166667, "18": 21.003966666700002, "19": 21.005883333299998, "20": 21.00985, "21": 21.013107, "22": 21.01815, "23": 21.023387, "24": 21.02615, "25": 21.0285833333, "26": 21.0281}, "BusStopCode": {"0": 1689, "1": 867, "2": 779, "3": 780, "4": 759, "5": 502, "6": 503, "7": 2139, "8": 399, "9": 400, "10": 401, "11": 402, "12": 403, "13": 404, "14": 82, "15": 816, "16": 813, "17": 814, "18": 146, "19": 147, "20": 148, "21": 149, "22": 150, "23": 151, "24": 152, "25": 63, "26": 1753}, "FleetOver": {"0": "24", "1": "24,47A,54,58", "2": "03,24,34,42,43,48,55,55B,86,86CT", "3": "03,14CT,24,42,43,48,55,55B", "4": "02,03,24,35A,40,42,43,44,48,49,51,55,55B", "5": "24,48,51,55,55B", "6": "19,24,40,45,48,51,55,55B", "7": "19,24,40,47B,48,51,55,55B", "8": "24,45,55", "9": "03B,19,24,52A,52B", "10": "03B,19,24,52A,52B", "11": "03B,19,24,38,52A,52B", "12": "03B,19,24,38,52A,52B", "13": "03B,19,24,38,52A,52B", "14": "03B,19,24", "15": "16,19,24", "16": "16,19,24", "17": "16,19,24,84", "18": "16,24,27,51", "19": "16,24,27,51", "20": "16,24,27,51,84", "21": "16,24,27,50,51", "22": "16,24", "23": "09,09CT,16,24", "24": "09,09CT,16,24", "25": "07,09,09CT,20A,20B,24,55,55B", "26": "24"}, "Lng": {"0": 105.84855, "1": 105.849516667, "2": 105.8561, "3": 105.85961666700001, "4": 105.86118333299999, "5": 105.8623, "6": 105.864983333, "7": 105.86791699999999, "8": 105.870466667, "9": 105.8667, "10": 105.863716667, "11": 105.86033333299999, "12": 105.855877, "13": 105.85095, "14": 105.846427, "15": 105.838451, "16": 105.83106000000001, "17": 105.82186666700001, "18": 105.818616667, "19": 105.81665, "20": 105.8128, "21": 105.808025, "22": 105.80295, "23": 105.799392, "24": 105.79873333299999, "25": 105.80388333299999, "26": 105.80518300000001}, "Name": {"0": "(A) Long Bi\u00ean - Tuy\u1ebfn 24", "1": "E3.2 \u0110i\u1ec3m trung chuy\u1ec3n Long Bi\u00ean", "2": "162 Tr\u1ea7n Quang Kh\u1ea3i - Vi\u1ec7n Quy ho\u1ea1ch Th\u1ee7y L\u1ee3i", "3": "V\u01b0\u1eddn hoa Tr\u1ea7n Quang Kh\u1ea3i (\u0110\u1ed1i di\u1ec7n BQL X\u00e2y d\u1ef1ng c\u00f4ng tr\u00ecnh C\u00f4ng \u00edch)", "4": "Tr\u1ea1m trung chuy\u1ec3n xe bu\u00fdt Tr\u1ea7n Kh\u00e1nh D\u01b0 (Khu \u0111\u00f3n kh\u00e1ch)", "5": "\u0110\u1ed1i di\u1ec7n K9 B\u1ed9 \u0111\u1ed9i bi\u00ean ph\u00f2ng - Nguy\u1ec5n Kho\u00e1i", "6": "C\u1ea1nh ng\u00f5 18 Nguy\u1ec5n Kho\u00e1i (\u0110\u1ed1i di\u1ec7n V\u00e2n \u0110\u1ed3n Hotel)", "7": "H\u00e8 tr\u01b0\u1edbc s\u1ed1 nh\u00e0 202 - 204 Nguy\u1ec5n Kho\u00e1i", "8": "539 - 541 Minh Khai", "9": "423 Minh Khai", "10": "259 Minh Khai", "11": "199 Minh Khai", "12": "169C-169D Minh Khai", "13": "Ch\u1ee3 M\u01a1 - 5 Minh Khai", "14": "118 - 120 \u0110\u1ea1i La", "15": "86 Tr\u01b0\u1eddng Chinh", "16": "\u0110\u1ed1i di\u1ec7n B\u1ea3o t\u00e0ng ph\u00f2ng kh\u00f4ng kh\u00f4ng qu\u00e2n - Tr\u01b0\u1eddng Chinh", "17": "Platform d\u00e0nh ri\u00eang cho xe bu\u00fdt tr\u01b0\u1edbc nh\u00e0 604 Tr\u01b0\u1eddng Chinh", "18": "Flatfom d\u00e0nh ri\u00eang cho xe bu\u00fdt tr\u01b0\u1edbc nh\u00e0 80 \u0110\u01b0\u1eddng L\u00e1ng", "19": "220 \u0111\u01b0\u1eddng L\u00e1ng - Tr\u01b0\u1eddng \u0110\u1ea3ng L\u00ea H\u1ed3ng Phong", "20": "470 \u0110\u01b0\u1eddng L\u00e1ng", "21": "Ch\u1ee3 L\u00e1ng H\u1ea1 A - 572 \u0110\u01b0\u1eddng L\u00e1ng", "22": "794 \u0110\u01b0\u1eddng L\u00e1ng", "23": "1014 \u0110\u01b0\u1eddng L\u00e1ng", "24": "1152D \u0110\u01b0\u1eddng L\u00e1ng", "25": "\u0110i\u1ec3m trung chuy\u1ec3n C\u1ea7u Gi\u1ea5y - GTVT 01", "26": "(B) C\u1ea7u Gi\u1ea5y - Tuy\u1ebfn 24"}}