{"Lat": {"0": 21.048159, "1": 21.0497, "2": 21.04555, "3": 21.042351999999998, "4": 21.041116666700002, "5": 21.0372, "6": 21.0310666667, "7": 21.0266, "8": 21.026183, "9": 21.025548999999998, "10": 21.023285, "11": 21.019126999999997, "12": 21.019363000000002, "13": 21.015810000000002, "14": 21.0111, "15": 21.0071333333, "16": 20.9999166667, "17": 20.9959333333, "18": 20.9935833333, "19": 20.9904666667, "20": 20.988163, "21": 20.985882999999998, "22": 20.983446, "23": 20.980401, "24": 20.979275, "25": 20.975483333299998, "26": 20.972531, "27": 20.969518, "28": 20.96755, "29": 20.964783333299998, "30": 20.9620333333, "31": 20.96017, "32": 20.958085, "33": 20.954073, "34": 20.952066666700002, "35": 20.949807999999997}, "BusStopCode": {"0": 1670, "1": 550, "2": 552, "3": 553, "4": 868, "5": 185, "6": 186, "7": 824, "8": 181, "9": 325, "10": 326, "11": 253, "12": 254, "13": 520, "14": 667, "15": 668, "16": 533, "17": 534, "18": 535, "19": 544, "20": 536, "21": 537, "22": 797, "23": 798, "24": 799, "25": 800, "26": 643, "27": 644, "28": 645, "29": 646, "30": 647, "31": 648, "32": 649, "33": 650, "34": 1470, "35": 1749}, "FleetOver": {"0": "01", "1": "01,10B,22A,42,43,54", "2": "01,03,100,10A,10B,17,22A,34,42,43,48,54,65", "3": "01,03,100,10A,10B,17,22A,34,42,43,48,54,65", "4": "01,14,14CT,22A,31", "5": "01,36,36CT", "6": "01,36,36CT", "7": "01,36,36CT", "8": "01,34,38,40", "9": "01,32,38,40", "10": "01,03,11,32,40,49", "11": "01,09,09CT,30,41,49", "12": "01,09,09CT,30,41,49", "13": "01,02,09,09CT", "14": "01,02,09,09CT", "15": "01,02,09,09CT,18,21A,21B,44,51,84", "16": "01,02,19,21A,21B,27,44", "17": "01,02,05,19,21A,21B,27,29,44,60B", "18": "01,02,05,105,19,21A,21B,27,29,60A", "19": "01,02,105,19,21A,22B,22C,27,39", "20": "01,02,105,19,21A,22B,22C,27,39", "21": "01,02,105,19,21A,22B,22C,27,39", "22": "01,02,105,19,21A,22B,22C,27,39", "23": "01,02,103,105,19,21A,22B,22C,27,33,39,85", "24": "01,02,103,105,106,19,21A,22B,22C,27,33,85", "25": "01,02,103,105,106,19,21A,22B,22C,27,33", "26": "01,02,21A,27,33,57,89", "27": "01,02,21A,27,33,57,89", "28": "01,02,21A,27,33,57,89", "29": "01,02,105,21A,27,33,37,57,62,89", "30": "01,02,21A,27,33,37,57,62,89", "31": "01,02,21A,27,33,37,57,62,89", "32": "01,02,21A,27,33,37,57,62,89", "33": "01,02,21A,27,33,37,57,62,89,91", "34": "01,02,21A,27,33,37,57,62,89,91", "35": "01"}, "Lng": {"0": 105.878495, "1": 105.883467, "2": 105.875283333, "3": 105.870446, "4": 105.849616667, "5": 105.847016667, "6": 105.8472, "7": 105.84761666700001, "8": 105.846402, "9": 105.84142, "10": 105.841429, "11": 105.83798200000001, "12": 105.834084, "13": 105.828275, "14": 105.82533333299999, "15": 105.82313333299999, "16": 105.815233333, "17": 105.80925, "18": 105.8058, "19": 105.80138333299999, "20": 105.798207, "21": 105.794981, "22": 105.79166200000002, "23": 105.7879, "24": 105.786454, "25": 105.78155, "26": 105.777525, "27": 105.77386000000001, "28": 105.77138333299999, "29": 105.767783333, "30": 105.764283333, "31": 105.76188799999998, "32": 105.759179, "33": 105.753901, "34": 105.75121666700001, "35": 105.74740200000001}, "Name": {"0": "(A) BX Gia L\u00e2m - Tuy\u1ebfn 01", "1": "549 Nguy\u1ec5n V\u0103n C\u1eeb (c\u1ed9t tr\u01b0\u1edbc)", "2": "Cty C\u1ea7u 5 Th\u0103ng Long - 307 Nguy\u1ec5n V\u0103n C\u1eeb", "3": "135 Nguy\u1ec5n V\u0103n C\u1eeb", "4": "E3.1 \u0110i\u1ec3m trung chuy\u1ec3n Long Bi\u00ean", "5": "50 H\u00e0ng C\u00f3t", "6": "28 \u0110\u01b0\u1eddng Th\u00e0nh", "7": "B\u1ec7nh vi\u1ec7n Ph\u1ee5 s\u1ea3n TW - \u0110\u1ed1i di\u1ec7n s\u1ed1 4 Tri\u1ec7u Qu\u1ed1c \u0110\u1ea1t", "8": "\u0110\u1ed1i di\u1ec7n th\u00e1p H\u00e0 N\u1ed9i - Hai B\u00e0 Tr\u01b0ng (c\u1ea1nh 56 Hai B\u00e0 Tr\u01b0ng)", "9": "T\u1ed5ng c\u00f4ng ty \u0110\u01b0\u1eddng s\u1eaft Vi\u1ec7t Nam - 116 L\u00ea Du\u1ea9n", "10": "Ga H\u00e0 N\u1ed9i - 120 L\u00ea Du\u1ea9n", "11": "78-80A Kh\u00e2m Thi\u00ean (\u0110\u1ed1i di\u1ec7n 71)", "12": "274-276 Kh\u00e2m Thi\u00ean", "13": "142-144 Nguy\u1ec5n L\u01b0\u01a1ng B\u1eb1ng", "14": "G\u00f2 \u0110\u1ed1ng \u0110a - T\u00e2y S\u01a1n", "15": "290 T\u00e2y S\u01a1n", "16": "94 Nguy\u1ec5n Tr\u00e3i", "17": "322 Nguy\u1ec5n Tr\u00e3i", "18": "386 Nguy\u1ec5n Tr\u00e3i - C\u1ee5c S\u1edf h\u1eefu tr\u00ed tu\u1ec7", "19": "B\u00e1ch h\u00f3a Thanh Xu\u00e2n - \u0111\u01b0\u1eddng Nguy\u1ec5n Tr\u00e3i", "20": "204-206 Nguy\u1ec5n Tr\u00e3i (G\u1ea7n ng\u00e3 3 Nguy\u1ec5n Tr\u00e3i - L\u01b0\u01a1ng Th\u1ebf Vinh )", "21": "C\u00f4ng ty CP C\u00f4ng tr\u00ecnh GT 873 - Nguy\u1ec5n Tr\u00e3i", "22": "S\u1ed1 10 Tr\u1ea7n Ph\u00fa - Si\u00eau Th\u1ecb Vi\u1ec7t Long", "23": "H\u1ecdc vi\u1ec7n c\u00f4ng ngh\u1ec7 b\u01b0u ch\u00ednh vi\u1ec5n th\u00f4ng - Tr\u1ea7n Ph\u00fa (H\u00e0 \u0110\u00f4ng)", "24": "100 Tr\u1ea7n Ph\u00fa (H\u00e0 \u0110\u00f4ng)", "25": "Kh\u00e1ch s\u1ea1n S\u00f4ng Nhu\u1ec7 (148 Tr\u1ea7n Ph\u00fa- H\u00e0 \u0110\u00f4ng)", "26": "S\u1ed1 8 Quang Trung - H\u00e0 \u0110\u00f4ng", "27": "96 Quang Trung - H\u00e0 \u0110\u00f4ng", "28": "Nh\u00e0 thi \u0111\u1ea5u H\u00e0 \u0110\u00f4ng - 182 Quang Trung (H\u00e0 \u0110\u00f4ng)", "29": "254 Quang Trung - H\u00e0 \u0110\u00f4ng", "30": "\u0110\u1ed1i di\u1ec7n K\u0110T V\u0103n Ph\u00fa - 418 Quang Trung (H\u00e0 \u0110\u00f4ng)", "31": "530 - 532 Quang Trung - H\u00e0 \u0110\u00f4ng", "32": "678 - 680 Quang Trung (H\u00e0 \u0110\u00f4ng)", "33": "Showroom \u00f4 t\u00f4 Tr\u01b0\u1eddng S\u01a1n (\u0111\u1ed1i di\u1ec7n Nissan H\u00e0 \u0110\u00f4ng - Km 14+600, Qu\u1ed1c l\u1ed9 6)", "34": "\u0110\u1ed1i di\u1ec7n Tr\u01b0\u1eddng TH Kinh t\u1ebf H\u00e0 T\u00e2y - Qu\u1ed1c l\u1ed9 6", "35": "(B) BX Y\u00ean Ngh\u0129a - Tuy\u1ebfn 01"}}