{"Lat": {"0": 20.9081833333, "1": 20.9172166667, "2": 20.9196666667, "3": 20.9253, "4": 20.926916666700002, "5": 20.923066666700002, "6": 20.9240333333, "7": 20.9267166667, "8": 20.931938, "9": 20.93545, "10": 20.939083333299997, "11": 20.94415, "12": 20.947, "13": 20.951628, "14": 20.9556, "15": 20.9579, "16": 20.9647666667, "17": 20.971045999999998, "18": 20.9805833333, "19": 20.984671, "20": 20.9856333333, "21": 20.9875666667, "22": 20.9899666667, "23": 20.992517000000003, "24": 20.995882, "25": 20.99985, "26": 21.0023, "27": 21.007485, "28": 21.009833, "29": 21.0131, "30": 21.016066666700002, "31": 21.017016666700002, "32": 21.0195, "33": 21.021452, "34": 21.023837, "35": 21.028205, "36": 21.032204999999998, "37": 21.035503, "38": 21.0374, "39": 21.0405166667}, "BusStopCode": {"0": 1760, "1": 1222, "2": 1218, "3": 1220, "4": 1214, "5": 1215, "6": 1216, "7": 439, "8": 440, "9": 441, "10": 442, "11": 443, "12": 444, "13": 445, "14": 446, "15": 447, "16": 3287, "17": 165, "18": 45, "19": 166, "20": 100, "21": 101, "22": 102, "23": 350, "24": 351, "25": 725, "26": 723, "27": 69, "28": 672, "29": 673, "30": 674, "31": 247, "32": 248, "33": 472, "34": 473, "35": 474, "36": 76, "37": 498, "38": 499, "39": 1699}, "FleetOver": {"0": "12", "1": "12", "2": "12", "3": "12", "4": "12", "5": "12", "6": "12", "7": "06A,06B,06C,06D,06E,08A,08ACT,101,12,62,94", "8": "06A,06B,06C,06D,06E,08A,08ACT,101,12,62,94", "9": "06A,06B,06C,06D,06E,08A,08ACT,101,12,62,94", "10": "06A,06B,06C,06D,06E,08A,08ACT,101,12,62,94", "11": "06A,06B,06C,06D,06E,08A,08ACT,101,12,39,94", "12": "06A,06B,06C,06D,06E,08A,08ACT,101,12,39,94", "13": "06A,06B,06C,06D,06E,08A,08ACT,101,12,94", "14": "06A,06B,06C,06D,06E,08A,08ACT,101,12,94", "15": "06A,06B,06C,06D,06E,08A,08ACT,101,12,60A,94,99", "16": "06A,06B,06C,06D,06E,08A,08B,08BCT,106,12,21B,37,60A,94,99", "17": "03B,06A,06B,06C,06D,06E,08A,08ACT,08B,08BCT,101,106,12,16,21B,22C,29,36,36CT,37,94", "18": "08A,08ACT,08B,08BCT,12", "19": "03,03B,08A,08ACT,08B,08BCT,12,16,21A,21B,25,28,32,41", "20": "12", "21": "12", "22": "12", "23": "12,84", "24": "12,84", "25": "12", "26": "12", "27": "12,18,21A,21B,23,26,35A,44,51", "28": "12,26,35A,84", "29": "12,26,35A,84", "30": "12,26,30,35A,50", "31": "09,09CT,12,26,35A", "32": "09,09CT,12,26,35A", "33": "09,09CT,107,12,22A,26,27", "34": "107,12,22A,26,27", "35": "107,12,22A,27", "36": "12,25", "37": "12,38", "38": "12,38", "39": "12"}, "Lng": {"0": 105.83038333299999, "1": 105.832866667, "2": 105.83351666700001, "3": 105.83505, "4": 105.837466667, "5": 105.8451, "6": 105.84886666700001, "7": 105.849566667, "8": 105.84730800000001, "9": 105.84595, "10": 105.8445, "11": 105.84456666700001, "12": 105.844466667, "13": 105.84413799999999, "14": 105.84338333299999, "15": 105.84291666700001, "16": 105.84211666700001, "17": 105.84128, "18": 105.8416, "19": 105.841169, "20": 105.83353333299999, "21": 105.8317, "22": 105.83058333299999, "23": 105.832467, "24": 105.830262, "25": 105.82885, "26": 105.8297, "27": 105.828726, "28": 105.823374, "29": 105.82, "30": 105.8158, "31": 105.81423333299999, "32": 105.809125, "33": 105.809325, "34": 105.810741, "35": 105.81249199999999, "36": 105.810202, "37": 105.80385, "38": 105.80155, "39": 105.7974}, "Name": {"0": "(B) \u0110\u1ea1i \u00c1ng - Tuy\u1ebfn 12", "1": "\u0110\u1ed1i di\u1ec7n \u0111\u1ea1i l\u00fd thu\u1ed1c t\u00e2n d\u01b0\u1ee3c th\u00f4n V\u0129nh Th\u1ecbnh", "2": "Qua l\u1ed1i v\u00e0o Ch\u00f9a Thanh D\u01b0\u01a1ng 100m", "3": "C\u00e1ch Ch\u1ee3 L\u1ea1c Th\u1ecb 100m", "4": "Qua ng\u00e3 3 L\u1ea1c Th\u1ecb 150m - \u0110\u01b0\u1eddng m\u1edbi", "5": "Tr\u01b0\u1eddng THCS Ng\u1ecdc H\u1ed3i", "6": "\u0110\u1ed1i di\u1ec7n Ch\u00f9a Ng\u1ecdc H\u1ed3i", "7": "C\u00f4ng ty c\u00f4ng tr\u00ecnh giao th\u00f4ng 124 (Km 12 + 500 Qu\u1ed1c l\u1ed9 1A) - Ng\u1ecdc H\u1ed3i", "8": "C\u00f4ng ty 17 L\u1eef \u0111o\u00e0n 17 Binh \u0111o\u00e0n 12 - Ng\u1ecdc H\u1ed3i", "9": "Qua ng\u00e3 3 \u0111\u01b0\u1eddng Qu\u1ef3nh \u0110\u00f4 - Ng\u1ecdc H\u1ed3i", "10": "\u0110\u1ed1i di\u1ec7n Khu t\u1eadp th\u1ec3 LIC\u00d4LA - Ng\u1ecdc H\u1ed3i", "11": "449 - 451 Ng\u1ecdc H\u1ed3i", "12": "373 Ng\u1ecdc H\u1ed3i", "13": "TCT c\u01a1 \u0111i\u1ec7n n\u00f4ng nghi\u1ec7p & Th\u1ee7y l\u1ee3i (V\u0103n \u0110i\u1ec3n) - Ng\u1ecdc H\u1ed3i", "14": "\u0110\u1ed1i di\u1ec7n 184 Ng\u1ecdc H\u1ed3i", "15": "C\u00f4ng ty bi\u1ebfn th\u1ebf ABB - Ng\u1ecdc H\u1ed3i", "16": "B\u1ebfn xe N\u01b0\u1edbc Ng\u1ea7m", "17": "\u0110\u1ed1i di\u1ec7n Tr\u1ee5 s\u1edf C\u00f4ng an Ph\u01b0\u1eddng Ho\u00e0ng Li\u1ec7t- 1277 Gi\u1ea3i Ph\u00f3ng", "18": "D\u1ea3i \u0111\u1ed7 s\u1ed1 3 b\u1ebfn xe Gi\u00e1p B\u00e1t - Tuy\u1ebfn 06 - 08 - 36", "19": "Toyota Gi\u1ea3i Ph\u00f3ng - 807 Gi\u1ea3i Ph\u00f3ng", "20": "Tr\u1ea1m bi\u1ebfn \u00e1p s\u1ed1 9 \u0110\u1ecbnh C\u00f4ng - C\u1ea1nh Ch\u1ee3 Xanh \u0110\u1ecbnh C\u00f4ng", "21": "\u0110\u1ed1i di\u1ec7n tr\u1ea1m c\u1ea5p n\u01b0\u1edbc s\u1ea1ch \u0110\u1ecbnh C\u00f4ng - 61 T\u1ed5 37 \u0110\u1ecbnh C\u00f4ng", "22": "Ki\u1ed1t s\u1ed1 7 nh\u00e0 CT.6 - \u0110N 2 \u0110\u1ecbnh C\u00f4ng", "23": "\u0110\u1ed1i di\u1ec7n 210 L\u00ea Tr\u1ecdng T\u1ea5n", "24": "\u0110\u1ed1i di\u1ec7n 108 L\u00ea Tr\u1ecdng T\u1ea5n", "25": "C\u1ea1nh h\u00e0ng r\u00e0o B\u1ea3o t\u00e0ng Kh\u00f4ng Qu\u00e2n - \u0110\u01b0\u1eddng T\u00f4n Th\u1ea5t T\u00f9ng k\u00e9o d\u00e0i", "26": "\u0110\u1ea1i H\u1ecdc Y H\u00e0 N\u1ed9i - \u0110\u1ed1i di\u1ec7n 26 T\u00f4n Th\u1ea5t T\u00f9ng", "27": "C\u00f4ng ty in th\u01b0\u01a1ng m\u1ea1i & d\u1ecbch v\u1ee5 ng\u00e2n h\u00e0ng - S\u1ed1 10 Ch\u00f9a B\u1ed9c", "28": "2 Th\u00e1i H\u00e0", "29": "176 Th\u00e1i H\u00e0", "30": "R\u1ea1p chi\u1ebfu phim Qu\u1ed1c Gia - Th\u00e1i H\u00e0", "31": "\u0110\u1ed1i di\u1ec7n \u0110\u00e0i Truy\u1ec1n h\u00ecnh H\u00e0 N\u1ed9i - 5 Hu\u1ef3nh Th\u00fac Kh\u00e1ng", "32": "20 Hu\u1ef3nh Th\u00fac Kh\u00e1ng", "33": "89 Nguy\u1ec5n Ch\u00ed Thanh - KTX \u0110\u1ea1i h\u1ecdc Lu\u1eadt", "34": "73 Nguy\u1ec5n Ch\u00ed Thanh - \u0110\u1ed1i di\u1ec7n Kh\u00e1ch s\u1ea1n B\u1ea3o S\u01a1n", "35": "31 Nguy\u1ec5n Ch\u00ed Thanh", "36": "10 \u0110\u00e0o T\u1ea5n - Vi\u1ec7n V\u1eadt l\u00fd", "37": "H\u00e8 tr\u01b0\u1edbc gi\u1eefa s\u1ed1 nh\u00e0 26 - 28 Nguy\u1ec5n Kh\u00e1nh To\u00e0n", "38": "Qua ng\u00e3 3 Nguy\u1ec5n Kh\u00e1nh To\u00e0n - D\u01b0\u01a1ng Qu\u1ea3ng H\u00e0m", "39": "(A) CV Ngh\u0129a \u0110\u00f4 - Tuy\u1ebfn 12"}}