{"Lat": {"0": 21.049992, "1": 21.05325, "2": 21.052338, "3": 21.049533, "4": 21.04555, "5": 21.042351999999998, "6": 21.0321333333, "7": 21.0252833333, "8": 21.0222333333, "9": 21.0171166667, "10": 21.0096333333, "11": 21.006532999999997, "12": 21.002133333299998, "13": 21.0015, "14": 21.0007166667, "15": 20.999783333299998, "16": 20.9973333333, "17": 20.9941, "18": 20.989316666700002, "19": 20.9817, "20": 20.9767, "21": 20.9722166667, "22": 20.9657833333, "23": 20.9644333333, "24": 20.96525, "25": 20.9660166667, "26": 20.960063, "27": 20.96465}, "BusStopCode": {"0": 4097, "1": 4215, "2": 549, "3": 551, "4": 552, "5": 553, "6": 779, "7": 780, "8": 759, "9": 502, "10": 503, "11": 2139, "12": 505, "13": 506, "14": 507, "15": 508, "16": 509, "17": 935, "18": 936, "19": 937, "20": 109, "21": 110, "22": 111, "23": 112, "24": 3267, "25": 113, "26": 430, "27": 4096}, "FleetOver": {"0": "48", "1": "11,48", "2": "10A,10B,11,15,17,42,43,48,54,65", "3": "03,10A,11,15,17,34,48,65", "4": "01,03,100,10A,10B,17,22A,34,42,43,48,54,65", "5": "01,03,100,10A,10B,17,22A,34,42,43,48,54,65", "6": "03,24,34,42,43,48,55,55B,86,86CT", "7": "03,14CT,24,42,43,48,55,55B", "8": "02,03,24,35A,40,42,43,44,48,49,51,55,55B", "9": "24,48,51,55,55B", "10": "19,24,40,45,48,51,55,55B", "11": "19,24,40,47B,48,51,55,55B", "12": "106,48", "13": "106,48", "14": "48", "15": "48", "16": "48", "17": "48", "18": "48", "19": "48", "20": "04,48", "21": "04,48", "22": "04,48", "23": "04,48,99", "24": "04,48,99", "25": "04,48,99", "26": "03B,04,06A,06B,06C,06D,06E,08A,08ACT,101,106,12,16,37,48,60A,60B,94,99", "27": "48"}, "Lng": {"0": 105.89219399999999, "1": 105.889783333, "2": 105.885754, "3": 105.88321699999999, "4": 105.875283333, "5": 105.870446, "6": 105.8561, "7": 105.85961666700001, "8": 105.86118333299999, "9": 105.8623, "10": 105.864983333, "11": 105.86791699999999, "12": 105.87545, "13": 105.8777, "14": 105.88023333299999, "15": 105.88585, "16": 105.89041666700001, "17": 105.892416667, "18": 105.89386666700001, "19": 105.894416667, "20": 105.8861, "21": 105.88058333299999, "22": 105.87491666700001, "23": 105.8667, "24": 105.85551699999999, "25": 105.84463333299999, "26": 105.84218600000001, "27": 105.84255}, "Name": {"0": "(A) Savico Long Bi\u00ean - Tuy\u1ebfn 48", "1": "MediaMart Long Bi\u00ean - Nguy\u1ec5n V\u0103n Linh", "2": "Si\u00eau th\u1ecb Fivimart - 583 Nguy\u1ec5n V\u0103n C\u1eeb", "3": "549 Nguy\u1ec5n V\u0103n C\u1eeb (c\u1ed9t sau)", "4": "Cty C\u1ea7u 5 Th\u0103ng Long - 307 Nguy\u1ec5n V\u0103n C\u1eeb", "5": "135 Nguy\u1ec5n V\u0103n C\u1eeb", "6": "162 Tr\u1ea7n Quang Kh\u1ea3i - Vi\u1ec7n Quy ho\u1ea1ch Th\u1ee7y L\u1ee3i", "7": "V\u01b0\u1eddn hoa Tr\u1ea7n Quang Kh\u1ea3i (\u0110\u1ed1i di\u1ec7n BQL X\u00e2y d\u1ef1ng c\u00f4ng tr\u00ecnh C\u00f4ng \u00edch)", "8": "Tr\u1ea1m trung chuy\u1ec3n xe bu\u00fdt Tr\u1ea7n Kh\u00e1nh D\u01b0 (Khu \u0111\u00f3n kh\u00e1ch)", "9": "\u0110\u1ed1i di\u1ec7n K9 B\u1ed9 \u0111\u1ed9i bi\u00ean ph\u00f2ng - Nguy\u1ec5n Kho\u00e1i", "10": "C\u1ea1nh ng\u00f5 18 Nguy\u1ec5n Kho\u00e1i (\u0110\u1ed1i di\u1ec7n V\u00e2n \u0110\u1ed3n Hotel)", "11": "H\u00e8 tr\u01b0\u1edbc s\u1ed1 nh\u00e0 202 - 204 Nguy\u1ec5n Kho\u00e1i", "12": "Qua \u0111\u01b0\u1eddng d\u1eabn l\u00ean c\u1ea7u V\u0129nh Tuy - h\u01b0\u1edbng \u0111i Th\u1ea1ch B\u00e0n - Nguy\u1ec5n Kho\u00e1i", "13": "510 Nguy\u1ec5n Kho\u00e1i - \u0110H Kinh Doanh C\u00f4ng Ngh\u1ec7 HN", "14": "\u0110\u1ed1i di\u1ec7n 343 Nguy\u1ec5n Kho\u00e1i - C\u1ea1nh d\u1ed1c \u0110o\u00e0n K\u1ebft", "15": "838 Nguy\u1ec5n Kho\u00e1i", "16": "1032 Nguy\u1ec5n Kho\u00e1i - C\u1ea1nh c\u00f4ng ty g\u1ed1m s\u1ee9 Thanh Tr\u00ec", "17": "Tr\u01b0\u1eddng Ti\u1ec3u h\u1ecdc Thanh Tr\u00ec - \u0110\u00ea H\u1eefu H\u1ed3ng (\u0110i\u1ebfm canh \u0111\u00ea s\u1ed1 20)", "18": "Qua l\u1ed1i v\u00e0o Tr\u01b0\u1eddng TH T\u01b0 Th\u1ee5c KT-DL Hoa S\u1eefa 50m - \u0110\u00ea H\u1eefu H\u1ed3ng", "19": "C\u00f4ng ty CP \u0110\u1ea7u t\u01b0 & B\u00ea t\u00f4ng Th\u1ecbnh Li\u1ec7t - \u0110\u00ea H\u1eefu H\u1ed3ng (\u0110i\u1ebfm canh \u0111\u00ea s\u1ed1 21)", "20": "\u0110\u00ecnh Nam D\u01b0 H\u1ea1 - \u0110\u01b0\u1eddng d\u1eabn c\u1ea7u Thanh Tr\u00ec", "21": "Qua \u0111\u01b0\u1eddng v\u00e0o ch\u00f9a Khuy\u1ebfn L\u01b0\u01a1ng - \u0110\u01b0\u1eddng d\u1eabn c\u1ea7u Thanh Tr\u00ec", "22": "S\u1ed1 nh\u00e0 43 - T\u1ed5 14 - Ph\u01b0\u1eddng Y\u00ean S\u1edf - \u0110\u01b0\u1eddng d\u1eabn c\u1ea7u Thanh Tr\u00ec", "23": "C\u00f4ng ty TNHH Minh Tr\u01b0\u1eddng Sinh - \u0110\u01b0\u1eddng d\u1eabn c\u1ea7u Thanh Tr\u00ec", "24": "\u0110\u1ed1i di\u1ec7n c\u00f4ng vi\u00ean Y\u00ean S\u1edf", "25": "Qua l\u1ed1i r\u1ebd khu h\u00e0nh ch\u00ednh qu\u1eadn Ho\u00e0ng Mai - \u0111\u01b0\u1eddng Ph\u00e1p V\u00e2n", "26": "Tr\u01b0\u1eddng PTTH Vi\u1ec7t Nam Balan (\u0110\u1ed1i di\u1ec7n Kh\u00e1ch s\u1ea1n Nam Th\u00e0nh) - Ng\u1ecdc H\u1ed3i", "27": "(B) BX N\u01b0\u1edbc Ng\u1ea7m - Tuy\u1ebfn 48"}}