{"Lat": {"0": 21.0172333333, "1": 21.017205, "2": 21.01605, "3": 21.0113, "4": 21.0039833333, "5": 21.0000666667, "6": 20.996783333299998, "7": 20.9955833333, "8": 20.99505, "9": 20.995765, "10": 20.99665, "11": 20.997633333299998, "12": 21.02545, "13": 21.0245833333, "14": 21.0269, "15": 21.029766666700002, "16": 21.028117, "17": 21.023467, "18": 21.0216666667, "19": 21.0180666667, "20": 21.013416, "21": 21.00985, "22": 21.00745, "23": 21.004077, "24": 21.00135, "25": 21.0074333333, "26": 21.0120166667, "27": 21.0171833333, "28": 21.0209833333, "29": 21.0243166667, "30": 21.0298, "31": 21.0353}, "BusStopCode": {"0": 1706, "1": 767, "2": 35, "3": 36, "4": 40, "5": 41, "6": 42, "7": 405, "8": 406, "9": 407, "10": 408, "11": 409, "12": 1815, "13": 2967, "14": 2968, "15": 1207, "16": 1208, "17": 1189, "18": 1190, "19": 1191, "20": 1192, "21": 1193, "22": 1194, "23": 1172, "24": 1173, "25": 1553, "26": 1554, "27": 1555, "28": 1544, "29": 1545, "30": 1546, "31": 1762}, "FleetOver": {"0": "52B", "1": "09,09CT,11,30,40,43,52A,52B", "2": "08A,08ACT,08B,08BCT,31,35A,36,36CT,38,52A,52B", "3": "08A,08ACT,08B,08BCT,23,31,35A,36,36CT,38,52A,52B", "4": "08A,08ACT,08B,08BCT,36,36CT,38,52A,52B", "5": "36,36CT,38,52A,52B", "6": "36,36CT,38,52A,52B", "7": "03B,19,24,38,52A,52B", "8": "03B,19,24,38,52A,52B", "9": "03B,19,24,38,52A,52B", "10": "03B,19,24,52A,52B", "11": "03B,19,24,52A,52B", "12": "100,106,40,47B,52B,98", "13": "100,40,52B,98", "14": "100,40,52B,98", "15": "100,11,40,52A,52B", "16": "100,11,40,52A,52B", "17": "100,11,40,52A,52B", "18": "100,11,40,52A,52B", "19": "100,40,52A,52B", "20": "40,52A,52B", "21": "40,52A,52B", "22": "40,52A,52B", "23": "40,52A,52B", "24": "40,52A,52B", "25": "52A,52B", "26": "52A,52B", "27": "52A,52B", "28": "52B", "29": "52B", "30": "52B", "31": "52B"}, "Lng": {"0": 105.84385, "1": 105.84496100000001, "2": 105.84921666700001, "3": 105.84905, "4": 105.85106666700001, "5": 105.8505, "6": 105.85008333299999, "7": 105.85231666700001, "8": 105.856833333, "9": 105.86086100000001, "10": 105.86341666700001, "11": 105.86653333299999, "12": 105.8998, "13": 105.907283333, "14": 105.910867, "15": 105.91446666700001, "16": 105.920079, "17": 105.9319, "18": 105.936383333, "19": 105.94255, "20": 105.948829, "21": 105.95375, "22": 105.95711666700001, "23": 105.96246299999999, "24": 105.96533333299999, "25": 105.966483333, "26": 105.96608333299999, "27": 105.96501666700001, "28": 105.96448333299999, "29": 105.96228333299999, "30": 105.95945, "31": 105.9557}, "Name": {"0": "(A) CV Th\u1ed1ng Nh\u1ea5t - Tuy\u1ebfn 52B", "1": "C\u00f4ng vi\u00ean Th\u1ed1ng Nh\u1ea5t - Tr\u1ea7n Nh\u00e2n T\u00f4ng", "2": "180 - 182 B\u00e0 Tri\u1ec7u", "3": "\u0110\u1ed1i di\u1ec7n Vincom Tower - B\u00e0 Tri\u1ec7u", "4": "216-218 B\u1ea1ch Mai", "5": "368-370 B\u1ea1ch Mai", "6": "512-514 B\u1ea1ch Mai", "7": "110 Minh Khai", "8": "248-250 Minh Khai (C\u00f4ng ty May Th\u0103ng Long )", "9": "308 Minh Khai (G\u1ea7n c\u1ea7u Mai \u0110\u1ed9ng)", "10": "376 - 378 Minh Khai - Nh\u00e0 m\u00e1y ch\u1ec9 kh\u00e2u", "11": "Vi\u1ec7n kinh t\u1ebf v\u00e0 k\u1ef9 thu\u1eadt d\u1ec7t may - 478 Minh Khai", "12": "\u0110\u1ed1i di\u1ec7n Aeon Mall Long Bi\u00ean (C\u1ed9t \u0111i\u1ec7n T4A/2A-B \u0111\u01b0\u1eddng C\u1ed5 Linh)", "13": "S\u1ed1 183 Th\u1ea1ch B\u00e0n", "14": "\u0110\u1ed1i di\u1ec7n 30 Th\u1ea1ch B\u00e0n", "15": "\u0110\u01b0\u1eddng v\u00e0o \u0111\u01b0\u1eddng Th\u1ea1ch B\u00e0n - \u0110\u1ed1i di\u1ec7n 693 Nguy\u1ec5n V\u0103n Linh", "16": "\u0110\u1ed1i di\u1ec7n C\u00f4ng ty May 10 - Nguy\u1ec5n V\u0103n Linh", "17": "Qua ng\u00e3 3 c\u1ea7u Thanh Tr\u00ec - Nguy\u1ec5n \u0110\u1ee9c Thu\u1eadn", "18": "\u0110\u1ed1i di\u1ec7n b\u01b0u \u0111i\u1ec7n Tr\u00e2u Qu\u1ef3 - Nguy\u1ec5n \u0110\u1ee9c Thu\u1eadn", "19": "\u0110\u1ed1i di\u1ec7n TT Th\u1ec3 d\u1ee5c th\u1ec3 thao Gia L\u00e2m - Nguy\u1ec5n \u0110\u1ee9c Thu\u1eadn", "20": "\u0110\u1ed1i di\u1ec7n K\u0110T \u0110\u1eb7ng X\u00e1 (Km 8+00 Qu\u1ed1c l\u1ed9 5) - Nguy\u1ec5n \u0110\u1ee9c Thu\u1eadn", "21": "\u0110\u1ed1i di\u1ec7n KCN Gia L\u00e2m - Nguy\u1ec5n \u0110\u1ee9c Thu\u1eadn", "22": "\u0110\u1ed1i di\u1ec7n \u0111\u01b0\u1eddng v\u00e0o Nh\u00e0 m\u00e1y S\u1eefa H\u00e0 N\u1ed9i - Nguy\u1ec5n \u0110\u1ee9c Thu\u1eadn", "23": "C\u1ed5ng Ga Ph\u00fa Th\u1ecb - Nguy\u1ec5n B\u00ecnh", "24": "G\u1ea7n c\u1ea7u v\u01b0\u1ee3t 4 Ph\u00fa Th\u1ecb - Nguy\u1ec5n B\u00ecnh", "25": "Tr\u01b0\u1eddng THCS D\u01b0\u01a1ng X\u00e1 - \u0110\u01b0\u1eddng \u1ef6 Lan", "26": "G\u1ea7n \u0111\u01b0\u1eddng v\u00e0o ch\u00f9a Y\u00ean B\u00ecnh - \u0110\u01b0\u1eddng \u1ef6 Lan", "27": "\u0110\u1ed1i di\u1ec7n Ch\u1ee3 S\u1ee7i (C\u1ea1nh bi\u1ec3n giao th\u00f4ng \"ch\u1ee3\") - \u0110\u01b0\u1eddng 181", "28": "C\u1ed9t \u0111i\u1ec7n PT 21 (g\u1ea7n CH bia h\u01a1i H\u1eadu O\u00e1nh) - \u0111\u01b0\u1eddng \u1ef6 Lan", "29": "Cty may Nam S\u01a1n - \u0111\u01b0\u1eddng \u1ef6 Lan", "30": "Tr\u01b0\u1edbc \u0111\u1ed1i di\u1ec7n 100m \u0111\u01b0\u1eddng v\u00e0o tr\u01b0\u1eddng THCS \u0110\u1eb7ng X\u00e1 - \u0111\u01b0\u1eddng \u1ef6 Lan", "31": "(B) \u0110\u1eb7ng X\u00e1 - Gia L\u00e2m - Tuy\u1ebfn 52B"}}