{"Lat": {"0": 20.8645333333, "1": 20.8704666667, "2": 20.8762166667, "3": 20.8793, "4": 20.886983333299998, "5": 20.894033333299998, "6": 20.9019833333, "7": 20.90755, "8": 20.9112333333, "9": 20.9186, "10": 20.922933333299998, "11": 20.9267166667, "12": 20.931938, "13": 20.93545, "14": 20.939083333299997, "15": 20.9435333333, "16": 20.9448333333, "17": 20.9475, "18": 20.9515833333, "19": 20.9553333333, "20": 20.957139, "21": 20.9593, "22": 20.961914, "23": 20.964648999999998, "24": 20.96725, "25": 20.97015, "26": 20.9692, "27": 20.965004, "28": 20.9649333333, "29": 20.964783333299998, "30": 20.9620333333, "31": 20.96017, "32": 20.958085, "33": 20.954073, "34": 20.952066666700002, "35": 20.9500833333}, "BusStopCode": {"0": 1747, "1": 1268, "2": 1223, "3": 1270, "4": 1271, "5": 1272, "6": 1273, "7": 1274, "8": 1275, "9": 1276, "10": 1277, "11": 439, "12": 440, "13": 441, "14": 442, "15": 609, "16": 610, "17": 611, "18": 612, "19": 613, "20": 616, "21": 1055, "22": 1056, "23": 1057, "24": 624, "25": 625, "26": 825, "27": 826, "28": 827, "29": 646, "30": 647, "31": 648, "32": 649, "33": 650, "34": 1470, "35": 1695}, "FleetOver": {"0": "62", "1": "06A,06C,06D,06E,101,62,94", "2": "06A,06B,06C,06D,06E,101,62,94", "3": "06A,06B,06C,06D,06E,101,62,94", "4": "06A,06B,06C,06D,06E,101,62,94", "5": "06A,06B,06C,06D,06E,101,62,94", "6": "06A,06B,06C,06D,06E,101,62,94", "7": "06A,06B,06C,06D,06E,101,62,94", "8": "06A,06B,06C,06D,06E,101,62,94", "9": "06A,06B,06C,06D,06E,101,62,94", "10": "06A,06B,06C,06D,06E,101,62,94", "11": "06A,06B,06C,06D,06E,08A,08ACT,101,12,62,94", "12": "06A,06B,06C,06D,06E,08A,08ACT,101,12,62,94", "13": "06A,06B,06C,06D,06E,08A,08ACT,101,12,62,94", "14": "06A,06B,06C,06D,06E,08A,08ACT,101,12,62,94", "15": "39,62", "16": "39,62", "17": "39,62", "18": "39,62", "19": "39,62", "20": "106,37,39,62", "21": "106,37,39,62", "22": "106,37,39,62", "23": "103,105,106,22B,37,39,62", "24": "103,105,106,22B,37,39,62", "25": "103,105,106,22B,37,62", "26": "37,62,85", "27": "37,62,85", "28": "37,62", "29": "01,02,105,21A,27,33,37,57,62,89", "30": "01,02,21A,27,33,37,57,62,89", "31": "01,02,21A,27,33,37,57,62,89", "32": "01,02,21A,27,33,37,57,62,89", "33": "01,02,21A,27,33,37,57,62,89,91", "34": "01,02,21A,27,33,37,57,62,89,91", "35": "62"}, "Lng": {"0": 105.86691666700001, "1": 105.864883333, "2": 105.86251666700001, "3": 105.86081666700001, "4": 105.85821666700001, "5": 105.855983333, "6": 105.85363333299999, "7": 105.85273333299999, "8": 105.85255, "9": 105.85241666700001, "10": 105.85175, "11": 105.849566667, "12": 105.84730800000001, "13": 105.84595, "14": 105.8445, "15": 105.84111666700001, "16": 105.83205, "17": 105.82628333299999, "18": 105.81848333299999, "19": 105.811466667, "20": 105.807965, "21": 105.8039, "22": 105.798975, "23": 105.793957, "24": 105.789083333, "25": 105.784466667, "26": 105.780566667, "27": 105.775151, "28": 105.773, "29": 105.767783333, "30": 105.764283333, "31": 105.76188799999998, "32": 105.759179, "33": 105.753901, "34": 105.75121666700001, "35": 105.74838333299999}, "Name": {"0": "(B) BX Th\u01b0\u1eddng T\u00edn - Tuy\u1ebfn 62", "1": "\u0110\u1ed1i di\u1ec7n V\u0103n ph\u00f2ng Lu\u1eadt s\u01b0 VLAW - s\u1ed1 13 ph\u1ed1 Ga, th\u1ecb tr\u1ea5n Th\u01b0\u1eddng T\u00edn - Qu\u1ed1c L\u1ed9 1A", "2": "\u0110\u1ed1i di\u1ec7n 83 Ph\u1ed1 Ga, th\u1ecb tr\u1ea5n Th\u01b0\u1eddng T\u00edn - Km 191+950 Qu\u1ed1c L\u1ed9 1A", "3": "\u0110\u1ed1i di\u1ec7n Tr\u1ea1m bi\u1ebfn \u00e1p 500KV- Km 191+470 Qu\u1ed1c L\u1ed9 1A", "4": "\u0110\u00ecnh L\u00e0ng V\u0103n Gi\u00e1p - Km 190+550 Qu\u1ed1c L\u1ed9 1A", "5": "\u0110\u1ed1i di\u1ec7n \u0111\u01b0\u1eddng v\u00e0o L\u00e0ng ngh\u1ec1 ti\u1ec7n Nh\u1ecb Kh\u00ea - Km 189+730 Qu\u1ed1c L\u1ed9 1A", "6": "\u0110\u1ed1i di\u1ec7n t\u1eadp th\u1ec3 C\u00f4ng ty 810 - Km 188+650 Qu\u1ed1c L\u1ed9 1A", "7": "C\u00e1ch \u0111\u01b0\u1eddng v\u00e0o \u0110\u00ecnh L\u00e0ng Y\u00ean Ph\u00fa 150m(Chi\u1ec1u Th\u01b0\u1eddng T\u00edn - Ga HN) - Qu\u1ed1c l\u1ed9 1A", "8": "C\u00e1ch \u0111\u01b0\u1eddng v\u00e0o UBND x\u00e3 Li\u00ean Ninh 50m - Km 187+800 Qu\u1ed1c L\u1ed9 1A", "9": "\u0110\u1ed1i di\u1ec7n C\u1ee5m CN Ng\u1ecdc H\u1ed3i - Km 186+850 Qu\u1ed1c l\u1ed9 1A", "10": "C\u1eeda h\u00e0ng S\u01a1n Lucky house - Km 186+450 Qu\u1ed1c L\u1ed9 1A", "11": "C\u00f4ng ty c\u00f4ng tr\u00ecnh giao th\u00f4ng 124 (Km 12 + 500 Qu\u1ed1c l\u1ed9 1A) - Ng\u1ecdc H\u1ed3i", "12": "C\u00f4ng ty 17 L\u1eef \u0111o\u00e0n 17 Binh \u0111o\u00e0n 12 - Ng\u1ecdc H\u1ed3i", "13": "Qua ng\u00e3 3 \u0111\u01b0\u1eddng Qu\u1ef3nh \u0110\u00f4 - Ng\u1ecdc H\u1ed3i", "14": "\u0110\u1ed1i di\u1ec7n Khu t\u1eadp th\u1ec3 LIC\u00d4LA - Ng\u1ecdc H\u1ed3i", "15": "Nh\u00e0 m\u00e1y Pin V\u0103n \u0110i\u1ec3n - Phan Tr\u1ecdng Tu\u1ec7", "16": "C\u00f4ng ty Ph\u00e2n L\u00e2n V\u0103n \u0110i\u1ec3n - Phan Tr\u1ecdng Tu\u1ec7", "17": "G\u1ea7n XNKD Kim Kh\u00ed v\u00e0 D.v\u1ee5 s\u1ed1 3 - Phan Tr\u1ecdng Tu\u1ec7", "18": "G\u1ea7n XN KD Kim Kh\u00ed v\u00e0 D.v\u1ee5 s\u1ed1 1 - Phan Tr\u1ecdng Tu\u1ec7", "19": "\u0110\u1ed1i di\u1ec7n Tr\u01b0\u1eddng C\u0110 K\u1ef9 Thu\u1eadt C\u00f4ng Nghi\u1ec7p HN - Phan Tr\u1ecdng Tu\u1ec7", "20": "30 C\u1ea7u B\u01b0\u01a1u (CH \u0111i\u1ec7n l\u1ea1nh H\u1ed3ng S\u0129)", "21": "12 C\u1ea7u B\u01b0\u01a1u - \u0110\u1ed1i di\u1ec7n Cty x\u00e2y d\u1ef1ng s\u1ed1 1", "22": "\u0110\u1ed1i di\u1ec7n C\u00f4ng ty TNHN th\u01b0\u01a1ng m\u1ea1i \u0110\u00e0 L\u1ea1t - C\u1ea7u B\u01b0\u01a1u", "23": "\u0110\u1ed1i di\u1ec7n T\u00f2a nh\u00e0 CT2 Chung c\u01b0 vi\u1ec7n b\u1ecfng, g\u1ea7n ng\u00e3 ba Y\u00ean X\u00e1 - Ph\u00f9ng H\u01b0ng (H\u00e0 \u0110\u00f4ng)", "24": "Vi\u1ec7n 103 - Ph\u00f9ng H\u01b0ng (H\u00e0 \u0110\u00f4ng)", "25": "C\u00f4ng ty CP X\u00e2y l\u1eafp \u0111i\u1ec7n H\u00e0 T\u00e2y - 113 Ph\u00f9ng H\u01b0ng (H\u00e0 \u0110\u00f4ng)", "26": "Chi c\u1ee5c thu\u1ebf H\u00e0 N\u1ed9i - 48 T\u00f4 Hi\u1ec7u (H\u00e0 \u0110\u00f4ng)", "27": "\u0110\u1ed1i di\u1ec7n 29 T\u00f4 Hi\u1ec7u (H\u00e0 \u0110\u00f4ng)", "28": "\u0110\u1ed1i di\u1ec7n Metro H\u00e0 \u0110\u00f4ng - \u0111\u01b0\u1eddng T\u00f4 Hi\u1ec7u (H\u00e0 \u0110\u00f4ng)", "29": "254 Quang Trung - H\u00e0 \u0110\u00f4ng", "30": "\u0110\u1ed1i di\u1ec7n K\u0110T V\u0103n Ph\u00fa - 418 Quang Trung (H\u00e0 \u0110\u00f4ng)", "31": "530 - 532 Quang Trung - H\u00e0 \u0110\u00f4ng", "32": "678 - 680 Quang Trung (H\u00e0 \u0110\u00f4ng)", "33": "Showroom \u00f4 t\u00f4 Tr\u01b0\u1eddng S\u01a1n (\u0111\u1ed1i di\u1ec7n Nissan H\u00e0 \u0110\u00f4ng - Km 14+600, Qu\u1ed1c l\u1ed9 6)", "34": "\u0110\u1ed1i di\u1ec7n Tr\u01b0\u1eddng TH Kinh t\u1ebf H\u00e0 T\u00e2y - Qu\u1ed1c l\u1ed9 6", "35": "(A) BX Y\u00ean Ngh\u0129a - Tuy\u1ebfn 62"}}