{"Lat": {"0": 20.9585166667, "1": 20.9564, "2": 20.9582166667, "3": 20.96215, "4": 20.96655, "5": 20.9675, "6": 20.9654166667, "7": 20.9628833333, "8": 20.962585, "9": 20.9646333333, "10": 20.9654666667, "11": 20.968000000000004, "12": 20.9690166667, "13": 20.9668833333, "14": 20.96375, "15": 20.9617, "16": 20.9589666667, "17": 20.961226999999997, "18": 20.96235, "19": 20.964648999999998, "20": 20.96725, "21": 20.97015, "22": 20.9726666667, "23": 20.9758333333, "24": 20.9796166667, "25": 20.9810833333, "26": 20.983065, "27": 20.9862, "28": 20.9885166667, "29": 20.9902166667, "30": 20.99335, "31": 20.9955666667, "32": 21.000283, "33": 21.0029, "34": 21.0074166667, "35": 21.012598, "36": 21.01455, "37": 21.01915, "38": 21.02315, "39": 21.0270666667, "40": 21.029533333299998, "41": 21.0287166667, "42": 21.027983}, "BusStopCode": {"0": 3748, "1": 3749, "2": 3750, "3": 3166, "4": 2849, "5": 3751, "6": 3752, "7": 3753, "8": 653, "9": 654, "10": 3820, "11": 3755, "12": 3756, "13": 3757, "14": 3758, "15": 3759, "16": 3760, "17": 2153, "18": 2142, "19": 1057, "20": 624, "21": 625, "22": 626, "23": 801, "24": 802, "25": 803, "26": 804, "27": 538, "28": 539, "29": 545, "30": 4072, "31": 546, "32": 547, "33": 359, "34": 210, "35": 738, "36": 806, "37": 3609, "38": 3761, "39": 3762, "40": 3763, "41": 64, "42": 3764}, "FleetOver": {"0": "105", "1": "105", "2": "105", "3": "105,22C", "4": "105,22C", "5": "105", "6": "105", "7": "105", "8": "01,02,105,21A,27,33,37,57,62,89", "9": "01,02,105,21A,27,33,37,57,62,89", "10": "105", "11": "105", "12": "105", "13": "105", "14": "105", "15": "105", "16": "105", "17": "103,105,22B", "18": "103,105,22B", "19": "103,105,106,22B,37,39,62", "20": "103,105,106,22B,37,39,62", "21": "103,105,106,22B,37,62", "22": "103,105,106,22B", "23": "01,02,103,105,106,19,21A,22B,22C,27,33", "24": "01,02,103,105,106,19,21A,22B,22C,27,33,39,85", "25": "01,02,103,105,19,21A,22B,22C,27,33,39", "26": "01,02,105,19,21A,22B,22C,27,39", "27": "01,02,105,19,21A,22B,22C,27,39", "28": "01,02,105,19,21A,22B,22C,27,39", "29": "01,02,105,19,21A,22B,22C,27,39", "30": "01,02,05,105,19,21A,21B,27,29,60A", "31": "05,105,29,44,60A,60B", "32": "05,105,29,44,60A,60B", "33": "105,29,30,44,60A,60B", "34": "105,60A,60B", "35": "105,107,22A,35A,50,51,84", "36": "105,51,84", "37": "104,105", "38": "105", "39": "105", "40": "105", "41": "105,26,27,28,32,34,38,49", "42": "105"}, "Lng": {"0": 105.73278333299999, "1": 105.736883333, "2": 105.740283333, "3": 105.747216667, "4": 105.75246666700001, "5": 105.75551666700001, "6": 105.75931666700001, "7": 105.763533333, "8": 105.76546, "9": 105.76803333299999, "10": 105.77303333299999, "11": 105.776766667, "12": 105.77945, "13": 105.78116666700001, "14": 105.78383333299999, "15": 105.7857, "16": 105.78895, "17": 105.79343600000001, "18": 105.79485, "19": 105.793957, "20": 105.789083333, "21": 105.784466667, "22": 105.78258333299999, "23": 105.7826, "24": 105.78745, "25": 105.7892, "26": 105.79176000000001, "27": 105.796016667, "28": 105.79931666700001, "29": 105.8017, "30": 105.806233333, "31": 105.805516667, "32": 105.801833, "33": 105.80145, "34": 105.80275, "35": 105.802057, "36": 105.80176666700001, "37": 105.7996, "38": 105.79841666700001, "39": 105.798216667, "40": 105.80043333299999, "41": 105.803666667, "42": 105.805517}, "Name": {"0": "(A) \u0110\u00f4 Ngh\u0129a - Tuy\u1ebfn 105", "1": "Tr\u01b0\u1eddng THCS Y\u00ean Ngh\u0129a - \u0110\u01b0\u1eddng Y\u00ean L\u1ed9", "2": "\u0110\u1ed1i di\u1ec7n c\u00f4ng ty c\u00e2y xanh Vi\u1ec7t Nam- \u0111\u01b0\u1eddng Y\u00ean L\u1ed9", "3": "Nh\u00e0 ch\u1edd \u0111\u1ed1i di\u1ec7n c\u1ed5ng The Sparks Nam C\u01b0\u1eddng - \u0111\u01b0\u1eddng tr\u1ee5c B\u1eafc H\u00e0 \u0110\u00f4ng", "4": "\u0110\u1ed1i di\u1ec7n ngh\u0129a trang La Kh\u00ea - \u0111\u01b0\u1eddng Y\u00ean L\u1ed9", "5": "Qua c\u1ea7u \u0111i b\u1ed9 nh\u00e0 ch\u1edd Park City tuy\u1ebfn BRT kho\u1ea3ng 30m - L\u00ea Tr\u1ecdng T\u1ea5n (H\u00e0 \u0110\u00f4ng)", "6": "Qua nh\u00e0 ch\u1edd La Kh\u00ea tuy\u1ebfn BRT 01 kho\u1ea3ng 30m, \u0110\u1ed1i di\u1ec7n \u0111\u01b0\u1eddng v\u00e0o ch\u00f9a Bia B\u00e0 - L\u00ea Tr\u1ecdng T\u1ea5n (H\u00e0 \u0110\u00f4ng)", "7": "C\u00e1ch nh\u00e0 ch\u1edd V\u0103n Ph\u00fa tuy\u1ebfn BRT 01 kho\u1ea3ng 50m - L\u00ea Tr\u1ecdng T\u1ea5n (H\u00e0 \u0110\u00f4ng)", "8": "Qua ng\u00e3 t\u01b0 Quang Trung, L\u00ea Tr\u1ecdng T\u1ea5n - 521 Quang Trung (H\u00e0 \u0110\u00f4ng)", "9": "\u0110\u1ed1i di\u1ec7n \u0111\u01b0\u1eddng v\u00e0o ch\u1ee3 La Kh\u00ea (Qua Ga metro La Kh\u00ea) - 405 Quang Trung (H\u00e0 \u0110\u00f4ng)", "10": "Tr\u01b0\u1edbc 30m \u0111\u1ed1i di\u1ec7n ng\u00f5 5 L\u00ea H\u1ed3ng Phong (H\u00e0 \u0110\u00f4ng)", "11": "\u0110\u1ed1i di\u1ec7n Tr\u01b0\u1eddng THCS L\u00ea H\u1ed3ng Phong - L\u00ea H\u1ed3ng Phong", "12": "B\u1ed9 T\u01b0 l\u1ec7nh C\u1ea3nh s\u00e1t bi\u1ec3n Vi\u1ec7t Nam (\u0110\u1ed1i di\u1ec7n ch\u1ee3 H\u00e0 \u0110\u00f4ng) - 94 L\u00ea L\u1ee3i (H\u00e0 \u0110\u00f4ng)", "13": "Tr\u01b0\u1eddng THCS L\u00ea L\u1ee3i - S\u1ed1 160 L\u00ea L\u1ee3i (H\u00e0 \u0110\u00f4ng)", "14": "Qua ng\u00e3 t\u01b0 H\u00e0 Tr\u00ec - \u0110a S\u1ef9 kho\u1ea3ng 100m", "15": "Tr\u01b0\u1eddng M\u1ea7m non \u0110a S\u1ef9 (\u0110\u1ed1i di\u1ec7n Ch\u00f9a l\u00e0ng \u0110a S\u1ef9) - \u0110a S\u1ef9", "16": "Tr\u01b0\u1eddng THCS Ki\u1ebfn H\u01b0ng - \u0110a S\u1ef9", "17": "\u0110\u1ed1i di\u1ec7n Nh\u00e0 CT4B Khu \u0111\u00f4 th\u1ecb Xa La - Ph\u00fac La", "18": "Nh\u00e0 CT2B - K\u0110T Xa La - \u0110\u01b0\u1eddng Ph\u00fac La", "19": "\u0110\u1ed1i di\u1ec7n T\u00f2a nh\u00e0 CT2 Chung c\u01b0 vi\u1ec7n b\u1ecfng, g\u1ea7n ng\u00e3 ba Y\u00ean X\u00e1 - Ph\u00f9ng H\u01b0ng (H\u00e0 \u0110\u00f4ng)", "20": "Vi\u1ec7n 103 - Ph\u00f9ng H\u01b0ng (H\u00e0 \u0110\u00f4ng)", "21": "C\u00f4ng ty CP X\u00e2y l\u1eafp \u0111i\u1ec7n H\u00e0 T\u00e2y - 113 Ph\u00f9ng H\u01b0ng (H\u00e0 \u0110\u00f4ng)", "22": "Trung t\u00e2m V\u0103n h\u00f3a Th\u00f4ng tin - Ph\u00f9ng H\u01b0ng (H\u00e0 \u0110\u00f4ng)", "23": "Li\u00ean minh c\u00e1c HTX H\u00e0 N\u1ed9i - S\u1ed1 1 Tr\u1ea7n Ph\u00fa (H\u00e0 \u0110\u00f4ng)", "24": "Si\u00eau th\u1ecb Nguy\u1ec5n Kim - Km10 Nguy\u1ec5n Tr\u00e3i (H\u00e0 \u0110\u00f4ng)", "25": "\u0110\u1ea1i h\u1ecdc Ki\u1ebfn Tr\u00fac - Tr\u1ea7n Ph\u00fa (H\u00e0 \u0110\u00f4ng)", "26": "H\u1ecdc vi\u1ec7n An ninh nh\u00e2n d\u00e2n - Tr\u1ea7n Ph\u00fa (H\u00e0 \u0110\u00f4ng )", "27": "C\u00f4ng ty CP T\u01b0 v\u1ea5n \u0111\u1ea7u t\u01b0 M\u1ecf v\u00e0 C\u00f4ng nghi\u1ec7p - 565 Nguy\u1ec5n Tr\u00e3i", "28": "T\u1ed5ng C\u00f4ng ty x\u00e2y d\u1ef1ng S\u00f4ng \u0110\u00e0 - 493 Nguy\u1ec5n Tr\u00e3i", "29": "477 Nguy\u1ec5n Tr\u00e3i - H\u1ecdc vi\u1ec7n Khoa h\u1ecdc X\u00e3 h\u1ed9i", "30": "Tr\u01b0\u1edbc s\u1ed1 277 Nguy\u1ec5n Tr\u00e3i - B\u00e1ch h\u00f3a gi\u00e0y Th\u01b0\u1ee3ng \u0110\u00ecnh", "31": "90 Nguy\u1ec5n Tu\u00e2n", "32": "L\u00e0ng Sinh vi\u00ean Hacinco - Nguy\u1ec5n Tu\u00e2n", "33": "\u0110\u1ed1i di\u1ec7n Nh\u00e0 N2E K\u0110T Trung H\u00f2a Nh\u00e2n Ch\u00ednh - L\u00ea V\u0103n L\u01b0\u01a1ng", "34": "Nh\u00e0 24T2 K\u0110T Trung Ho\u00e0 Nh\u00e2n Ch\u00ednh - Ho\u00e0ng \u0110\u1ea1o Th\u00fay", "35": "\u0110\u1ea1i h\u1ecdc Lao \u0111\u1ed9ng & X\u00e3 h\u1ed9i - 43 Tr\u1ea7n Duy H\u01b0ng", "36": "S\u1ed1 1 L\u00f4 11B Khu \u0111\u00f4 th\u1ecb Trung Y\u00ean, \u0111\u01b0\u1eddng Trung Y\u00ean 10 - Trung H\u00f2a", "37": "T\u00f2a nh\u00e0 G3D V\u0169 Ph\u1ea1m H\u00e0m", "38": "C\u00e1ch c\u1ea7u C\u00f3t kho\u1ea3ng 120m, \u0111\u01b0\u1eddng b\u1edd s\u00f4ng T\u00f4 L\u1ecbch - Nguy\u1ec5n Khang", "39": "\u0110\u1ed1i di\u1ec7n s\u1ed1 369 Nguy\u1ec5n Khang", "40": "\u0110\u1ed1i di\u1ec7n Ph\u00f2ng \u0110\u00e0o t\u1ea1o gi\u00e1o d\u1ee5c qu\u1eadn C\u1ea7u Gi\u1ea5y - Nguy\u1ec5n Khang", "41": "\u0110i\u1ec3m trung chuy\u1ec3n C\u1ea7u Gi\u1ea5y - GTVT 02", "42": "(B) C\u1ea7u Gi\u1ea5y - Tuy\u1ebfn 105"}}