{"Lat": {"0": 21.279866666700002, "1": 21.277917000000002, "2": 21.2782, "3": 21.27205, "4": 21.26775, "5": 21.2606333333, "6": 21.25265, "7": 21.2434, "8": 21.24085, "9": 21.23575, "10": 21.23115, "11": 21.2270666667, "12": 21.222716666700002, "13": 21.21815, "14": 21.215183, "15": 21.2019, "16": 21.191133333299998, "17": 21.18675, "18": 21.1662833333, "19": 21.1579333333, "20": 21.151766666700002, "21": 21.1415, "22": 21.1316666667, "23": 21.1265333333, "24": 21.11955, "25": 21.076966666700002, "26": 21.0711666667, "27": 21.067283}, "BusStopCode": {"0": 3123, "1": 3135, "2": 3136, "3": 3137, "4": 3138, "5": 3139, "6": 3140, "7": 3141, "8": 3142, "9": 3143, "10": 3144, "11": 3046, "12": 3145, "13": 904, "14": 903, "15": 905, "16": 906, "17": 907, "18": 908, "19": 909, "20": 910, "21": 911, "22": 912, "23": 884, "24": 913, "25": 599, "26": 601, "27": 3122}, "FleetOver": {"0": "95", "1": "95", "2": "95", "3": "95", "4": "95", "5": "95", "6": "95", "7": "95", "8": "95", "9": "58,95", "10": "58,95", "11": "58,64,93,95", "12": "58,64,95", "13": "56A,56C,58,95", "14": "07,56A,56C,58,64,95", "15": "07,56A,56C,58,95", "16": "07,56A,56C,58,95", "17": "07,53B,56A,56C,58,64,93,95", "18": "07,53B,56A,56C,58,64,93,95", "19": "07,35B,53A,53B,56A,56C,58,61,64,93,95", "20": "07,35B,53A,53B,56A,56C,58,61,64,93,95", "21": "07,35B,53A,53B,56A,56C,58,61,64,93,95", "22": "07,35B,53A,53B,56A,56C,58,61,64,93,95", "23": "07,35B,53A,53B,56A,56C,58,61,64,93,95", "24": "07,35B,53A,53B,56A,56C,58,60B,61,93,95", "25": "07,14,14CT,28,35B,46,53A,53B,56A,56C,57,60A,60B,61,93,95", "26": "07,14,14CT,28,35B,46,53A,53B,56A,56C,57,60A,60B,61,93,95", "27": "95"}, "Lng": {"0": 105.72651666700001, "1": 105.730433, "2": 105.73493333299999, "3": 105.74218333299999, "4": 105.7473, "5": 105.750316667, "6": 105.75076666700001, "7": 105.75248333299999, "8": 105.74845, "9": 105.7462, "10": 105.75588333299999, "11": 105.76166666700001, "12": 105.767866667, "13": 105.77523333299999, "14": 105.778476, "15": 105.779733333, "16": 105.780516667, "17": 105.780383, "18": 105.77955, "19": 105.77918333299999, "20": 105.7789, "21": 105.77845, "22": 105.77908333299999, "23": 105.78071666700001, "24": 105.78315, "25": 105.7864, "26": 105.7855, "27": 105.787067}, "Name": {"0": "(B) Xu\u00e2n H\u00f2a (\u0110H S\u01b0 ph\u1ea1m H\u00e0 N\u1ed9i 2) - Tuy\u1ebfn 95", "1": "Tr\u01b0\u1edbc s\u1ed1 nh\u00e0 170 Tr\u01b0\u1eddng Chinh ( TX ph\u00fac Y\u00ean)", "2": "G\u1ea7n c\u1ea7u Tre", "3": "Tr\u01b0\u1eddng cao \u0111\u1eb3ng C\u00f4ng nghi\u1ec7p Ph\u00fac Y\u00ean (Chi\u1ec1u v\u1ec1)", "4": "Tr\u01b0\u1eddng ti\u1ec3u h\u1ecdc Minh Tr\u00ed", "5": "\u0110\u1ed1i di\u1ec7n c\u1eeda h\u00e0ng \u0111\u1ed3 n\u1ed9i th\u1ea5t B\u1eafc Duy 50m", "6": "C\u1eeda h\u00e0ng S\u01a1n H\u1ea3i L\u1ee3i", "7": "\u0110\u1ed1i di\u1ec7n Tr\u01b0\u1eddng Ti\u1ec3u h\u1ecdc T\u00e2n D\u00e2n B", "8": "\u0110\u01b0\u1eddng v\u00e0o UBND x\u00e3 T\u00e2n D\u00e2n (Chi\u1ec1u v\u1ec1)", "9": "HTX D\u1ecbch v\u1ee5 Trung Na", "10": "68 Thanh Nh\u00e0n  - Thanh Xu\u00e2n", "11": "C\u1ed9t m\u1ed1c Km 10+00 - Qu\u1ed1c l\u1ed9 2A", "12": "\u0110\u1ed1i di\u1ec7n 72 Th\u1ea1ch L\u1ed7i Thanh Xu\u00e2n", "13": "Qua ng\u00e3 3 Qu\u1ed1c l\u1ed9 2 - cao t\u1ed1c N\u1ed9i B\u00e0i, L\u00e0o Cai 50m (chi\u1ec1u N\u00fai \u0110\u00f4i - H\u00e0 N\u1ed9i)", "14": "Qua ng\u00e3 t\u01b0 cao t\u1ed1c TL - Ph\u00fac Y\u00ean - Km 11+380 Cao t\u1ed1c BTL-NB", "15": "So\u00e1t v\u00e9 cao t\u1ed1c B\u1eafc Th\u0103ng Long - Km 10+010 Cao t\u1ed1c BTL-NB", "16": "\u0110\u1ed1i di\u1ec7n nh\u00e0 m\u00e1y t\u1ea5m l\u1ee3p VitMetal- Km 8+700 Cao t\u1ed1c BTL-NB", "17": "KCN Quang Minh - Km 8+150 Cao t\u1ed1c BTL-NB", "18": "\u0110\u1ed1i di\u1ec7n C\u00f4ng ty c\u01a1 kh\u00ed Nam H\u1ed3ng- Km 5+950 Cao t\u1ed1c BTL-NB", "19": "Qua c\u1ea7u v\u01b0\u1ee3t ng\u00e3 4 Nam H\u1ed3ng 70m Cao t\u1ed1c BTL-NB", "20": "\u0110\u1ea7m V\u00e2n Tr\u00ec- Km 4+400 Cao t\u1ed1c BTL-NB", "21": "Qua c\u1ea7u chui d\u00e2n sinh s\u1ed1 4 - \u0111\u1ed1i di\u1ec7n \u0111\u01b0\u1eddng v\u00e0o th\u00f4n Nhu\u1ebf, Km 11+200 (chi\u1ec1u s\u00e2n bay N\u1ed9i B\u00e0i \u0111i H\u00e0 N\u1ed9i)", "22": "UBND x\u00e3 Kim Chung- Km 2+200 Cao t\u1ed1c BTL-NB", "23": "Tr\u01b0\u1edbc ng\u00e3 t\u01b0 khu CN Th\u0103ng Long 100m (chi\u1ec1u N\u1ed9i B\u00e0i - H\u00e0 N\u1ed9i)", "24": "KCN B\u1eafc Th\u0103ng Long - Km 0+800 Cao t\u1ed1c BTL-NB", "25": "96 Ph\u1ea1m V\u0103n \u0110\u1ed3ng (Ng\u00e3 4 Ph\u1ea1m V\u0103n \u0110\u1ed3ng - Xu\u00e2n \u0110\u1ec9nh)", "26": "Showroom \u00f4 t\u00f4 Trung S\u01a1n (\u0111\u1ed1i di\u1ec7n 315 Ph\u1ea1m V\u0103n \u0110\u1ed3ng)", "27": "(A) Nam Th\u0103ng Long - Tuy\u1ebfn 95"}}