{"Lat": {"0": 21.2068166667, "1": 21.2016166667, "2": 21.1945833333, "3": 21.1873, "4": 21.1856333333, "5": 21.1662833333, "6": 21.1579333333, "7": 21.151766666700002, "8": 21.1415, "9": 21.1316666667, "10": 21.1265333333, "11": 21.11955, "12": 21.076966666700002, "13": 21.0711666667, "14": 21.062196, "15": 21.0547333333, "16": 21.051595000000002, "17": 21.04035, "18": 21.0344833333, "19": 21.0305, "20": 21.0281}, "BusStopCode": {"0": 1822, "1": 1823, "2": 1824, "3": 1825, "4": 1826, "5": 908, "6": 909, "7": 910, "8": 911, "9": 912, "10": 884, "11": 913, "12": 599, "13": 601, "14": 600, "15": 602, "16": 603, "17": 604, "18": 581, "19": 582, "20": 1817}, "FleetOver": {"0": "53B", "1": "53B,93", "2": "53B,93", "3": "53B,93", "4": "53B,93", "5": "07,53B,56A,56C,58,64,93,95", "6": "07,35B,53A,53B,56A,56C,58,61,64,93,95", "7": "07,35B,53A,53B,56A,56C,58,61,64,93,95", "8": "07,35B,53A,53B,56A,56C,58,61,64,93,95", "9": "07,35B,53A,53B,56A,56C,58,61,64,93,95", "10": "07,35B,53A,53B,56A,56C,58,61,64,93,95", "11": "07,35B,53A,53B,56A,56C,58,60B,61,93,95", "12": "07,14,14CT,28,35B,46,53A,53B,56A,56C,57,60A,60B,61,93,95", "13": "07,14,14CT,28,35B,46,53A,53B,56A,56C,57,60A,60B,61,93,95", "14": "07,14,14CT,27,28,35A,38,45,46,53A,53B,60A,60B,61", "15": "07,14,14CT,27,35A,38,45,46,53A,53B,60A,60B,61", "16": "07,14,14CT,27,35A,38,45,46,53A,53B,60A,60B,61", "17": "13,33,35A,46,53B,60A,60B,61", "18": "16,29,33,34,35A,46,53B,60A,60B,61,97", "19": "16,29,33,34,35A,46,53B,60A,60B,97", "20": "53B"}, "Lng": {"0": 105.74786666700001, "1": 105.75381666700001, "2": 105.762283333, "3": 105.77108333299999, "4": 105.77536666700001, "5": 105.77955, "6": 105.77918333299999, "7": 105.7789, "8": 105.77845, "9": 105.77908333299999, "10": 105.78071666700001, "11": 105.78315, "12": 105.7864, "13": 105.7855, "14": 105.783753, "15": 105.781916667, "16": 105.781554, "17": 105.7807, "18": 105.78001666700001, "19": 105.779266667, "20": 105.7785}, "Name": {"0": "(B) KCN Quang Minh", "1": "C\u00f4ng ty TNHH MTV", "2": "C\u00f4ng ty C\u1ed5 ph\u1ea7n Th\u00f4ng Minh MK", "3": "T\u1ed5ng c\u00f4ng ty LIAMA", "4": "C\u00f4ng ty CP VNSTEEL Th\u0103ng Long", "5": "\u0110\u1ed1i di\u1ec7n C\u00f4ng ty c\u01a1 kh\u00ed Nam H\u1ed3ng- Km 5+950 Cao t\u1ed1c BTL-NB", "6": "Qua c\u1ea7u v\u01b0\u1ee3t ng\u00e3 4 Nam H\u1ed3ng 70m Cao t\u1ed1c BTL-NB", "7": "\u0110\u1ea7m V\u00e2n Tr\u00ec- Km 4+400 Cao t\u1ed1c BTL-NB", "8": "Qua c\u1ea7u chui d\u00e2n sinh s\u1ed1 4 - \u0111\u1ed1i di\u1ec7n \u0111\u01b0\u1eddng v\u00e0o th\u00f4n Nhu\u1ebf, Km 11+200 (chi\u1ec1u s\u00e2n bay N\u1ed9i B\u00e0i \u0111i H\u00e0 N\u1ed9i)", "9": "UBND x\u00e3 Kim Chung- Km 2+200 Cao t\u1ed1c BTL-NB", "10": "Tr\u01b0\u1edbc ng\u00e3 t\u01b0 khu CN Th\u0103ng Long 100m (chi\u1ec1u N\u1ed9i B\u00e0i - H\u00e0 N\u1ed9i)", "11": "KCN B\u1eafc Th\u0103ng Long - Km 0+800 Cao t\u1ed1c BTL-NB", "12": "96 Ph\u1ea1m V\u0103n \u0110\u1ed3ng (Ng\u00e3 4 Ph\u1ea1m V\u0103n \u0110\u1ed3ng - Xu\u00e2n \u0110\u1ec9nh)", "13": "Showroom \u00f4 t\u00f4 Trung S\u01a1n (\u0111\u1ed1i di\u1ec7n 315 Ph\u1ea1m V\u0103n \u0110\u1ed3ng)", "14": "Tr\u01b0\u1edbc 100m ng\u00f5 218 Ph\u1ea1m V\u0103n \u0110\u1ed3ng (\u0111\u1ed1i di\u1ec7n c\u00f4ng vi\u00ean H\u00f2a B\u00ecnh)", "15": "Si\u00eau th\u1ecb Metro Th\u0103ng Long - \u0110\u1ed1i di\u1ec7n ng\u00f5 599 Ph\u1ea1m V\u0103n \u0110\u1ed3ng", "16": "B\u1ed9 c\u00f4ng an - \u0111\u1ed1i di\u1ec7n 36A Ph\u1ea1m V\u0103n \u0110\u1ed3ng", "17": "S\u1ed1 9 Ph\u1ea1m V\u0103n \u0110\u1ed3ng", "18": "B\u1ec7nh vi\u1ec7n \u0111a khoa y h\u1ecdc c\u1ed5 truy\u1ec1n - 6 Ph\u1ea1m H\u00f9ng", "19": "\u0110\u1ed1i di\u1ec7n B\u01b0u c\u1ee5c Th\u0103ng Long - \u0111\u01b0\u1eddng Ph\u1ea1m H\u00f9ng", "20": "(A) BX M\u1ef9 \u0110\u00ecnh - Tuy\u1ebfn 53B        "}}