{"Lat": {"0": 21.0517333333, "1": 21.052198999999998, "2": 21.059416666700002, "3": 21.0704666667, "4": 21.0778666667, "5": 21.0850333333, "6": 21.0890666667, "7": 21.0963, "8": 21.099866666700002, "9": 21.1061833333, "10": 21.1083, "11": 21.112266666700002, "12": 21.1230666667, "13": 21.1244833333, "14": 21.1257, "15": 21.129483333299998, "16": 21.1328833333, "17": 21.1312666667, "18": 21.1268666667, "19": 21.1220833333, "20": 21.1250666667, "21": 21.1362666667, "22": 21.13495, "23": 21.136999999999997, "24": 21.1405333333, "25": 21.1388, "26": 21.1430666667, "27": 21.14435, "28": 21.1456, "29": 21.1467666667, "30": 21.1415333333, "31": 21.1436333333, "32": 21.1429, "33": 21.1403666667}, "BusStopCode": {"0": 1728, "1": 1054, "2": 1562, "3": 1563, "4": 1564, "5": 1565, "6": 1566, "7": 1567, "8": 1568, "9": 1569, "10": 1570, "11": 1571, "12": 1572, "13": 1573, "14": 1574, "15": 1575, "16": 1576, "17": 1577, "18": 1578, "19": 1579, "20": 1580, "21": 1581, "22": 1582, "23": 1583, "24": 1584, "25": 1585, "26": 1586, "27": 1587, "28": 1588, "29": 1589, "30": 1590, "31": 1591, "32": 1592, "33": 1799}, "FleetOver": {"0": "20C", "1": "20A,20B,20C,29,32,57,92", "2": "20C", "3": "20C", "4": "20C", "5": "20C", "6": "20C", "7": "20C", "8": "20C", "9": "20C", "10": "20C", "11": "20C", "12": "20C", "13": "20C", "14": "20C", "15": "20C", "16": "20C", "17": "20C", "18": "20C", "19": "20C", "20": "20C", "21": "20C", "22": "20C", "23": "20C", "24": "20C", "25": "20C", "26": "20C", "27": "20C", "28": "20C", "29": "20C", "30": "20C", "31": "20C", "32": "20C", "33": "20C"}, "Lng": {"0": 105.73626666700001, "1": 105.736056, "2": 105.73126666700001, "3": 105.72861666700001, "4": 105.7291, "5": 105.73673333299999, "6": 105.7382, "7": 105.733083333, "8": 105.73168333299999, "9": 105.720283333, "10": 105.717616667, "11": 105.71353333299999, "12": 105.70583333299999, "13": 105.70331666700001, "14": 105.69986666700001, "15": 105.69381666700001, "16": 105.6892, "17": 105.68113333299999, "18": 105.677783333, "19": 105.66941666700001, "20": 105.663233333, "21": 105.645383333, "22": 105.63871666700001, "23": 105.6311, "24": 105.625616667, "25": 105.622283333, "26": 105.61131666700001, "27": 105.60528333299999, "28": 105.59976666700001, "29": 105.59323333299999, "30": 105.58595, "31": 105.581633333, "32": 105.55576666700001, "33": 105.55341666700001}, "Name": {"0": "(A) Nh\u1ed5n - Tuy\u1ebfn 20C", "1": "\u0110i\u1ec3m trung chuy\u1ec3n Nh\u1ed5n (c\u1ed9t sau) - Tr\u01b0\u1eddng \u0110\u1ea1i h\u1ecdc c\u00f4ng nghi\u1ec7p H\u00e0 N\u1ed9i - \u0110\u01b0\u1eddng 32", "2": "Qua 50m \u0111\u1ed1i di\u1ec7n c\u1ed5ng ngh\u0129a trang li\u1ec7t s\u0129 T\u00e2y T\u1ef1u - T\u00e2y T\u1ef1u", "3": "Qua 100m c\u1ed5ng tr\u01b0\u1eddng Ti\u1ec3u h\u1ecdc T\u00e2y T\u1ef1u A - T\u00e2y T\u1ef1u", "4": "Qua 150m \u0111\u01b0\u1eddng v\u00e0o tr\u01b0\u1eddng \u0110HCN H\u00e0 N\u1ed9i - T\u00e2y T\u1ef1u", "5": "Qua \u0111\u1ed1i di\u1ec7n 100m ng\u00e3 3 K\u1ef3 V\u0169 - T\u00e2y T\u1ef1u (qua l\u1ed1i v\u00e0o tr\u01b0\u1eddng C\u0110 C\u00f4ng ngh\u1ec7 HN)", "6": "\u0110\u1ed1i di\u1ec7n c\u1ed5ng l\u00e0ng Th\u01b0\u1ee3ng C\u00e1t 1 - \u0111\u00ea Th\u01b0\u1ee3ng C\u00e1t", "7": "\u0110\u1ed1i di\u1ec7n c\u1ed5ng l\u00e0ng Th\u01b0\u1ee3ng C\u00e1t 2 - \u0111\u00ea Th\u01b0\u1ee3ng C\u00e1t", "8": "Th\u00f4n Trung - \u0111\u00ea Th\u01b0\u1ee3ng C\u00e1t", "9": "UBND X\u00e3 Li\u00ean Trung", "10": "L\u00e0ng Qu\u00fd", "11": "Qua tr\u01b0\u1eddng THCS Li\u00ean H\u00e0", "12": "L\u00e0ng T\u1ed5 - x\u00e3 Li\u00ean H\u00e0", "13": "\u0110\u1ed1i di\u1ec7n l\u00e0ng H\u1eefu C\u01b0\u1edbc (g\u1ea7n \u0111\u1ed1i di\u1ec7n \u0111i\u1ebfm canh \u0111\u00ea s\u1ed1 15)", "14": "X\u00f3m B\u1eafc - X\u00e3 Li\u00ean H\u1ed3ng", "15": "\u0110\u1ed1i di\u1ec7n c\u1ed5ng l\u00e0ng B\u1ed3ng Lai", "16": "\u0110\u1ed1i di\u1ec7n c\u1ed5ng \u0110\u00f4ng l\u00e0ng B\u00e1 D\u01b0\u01a1ng N\u1ed9i", "17": "\u0110\u1ed1i di\u1ec7n tr\u01b0\u1eddng THPT H\u1ed3ng Th\u00e1i", "18": "G\u1ea7n c\u1ed9t m\u1ed1c V\u00e2n C\u1ed1c 15km - l\u00e0ng H\u1ea1 M\u1ed7", "19": "L\u00e0ng H\u01b0\u01a1ng Luy - X\u00e3 Trung Ch\u00e2u (g\u1ea7n c\u1ed9t m\u1ed1c V\u00e2n C\u1ed1c 14km)", "20": "G\u1ea7n c\u1ed9t m\u1ed1c V\u00e2n C\u1ed1c 13km, \u0111\u1ed1i di\u1ec7n \u0111i\u1ebfm canh \u0111\u00ea s\u1ed1 10 (UBND X\u00e3 Trung Ch\u00e2u)", "21": "S\u00e2n v\u1eadn \u0111\u1ed9ng TDTT X\u00e3 Th\u1ecd An - g\u1ea7n c\u1ed9t m\u1ed1c V\u00e2n C\u1ed1c 11km", "22": "\u0110\u1ed1i di\u1ec7n \u0111i\u1ebfm canh \u0111\u00ea s\u1ed1 7 - X\u00e3 Th\u1ecd An (g\u1ea7n c\u1ed9t m\u1ed1c V\u00e2n C\u1ed1c 10km)", "23": "Km10 - \u0111\u01b0\u1eddng 417 ( \u0111\u1ed1i di\u1ec7n tr\u01b0\u1eddng THCS Trung Ch\u00e2u)", "24": "\u0110\u1ed1i di\u1ec7n x\u00f3m C\u1ea3 - l\u00e0ng H\u01b0u Trung", "25": "Tr\u01b0\u1edbc 50m ng\u00e3 ba \u0111\u01b0\u1eddng v\u00e0o x\u00e3 H\u00e1t M\u00f4n - \u0110an Ph\u01b0\u1ee3ng", "26": "Qua \u0111\u1ed1i di\u1ec7n tr\u01b0\u1eddng THPT V\u00e2n C\u1ed1c", "27": "\u0110\u1ed1i di\u1ec7n UBND X\u00e3 V\u00e2n Nam", "28": "Qua l\u1ed1i v\u00e0o tr\u01b0\u1eddng THCS V\u00e2n C\u1ed1c", "29": "UBND X\u00e3 V\u00e2n Ph\u00fac (c\u1ed9t m\u1ed1c H1/12)", "30": "Qua ng\u00e3 4 Xu\u00e2n Ph\u00fa 50m", "31": "UBND x\u00e3 Xu\u00e2n Ph\u00fa (g\u1ea7n tr\u01b0\u1eddng TH Xu\u00e2n Ph\u00fa)", "32": "G\u1ea7n c\u1eeda kh\u1ea9u X\u00e3 C\u1ea9m \u0110\u00ecnh", "33": "(B) V\u00f5ng Xuy\u00ean - Ph\u00fac Th\u1ecd - Tuy\u1ebfn 20C"}}