{"Lat": {"0": 21.2147166667, "1": 21.2193166667, "2": 21.215183, "3": 21.2019, "4": 21.191133333299998, "5": 21.18675, "6": 21.1662833333, "7": 21.1579333333, "8": 21.151766666700002, "9": 21.1415, "10": 21.1316666667, "11": 21.1265333333, "12": 21.11955, "13": 21.076966666700002, "14": 21.0711666667, "15": 21.062196, "16": 21.0547333333, "17": 21.051595000000002, "18": 21.0460166667, "19": 21.0460333333, "20": 21.046, "21": 21.046031, "22": 21.0409166667, "23": 21.0325666667, "24": 21.0285833333, "25": 21.0279833333}, "BusStopCode": {"0": 1781, "1": 902, "2": 903, "3": 905, "4": 906, "5": 907, "6": 908, "7": 909, "8": 910, "9": 911, "10": 912, "11": 884, "12": 913, "13": 599, "14": 601, "15": 600, "16": 602, "17": 603, "18": 238, "19": 229, "20": 230, "21": 231, "22": 4087, "23": 58, "24": 63, "25": 1696}, "FleetOver": {"0": "07", "1": "07", "2": "07,56A,56C,58,64,95", "3": "07,56A,56C,58,95", "4": "07,56A,56C,58,95", "5": "07,53B,56A,56C,58,64,93,95", "6": "07,53B,56A,56C,58,64,93,95", "7": "07,35B,53A,53B,56A,56C,58,61,64,93,95", "8": "07,35B,53A,53B,56A,56C,58,61,64,93,95", "9": "07,35B,53A,53B,56A,56C,58,61,64,93,95", "10": "07,35B,53A,53B,56A,56C,58,61,64,93,95", "11": "07,35B,53A,53B,56A,56C,58,61,64,93,95", "12": "07,35B,53A,53B,56A,56C,58,60B,61,93,95", "13": "07,14,14CT,28,35B,46,53A,53B,56A,56C,57,60A,60B,61,93,95", "14": "07,14,14CT,28,35B,46,53A,53B,56A,56C,57,60A,60B,61,93,95", "15": "07,14,14CT,27,28,35A,38,45,46,53A,53B,60A,60B,61", "16": "07,14,14CT,27,35A,38,45,46,53A,53B,60A,60B,61", "17": "07,14,14CT,27,35A,38,45,46,53A,53B,60A,60B,61", "18": "07,14,14CT,33", "19": "07,14,14CT,33,38,45", "20": "07,14,14CT,33,38,45", "21": "07,14,14CT,33,38,45", "22": "07,38", "23": "07,16,20A,20B,26,27,28,32,34,49", "24": "07,09,09CT,20A,20B,24,55,55B", "25": "07"}, "Lng": {"0": 105.80143333299999, "1": 105.7815, "2": 105.778476, "3": 105.779733333, "4": 105.780516667, "5": 105.780383, "6": 105.77955, "7": 105.77918333299999, "8": 105.7789, "9": 105.77845, "10": 105.77908333299999, "11": 105.78071666700001, "12": 105.78315, "13": 105.7864, "14": 105.7855, "15": 105.783753, "16": 105.781916667, "17": 105.781554, "18": 105.78375, "19": 105.787066667, "20": 105.7922, "21": 105.796345, "22": 105.79746666700001, "23": 105.7986, "24": 105.80388333299999, "25": 105.805516667}, "Name": {"0": "(B) N\u1ed9i B\u00e0i - Tuy\u1ebfn 07", "1": "Qua 50m \u0111\u1ed1i di\u1ec7n ng\u00e3 3 v\u00e0o th\u00f4n \u0110i\u1ec1n X\u00e1 - cao t\u1ed1c BTL-NB (\u0111\u01b0\u1eddng V\u00f5 V\u0103n Ki\u1ec7t)", "2": "Qua ng\u00e3 t\u01b0 cao t\u1ed1c TL - Ph\u00fac Y\u00ean - Km 11+380 Cao t\u1ed1c BTL-NB", "3": "So\u00e1t v\u00e9 cao t\u1ed1c B\u1eafc Th\u0103ng Long - Km 10+010 Cao t\u1ed1c BTL-NB", "4": "\u0110\u1ed1i di\u1ec7n nh\u00e0 m\u00e1y t\u1ea5m l\u1ee3p VitMetal- Km 8+700 Cao t\u1ed1c BTL-NB", "5": "KCN Quang Minh - Km 8+150 Cao t\u1ed1c BTL-NB", "6": "\u0110\u1ed1i di\u1ec7n C\u00f4ng ty c\u01a1 kh\u00ed Nam H\u1ed3ng- Km 5+950 Cao t\u1ed1c BTL-NB", "7": "Qua c\u1ea7u v\u01b0\u1ee3t ng\u00e3 4 Nam H\u1ed3ng 70m Cao t\u1ed1c BTL-NB", "8": "\u0110\u1ea7m V\u00e2n Tr\u00ec- Km 4+400 Cao t\u1ed1c BTL-NB", "9": "Qua c\u1ea7u chui d\u00e2n sinh s\u1ed1 4 - \u0111\u1ed1i di\u1ec7n \u0111\u01b0\u1eddng v\u00e0o th\u00f4n Nhu\u1ebf, Km 11+200 (chi\u1ec1u s\u00e2n bay N\u1ed9i B\u00e0i \u0111i H\u00e0 N\u1ed9i)", "10": "UBND x\u00e3 Kim Chung- Km 2+200 Cao t\u1ed1c BTL-NB", "11": "Tr\u01b0\u1edbc ng\u00e3 t\u01b0 khu CN Th\u0103ng Long 100m (chi\u1ec1u N\u1ed9i B\u00e0i - H\u00e0 N\u1ed9i)", "12": "KCN B\u1eafc Th\u0103ng Long - Km 0+800 Cao t\u1ed1c BTL-NB", "13": "96 Ph\u1ea1m V\u0103n \u0110\u1ed3ng (Ng\u00e3 4 Ph\u1ea1m V\u0103n \u0110\u1ed3ng - Xu\u00e2n \u0110\u1ec9nh)", "14": "Showroom \u00f4 t\u00f4 Trung S\u01a1n (\u0111\u1ed1i di\u1ec7n 315 Ph\u1ea1m V\u0103n \u0110\u1ed3ng)", "15": "Tr\u01b0\u1edbc 100m ng\u00f5 218 Ph\u1ea1m V\u0103n \u0110\u1ed3ng (\u0111\u1ed1i di\u1ec7n c\u00f4ng vi\u00ean H\u00f2a B\u00ecnh)", "16": "Si\u00eau th\u1ecb Metro Th\u0103ng Long - \u0110\u1ed1i di\u1ec7n ng\u00f5 599 Ph\u1ea1m V\u0103n \u0110\u1ed3ng", "17": "B\u1ed9 c\u00f4ng an - \u0111\u1ed1i di\u1ec7n 36A Ph\u1ea1m V\u0103n \u0110\u1ed3ng", "18": "Tr\u1ea1m trung chuy\u1ec3n xe bu\u00fdt Ho\u00e0ng Qu\u1ed1c Vi\u1ec7t (c\u1ed9t sau) - chi\u1ec1u \u0111i B\u01b0\u1edfi", "19": "H\u1ecdc vi\u1ec7n Ch\u00ednh tr\u1ecb Qu\u1ed1c Gia H\u1ed3 Ch\u00ed Minh (\u0110\u1ed1i di\u1ec7n 108 Ho\u00e0ng Qu\u1ed1c Vi\u1ec7t)", "20": "Cao \u0111\u1eb3ng s\u01b0 ph\u1ea1m m\u1eabu gi\u00e1o Trung \u01b0\u01a1ng - 387 Ho\u00e0ng Qu\u1ed1c Vi\u1ec7t", "21": "247-249 Ho\u00e0ng Qu\u1ed1c Vi\u1ec7t", "22": "C\u00f4ng vi\u00ean Ngh\u0129a \u0110\u00f4 - S\u1ed1 64 Nguy\u1ec5n V\u0103n Huy\u00ean", "23": "165 C\u1ea7u Gi\u1ea5y - B\u01b0u \u0111i\u1ec7n C\u1ea7u Gi\u1ea5y", "24": "\u0110i\u1ec3m trung chuy\u1ec3n C\u1ea7u Gi\u1ea5y - GTVT 01", "25": "(A) C\u1ea7u Gi\u1ea5y - Tuy\u1ebfn 07"}}