{"Lat": {"0": 20.97985, "1": 20.984671, "2": 20.989376999999998, "3": 20.993727, "4": 20.99643, "5": 21.000966666700002, "6": 21.0049166667, "7": 21.009733333299998, "8": 21.00785, "9": 21.007485, "10": 21.0071333333, "11": 20.9999166667, "12": 20.9959333333, "13": 20.9935833333, "14": 20.9904666667, "15": 20.988163, "16": 20.985882999999998, "17": 20.983446, "18": 20.980401, "19": 20.979275, "20": 20.975483333299998, "21": 20.972531, "22": 20.969518, "23": 20.96755, "24": 20.964783333299998, "25": 20.9620333333, "26": 20.96017, "27": 20.958085, "28": 20.954073, "29": 20.952066666700002, "30": 20.9500833333}, "BusStopCode": {"0": 1686, "1": 166, "2": 167, "3": 630, "4": 3283, "5": 169, "6": 170, "7": 591, "8": 592, "9": 69, "10": 668, "11": 533, "12": 534, "13": 535, "14": 544, "15": 536, "16": 537, "17": 797, "18": 798, "19": 799, "20": 800, "21": 643, "22": 644, "23": 645, "24": 646, "25": 647, "26": 648, "27": 649, "28": 650, "29": 1470, "30": 1752}, "FleetOver": {"0": "21A", "1": "03,03B,08A,08ACT,08B,08BCT,12,16,21A,21B,25,28,32,41", "2": "03,03B,08A,08ACT,08B,08BCT,16,21A,21B,25,28,32,41", "3": "16,21A,21B", "4": "16,21A,21B,99", "5": "03,18,21A,21B,25,28,32,41,47B,99", "6": "21A,21B,26", "7": "21A,21B,26,35A,44,51", "8": "21A,21B,26,35A,44,51,99", "9": "12,18,21A,21B,23,26,35A,44,51", "10": "01,02,09,09CT,18,21A,21B,44,51,84", "11": "01,02,19,21A,21B,27,44", "12": "01,02,05,19,21A,21B,27,29,44,60B", "13": "01,02,05,105,19,21A,21B,27,29,60A", "14": "01,02,105,19,21A,22B,22C,27,39", "15": "01,02,105,19,21A,22B,22C,27,39", "16": "01,02,105,19,21A,22B,22C,27,39", "17": "01,02,105,19,21A,22B,22C,27,39", "18": "01,02,103,105,19,21A,22B,22C,27,33,39,85", "19": "01,02,103,105,106,19,21A,22B,22C,27,33,85", "20": "01,02,103,105,106,19,21A,22B,22C,27,33", "21": "01,02,21A,27,33,57,89", "22": "01,02,21A,27,33,57,89", "23": "01,02,21A,27,33,57,89", "24": "01,02,105,21A,27,33,37,57,62,89", "25": "01,02,21A,27,33,37,57,62,89", "26": "01,02,21A,27,33,37,57,62,89", "27": "01,02,21A,27,33,37,57,62,89", "28": "01,02,21A,27,33,37,57,62,89,91", "29": "01,02,21A,27,33,37,57,62,89,91", "30": "21A"}, "Lng": {"0": 105.841916667, "1": 105.841169, "2": 105.84126100000002, "3": 105.84193, "4": 105.842858, "5": 105.84145, "6": 105.84155, "7": 105.835433333, "8": 105.83316666700001, "9": 105.828726, "10": 105.82313333299999, "11": 105.815233333, "12": 105.80925, "13": 105.8058, "14": 105.80138333299999, "15": 105.798207, "16": 105.794981, "17": 105.79166200000002, "18": 105.7879, "19": 105.786454, "20": 105.78155, "21": 105.777525, "22": 105.77386000000001, "23": 105.77138333299999, "24": 105.767783333, "25": 105.764283333, "26": 105.76188799999998, "27": 105.759179, "28": 105.753901, "29": 105.75121666700001, "30": 105.74838333299999}, "Name": {"0": "(A) BX Gi\u00e1p B\u00e1t - Tuy\u1ebfn 21A", "1": "Toyota Gi\u1ea3i Ph\u00f3ng - 807 Gi\u1ea3i Ph\u00f3ng", "2": "649 Gi\u1ea3i Ph\u00f3ng", "3": "337 Ph\u1ed1 V\u1ecdng", "4": "191 Ph\u1ed1 V\u1ecdng", "5": "175-177 Gi\u1ea3i Ph\u00f3ng (Ng\u00e3 3 L\u00ea Thanh Ngh\u1ecb)", "6": "G\u1ea7n c\u1ed5ng Parabol \u0110H B\u00e1ch Khoa - 17 Gi\u1ea3i Ph\u00f3ng (c\u1ed9t tr\u01b0\u1edbc)", "7": "101A2 TT Trung T\u1ef1 - Ph\u1ea1m Ng\u1ecdc Th\u1ea1ch", "8": "104 C1 T\u1eadp th\u1ec3 Trung T\u1ef1 - Ph\u1ea1m Ng\u1ecdc Th\u1ea1ch", "9": "C\u00f4ng ty in th\u01b0\u01a1ng m\u1ea1i & d\u1ecbch v\u1ee5 ng\u00e2n h\u00e0ng - S\u1ed1 10 Ch\u00f9a B\u1ed9c", "10": "290 T\u00e2y S\u01a1n", "11": "94 Nguy\u1ec5n Tr\u00e3i", "12": "322 Nguy\u1ec5n Tr\u00e3i", "13": "386 Nguy\u1ec5n Tr\u00e3i - C\u1ee5c S\u1edf h\u1eefu tr\u00ed tu\u1ec7", "14": "B\u00e1ch h\u00f3a Thanh Xu\u00e2n - \u0111\u01b0\u1eddng Nguy\u1ec5n Tr\u00e3i", "15": "204-206 Nguy\u1ec5n Tr\u00e3i (G\u1ea7n ng\u00e3 3 Nguy\u1ec5n Tr\u00e3i - L\u01b0\u01a1ng Th\u1ebf Vinh )", "16": "C\u00f4ng ty CP C\u00f4ng tr\u00ecnh GT 873 - Nguy\u1ec5n Tr\u00e3i", "17": "S\u1ed1 10 Tr\u1ea7n Ph\u00fa - Si\u00eau Th\u1ecb Vi\u1ec7t Long", "18": "H\u1ecdc vi\u1ec7n c\u00f4ng ngh\u1ec7 b\u01b0u ch\u00ednh vi\u1ec5n th\u00f4ng - Tr\u1ea7n Ph\u00fa (H\u00e0 \u0110\u00f4ng)", "19": "100 Tr\u1ea7n Ph\u00fa (H\u00e0 \u0110\u00f4ng)", "20": "Kh\u00e1ch s\u1ea1n S\u00f4ng Nhu\u1ec7 (148 Tr\u1ea7n Ph\u00fa- H\u00e0 \u0110\u00f4ng)", "21": "S\u1ed1 8 Quang Trung - H\u00e0 \u0110\u00f4ng", "22": "96 Quang Trung - H\u00e0 \u0110\u00f4ng", "23": "Nh\u00e0 thi \u0111\u1ea5u H\u00e0 \u0110\u00f4ng - 182 Quang Trung (H\u00e0 \u0110\u00f4ng)", "24": "254 Quang Trung - H\u00e0 \u0110\u00f4ng", "25": "\u0110\u1ed1i di\u1ec7n K\u0110T V\u0103n Ph\u00fa - 418 Quang Trung (H\u00e0 \u0110\u00f4ng)", "26": "530 - 532 Quang Trung - H\u00e0 \u0110\u00f4ng", "27": "678 - 680 Quang Trung (H\u00e0 \u0110\u00f4ng)", "28": "Showroom \u00f4 t\u00f4 Tr\u01b0\u1eddng S\u01a1n (\u0111\u1ed1i di\u1ec7n Nissan H\u00e0 \u0110\u00f4ng - Km 14+600, Qu\u1ed1c l\u1ed9 6)", "29": "\u0110\u1ed1i di\u1ec7n Tr\u01b0\u1eddng TH Kinh t\u1ebf H\u00e0 T\u00e2y - Qu\u1ed1c l\u1ed9 6", "30": "(B) BX Y\u00ean Ngh\u0129a - Tuy\u1ebfn 21A"}}