{"Lat": {"0": 20.981832999999998, "1": 20.98475, "2": 20.9888, "3": 20.9941, "4": 20.99745, "5": 21.002, "6": 21.0054166667, "7": 21.012367, "8": 21.0155333333, "9": 21.016835, "10": 21.017288, "11": 21.019126999999997, "12": 21.019363000000002, "13": 21.020322, "14": 21.017566666700002, "15": 21.0151166667, "16": 21.016066666700002, "17": 21.0132833333, "18": 21.007339, "19": 21.0059666667, "20": 21.0029333333, "21": 21.0028666667, "22": 21.0067, "23": 21.010703, "24": 21.01502, "25": 21.01876, "26": 21.0196333333, "27": 21.01885, "28": 21.0229, "29": 21.027151, "30": 21.0281}, "BusStopCode": {"0": 1722, "1": 525, "2": 526, "3": 527, "4": 293, "5": 294, "6": 295, "7": 383, "8": 384, "9": 796, "10": 768, "11": 253, "12": 254, "13": 85, "14": 208, "15": 209, "16": 674, "17": 322, "18": 363, "19": 364, "20": 365, "21": 225, "22": 226, "23": 465, "24": 466, "25": 467, "26": 3299, "27": 576, "28": 577, "29": 578, "30": 1745}, "FleetOver": {"0": "30", "1": "26,30,38,42", "2": "26,30,38,42", "3": "04,26,30,38,42", "4": "04,26,30,42", "5": "04,26,30,42", "6": "04,30,42", "7": "04,18,30,42,44", "8": "04,23,30", "9": "30", "10": "09,09CT,30,52A,52B", "11": "01,09,09CT,30,41,49", "12": "01,09,09CT,30,41,49", "13": "28,30,49,99", "14": "18,23,30,50", "15": "18,30,50", "16": "12,26,30,35A,50", "17": "09,09CT,30,50", "18": "30,84", "19": "30,84", "20": "105,30,60A,60B", "21": "05,29,30,44,85", "22": "05,29,30,44,85", "23": "05,29,30,44,85", "24": "29,30,44,85", "25": "29,30,44", "26": "104,30,84", "27": "103,104,21B,22B,29,30,33,35A,39,44,60A,60B,74,84,87,88", "28": "103,104,21B,22B,29,30,33,35A,39,44,46,60A,60B,74,84,87,88", "29": "103,16,21B,22B,29,30,33,34,44,46,53B,60A,60B,74,84,88", "30": "30"}, "Lng": {"0": 105.86366699999999, "1": 105.86383333299999, "2": 105.86336666700001, "3": 105.8628, "4": 105.861883333, "5": 105.861466667, "6": 105.861083333, "7": 105.858701, "8": 105.8567, "9": 105.851993, "10": 105.845721, "11": 105.83798200000001, "12": 105.834084, "13": 105.82681200000002, "14": 105.82385, "15": 105.81975, "16": 105.8158, "17": 105.812683333, "18": 105.80730600000001, "19": 105.80545, "20": 105.80096666700001, "21": 105.799783333, "22": 105.79676666700001, "23": 105.793346, "24": 105.789877, "25": 105.78696000000001, "26": 105.784783333, "27": 105.781516667, "28": 105.77903333299999, "29": 105.77920800000001, "30": 105.7785}, "Name": {"0": "(A) Mai \u0110\u1ed9ng - Tuy\u1ebfn 30", "1": "C\u00f4ng ty da gi\u1ea7y H\u00e0 N\u1ed9i - 441 Nguy\u1ec5n Tam Trinh", "2": "251-253 Nguy\u1ec5n Tam Trinh", "3": "89 Nguy\u1ec5n Tam Trinh", "4": "\u0110\u1ed1i di\u1ec7n 346 Kim Ng\u01b0u - (Ng\u00e3 4 Kim Ng\u01b0u - Minh Khai)", "5": "\u0110\u1ed1i di\u1ec7n T\u1eadp th\u1ec3 E6 Qu\u1ef3nh Mai - Kim Ng\u01b0u", "6": "\u0110\u1ed1i di\u1ec7n B\u00e3i tr\u00f4ng gi\u1eef xe C\u00f4ng ty khai th\u00e1c \u0111i\u1ec3m \u0111\u1ed7 xe H\u00e0 N\u1ed9i t\u1ea1i 98 Kim Ng\u01b0u", "7": "131 L\u00f2 \u0110\u00fac", "8": "77 L\u00f2 \u0110\u00fac", "9": "76 Tr\u1ea7n Xu\u00e2n So\u1ea1n", "10": "\u0110\u1ed1i di\u1ec7n Trung t\u00e2m gi\u1ea3i tr\u00ed Ng\u00f4i Sao Xanh (H\u1ed3 Thi\u1ec1n Quang) - Tr\u1ea7n Nh\u00e2n T\u00f4ng", "11": "78-80A Kh\u00e2m Thi\u00ean (\u0110\u1ed1i di\u1ec7n 71)", "12": "274-276 Kh\u00e2m Thi\u00ean", "13": "Qua \u0111i\u1ec3m quay \u0111\u1ea7u 100m v\u1ec1 ph\u00eda Ho\u00e0ng C\u1ea7u - \u0110\u01b0\u1eddng V\u00e0nh \u0111ai 1 (chi\u1ec1u \u00d4 Ch\u1ee3 D\u1eeba \u0111i Ho\u00e0ng C\u1ea7u)", "14": "\u0110\u1ed1i di\u1ec7n Trung t\u00e2m th\u1ec3 thao Ho\u00e0ng C\u1ea7u - H\u1ed3 Ho\u00e0ng C\u1ea7u", "15": "Qua 50m ng\u00e3 ba \u0110\u1eb7ng Ti\u1ebfn \u0110\u00f4ng \u2013 Ho\u00e0ng C\u1ea7u (\u0111i Th\u00e1i H\u00e0)", "16": "R\u1ea1p chi\u1ebfu phim Qu\u1ed1c Gia - Th\u00e1i H\u00e0", "17": "Vi\u1ec7n C\u00f4ng Ngh\u1ec7 X\u1ea1 Hi\u1ebfm - 48 L\u00e1ng H\u1ea1", "18": "S\u01b0 \u0111o\u00e0n Ph\u00f2ng kh\u00f4ng 361 - L\u00ea V\u0103n L\u01b0\u01a1ng", "19": "Nh\u00e0 18T1 K\u0110T Trung H\u00f2a Nh\u00e2n Ch\u00ednh - L\u00ea V\u0103n L\u01b0\u01a1ng", "20": "Nh\u00e0 N2E K\u0110T Trung H\u00f2a Nh\u00e2n Ch\u00ednh - L\u00ea V\u0103n L\u01b0\u01a1ng", "21": "Qua Nh\u00e0 N1A K\u0110T Trung H\u00f2a Nh\u00e2n Ch\u00ednh 50m - Ho\u00e0ng Minh Gi\u00e1m", "22": "Tr\u01b0\u1eddng THPT chuy\u00ean H\u00e0 N\u1ed9i - Amsterdam (Ho\u00e0ng Minh Gi\u00e1m)", "23": "Tr\u01b0\u1eddng THPT Nguy\u1ec5n B\u1ec9nh Khi\u00eam - \u0111\u01b0\u1eddng Nguy\u1ec5n Ch\u00e1nh", "24": "\u0110\u1ed1i di\u1ec7n nh\u00e0 B6C - K\u0110T Nam Trung Y\u00ean", "25": "Tr\u01b0\u1edbc tr\u01b0\u1eddng Ti\u1ec3u h\u1ecdc Nam Trung Y\u00ean 100m - \u0111\u01b0\u1eddng Nguy\u1ec5n Ch\u00e1nh", "26": "\u0110\u1ed1i di\u1ec7n 16 D\u01b0\u01a1ng \u0110\u00ecnh Ngh\u1ec7", "27": "\u0110\u1ed1i di\u1ec7n nh\u00e0 CT5 K\u0110T S\u00f4ng \u0110\u00e0 M\u1ef9 \u0110\u00ecnh - Ph\u1ea1m H\u00f9ng", "28": "Qua ng\u00e3 4 Ph\u1ea1m H\u00f9ng - \u0110\u00ecnh Th\u00f4n (H\u01b0\u1edbng \u0111i Ph\u1ea1m V\u0103n \u0110\u1ed3ng)", "29": "\u0110\u1ed1i di\u1ec7n B\u1ebfn xe kh\u00e1ch M\u1ef9 \u0110\u00ecnh - Ph\u1ea1m H\u00f9ng (c\u1ed9t tr\u01b0\u1edbc)", "30": "(B) BX M\u1ef9 \u0110\u00ecnh - Tuy\u1ebfn 30"}}