{"Lat": {"0": 20.7854166667, "1": 20.78115, "2": 20.7744333333, "3": 20.7713333333, "4": 20.7737333333, "5": 20.7854, "6": 20.79635, "7": 20.8061166667, "8": 20.8228833333, "9": 20.8301166667, "10": 20.8426166667, "11": 20.8537666667, "12": 20.8645666667, "13": 20.8704666667, "14": 20.8762166667, "15": 20.8793, "16": 20.886983333299998, "17": 20.894033333299998, "18": 20.9019833333, "19": 20.90755, "20": 20.9112333333, "21": 20.9186, "22": 20.922933333299998, "23": 20.9267166667, "24": 20.931938, "25": 20.93545, "26": 20.939083333299997, "27": 20.94415, "28": 20.947, "29": 20.951628, "30": 20.9556, "31": 20.9579, "32": 20.9647666667, "33": 20.971045999999998, "34": 20.97985}, "BusStopCode": {"0": 1783, "1": 1502, "2": 1503, "3": 1504, "4": 1259, "5": 1260, "6": 1261, "7": 1262, "8": 1263, "9": 1264, "10": 1265, "11": 1266, "12": 1267, "13": 1268, "14": 1223, "15": 1270, "16": 1271, "17": 1272, "18": 1273, "19": 1274, "20": 1275, "21": 1276, "22": 1277, "23": 439, "24": 440, "25": 441, "26": 442, "27": 443, "28": 444, "29": 445, "30": 446, "31": 447, "32": 3287, "33": 165, "34": 1681}, "FleetOver": {"0": "06C", "1": "06C", "2": "06C", "3": "06C", "4": "06A,06C,06D,101,108", "5": "06A,06C,06D,101,108", "6": "06A,06C,06D,101,108", "7": "06A,06C,06D,06E,101,108", "8": "06A,06C,06D,06E,101,108", "9": "06A,06C,06D,06E,101,108", "10": "06A,06C,06D,06E,101,108", "11": "06A,06C,06D,06E,101,108", "12": "06A,06C,06D,06E,101", "13": "06A,06C,06D,06E,101,62,94", "14": "06A,06B,06C,06D,06E,101,62,94", "15": "06A,06B,06C,06D,06E,101,62,94", "16": "06A,06B,06C,06D,06E,101,62,94", "17": "06A,06B,06C,06D,06E,101,62,94", "18": "06A,06B,06C,06D,06E,101,62,94", "19": "06A,06B,06C,06D,06E,101,62,94", "20": "06A,06B,06C,06D,06E,101,62,94", "21": "06A,06B,06C,06D,06E,101,62,94", "22": "06A,06B,06C,06D,06E,101,62,94", "23": "06A,06B,06C,06D,06E,08A,08ACT,101,12,62,94", "24": "06A,06B,06C,06D,06E,08A,08ACT,101,12,62,94", "25": "06A,06B,06C,06D,06E,08A,08ACT,101,12,62,94", "26": "06A,06B,06C,06D,06E,08A,08ACT,101,12,62,94", "27": "06A,06B,06C,06D,06E,08A,08ACT,101,12,39,94", "28": "06A,06B,06C,06D,06E,08A,08ACT,101,12,39,94", "29": "06A,06B,06C,06D,06E,08A,08ACT,101,12,94", "30": "06A,06B,06C,06D,06E,08A,08ACT,101,12,94", "31": "06A,06B,06C,06D,06E,08A,08ACT,101,12,60A,94,99", "32": "06A,06B,06C,06D,06E,08A,08B,08BCT,106,12,21B,37,60A,94,99", "33": "03B,06A,06B,06C,06D,06E,08A,08ACT,08B,08BCT,101,106,12,16,21B,22C,29,36,36CT,37,94", "34": "06C"}, "Lng": {"0": 105.919283333, "1": 105.91651666700001, "2": 105.911616667, "3": 105.90461666700001, "4": 105.898833333, "5": 105.892383333, "6": 105.8871, "7": 105.88398333299999, "8": 105.88225, "9": 105.878133333, "10": 105.8729, "11": 105.87035, "12": 105.86675, "13": 105.864883333, "14": 105.86251666700001, "15": 105.86081666700001, "16": 105.85821666700001, "17": 105.855983333, "18": 105.85363333299999, "19": 105.85273333299999, "20": 105.85255, "21": 105.85241666700001, "22": 105.85175, "23": 105.849566667, "24": 105.84730800000001, "25": 105.84595, "26": 105.8445, "27": 105.84456666700001, "28": 105.844466667, "29": 105.84413799999999, "30": 105.84338333299999, "31": 105.84291666700001, "32": 105.84211666700001, "33": 105.84128, "34": 105.841916667}, "Name": {"0": "(B) Ph\u00fa Minh - Tuy\u1ebfn 06C", "1": "Tr\u01b0\u1edbc nh\u00e0 92 - 94 th\u00f4n Ph\u00fa Th\u1ecbnh - Ph\u00fa Minh - TL429", "2": "Qua c\u1eeda h\u00e0ng \u0111\u1ed3 g\u1ed7 T\u1ea5n Lan  tr\u01b0\u1edbc nh\u00e0 20 - 22 V\u1ea1n \u0110i\u1ec3m - TL429", "3": "Tr\u01b0\u1edbc c\u1eeda h\u00e0ng \u0111\u1ed3 g\u1ed7 M\u1ea1nh Di\u1ec5n  Quy\u1ebft T\u00fa - V\u1ea1n \u0110i\u1ec3m - TL429", "4": "C\u1eeda h\u00e0ng \u0111\u1ed3 g\u1ed7 Ph\u1ea5n Th\u1ee7y - g\u1ea7n c\u1ea7u \u0110\u1ed7 X\u00e1 - Qu\u1ed1c l\u1ed9 1A", "5": "C\u00e1ch \u0111\u00ecnh Ngu\u1ed9n 70m - Qu\u1ed1c L\u1ed9 1A", "6": "\u0110\u1ed1i di\u1ec7n c\u1eeda h\u00e0ng Nokia (\u0110inh X\u00e1 - V\u0103n T\u1ef1 - Th\u01b0\u1eddng T\u00edn) - Qu\u1ed1c L\u1ed9 1A", "7": "C\u1eeda h\u00e0ng v\u00e0ng b\u1ea1c Loan L\u1ef1u - Qu\u1ed1c L\u1ed9 1A", "8": "C\u1eeda h\u00e0ng b\u00ecnh n\u01b0\u1edbc n\u00f3ng si\u00eau t\u1ed1c - Qu\u1ed1c L\u1ed9 1A", "9": "C\u1eeda h\u00e0ng Nokia Ch\u1ee3 C\u1ea7u - Qu\u1ed1c L\u1ed9 1A", "10": "C\u1eeda h\u00e0ng Thanh H\u01b0\u1edfng (\u0110\u1ea1m - L\u00e2n - Kali) - Qu\u1ed1c L\u1ed9 1A", "11": "C\u00e1ch c\u00f4ng ty PTXD Ho\u00e0ng Long 50m - Qu\u1ed1c L\u1ed9 1A", "12": "BX Th\u01b0\u1eddng T\u00edn - Qu\u1ed1c L\u1ed9 1A", "13": "\u0110\u1ed1i di\u1ec7n V\u0103n ph\u00f2ng Lu\u1eadt s\u01b0 VLAW - s\u1ed1 13 ph\u1ed1 Ga, th\u1ecb tr\u1ea5n Th\u01b0\u1eddng T\u00edn - Qu\u1ed1c L\u1ed9 1A", "14": "\u0110\u1ed1i di\u1ec7n 83 Ph\u1ed1 Ga, th\u1ecb tr\u1ea5n Th\u01b0\u1eddng T\u00edn - Km 191+950 Qu\u1ed1c L\u1ed9 1A", "15": "\u0110\u1ed1i di\u1ec7n Tr\u1ea1m bi\u1ebfn \u00e1p 500KV- Km 191+470 Qu\u1ed1c L\u1ed9 1A", "16": "\u0110\u00ecnh L\u00e0ng V\u0103n Gi\u00e1p - Km 190+550 Qu\u1ed1c L\u1ed9 1A", "17": "\u0110\u1ed1i di\u1ec7n \u0111\u01b0\u1eddng v\u00e0o L\u00e0ng ngh\u1ec1 ti\u1ec7n Nh\u1ecb Kh\u00ea - Km 189+730 Qu\u1ed1c L\u1ed9 1A", "18": "\u0110\u1ed1i di\u1ec7n t\u1eadp th\u1ec3 C\u00f4ng ty 810 - Km 188+650 Qu\u1ed1c L\u1ed9 1A", "19": "C\u00e1ch \u0111\u01b0\u1eddng v\u00e0o \u0110\u00ecnh L\u00e0ng Y\u00ean Ph\u00fa 150m(Chi\u1ec1u Th\u01b0\u1eddng T\u00edn - Ga HN) - Qu\u1ed1c l\u1ed9 1A", "20": "C\u00e1ch \u0111\u01b0\u1eddng v\u00e0o UBND x\u00e3 Li\u00ean Ninh 50m - Km 187+800 Qu\u1ed1c L\u1ed9 1A", "21": "\u0110\u1ed1i di\u1ec7n C\u1ee5m CN Ng\u1ecdc H\u1ed3i - Km 186+850 Qu\u1ed1c l\u1ed9 1A", "22": "C\u1eeda h\u00e0ng S\u01a1n Lucky house - Km 186+450 Qu\u1ed1c L\u1ed9 1A", "23": "C\u00f4ng ty c\u00f4ng tr\u00ecnh giao th\u00f4ng 124 (Km 12 + 500 Qu\u1ed1c l\u1ed9 1A) - Ng\u1ecdc H\u1ed3i", "24": "C\u00f4ng ty 17 L\u1eef \u0111o\u00e0n 17 Binh \u0111o\u00e0n 12 - Ng\u1ecdc H\u1ed3i", "25": "Qua ng\u00e3 3 \u0111\u01b0\u1eddng Qu\u1ef3nh \u0110\u00f4 - Ng\u1ecdc H\u1ed3i", "26": "\u0110\u1ed1i di\u1ec7n Khu t\u1eadp th\u1ec3 LIC\u00d4LA - Ng\u1ecdc H\u1ed3i", "27": "449 - 451 Ng\u1ecdc H\u1ed3i", "28": "373 Ng\u1ecdc H\u1ed3i", "29": "TCT c\u01a1 \u0111i\u1ec7n n\u00f4ng nghi\u1ec7p & Th\u1ee7y l\u1ee3i (V\u0103n \u0110i\u1ec3n) - Ng\u1ecdc H\u1ed3i", "30": "\u0110\u1ed1i di\u1ec7n 184 Ng\u1ecdc H\u1ed3i", "31": "C\u00f4ng ty bi\u1ebfn th\u1ebf ABB - Ng\u1ecdc H\u1ed3i", "32": "B\u1ebfn xe N\u01b0\u1edbc Ng\u1ea7m", "33": "\u0110\u1ed1i di\u1ec7n Tr\u1ee5 s\u1edf C\u00f4ng an Ph\u01b0\u1eddng Ho\u00e0ng Li\u1ec7t- 1277 Gi\u1ea3i Ph\u00f3ng", "34": "(A) BX Gi\u00e1p B\u00e1t - Tuy\u1ebfn 6C"}}