{"Lat": {"0": 21.0049666667, "1": 21.0090333333, "2": 21.0136666667, "3": 21.017333333299998, "4": 21.02145, "5": 21.02715, "6": 21.0289, "7": 21.0299166667, "8": 21.0332166667, "9": 21.03865, "10": 21.0450166667, "11": 21.0504333333, "12": 21.05325, "13": 21.052338, "14": 21.049533, "15": 21.0482, "16": 21.0458, "17": 21.0418, "18": 21.0377166667, "19": 21.0334666667, "20": 21.0281166667, "21": 21.022683333299998, "22": 21.021501999999998, "23": 21.02285, "24": 21.023285, "25": 21.0172333333}, "BusStopCode": {"0": 1765, "1": 1151, "2": 1152, "3": 1153, "4": 1188, "5": 1195, "6": 1196, "7": 1197, "8": 1198, "9": 1199, "10": 1200, "11": 1201, "12": 4215, "13": 549, "14": 551, "15": 3955, "16": 457, "17": 1074, "18": 769, "19": 489, "20": 390, "21": 425, "22": 757, "23": 758, "24": 326, "25": 1702}, "FleetOver": {"0": "11", "1": "11,59", "2": "11,59", "3": "11,59", "4": "100,11,40,52A,52B", "5": "100,11,40,52A,52B", "6": "100,11,40,52A,52B", "7": "11,52A", "8": "11,52A", "9": "11", "10": "11", "11": "11", "12": "11,48", "13": "10A,10B,11,15,17,42,43,48,54,65", "14": "03,10A,11,15,17,34,48,65", "15": "11", "16": "11", "17": "11,98", "18": "03,100,10B,11,34,47A,54,98", "19": "04,08A,08ACT,08B,08BCT,11,14,14CT,18,23", "20": "04,08A,08ACT,08B,08BCT,11,14CT,18,23", "21": "08A,08ACT,08B,08BCT,11", "22": "03,11,35A,43", "23": "03,11,40,43", "24": "01,03,11,32,40,49", "25": "11"}, "Lng": {"0": 105.93278333299999, "1": 105.93408333299999, "2": 105.93635, "3": 105.936783333, "4": 105.9375, "5": 105.92376666700001, "6": 105.918383333, "7": 105.9148, "8": 105.90748333299999, "9": 105.89846666700001, "10": 105.895283333, "11": 105.89200000000001, "12": 105.889783333, "13": 105.885754, "14": 105.88321699999999, "15": 105.87846666700001, "16": 105.869733333, "17": 105.8652, "18": 105.852983333, "19": 105.85441666700001, "20": 105.85565, "21": 105.85436666700001, "22": 105.850773, "23": 105.846016667, "24": 105.841429, "25": 105.84385}, "Name": {"0": "(B) H\u1ecdc vi\u1ec7n N\u00f4ng Nghi\u1ec7p Vi\u1ec7t Nam- Tuy\u1ebfn 11", "1": "C\u00f4ng ty T\u01b0 v\u1ea5n d\u1ecbch v\u1ee5 khoa h\u1ecdc N\u00f4ng nghi\u1ec7p - Ng\u00f4 Xu\u00e2n Qu\u1ea3ng", "2": "185 Ng\u00f4 Xu\u00e2n Qu\u1ea3ng", "3": "103 Ng\u00f4 Xu\u00e2n Qu\u1ea3ng", "4": "b\u01b0u \u0111i\u1ec7n Tr\u00e2u Qu\u1ef3 - Nguy\u1ec5n \u0110\u1ee9c Thu\u1eadn", "5": "Qua ng\u00e3 3 c\u1ea7u Thanh Tr\u00ec - Nguy\u1ec5n V\u0103n Linh", "6": "C\u00f4ng ty May 10 - Nguy\u1ec5n V\u0103n Linh", "7": "G\u1ea7n \u0111\u01b0\u1eddng v\u00e0o C\u00f4ng ty X22 - 705 Nguy\u1ec5n V\u0103n Linh", "8": "C\u00f4ng ty th\u00ed nghi\u1ec7m mi\u1ec1n B\u1eafc - 465 Nguy\u1ec5n V\u0103n Linh", "9": "UBND ph\u01b0\u1eddng Ph\u00fac \u0110\u1ed3ng - 274 Nguy\u1ec5n V\u0103n Linh", "10": "105 - 107 Nguy\u1ec5n V\u0103n Linh", "11": "H\u00e8 tr\u01b0\u1edbc Savico Megamall (si\u00eau th\u1ecb BigC Long Bi\u00ean) - Nguy\u1ec5n V\u0103n Linh", "12": "MediaMart Long Bi\u00ean - Nguy\u1ec5n V\u0103n Linh", "13": "Si\u00eau th\u1ecb Fivimart - 583 Nguy\u1ec5n V\u0103n C\u1eeb", "14": "549 Nguy\u1ec5n V\u0103n C\u1eeb (c\u1ed9t sau)", "15": "B\u1ebfn xe Gia L\u00e2m", "16": "171 - 173 Ng\u1ecdc L\u00e2m (CA Ph\u01b0\u1eddng Ng\u1ecdc L\u00e2m)", "17": "\u0110\u1ed1i di\u1ec7n ch\u00f9a \u00c1i M\u1ed9", "18": "Tr\u1ea7n Nh\u1eadt Du\u1eadt (373 H\u1ed3ng H\u00e0) - G\u1ea7n H\u00e0m T\u1eed Quan", "19": "54 Nguy\u1ec5n H\u1eefu Hu\u00e2n", "20": "36 L\u00fd Th\u00e1i T\u1ed5 - Cung thi\u1ebfu nhi H\u00e0 N\u1ed9i", "21": "40 Ng\u00f4 Quy\u1ec1n - TT Giao D\u1ecbch C\u00f4ng Ngh\u1ec7", "22": "Th\u01b0 vi\u1ec7n H\u00e0 N\u1ed9i - 54E Tr\u1ea7n H\u01b0ng \u0110\u1ea1o", "23": "80 Tr\u1ea7n H\u01b0ng \u0110\u1ea1o - B\u1ed9 Giao th\u00f4ng v\u1eadn t\u1ea3i", "24": "Ga H\u00e0 N\u1ed9i - 120 L\u00ea Du\u1ea9n", "25": "(A) CV Th\u1ed1ng Nh\u1ea5t - Tuy\u1ebfn 11"}}