{"Lat": {"0": 20.9648, "1": 20.9631166667, "2": 20.9610166667, "3": 20.9597, "4": 20.9631666667, "5": 20.966154, "6": 20.9697833333, "7": 20.974628, "8": 20.9768333333, "9": 20.9796166667, "10": 20.983451000000002, "11": 20.985698, "12": 20.9857833333, "13": 20.9900166667, "14": 20.9940333333, "15": 20.9957, "16": 20.997757999999997, "17": 21.000116666700002, "18": 21.0028666667, "19": 21.0067, "20": 21.010703, "21": 21.01502, "22": 21.0180333333, "23": 21.022022, "24": 21.0261, "25": 21.029420000000002, "26": 21.034466666700002, "27": 21.0405166667}, "BusStopCode": {"0": 1923, "1": 1924, "2": 1925, "3": 1926, "4": 3982, "5": 829, "6": 830, "7": 1927, "8": 1849, "9": 802, "10": 2843, "11": 1928, "12": 2909, "13": 703, "14": 704, "15": 2842, "16": 705, "17": 358, "18": 225, "19": 226, "20": 465, "21": 466, "22": 1929, "23": 808, "24": 1930, "25": 1931, "26": 1932, "27": 1916}, "FleetOver": {"0": "85", "1": "85", "2": "85", "3": "85", "4": "85", "5": "37,62,85", "6": "37,62,85", "7": "85", "8": "39,85", "9": "01,02,103,105,106,19,21A,22B,22C,27,33,39,85", "10": "103,33,85", "11": "103,33,85", "12": "103,33,85", "13": "103,85", "14": "103,85", "15": "103,85", "16": "103,85", "17": "85", "18": "05,29,30,44,85", "19": "05,29,30,44,85", "20": "05,29,30,44,85", "21": "29,30,44,85", "22": "85", "23": "05,104,51,84,85", "24": "85", "25": "85", "26": "85,97", "27": "85"}, "Lng": {"0": 105.77193333299999, "1": 105.76885, "2": 105.7674, "3": 105.772, "4": 105.776333333, "5": 105.77663999999999, "6": 105.781416667, "7": 105.787351, "8": 105.78858333299999, "9": 105.78745, "10": 105.788546, "11": 105.78388700000001, "12": 105.78038333299999, "13": 105.78255, "14": 105.78931666700001, "15": 105.7917, "16": 105.794723, "17": 105.798166667, "18": 105.799783333, "19": 105.79676666700001, "20": 105.793346, "21": 105.789877, "22": 105.79113333299999, "23": 105.790902, "24": 105.791733333, "25": 105.79241299999998, "26": 105.790783333, "27": 105.7974}, "Name": {"0": "(B) Khu \u0111\u00f4 th\u1ecb V\u0103n Ph\u00fa (M\u00ea Linh Plaza H\u00e0 \u0110\u00f4ng) - Tuy\u1ebfn 85", "1": "V\u0103n ph\u00f2ng c\u00f4ng ch\u1ee9ng s\u1ed1 7 (Khu t\u1eadp th\u1ec3 B\u01b0u \u0111i\u1ec7n - T\u1ed5 3 ph\u01b0\u1eddng Ph\u00fac La)", "2": "Tr\u01b0\u1edbc 50m t\u00f2a nh\u00e0 V1 V\u0103n Ph\u00fa Victoria", "3": "Khu nh\u00e0 TT19 - Khu \u0111\u00f4 th\u1ecb V\u0103n Ph\u00fa", "4": "\u0110\u1ed1i di\u1ec7n c\u1ed5ng khu Huyndai Hillstate", "5": "27 T\u00f4 Hi\u1ec7u (H\u00e0 \u0110\u00f4ng)", "6": "\u0110\u1ed1i di\u1ec7n Chi c\u1ee5c thu\u1ebf H\u00e0 N\u1ed9i - T\u00f4 Hi\u1ec7u (H\u00e0 \u0110\u00f4ng)", "7": "UBND ph\u01b0\u1eddng V\u0103n Qu\u00e1n - \u0110\u01b0\u1eddng 19/5", "8": "Chung c\u01b0 New Skyline \u2013 Nguy\u1ec5n Khuy\u1ebfn (H\u00e0 \u0110\u00f4ng)", "9": "Si\u00eau th\u1ecb Nguy\u1ec5n Kim - Km10 Nguy\u1ec5n Tr\u00e3i (H\u00e0 \u0110\u00f4ng)", "10": "Nh\u00e0 BT01 B\u1eafc H\u00e0 - \u0111\u01b0\u1eddng Nguy\u1ec5n V\u0103n L\u1ed9c", "11": "\u0110\u1ed1i di\u1ec7n UBND ph\u01b0\u1eddng M\u1ed7 Lao - \u0111\u01b0\u1eddng Nguy\u1ec5n V\u0103n L\u1ed9c", "12": "Tr\u01b0\u1edbc c\u1ea7u M\u1ed7 Lao 100m", "13": "Qua ng\u00e3 4 Trung V\u0103n - T\u1ed1 H\u1eefu 100m", "14": "\u0110\u1ed1i di\u1ec7n g\u1ea7n l\u1ed1i v\u00e0o tr\u01b0\u1eddng THPT Trung V\u0103n - T\u1ed1 H\u1eefu", "15": "C\u00f4ng tr\u00ecnh c\u1ea3nh quan C\u00f4ng vi\u00ean H\u1ed3 Ph\u00f9ng Khoang", "16": "Tr\u01b0\u1edbc chung c\u01b0 HH2 B\u1eafc H\u00e0 70m - T\u1ed1 H\u1eefu", "17": "To\u00e0 nh\u00e0 SJC - L\u00ea V\u0103n L\u01b0\u01a1ng", "18": "Qua Nh\u00e0 N1A K\u0110T Trung H\u00f2a Nh\u00e2n Ch\u00ednh 50m - Ho\u00e0ng Minh Gi\u00e1m", "19": "Tr\u01b0\u1eddng THPT chuy\u00ean H\u00e0 N\u1ed9i - Amsterdam (Ho\u00e0ng Minh Gi\u00e1m)", "20": "Tr\u01b0\u1eddng THPT Nguy\u1ec5n B\u1ec9nh Khi\u00eam - \u0111\u01b0\u1eddng Nguy\u1ec5n Ch\u00e1nh", "21": "\u0110\u1ed1i di\u1ec7n nh\u00e0 B6C - K\u0110T Nam Trung Y\u00ean", "22": "\u0110\u1ed1i di\u1ec7n T\u1eadp th\u1ec3 27/7 Y\u00ean H\u00f2a - \u0111\u01b0\u1eddng M\u1ea1c Th\u00e1i T\u1ed5", "23": "Tr\u01b0\u1edbc tr\u01b0\u1eddng THCS Y\u00ean H\u00f2a 30m - Trung K\u00ednh", "24": "Tr\u01b0\u1eddng M\u1ea7m non VietKid - K\u0110T D\u1ecbch V\u1ecdng", "25": "\u0110\u1ed1i di\u1ec7n nh\u00e0 s\u1ed1 5 N08A K\u0110T D\u1ecbch V\u1ecdng (c\u1ea1nh C\u00f4ng vi\u00ean C\u1ea7u Gi\u1ea5y)", "26": "Tr\u01b0\u1edbc s\u1ed1 nh\u00e0 29 Tr\u01b0\u01a1ng C\u00f4ng Giai", "27": "(A) C\u00f4ng vi\u00ean Ngh\u0129a \u0110\u00f4 - Tuy\u1ebfn 85"}}