{"Lat": {"0": 21.0281, "1": 21.0233166667, "2": 21.018608, "3": 21.0186, "4": 21.0151, "5": 21.010683333299998, "6": 21.006406, "7": 21.003235999999998, "8": 21.0029, "9": 21.0040833333, "10": 21.0014166667, "11": 20.998616666700002, "12": 20.995383333299998, "13": 20.99855, "14": 21.000738000000002, "15": 21.007426000000002, "16": 21.0087333333, "17": 21.006912, "18": 21.007683333299997, "19": 21.009096, "20": 21.0079, "21": 21.008983333299998, "22": 21.012367, "23": 21.0145, "24": 21.0172333333, "25": 21.018493, "26": 21.0221166667, "27": 21.0247333333}, "BusStopCode": {"0": 3461, "1": 583, "2": 585, "3": 468, "4": 469, "5": 470, "6": 223, "7": 224, "8": 359, "9": 211, "10": 845, "11": 846, "12": 541, "13": 542, "14": 543, "15": 664, "16": 67, "17": 68, "18": 589, "19": 590, "20": 79, "21": 765, "22": 383, "23": 793, "24": 794, "25": 753, "26": 764, "27": 3460}, "FleetOver": {"0": "44", "1": "103,21B,29,44", "2": "103,104,21B,22B,29,30,33,35A,39,44,60A,60B,74,84,87,88", "3": "29,30,44", "4": "29,30,44,85", "5": "05,29,30,44,85", "6": "05,29,30,44,85", "7": "05,29,30,44,85", "8": "105,29,30,44,60A,60B", "9": "29,44", "10": "29,44", "11": "29,44", "12": "01,02,05,19,21A,21B,27,44,60B", "13": "01,02,19,21A,21B,27,44", "14": "01,02,104,19,21A,21B,27,44", "15": "01,02,21A,21B,44,84", "16": "12,18,21A,21B,23,26,35A,44,51", "17": "12,18,21A,21B,23,26,35A,44,51", "18": "18,21A,21B,23,26,35A,44,51", "19": "21A,21B,26,35A,44,51", "20": "35A,44,51", "21": "18,44,47B", "22": "04,18,30,42,44", "23": "18,42,44", "24": "18,42,44", "25": "03,40,42,43,44,45", "26": "03,19,24,42,43,44,48,51,55,55B", "27": "44"}, "Lng": {"0": 105.7785, "1": 105.77845, "2": 105.78126100000001, "3": 105.786933333, "4": 105.78975, "5": 105.7933, "6": 105.796879, "7": 105.79943600000001, "8": 105.80145, "9": 105.8065, "10": 105.80686666700001, "11": 105.80895, "12": 105.80908333299999, "13": 105.8138, "14": 105.817132, "15": 105.82351299999999, "16": 105.825616667, "17": 105.82948400000001, "18": 105.83301666700001, "19": 105.834791, "20": 105.846166667, "21": 105.85921666700001, "22": 105.858701, "23": 105.859783333, "24": 105.85925, "25": 105.860813, "26": 105.861483333, "27": 105.86005}, "Name": {"0": "(B) BX M\u1ef9 \u0110\u00ecnh - Tuy\u1ebfn 44", "1": "G\u1ea7n ng\u00e3 4 Ph\u1ea1m H\u00f9ng - \u0110\u00ecnh Th\u00f4n (H\u01b0\u1edbng \u0111i Khu\u1ea5t Duy Ti\u1ebfn)-c\u1ed9t tr\u01b0\u1edbc", "2": "Nh\u00e0 CT5 K\u0110T S\u00f4ng \u0110\u00e0 M\u1ef9 \u0110\u00ecnh - Ph\u1ea1m H\u00f9ng", "3": "Qua tr\u01b0\u1eddng Ti\u1ec3u h\u1ecdc Nam Trung Y\u00ean 100m - \u0111\u01b0\u1eddng Nguy\u1ec5n Ch\u00e1nh", "4": "Nh\u00e0 B6C - K\u0110T Nam Trung Y\u00ean", "5": "\u0110\u1ed1i di\u1ec7n tr\u01b0\u1eddng THPT Nguy\u1ec5n B\u1ec9nh Khi\u00eam - \u0111\u01b0\u1eddng Nguy\u1ec5n Ch\u00e1nh", "6": "\u0110\u1ed1i di\u1ec7n Tr\u01b0\u1eddng THPT chuy\u00ean H\u00e0 N\u1ed9i - Amsterdam (Ho\u00e0ng Minh Gi\u00e1m)", "7": "\u0110\u1ed1i di\u1ec7n Nh\u00e0 N2A K\u0110T Trung H\u00f2a Nh\u00e2n Ch\u00ednh - Ho\u00e0ng Minh Gi\u00e1m", "8": "\u0110\u1ed1i di\u1ec7n Nh\u00e0 N2E K\u0110T Trung H\u00f2a Nh\u00e2n Ch\u00ednh - L\u00ea V\u0103n L\u01b0\u01a1ng", "9": "Tr\u01b0\u1eddng THPT Nh\u00e2n Ch\u00ednh - Ho\u00e0ng \u0110\u1ea1o Th\u00fay", "10": "21T2 V\u0169 Tr\u1ecdng Ph\u1ee5ng", "11": "57 V\u0169 Tr\u1ecdng Ph\u1ee5ng", "12": "C\u00f4ng ty thu\u1ed1c l\u00e1 Th\u0103ng Long - 235 Nguy\u1ec5n Tr\u00e3i", "13": "Ng\u00e3 3 Kim Giang - 185A Nguy\u1ec5n Tr\u00e3i", "14": "S\u00e2n v\u1eadn \u0111\u1ed9ng Th\u01b0\u1ee3ng \u0110\u00ecnh - 129 Nguy\u1ec5n Tr\u00e3i", "15": "\u0110\u1ea1i h\u1ecdc Thu\u1ef7 L\u1ee3i - 175 T\u00e2y S\u01a1n (c\u1ed9t tr\u01b0\u1edbc)", "16": "251 Ch\u00f9a B\u1ed9c", "17": "49E Ch\u00f9a B\u1ed9c", "18": "Si\u00eau th\u1ecb Uni mart - 8 Ph\u1ea1m Ng\u1ecdc Th\u1ea1ch", "19": "B10 T\u1eadp th\u1ec3 Kim Li\u00ean (\u0110\u1ed1i di\u1ec7n ng\u00f5 46B Ph\u1ea1m Ng\u1ecdc Th\u1ea1ch)", "20": "65 \u0110\u1ea1i C\u1ed3 Vi\u1ec7t", "21": "Ng\u00e2n h\u00e0ng C\u00f4ng th\u01b0\u01a1ng khu v\u1ef1c Hai B\u00e0 Tr\u01b0ng - 285 Tr\u1ea7n Kh\u00e1t Ch\u00e2n", "22": "131 L\u00f2 \u0110\u00fac", "23": "9 Tr\u1ea7n Th\u00e1nh T\u00f4ng", "24": "Doanh tr\u1ea1i Qu\u00e2n \u0111\u1ed9i nh\u00e2n d\u00e2n - 1B Tr\u1ea7n Th\u00e1nh T\u00f4ng", "25": "C\u1ed5ng b\u1ec7nh vi\u1ec7n Qu\u00e2n y 108 - \u0110\u1ed1i di\u1ec7n 2E Tr\u1ea7n H\u01b0ng \u0110\u1ea1o", "26": "\u0110\u1ed1i di\u1ec7n khu t\u1eadp th\u1ec3 15C Tr\u1ea7n Kh\u00e1nh D\u01b0 (chi\u1ec1u Tr\u1ea7n Kh\u00e1nh D\u01b0 \u0111i c\u1ea7u Ch\u01b0\u01a1ng D\u01b0\u01a1ng)", "27": "(A) Tr\u1ea7n Kh\u00e1nh D\u01b0 - Tuy\u1ebfn 44"}}