{"Lat": {"0": 21.0672833333, "1": 21.062196, "2": 21.0547333333, "3": 21.051595000000002, "4": 21.045966, "5": 21.0460333333, "6": 21.046, "7": 21.046031, "8": 21.046083, "9": 21.0475833333, "10": 21.0462833333, "11": 21.0432666667, "12": 21.042066666700002, "13": 21.0408, "14": 21.0399, "15": 21.0418833333, "16": 21.0391166667, "17": 21.03415, "18": 21.029533333299998, "19": 21.028361999999998, "20": 21.0241, "21": 21.022033, "22": 21.0212, "23": 21.018493, "24": 21.0180166667, "25": 21.015416666700002, "26": 21.0096333333, "27": 21.00615, "28": 21.0010166667, "29": 20.9933333333}, "BusStopCode": {"0": 3429, "1": 600, "2": 602, "3": 603, "4": 237, "5": 229, "6": 230, "7": 231, "8": 232, "9": 216, "10": 217, "11": 218, "12": 219, "13": 220, "14": 221, "15": 222, "16": 214, "17": 215, "18": 531, "19": 532, "20": 396, "21": 397, "22": 3459, "23": 753, "24": 760, "25": 761, "26": 503, "27": 504, "28": 399, "29": 3430}, "FleetOver": {"0": "45", "1": "07,14,14CT,27,28,35A,38,45,46,53A,53B,60A,60B,61", "2": "07,14,14CT,27,35A,38,45,46,53A,53B,60A,60B,61", "3": "07,14,14CT,27,35A,38,45,46,53A,53B,60A,60B,61", "4": "27,38,45", "5": "07,14,14CT,33,38,45", "6": "07,14,14CT,33,38,45", "7": "07,14,14CT,33,38,45", "8": "13,14,14CT,33,45,96", "9": "14,14CT,45", "10": "14,14CT,45,90", "11": "14,14CT,45,90", "12": "09,09CT,14,14CT,45", "13": "09,09CT,14,14CT,45", "14": "14,14CT,45", "15": "14,14CT,45", "16": "22A,45,50", "17": "22A,45,50", "18": "02,18,23,32,34,38,45", "19": "02,23,34,45", "20": "34,45,49,86,86CT", "21": "08ACT,08BCT,09CT,31,36CT,45,49", "22": "45", "23": "03,40,42,43,44,45", "24": "19,40,45", "25": "19,40,45", "26": "19,24,40,45,48,51,55,55B", "27": "19,45", "28": "24,45,55", "29": "45"}, "Lng": {"0": 105.787066667, "1": 105.783753, "2": 105.781916667, "3": 105.781554, "4": 105.783533, "5": 105.787066667, "6": 105.7922, "7": 105.796345, "8": 105.80113300000001, "9": 105.80645, "10": 105.81081666700001, "11": 105.81413333299999, "12": 105.81965, "13": 105.82445, "14": 105.829033333, "15": 105.83301666700001, "16": 105.839683333, "17": 105.838927, "18": 105.83895, "19": 105.842983, "20": 105.847967, "21": 105.854867, "22": 105.857683333, "23": 105.860813, "24": 105.861866667, "25": 105.8625, "26": 105.864983333, "27": 105.868316667, "28": 105.870466667, "29": 105.86755}, "Name": {"0": "(B) Nam Th\u0103ng Long - Tuy\u1ebfn 45", "1": "Tr\u01b0\u1edbc 100m ng\u00f5 218 Ph\u1ea1m V\u0103n \u0110\u1ed3ng (\u0111\u1ed1i di\u1ec7n c\u00f4ng vi\u00ean H\u00f2a B\u00ecnh)", "2": "Si\u00eau th\u1ecb Metro Th\u0103ng Long - \u0110\u1ed1i di\u1ec7n ng\u00f5 599 Ph\u1ea1m V\u0103n \u0110\u1ed3ng", "3": "B\u1ed9 c\u00f4ng an - \u0111\u1ed1i di\u1ec7n 36A Ph\u1ea1m V\u0103n \u0110\u1ed3ng", "4": "Tr\u1ea1m trung chuy\u1ec3n xe bu\u00fdt Ho\u00e0ng Qu\u1ed1c Vi\u1ec7t (c\u1ed9t tr\u01b0\u1edbc) - chi\u1ec1u \u0111i B\u01b0\u1edfi", "5": "H\u1ecdc vi\u1ec7n Ch\u00ednh tr\u1ecb Qu\u1ed1c Gia H\u1ed3 Ch\u00ed Minh (\u0110\u1ed1i di\u1ec7n 108 Ho\u00e0ng Qu\u1ed1c Vi\u1ec7t)", "6": "Cao \u0111\u1eb3ng s\u01b0 ph\u1ea1m m\u1eabu gi\u00e1o Trung \u01b0\u01a1ng - 387 Ho\u00e0ng Qu\u1ed1c Vi\u1ec7t", "7": "247-249 Ho\u00e0ng Qu\u1ed1c Vi\u1ec7t", "8": "G\u1ea7n H\u1ecdc vi\u1ec7n Qu\u1ed1c Ph\u00f2ng - 91 Ho\u00e0ng Qu\u1ed1c Vi\u1ec7t", "9": "741-743 Ho\u00e0ng Hoa Th\u00e1m", "10": "\u0110\u1ed1i di\u1ec7n 580 - 582 Ho\u00e0ng Hoa Th\u00e1m - Tr\u01b0\u1eddng Ti\u1ec3u H\u1ecdc Ho\u00e0ng Hoa Th\u00e1m", "11": "B\u1ec7nh vi\u1ec7n Ph\u1ed5i Trung \u01b0\u01a1ng - 463 Ho\u00e0ng Hoa Th\u00e1m (\u0110\u1ed1i di\u1ec7n 410 Ho\u00e0ng Hoa Th\u00e1m)", "12": "239-241 Ho\u00e0ng Hoa Th\u00e1m", "13": "Tr\u01b0\u1eddng THCS Ba \u0110\u00ecnh - 145 Ho\u00e0ng Hoa Th\u00e1m", "14": "C\u00f4ng vi\u00ean B\u00e1ch Th\u1ea3o - Ho\u00e0ng Hoa Th\u00e1m (Qua ph\u1ed1 Ng\u1ecdc H\u00e0)", "15": "C\u00f4ng vi\u00ean B\u00e1ch Th\u1ea3o - Ho\u00e0ng Hoa Th\u00e1m (\u0110D Tr\u01b0\u1eddng THCS Chu V\u0103n An)", "16": "Ng\u00e3 3 Ho\u00e0ng Di\u1ec7u - Ho\u00e0ng V\u0103n Th\u1ee5", "17": "34 - 36 Ho\u00e0ng Di\u1ec7u", "18": "85 Nguy\u1ec5n Th\u00e1i H\u1ecdc - Tr\u01b0\u1eddng TH L\u00fd Th\u01b0\u1eddng Ki\u1ec7t", "19": "7 Nguy\u1ec5n Th\u00e1i H\u1ecdc - C\u1eeda Nam", "20": "59 L\u00fd Th\u01b0\u1eddng Ki\u1ec7t - Vi\u1ec7n N\u0103ng L\u01b0\u01a1ng Nguy\u00ean t\u1eed", "21": "25 L\u00fd Th\u01b0\u1eddng Ki\u1ec7t", "22": "Tr\u01b0\u1edbc ng\u00e3 3 giao L\u00ea Th\u00e1nh T\u00f4ng 100m - L\u00fd Th\u01b0\u1eddng Ki\u1ec7t", "23": "C\u1ed5ng b\u1ec7nh vi\u1ec7n Qu\u00e2n y 108 - \u0110\u1ed1i di\u1ec7n 2E Tr\u1ea7n H\u01b0ng \u0110\u1ea1o", "24": "Trung t\u00e2m k\u1ef9 thu\u1eadt cao Vi\u1ec7n 108 (Qua ng\u00e3 3 Tr\u1ea7n Kh\u00e1nh D\u01b0 - Tr\u1ea7n H\u01b0ng \u0110\u1ea1o 50m)", "25": "B\u1ec7nh vi\u1ec7n H\u1eefu Ngh\u1ecb Vi\u1ec7t X\u00f4 - 1 Tr\u1ea7n Kh\u00e1nh D\u01b0", "26": "C\u1ea1nh ng\u00f5 18 Nguy\u1ec5n Kho\u00e1i (\u0110\u1ed1i di\u1ec7n V\u00e2n \u0110\u1ed3n Hotel)", "27": "220 Nguy\u1ec5n Kho\u00e1i (G\u1ea7n Ng\u00e3 3 Nguy\u1ec5n Kho\u00e1i- D\u1ed1c Minh Khai)", "28": "539 - 541 Minh Khai", "29": "(A) K\u0110T Times City - Tuy\u1ebfn 45"}}