{"Lat": {"0": 21.023183, "1": 21.0222333333, "2": 21.0186, "3": 21.020566666700002, "4": 21.0219, "5": 21.0229833333, "6": 21.023766666700002, "7": 21.024812, "8": 21.023285, "9": 21.019126999999997, "10": 21.019363000000002, "11": 21.020322, "12": 21.022878, "13": 21.02385, "14": 21.0273666667, "15": 21.028914999999998, "16": 21.0319333333, "17": 21.034438, "18": 21.0357833333, "19": 21.036583333299998, "20": 21.0367333333, "21": 21.03785, "22": 21.0360166667, "23": 21.0344166667, "24": 21.031824}, "BusStopCode": {"0": 1733, "1": 759, "2": 754, "3": 347, "4": 392, "5": 393, "6": 394, "7": 395, "8": 326, "9": 253, "10": 254, "11": 85, "12": 86, "13": 87, "14": 88, "15": 61, "16": 4054, "17": 60, "18": 65, "19": 2111, "20": 2112, "21": 245, "22": 334, "23": 1807, "24": 1767}, "FleetOver": {"0": "49", "1": "02,03,24,35A,40,42,43,44,48,49,51,55,55B", "2": "02,03,09CT,14CT,35A,42,43,44,45,49", "3": "02,09CT,14CT,18,23,40,45,49", "4": "45,49", "5": "08A,08ACT,08B,08BCT,45,49", "6": "49", "7": "49", "8": "01,03,11,32,40,49", "9": "01,09,09CT,30,41,49", "10": "01,09,09CT,30,41,49", "11": "28,30,49,99", "12": "23,28,49", "13": "49", "14": "26,49", "15": "07,24,49,55,55B", "16": "07,16,20A,20B,26,27,28,32,34,49", "17": "16,20A,20B,26,27,28,32,34,49", "18": "16,20A,20B,26,32,34,49", "19": "16,20A,20B,26,32,34,49", "20": "16,20A,20B,26,32,34,49", "21": "13,26,49", "22": "26,49", "23": "05,49", "24": "49"}, "Lng": {"0": 105.86083300000001, "1": 105.86118333299999, "2": 105.86056666700001, "3": 105.85826666700001, "4": 105.85515, "5": 105.85185, "6": 105.84905, "7": 105.84553899999999, "8": 105.841429, "9": 105.83798200000001, "10": 105.834084, "11": 105.82681200000002, "12": 105.82210500000001, "13": 105.81685, "14": 105.80946666700001, "15": 105.80348799999999, "16": 105.79955, "17": 105.796241, "18": 105.79188333299999, "19": 105.78843333299999, "20": 105.784066667, "21": 105.774533333, "22": 105.770683333, "23": 105.766833333, "24": 105.764777}, "Name": {"0": "(A) Tr\u1ea7n Kh\u00e1nh D\u01b0 - Tuy\u1ebfn 49", "1": "Tr\u1ea1m trung chuy\u1ec3n xe bu\u00fdt Tr\u1ea7n Kh\u00e1nh D\u01b0 (Khu \u0111\u00f3n kh\u00e1ch)", "2": "\u0110\u1ed1i di\u1ec7n B\u1ec7nh Vi\u1ec7n Trung \u01b0\u01a1ng Qu\u00e2n \u0111\u1ed9i 108 - Tr\u1ea7n H\u01b0ng \u0110\u1ea1o", "3": "\u0110\u1ea1i h\u1ecdc Khoa h\u1ecdc t\u1ef1 nhi\u00ean - 19 L\u00ea Th\u00e1nh T\u00f4ng", "4": "18 L\u00fd Th\u01b0\u1eddng Ki\u1ec7t - T\u1ed5ng C\u00f4ng ty Du L\u1ecbch H\u00e0 N\u1ed9i", "5": "\u0110\u1ed1i di\u1ec7n 39 L\u00fd Th\u01b0\u1eddng Ki\u1ec7t", "6": "44 L\u00fd Th\u01b0\u1eddng Ki\u1ec7t - Vi\u1ec7n Ki\u1ec3m s\u00e1t Nh\u00e2n d\u00e2n t\u1ed1i cao", "7": "54 L\u00fd Th\u01b0\u1eddng Ki\u1ec7t", "8": "Ga H\u00e0 N\u1ed9i - 120 L\u00ea Du\u1ea9n", "9": "78-80A Kh\u00e2m Thi\u00ean (\u0110\u1ed1i di\u1ec7n 71)", "10": "274-276 Kh\u00e2m Thi\u00ean", "11": "Qua \u0111i\u1ec3m quay \u0111\u1ea7u 100m v\u1ec1 ph\u00eda Ho\u00e0ng C\u1ea7u - \u0110\u01b0\u1eddng V\u00e0nh \u0111ai 1 (chi\u1ec1u \u00d4 Ch\u1ee3 D\u1eeba \u0111i Ho\u00e0ng C\u1ea7u)", "12": "426 \u0110\u00ea La Th\u00e0nh (\u0110\u1ea1i h\u1ecdc V\u0103n H\u00f3a)", "13": "666-668 \u0110\u00ea La Th\u00e0nh", "14": "Ng\u00f5 1072 \u0110\u00ea La Th\u00e0nh", "15": "\u0110i\u1ec3m trung chuy\u1ec3n C\u1ea7u Gi\u1ea5y - Th\u1ee7 L\u1ec7 01", "16": "S\u1ed1 112 C\u1ea7u Gi\u1ea5y", "17": "250-252 C\u1ea7u Gi\u1ea5y", "18": "370 C\u1ea7u Gi\u1ea5y", "19": "H\u1ecdc vi\u1ec7n B\u00e1o ch\u00ed v\u00e0 Tuy\u00ean truy\u1ec1n - 36 Xu\u00e2n Th\u1ee7y", "20": "G\u1ea7n nh\u00e0 s\u00e1ch S\u01b0 ph\u1ea1m (\u0110\u1ea1i h\u1ecdc S\u01b0 ph\u1ea1m H\u00e0 N\u1ed9i) - 136 Xu\u00e2n Th\u1ee7y", "21": "\u0110\u1ed1i di\u1ec7n \u0110H Th\u01b0\u01a1ng M\u1ea1i - 6 H\u1ed3 T\u00f9ng M\u1eadu (c\u1ed9t sau)", "22": "Trung \u01b0\u01a1ng H\u1ed9i KHH Gia \u0111\u00ecnh Vi\u1ec7t Nam - 2 L\u00ea \u0110\u1ee9c Th\u1ecd", "23": "H\u00e8 \u0111\u1ed1i di\u1ec7n \u0110\u01a1n nguy\u00ean 2 KTX M\u1ef9 \u0110\u00ecnh - \u0111\u01b0\u1eddng H\u00e0m Nghi", "24": "(B) K\u0110T M\u1ef9 \u0110\u00ecnh II - Tuy\u1ebfn 49"}}