{"Lat": {"0": 20.96465, "1": 20.97105, "2": 20.96965, "3": 20.970537, "4": 20.9728166667, "5": 20.9786, "6": 20.9795, "7": 20.9855166667, "8": 20.99135, "9": 20.9946833333, "10": 20.9959333333, "11": 20.9955666667, "12": 21.000283, "13": 21.0029, "14": 21.0074166667, "15": 21.0101666667, "16": 21.00725, "17": 21.006866666700002, "18": 21.0127666667, "19": 21.015587, "20": 21.01885, "21": 21.0229, "22": 21.027151, "23": 21.0344, "24": 21.0406, "25": 21.050738, "26": 21.0574666667, "27": 21.0622, "28": 21.07015, "29": 21.0771833333, "30": 21.1171666667, "31": 21.125, "32": 21.12715, "33": 21.1299166667}, "BusStopCode": {"0": 3422, "1": 490, "2": 491, "3": 56, "4": 272, "5": 273, "6": 274, "7": 275, "8": 266, "9": 267, "10": 534, "11": 546, "12": 547, "13": 359, "14": 210, "15": 740, "16": 741, "17": 573, "18": 574, "19": 575, "20": 576, "21": 577, "22": 578, "23": 580, "24": 593, "25": 594, "26": 595, "27": 597, "28": 596, "29": 598, "30": 882, "31": 1628, "32": 3419, "33": 3420}, "FleetOver": {"0": "60B", "1": "22C,29,36,36CT,60B", "2": "104,22C,29,36,36CT,60B,84", "3": "05,22C,29,37,60A,60B", "4": "05,60B", "5": "05,60B", "6": "05,60B", "7": "05,60B", "8": "05,60B", "9": "05,60B", "10": "01,02,05,19,21A,21B,27,29,44,60B", "11": "05,105,29,44,60A,60B", "12": "05,105,29,44,60A,60B", "13": "105,29,30,44,60A,60B", "14": "105,60A,60B", "15": "105,107,22A,35A,50,60A,60B", "16": "107,35A,50,60A,60B", "17": "103,21B,22B,35A,39,50,60A,60B,87", "18": "103,21B,22B,33,35A,39,50,60A,60B,87", "19": "103,21B,22B,33,35A,39,50,60A,60B,87", "20": "103,104,21B,22B,29,30,33,35A,39,44,60A,60B,74,84,87,88", "21": "103,104,21B,22B,29,30,33,35A,39,44,46,60A,60B,74,84,87,88", "22": "103,16,21B,22B,29,30,33,34,44,46,53B,60A,60B,74,84,88", "23": "16,29,33,34,35A,46,53B,60A,60B,61,97", "24": "33,46,60A,60B,61", "25": "07,14,14CT,27,35A,38,45,46,53A,53B,60A,60B,61", "26": "07,14,14CT,27,35A,38,45,46,53A,53B,60A,60B,61", "27": "07,14,14CT,27,28,35A,38,45,46,53A,53B,60A,60B,61", "28": "07,14,14CT,28,35B,46,53A,53B,56A,56C,57,60A,60B,61,93,95", "29": "07,14,14CT,28,35B,46,53A,53B,56A,56C,57,60A,60B,61,93,95", "30": "07,35B,53A,53B,56A,56C,58,60B,61,93,95", "31": "25,60B,63", "32": "25,60B", "33": "60B"}, "Lng": {"0": 105.84255, "1": 105.8364, "2": 105.83098333299999, "3": 105.826017, "4": 105.824783333, "5": 105.82231666700001, "6": 105.8201, "7": 105.813916667, "8": 105.81343333299999, "9": 105.814416667, "10": 105.80925, "11": 105.805516667, "12": 105.801833, "13": 105.80145, "14": 105.80275, "15": 105.79876666700001, "16": 105.794816667, "17": 105.791233333, "18": 105.78646666700001, "19": 105.784246, "20": 105.781516667, "21": 105.77903333299999, "22": 105.77920800000001, "23": 105.78043333299999, "24": 105.781033333, "25": 105.781663, "26": 105.782766667, "27": 105.784016667, "28": 105.78555, "29": 105.7868, "30": 105.78415, "31": 105.77906666700001, "32": 105.77403333299999, "33": 105.773}, "Name": {"0": "(A) BX N\u01b0\u1edbc Ng\u1ea7m - Tuy\u1ebfn 60B", "1": "G\u1ea7n \u0111\u01b0\u1eddng v\u00e0o K\u0110T \u0110\u1ea1i Kim - 45 Nguy\u1ec5n H\u1eefu Th\u1ecd", "2": "\u0110\u1ed1i di\u1ec7n \u0111\u00e0i t\u01b0\u1edfng ni\u1ec7m ch\u1ee7 t\u1ecbch HCM - \u0111\u01b0\u1eddng Nguy\u1ec5n H\u1eefu Th\u1ecd", "3": "\u0110i\u1ec3m x\u00e9n h\u00e8 (To\u00e0 nh\u00e0 CT2 - K\u0110T B\u1eafc Linh \u0110\u00e0m) - C\u1ea7u D\u1eadu", "4": "\u0110\u1ed1i di\u1ec7n c\u1ed5ng ph\u1ee5 B\u1ec7nh vi\u1ec7n \u0111a khoa y h\u1ecdc c\u1ed5 truy\u1ec1n", "5": "\u0110\u1ed1i di\u1ec7n tr\u01b0\u1eddng Ti\u1ec3u h\u1ecdc - THCS \u0110\u1ea1i Kim", "6": "\u0110\u1ed1i di\u1ec7n 222 Kim Giang", "7": "\u0110\u1ed1i di\u1ec7n 32 Kim Giang", "8": "\u0110\u1ed1i di\u1ec7n 272 Kh\u01b0\u01a1ng \u0110\u00ecnh", "9": "\u0110\u1ed1i di\u1ec7n 134 Kh\u01b0\u01a1ng \u0110\u00ecnh", "10": "322 Nguy\u1ec5n Tr\u00e3i", "11": "90 Nguy\u1ec5n Tu\u00e2n", "12": "L\u00e0ng Sinh vi\u00ean Hacinco - Nguy\u1ec5n Tu\u00e2n", "13": "\u0110\u1ed1i di\u1ec7n Nh\u00e0 N2E K\u0110T Trung H\u00f2a Nh\u00e2n Ch\u00ednh - L\u00ea V\u0103n L\u01b0\u01a1ng", "14": "Nh\u00e0 24T2 K\u0110T Trung Ho\u00e0 Nh\u00e2n Ch\u00ednh - Ho\u00e0ng \u0110\u1ea1o Th\u00fay", "15": "\u0110\u1ed1i di\u1ec7n B\u1ed9 Khoa h\u1ecdc & C\u00f4ng ngh\u1ec7 - 146 Tr\u1ea7n Duy H\u01b0ng", "16": "220 Tr\u1ea7n Duy H\u01b0ng - C\u1ea1nh Si\u00eau th\u1ecb Big C", "17": "Ng\u00e3 4 Ph\u1ea1m H\u00f9ng - Khu\u1ea5t Duy Ti\u1ebfn (\u0110\u1ed1i di\u1ec7n Trung t\u00e2m H\u1ed9i ngh\u1ecb Qu\u1ed1c Gia)", "18": "Qua 130m Doanh tr\u1ea1i B\u1ed9 ch\u1ec9 huy qu\u00e2n s\u1ef1 HN - 99A Ph\u1ea1m H\u00f9ng", "19": "T\u00f2a nh\u00e0 Landmark 72 - \u0111\u01b0\u1eddng Ph\u1ea1m H\u00f9ng", "20": "\u0110\u1ed1i di\u1ec7n nh\u00e0 CT5 K\u0110T S\u00f4ng \u0110\u00e0 M\u1ef9 \u0110\u00ecnh - Ph\u1ea1m H\u00f9ng", "21": "Qua ng\u00e3 4 Ph\u1ea1m H\u00f9ng - \u0110\u00ecnh Th\u00f4n (H\u01b0\u1edbng \u0111i Ph\u1ea1m V\u0103n \u0110\u1ed3ng)", "22": "\u0110\u1ed1i di\u1ec7n B\u1ebfn xe kh\u00e1ch M\u1ef9 \u0110\u00ecnh - Ph\u1ea1m H\u00f9ng (c\u1ed9t tr\u01b0\u1edbc)", "23": "\u0110\u1ed1i di\u1ec7n B\u1ec7nh vi\u1ec7n \u0111a khoa y h\u1ecdc c\u1ed5 truy\u1ec1n - Ph\u1ea1m H\u00f9ng", "24": "\u0110H S\u01b0 ph\u1ea1m Ngo\u1ea1i ng\u1eef - \u0110\u1ed1i di\u1ec7n s\u1ed1 9 Ph\u1ea1m V\u0103n \u0110\u1ed3ng", "25": "36A Ph\u1ea1m V\u0103n \u0110\u1ed3ng", "26": "527 Ph\u1ea1m V\u0103n \u0110\u1ed3ng", "27": "Qua 70m \u0111\u01b0\u1eddng v\u00e0o c\u00f4ng vi\u00ean H\u00f2a B\u00ecnh - Ph\u1ea1m V\u0103n \u0110\u1ed3ng", "28": "373 Ph\u1ea1m V\u0103n \u0110\u1ed3ng", "29": "113 Ph\u1ea1m V\u0103n \u0110\u1ed3ng", "30": "Qua ng\u00e3 3 H\u1ea3i B\u1ed1i - V\u0129nh Ng\u1ecdc 300m", "31": "\u0110\u1ed1i di\u1ec7n c\u1ed5ng KCN B\u1eafc Th\u0103ng Long (Qua c\u1ea7u v\u01b0\u1ee3t b\u1ed9 h\u00e0nh )", "32": "Khu nh\u00e0 D6 v\u00e0 D3 - \u0111\u01b0\u1eddng n\u1ed9i b\u1ed9 chung c\u01b0 Kim Chung", "33": "(B) B\u1ec7nh vi\u1ec7n nhi\u1ec7t \u0111\u1edbi TW CS2 - Tuy\u1ebfn 60B"}}