{"Lat": {"0": 21.1756333333, "1": 21.173783333299998, "2": 21.1723833333, "3": 21.1693833333, "4": 21.1676666667, "5": 21.1646333333, "6": 21.1597166667, "7": 21.1552, "8": 21.1505833333, "9": 21.142769, "10": 21.139666666700002, "11": 21.13785, "12": 21.1375166667, "13": 21.1336, "14": 21.126082999999998, "15": 21.115433, "16": 21.112017, "17": 21.107567, "18": 21.102383, "19": 21.100635, "20": 21.102733333299998, "21": 21.1021, "22": 21.0973666667, "23": 21.0916666667, "24": 21.0848166667, "25": 21.0588, "26": 21.052338, "27": 21.049533, "28": 21.04555, "29": 21.042351999999998, "30": 21.041483, "31": 21.0431833333}, "BusStopCode": {"0": 3374, "1": 3375, "2": 3376, "3": 3377, "4": 3378, "5": 3379, "6": 3380, "7": 3381, "8": 3382, "9": 3383, "10": 875, "11": 876, "12": 3366, "13": 3384, "14": 3385, "15": 3386, "16": 3387, "17": 3388, "18": 3389, "19": 1343, "20": 1344, "21": 3390, "22": 3391, "23": 3392, "24": 3393, "25": 3394, "26": 549, "27": 551, "28": 552, "29": 553, "30": 858, "31": 3395}, "FleetOver": {"0": "65", "1": "65", "2": "65", "3": "65", "4": "65", "5": "65", "6": "65", "7": "65", "8": "65", "9": "65", "10": "43,53A,59,61,65", "11": "43,53A,59,61,65", "12": "61,65", "13": "65", "14": "65", "15": "65", "16": "65", "17": "65", "18": "65", "19": "15,17,43,59,65", "20": "15,17,43,46,59,65", "21": "65", "22": "65", "23": "65", "24": "65", "25": "65", "26": "10A,10B,11,15,17,42,43,48,54,65", "27": "03,10A,11,15,17,34,48,65", "28": "01,03,100,10A,10B,17,22A,34,42,43,48,54,65", "29": "01,03,100,10A,10B,17,22A,34,42,43,48,54,65", "30": "04,08A,08ACT,08B,08BCT,36,36CT,47A,65", "31": "65"}, "Lng": {"0": 105.90578333299999, "1": 105.89981666700001, "2": 105.891083333, "3": 105.8793, "4": 105.8711, "5": 105.865816667, "6": 105.8635, "7": 105.86213333299999, "8": 105.860583333, "9": 105.855181, "10": 105.8539, "11": 105.859033333, "12": 105.86696666700001, "13": 105.873383, "14": 105.881767, "15": 105.89148300000001, "16": 105.89191699999999, "17": 105.886867, "18": 105.885517, "19": 105.88425900000001, "20": 105.87241666700001, "21": 105.86885, "22": 105.86723333299999, "23": 105.86755, "24": 105.87201666700001, "25": 105.8837, "26": 105.885754, "27": 105.88321699999999, "28": 105.875283333, "29": 105.870446, "30": 105.84946699999999, "31": 105.847816667}, "Name": {"0": "(A) Th\u1ee5y L\u00e2m (\u0110\u00f4ng Anh) - Tuy\u1ebfn 65", "1": "Tr\u01b0\u1edbc \u0111\u1ed1i di\u1ec7n ng\u00e3 3 Th\u01b0 L\u00e2m - Th\u1ee5y L\u00f4i 70m, \u0111\u01b0\u1eddng Th\u1ee5y L\u00f4i", "2": "\u0110\u1ed1i di\u1ec7n tr\u01b0\u1edbc Tr\u01b0\u1eddng THCS, Ti\u1ec3u h\u1ecdc Th\u1ee5y L\u00e2m (c\u00e1ch c\u1ed5ng tr\u01b0\u1eddng 70m), \u0111\u01b0\u1eddng Th\u01b0 L\u00e2m", "3": "Tr\u01b0\u1edbc bi\u1ec3n b\u00e1o H\u00c0 L\u00c2M 100m", "4": "C\u00e1ch 70m c\u1ed5ng \"L\u00e0ng v\u0103n h\u00f3a th\u00f4n \u0110\u01b0\u1eddng Y\u00ean\", \u0111\u01b0\u1eddng Th\u1ee5y L\u00e2m", "5": "\u0110\u1ed1i di\u1ec7n X\u00f3m 3 Th\u00f4n L\u01b0\u01a1ng Quy, \u0111\u01b0\u1eddng \u0110\u1ea3n D\u1ecb", "6": "T\u1ed5 v\u0103n h\u00f3a 46, \u0111\u01b0\u1eddng \u0110\u1ea3n D\u1ecb", "7": "T\u1ed5 v\u0103n h\u00f3a 43 - 44, \u0111\u01b0\u1eddng \u0110\u1ea3n D\u1ecb", "8": "\u0110\u1ed1i di\u1ec7n C\u00f4ng ty c\u1ed5 ph\u1ea7n Viglacera \u0110\u00f4ng Anh, \u0111\u01b0\u1eddng \u0110\u1ea3n D\u1ecb", "9": "Qua tr\u01b0\u1eddng Ti\u1ec3u h\u1ecdc Uy N\u1ed7 150m", "10": "\u0110\u1ed1i di\u1ec7n s\u1ed1 03-05 Ph\u1ed1 T\u00f3, Uy N\u1ed7 - Cao L\u1ed7", "11": "S\u1ed1 94 - 98 Cao L\u1ed7", "12": "G\u1ea7n ng\u00e3 4 Cao L\u1ed7, Vi\u1ec7t H\u00f9ng 200m - Cao L\u1ed7", "13": "Qua 70m c\u1ed5ng Ga C\u1ed5 Loa, \u0111\u01b0\u1eddng Vi\u1ec7t H\u00f9ng", "14": "Qua 70m \u0111\u1ed1i di\u1ec7n ng\u00e3 3 v\u00e0o th\u00f4n Gia L\u01b0\u01a1ng", "15": "Qua 300m \u0111\u1ed1i di\u1ec7n c\u1ed5ng v\u00e0o th\u00f4n Ph\u00fac H\u1eadu, Th\u00f4n Ph\u00fac H\u1eadu", "16": "\u0110\u1ed1i di\u1ec7n Doanh nghi\u1ec7p t\u01b0 nh\u00e2n  Ph\u00fac L\u1ed9c (c\u1ed9t \u0111i\u1ec7n chi\u1ebfu s\u00e1ng LN2/44A), \u0111\u01b0\u1eddng D\u1ee5c T\u00fa", "17": "\u0110\u1ed1i di\u1ec7n c\u1ed5ng th\u00f4n L\u00fd Nh\u00e2n (c\u1ed9t \u0111i\u1ec7n chi\u1ebfu s\u00e1ng LN2/24B), \u0111\u01b0\u1eddng D\u1ee5c T\u00fa", "18": "Tr\u01b0\u1edbc ng\u00e3 3 D\u1ee5c T\u00fa - QL3 100m, tr\u01b0\u1edbc c\u00f4ng ty c\u01a1 kh\u00ed \u0110\u1ed3ng Th\u00e1p 30m, \u0111\u01b0\u1eddng D\u1ee5c T\u00fa", "19": "\u0110\u1ed1i di\u1ec7n Trung t\u00e2m l\u01b0u tr\u00fa L\u1ed9c H\u00e0 - Qu\u1ed1c l\u1ed9 3", "20": "\u0110\u01b0\u1eddng v\u00e0o khu di t\u00edch C\u1ed5 Loa - Km 5 Qu\u1ed1c l\u1ed9 3", "21": "Qua n\u00fat giao QL3 200m - \u0111\u01b0\u1eddng \u0110\u00f4ng H\u1ed9i", "22": "G\u1ea7n \u0111\u1ed1i di\u1ec7n Tr\u01b0\u1eddng THPT C\u1ed5 Loa - \u0111\u01b0\u1eddng \u0110\u00f4ng H\u1ed9i", "23": "\u0110\u1ed1i di\u1ec7n 95 ph\u1ed1 \u0110\u00f4ng H\u1ed9i", "24": "\u0110\u1ed1i di\u1ec7n UBND x\u00e3 \u0110\u00f4ng H\u1ed9i - \u0111\u01b0\u1eddng \u0110\u00f4ng H\u1ed9i", "25": "Qua c\u1ea7u \u0110\u00f4ng Tr\u00f9 (v\u1ecbnh xe bu\u00fdt  tr\u01b0\u1edbc bi\u1ec3n r\u1ebd Ng\u1ecdc Th\u1ee5y) - QL5 k\u00e9o d\u00e0i", "26": "Si\u00eau th\u1ecb Fivimart - 583 Nguy\u1ec5n V\u0103n C\u1eeb", "27": "549 Nguy\u1ec5n V\u0103n C\u1eeb (c\u1ed9t sau)", "28": "Cty C\u1ea7u 5 Th\u0103ng Long - 307 Nguy\u1ec5n V\u0103n C\u1eeb", "29": "135 Nguy\u1ec5n V\u0103n C\u1eeb", "30": "E1.1 \u0110i\u1ec3m trung chuy\u1ec3n Long Bi\u00ean", "31": "(B) Long Bi\u00ean - Tuy\u1ebfn 65"}}