{"Lat": {"0": 21.013779, "1": 21.01515, "2": 21.0113, "3": 21.0095666667, "4": 21.0061833333, "5": 21.002883333299998, "6": 21.0017, "7": 21.0042833333, "8": 21.0044666667, "9": 21.005983333299998, "10": 21.007485, "11": 21.0103166667, "12": 21.013, "13": 21.0149833333, "14": 21.0175166667, "15": 21.0194333333, "16": 21.022878, "17": 21.02565, "18": 21.0281, "19": 21.02915, "20": 21.028266666700002, "21": 21.0286166667, "22": 21.029533333299998, "23": 21.028361999999998, "24": 21.0306333333, "25": 21.0351833333, "26": 21.0384, "27": 21.037567000000003, "28": 21.0334666667, "29": 21.0281166667, "30": 21.021383333299998, "31": 21.0195, "32": 21.01845, "33": 21.0172, "34": 21.014157, "35": 21.013862}, "BusStopCode": {"0": 1727, "1": 823, "2": 36, "3": 203, "4": 660, "5": 345, "6": 346, "7": 635, "8": 387, "9": 105, "10": 69, "11": 666, "12": 84, "13": 775, "14": 206, "15": 207, "16": 86, "17": 172, "18": 2855, "19": 52, "20": 53, "21": 716, "22": 531, "23": 532, "24": 631, "25": 632, "26": 633, "27": 770, "28": 489, "29": 390, "30": 348, "31": 755, "32": 182, "33": 426, "34": 427, "35": 1777}, "FleetOver": {"0": "23", "1": "23", "2": "08A,08ACT,08B,08BCT,23,31,35A,36,36CT,38,52A,52B", "3": "23", "4": "23,31,47B", "5": "08A,08ACT,08B,08BCT,18,23,26,31,47B", "6": "23,26", "7": "18,23,99", "8": "18,23,99", "9": "18,23", "10": "12,18,21A,21B,23,26,35A,44,51", "11": "01,02,09,09CT,23", "12": "23", "13": "23", "14": "23,30,50", "15": "23,30,50", "16": "23,28,49", "17": "18,23", "18": "18,23", "19": "23,25,50", "20": "23,25,50", "21": "02,23,41,50", "22": "02,18,23,32,34,38,45", "23": "02,23,34,45", "24": "18,23", "25": "01,18,23,36,36CT", "26": "01,18,23", "27": "01,03,100,10B,11,14,14CT,17,18,22A,23,34,47A,54,98", "28": "04,08A,08ACT,08B,08BCT,11,14,14CT,18,23", "29": "04,08A,08ACT,08B,08BCT,11,14CT,18,23", "30": "04,18,23", "31": "03,23,35A,43", "32": "23", "33": "23", "34": "23,30", "35": "23"}, "Lng": {"0": 105.852899, "1": 105.85068333299999, "2": 105.84905, "3": 105.84766666700001, "4": 105.847283333, "5": 105.84748333299999, "6": 105.84418333299999, "7": 105.839183333, "8": 105.835783333, "9": 105.833233333, "10": 105.828726, "11": 105.82505, "12": 105.822983333, "13": 105.824183333, "14": 105.82411666700001, "15": 105.825133333, "16": 105.82210500000001, "17": 105.822516667, "18": 105.8255, "19": 105.830233333, "20": 105.8328, "21": 105.83486666700001, "22": 105.83895, "23": 105.842983, "24": 105.844833333, "25": 105.8458, "26": 105.846566667, "27": 105.85275, "28": 105.85441666700001, "29": 105.85565, "30": 105.85793333299999, "31": 105.85743333299999, "32": 105.855433333, "33": 105.852933333, "34": 105.85341899999999, "35": 105.853255}, "Name": {"0": "(A) Nguy\u1ec5n C\u00f4ng Tr\u1ee9 - Tuy\u1ebfn 23", "1": "18-20 Tu\u1ec7 T\u0129nh", "2": "\u0110\u1ed1i di\u1ec7n Vincom Tower - B\u00e0 Tri\u1ec7u", "3": "S\u1ed1 10 Hoa L\u01b0", "4": "B13 KTX B\u00e1ch Khoa - T\u1ea1 Quang B\u1eedu", "5": "Qua Vi\u1ec7n tin h\u1ecdc ph\u00e1p ng\u1eef 20m - L\u00ea Thanh Ngh\u1ecb", "6": "170 - 172 L\u00ea Thanh Ngh\u1ecb", "7": "114 + 115 E8 Ph\u01b0\u01a1ng Mai", "8": "116 - C2 L\u01b0\u01a1ng \u0110\u1ecbnh C\u1ee7a", "9": "Tr\u1ea1m x\u1eed l\u00fd n\u01b0\u1edbc s\u1ea1ch Kim Li\u00ean - \u0110\u00f4ng T\u00e1c", "10": "C\u00f4ng ty in th\u01b0\u01a1ng m\u1ea1i & d\u1ecbch v\u1ee5 ng\u00e2n h\u00e0ng - S\u1ed1 10 Ch\u00f9a B\u1ed9c", "11": "\u0110\u1ea1i h\u1ecdc C\u00f4ng \u0110o\u00e0n - 169 T\u00e2y S\u01a1n", "12": "Tr\u01b0\u1eddng THCS Quang Trung - S\u1ed1 6 \u0110\u1eb7ng Ti\u1ebfn \u0110\u00f4ng", "13": "63 Tr\u1ea7n Quang Di\u1ec7u", "14": "Trung t\u00e2m th\u1ec3 thao Ho\u00e0ng C\u1ea7u - 59 Ho\u00e0ng C\u1ea7u", "15": "23-25 Ho\u00e0ng C\u1ea7u", "16": "426 \u0110\u00ea La Th\u00e0nh (\u0110\u1ea1i h\u1ecdc V\u0103n H\u00f3a)", "17": "Nh\u00e0 s\u00e1ch Tr\u00ed Tu\u1ec7 - 187G Gi\u1ea3ng V\u00f5", "18": "H\u00e8 g\u1ea7n ng\u00f5 173 Gi\u1ea3ng V\u00f5", "19": "25B C\u00e1t Linh", "20": "11A C\u00e1t Linh", "21": "\u0110\u1ed1i di\u1ec7n s\u1ed1 40 T\u00f4n \u0110\u1ee9c Th\u1eafng (V\u0103n Mi\u1ebfu)", "22": "85 Nguy\u1ec5n Th\u00e1i H\u1ecdc - Tr\u01b0\u1eddng TH L\u00fd Th\u01b0\u1eddng Ki\u1ec7t", "23": "7 Nguy\u1ec5n Th\u00e1i H\u1ecdc - C\u1eeda Nam", "24": "167 Ph\u00f9ng H\u01b0ng", "25": "115 Ph\u00f9ng H\u01b0ng", "26": "\u0110\u1ed1i di\u1ec7n 16 Ph\u00f9ng H\u01b0ng (\u0111\u01b0\u1eddng trong)", "27": "80 Tr\u1ea7n Nh\u1eadt Du\u1eadt", "28": "54 Nguy\u1ec5n H\u1eefu Hu\u00e2n", "29": "36 L\u00fd Th\u00e1i T\u1ed5 - Cung thi\u1ebfu nhi H\u00e0 N\u1ed9i", "30": "\u0110\u1ed1i di\u1ec7n \u0110\u1ea1i h\u1ecdc D\u01b0\u1ee3c H\u00e0 N\u1ed9i - 15 L\u00ea Th\u00e1nh T\u00f4ng", "31": "16 Tr\u1ea7n H\u01b0ng \u0110\u1ea1o", "32": "\u0110\u1ed1i di\u1ec7n 29 H\u00e0n Thuy\u00ean", "33": "52 Ng\u00f4 Th\u00ec Nh\u1eadm", "34": "94 Ng\u00f4 Th\u00ec Nh\u1eadm", "35": "(B) Nguy\u1ec5n C\u00f4ng Tr\u1ee9 - Tuy\u1ebfn 23"}}