{"Lat": {"0": 21.013862, "1": 21.0155333333, "2": 21.0187833333, "3": 21.01945, "4": 21.020566666700002, "5": 21.026733333299997, "6": 21.031982, "7": 21.0345833333, "8": 21.0413833333, "9": 21.0414166667, "10": 21.040364999999998, "11": 21.0392833333, "12": 21.0344333333, "13": 21.030483333299998, "14": 21.031033333299998, "15": 21.031003, "16": 21.028596, "17": 21.0292666667, "18": 21.0284166667, "19": 21.0248333333, "20": 21.0229, "21": 21.017566666700002, "22": 21.0147166667, "23": 21.0131, "24": 21.0087333333, "25": 21.006912, "26": 21.007683333299997, "27": 21.006367, "28": 21.00455, "29": 21.0039833333, "30": 21.00095, "31": 21.0018333333, "32": 21.002753, "33": 21.0065, "34": 21.0108333333, "35": 21.010483333299998, "36": 21.013779}, "BusStopCode": {"0": 1777, "1": 384, "2": 605, "3": 752, "4": 347, "5": 391, "6": 190, "7": 188, "8": 856, "9": 189, "10": 638, "11": 388, "12": 389, "13": 772, "14": 773, "15": 66, "16": 54, "17": 55, "18": 174, "19": 2856, "20": 92, "21": 208, "22": 776, "23": 83, "24": 67, "25": 68, "26": 589, "27": 386, "28": 3257, "29": 634, "30": 158, "31": 341, "32": 342, "33": 659, "34": 204, "35": 675, "36": 1727}, "FleetOver": {"0": "23", "1": "04,23,30", "2": "04,23", "3": "03,23,43", "4": "02,09CT,14CT,18,23,40,45,49", "5": "04,08ACT,08BCT,09CT,11,14CT,18,23,31,34", "6": "04,08A,08ACT,08B,08BCT,11,14CT,18,23,31,34,86,86CT", "7": "04,08A,08ACT,08B,08BCT,11,14,14CT,18,23,31,34", "8": "18,23,24,31,58", "9": "23", "10": "14,14CT,18,22A,23", "11": "18,23", "12": "18,23", "13": "18,23", "14": "02,23,32,34", "15": "02,23,41", "16": "23,25,38", "17": "23,25,38", "18": "107,18,23,25,38,90", "19": "18,23", "20": "18,23,28,49", "21": "18,23,30,50", "22": "23", "23": "23", "24": "12,18,21A,21B,23,26,35A,44,51", "25": "12,18,21A,21B,23,26,35A,44,51", "26": "18,21A,21B,23,26,35A,44,51", "27": "18,23", "28": "18,23,99", "29": "18,23,99", "30": "03,18,21A,21B,23,25,28,32,41,99", "31": "18,23,47B", "32": "08A,08ACT,08B,08BCT,23,26,31,47B", "33": "23,31,47B", "34": "23", "35": "23", "36": "23"}, "Lng": {"0": 105.853255, "1": 105.8567, "2": 105.85526666700001, "3": 105.85743333299999, "4": 105.85826666700001, "5": 105.85621666700001, "6": 105.855672, "7": 105.8547, "8": 105.849583333, "9": 105.84723333299999, "10": 105.846823, "11": 105.845766667, "12": 105.844766667, "13": 105.84245, "14": 105.83936666700001, "15": 105.836075, "16": 105.83221599999999, "17": 105.8292, "18": 105.825466667, "19": 105.82111666700001, "20": 105.821666667, "21": 105.82385, "22": 105.82403333299999, "23": 105.8229, "24": 105.825616667, "25": 105.82948400000001, "26": 105.83301666700001, "27": 105.835429, "28": 105.8357, "29": 105.838466667, "30": 105.84118333299999, "31": 105.84386666700001, "32": 105.84754199999999, "33": 105.84723333299999, "34": 105.84796666700001, "35": 105.85048333299999, "36": 105.852899}, "Name": {"0": "(B) Nguy\u1ec5n C\u00f4ng Tr\u1ee9 - Tuy\u1ebfn 23", "1": "77 L\u00f2 \u0110\u00fac", "2": "61 Phan Chu Trinh", "3": "13A Tr\u1ea7n H\u01b0ng \u0110\u1ea1o", "4": "\u0110\u1ea1i h\u1ecdc Khoa h\u1ecdc t\u1ef1 nhi\u00ean - 19 L\u00ea Th\u00e1nh T\u00f4ng", "5": "51 L\u00fd Th\u00e1i T\u1ed5 - Ng\u00e2n h\u00e0ng Nh\u00e0 n\u01b0\u1edbc Vi\u1ec7t Nam", "6": "23 H\u00e0ng Tre", "7": "S\u1ed1 3 H\u00e0ng Mu\u1ed1i", "8": "E1.3 \u0110i\u1ec3m trung chuy\u1ec3n Long Bi\u00ean", "9": "26-28 H\u00e0ng Than", "10": "10-12 Qu\u00e1n Th\u00e1nh", "11": "S\u1ed1 4 L\u00fd Nam \u0110\u1ebf", "12": "\u0110\u1ed1i di\u1ec7n 65 L\u00fd Nam \u0110\u1ebf", "13": "Tr\u1ea1m bi\u1ebfn \u00e1p Tr\u1ea7n Ph\u00fa 1 (\u0110\u1ed1i di\u1ec7n 15 Tr\u1ea7n Ph\u00fa)", "14": "C\u00f4ng vi\u00ean L\u00ea nin - \u0110\u1ed1i di\u1ec7n 35 Tr\u1ea7n Ph\u00fa", "15": "B\u1ec7nh vi\u1ec7n Xanhpon - 12 Chu V\u0103n An", "16": "Ch\u00f9a An Qu\u1ed1c - C\u00e1t Linh", "17": "40 C\u00e1t Linh - \u0110\u1ed1i di\u1ec7n THCS C\u00e1t Linh", "18": "B\u1ed9 Y T\u1ebf - 138A Gi\u1ea3ng V\u00f5", "19": "\u0110\u1ed1i di\u1ec7n 251 Gi\u1ea3ng V\u00f5", "20": "339-341 \u0110\u00ea La Th\u00e0nh (\u0110\u1ed1i di\u1ec7n \u0110H V\u0103n H\u00f3a)", "21": "\u0110\u1ed1i di\u1ec7n Trung t\u00e2m th\u1ec3 thao Ho\u00e0ng C\u1ea7u - H\u1ed3 Ho\u00e0ng C\u1ea7u", "22": "68 Tr\u1ea7n Quang Di\u1ec7u (\u0110\u1ed1i di\u1ec7n 71 Tr\u1ea7n Quang Di\u1ec7u)", "23": "153 - 155 \u0110\u1eb7ng Ti\u1ebfn \u0110\u00f4ng", "24": "251 Ch\u00f9a B\u1ed9c", "25": "49E Ch\u00f9a B\u1ed9c", "26": "Si\u00eau th\u1ecb Uni mart - 8 Ph\u1ea1m Ng\u1ecdc Th\u1ea1ch", "27": "B\u00e1ch ho\u00e1 Kim Li\u00ean - 135 L\u01b0\u01a1ng \u0110\u1ecbnh C\u1ee7a", "28": "S\u1ed1 3C5 L\u01b0\u01a1ng \u0110\u1ecbnh C\u1ee7a", "29": "15 Ph\u01b0\u01a1ng Mai - B\u1ec7nh vi\u1ec7n Da Li\u1ec5u Trung \u01af\u01a1ng", "30": "B\u1ec7nh vi\u1ec7n B\u1ea1ch Mai - 78 Gi\u1ea3i Ph\u00f3ng", "31": "95 L\u00ea Thanh Ngh\u1ecb (\u0110\u1ed1i di\u1ec7n 186 L\u00ea Thanh Ngh\u1ecb)", "32": "S\u00e2n v\u1eadn \u0111\u1ed9ng B\u00e1ch Khoa - L\u00ea Thanh Ngh\u1ecb", "33": "\u0110\u1ed1i di\u1ec7n B13 K\u00fd t\u00fac x\u00e1 B\u00e1ch Khoa - T\u1ea1 Quang B\u1eedu", "34": "S\u1ed1 1 Hoa L\u01b0 (\u0110\u1ed1i di\u1ec7n Tri\u1ec3n l\u00e3m V\u0103n ho\u00e1 ngh\u1ec7 thu\u1eadt VN)", "35": "17 Th\u00e1i Phi\u00ean", "36": "(A) Nguy\u1ec5n C\u00f4ng Tr\u1ee9 - Tuy\u1ebfn 23"}}