{"Lat": {"0": 20.884, "1": 20.8861166667, "2": 20.8896166667, "3": 20.8935833333, "4": 20.896131, "5": 20.898748, "6": 20.900132, "7": 20.90195, "8": 20.904323, "9": 20.9054333333, "10": 20.9061, "11": 20.9093833333, "12": 20.9122666667, "13": 20.9137666667, "14": 20.913833, "15": 20.915032999999998, "16": 20.918317000000002, "17": 20.922567, "18": 20.92555, "19": 20.928417, "20": 20.9286166667, "21": 20.928892, "22": 20.9281666667, "23": 20.9245, "24": 20.923915, "25": 20.92425, "26": 20.9257833333, "27": 20.92975, "28": 20.932063, "29": 20.9345666667, "30": 20.9382833333, "31": 20.9420333333, "32": 20.9448333333, "33": 20.9472833333, "34": 20.9497666667}, "BusStopCode": {"0": 3884, "1": 2061, "2": 2062, "3": 2063, "4": 2064, "5": 2065, "6": 2066, "7": 2067, "8": 2068, "9": 3896, "10": 3897, "11": 3898, "12": 3899, "13": 3900, "14": 3885, "15": 3886, "16": 3887, "17": 3888, "18": 3889, "19": 3890, "20": 3508, "21": 3509, "22": 3510, "23": 3511, "24": 3512, "25": 1479, "26": 1480, "27": 1481, "28": 3684, "29": 1482, "30": 1483, "31": 1484, "32": 1485, "33": 1486, "34": 3877}, "FleetOver": {"0": "72", "1": "72,87", "2": "72,87", "3": "72,87", "4": "72,87", "5": "72,87", "6": "72,87", "7": "72,87", "8": "72,87", "9": "72", "10": "72", "11": "72", "12": "72", "13": "72", "14": "72", "15": "72", "16": "72", "17": "72", "18": "72", "19": "72", "20": "57,72", "21": "57,72", "22": "57,72", "23": "57,72", "24": "57,72", "25": "37,57,72", "26": "102,37,57,72", "27": "102,37,57,72", "28": "102,37,57,72", "29": "102,37,57,72", "30": "102,37,57,72", "31": "102,37,57,72", "32": "102,37,57,72", "33": "102,37,57,72", "34": "72"}, "Lng": {"0": 105.557533333, "1": 105.565183333, "2": 105.56785, "3": 105.5716, "4": 105.57421000000001, "5": 105.576945, "6": 105.57855, "7": 105.58200000000001, "8": 105.587819, "9": 105.5918, "10": 105.59411666700001, "11": 105.6061, "12": 105.61606666700001, "13": 105.624733333, "14": 105.631433, "15": 105.63818300000001, "16": 105.642467, "17": 105.64803300000001, "18": 105.65216699999999, "19": 105.661083, "20": 105.6731, "21": 105.679175, "22": 105.6864, "23": 105.69086666700001, "24": 105.69463300000001, "25": 105.70301666700001, "26": 105.7101, "27": 105.71583333299999, "28": 105.719325, "29": 105.72293333299999, "30": 105.7304, "31": 105.737766667, "32": 105.742016667, "33": 105.74533333299999, "34": 105.74733333299999}, "Name": {"0": "(B) Xu\u00e2n Mai (Nh\u00e0 m\u00e1y th\u1ee9c \u0103n ch\u0103n nu\u00f4i CP) - Tuy\u1ebfn 72", "1": "C\u00e2y x\u0103ng T\u1ed5 8 Khu Chi\u1ebfn Th\u1eafng", "2": "Tr\u01b0\u1eddng Cao \u0111\u1eb3ng N\u00f4ng nghi\u1ec7p v\u00e0 Ph\u00e1t tri\u1ec3n N\u00f4ng th\u00f4n B\u1eafc B\u1ed9", "3": "S\u1ed1 6 T\u1ed5 3 Khu Chi\u1ebfn Th\u1eafng- Xu\u00e2n Mai", "4": "S\u1ed1 39 T\u1ed5 7 Khu T\u00e2n B\u00ecnh Th\u1ecb Tr\u1ea5n Xu\u00e2n Mai", "5": "B\u01b0u \u0111i\u1ec7n Xu\u00e2n Mai", "6": "T\u1ed5 2 khu Xu\u00e2n H\u00e0 - Xu\u00e2n Mai", "7": "C\u1ea7u Qu\u00e1n L\u00e1t - Qu\u1ed1c l\u1ed9 6", "8": "\u0110\u1ed1i di\u1ec7n Nh\u00e0 v\u0103n h\u00f3a TT Xu\u00e2n Mai - Qu\u1ed1c l\u1ed9 6", "9": "\u0110\u1ed1i di\u1ec7n nh\u00e0 m\u00e1y Z119 - Qu\u1ed1c l\u1ed9 6", "10": "Ti\u1ebfn \u00c2n (chi\u1ec1u v\u1ec1 H\u00e0 N\u1ed9i) - Qu\u1ed1c l\u1ed9 6", "11": "\u0110\u1ed1i di\u1ec7n Trung t\u00e2m \u0111ang ki\u1ec3m xe c\u01a1 gi\u1edbi 29-11D - Qu\u1ed1c l\u1ed9 6", "12": "Nh\u00e0 ph\u00e2n ph\u1ed1i Phong T\u00f9ng - Qu\u1ed1c l\u1ed9 6", "13": "\u0110\u1ed1i di\u1ec7n ngh\u0129a trang Xu\u00e2n Mai - Qu\u1ed1c l\u1ed9 6", "14": "\u0110\u1ed1i di\u1ec7n \u0110\u1ed9i 3 T\u00e2n Ph\u01b0\u1ee3ng, Xu\u00e2n  Mai - Qu\u1ed1c l\u1ed9 6", "15": "GARA Huy H\u00e0o - Qu\u1ed1c l\u1ed9 6", "16": "\u0110\u1ed1i di\u1ec7n Ch\u1ee3 G\u1ed1t, \u0110\u00f4ng S\u01a1n - Qu\u1ed1c l\u1ed9 6", "17": "\u0110\u1ed1i di\u1ec7n s\u1eeda ch\u1eefa xe m\u00e1y Th\u0103ng Lan - Qu\u1ed1c l\u1ed9 6", "18": "\u0110\u1ed1i di\u1ec7n v\u1eadt li\u1ec7u x\u00e2y d\u1ef1ng Ch\u1ec9nh B\u00ecnh - Qu\u1ed1c l\u1ed9 6", "19": "\u0110\u1ed1i di\u1ec7n Karaoke Obama - Qu\u1ed1c l\u1ed9 6", "20": "\u0110\u1ed1i di\u1ec7n KCN Ph\u00fa Ngh\u0129a - Qu\u1ed1c l\u1ed9 6", "21": "\u0110\u01b0\u1eddng v\u00e0o th\u00f4n C\u1ed5 Ph\u00e1p - Qu\u1ed1c l\u1ed9 6", "22": "\u0110\u1ed1i di\u1ec7n qua c\u00e2y x\u0103ng V\u1ea1n Xu\u00e2n 100m - Qu\u1ed1c l\u1ed9 6", "23": "\u0110\u1ed1i di\u1ec7n g\u1ea7n \u0111\u01b0\u1eddng v\u00e0o ch\u00f9a Tr\u0103m gian 100m - Qu\u1ed1c l\u1ed9 6", "24": "\u0110\u1ed1i di\u1ec7n KCN V\u0103n Minh - Qu\u1ed1c l\u1ed9 6", "25": "Gara \u00d4t\u00f4 \u0110o\u00e0n Chi\u1ebfn (Th\u1ecb tr\u1ea5n Ch\u00fac S\u01a1n) - Qu\u1ed1c l\u1ed9 6", "26": "S\u1ed1 nh\u00e0 80 khu B\u1eafc, Th\u1ecb tr\u1ea5n Ch\u00fac S\u01a1n - Qu\u1ed1c l\u1ed9 6", "27": "\u0110\u01b0\u1eddng v\u00e0o ng\u00f5 253 Bi\u00ean Giang (Tr\u01b0\u1eddng THCS Bi\u00ean Giang) - Qu\u1ed1c l\u1ed9 6", "28": "Ng\u00e3 3 \u0111\u01b0\u1eddng v\u00e0o Tr\u01b0\u1eddng \u0110\u1ea1i h\u1ecdc S\u01b0 Ph\u1ea1m TDTT H\u00e0 N\u1ed9i - \u0110\u1ed1i di\u1ec7n 132 Bi\u00ean Giang, Qu\u1ed1c l\u1ed9 6", "29": "C\u00f4ng ty CP C\u01a1 kh\u00ed x\u00e2y d\u1ef1ng H\u00e0 Th\u00e1i - 53 Bi\u00ean Giang, Qu\u1ed1c l\u1ed9 6", "30": "Ch\u1ee3 c\u1ea7u Mai L\u0129nh -1529 Quang Trung (H\u00e0 \u0110\u00f4ng), Qu\u1ed1c l\u1ed9 6", "31": "Qua c\u00e2y x\u0103ng C\u1ed5 B\u1ea3n - 1235 Quang Trung (H\u00e0 \u0110\u00f4ng), Qu\u1ed1c l\u1ed9 6", "32": "\u0110\u1ed1i di\u1ec7n Gi\u1ebfng c\u1ed5 th\u00f4n Do L\u1ed9 - 1115 Quang Trung (H\u00e0 \u0110\u00f4ng), Qu\u1ed1c l\u1ed9 6", "33": "\u0110\u1ed1i di\u1ec7n C\u1ed5ng l\u00e0ng Ngh\u0129a L\u1ed9, \u0111\u01b0\u1eddng v\u00e0o th\u00f4n Thanh L\u00e3m - Quang Trung (H\u00e0 \u0110\u00f4ng), Qu\u1ed1c l\u1ed9 6", "34": "(A) B\u1ebfn xe Y\u00ean Ngh\u0129a - Tuy\u1ebfn 72"}}