{"Lat": {"0": 21.0405166667, "1": 21.031256, "2": 21.029420000000002, "3": 21.02595, "4": 21.0220833333, "5": 21.0184333333, "6": 21.0151, "7": 21.010683333299998, "8": 21.006406, "9": 21.003235999999998, "10": 21.000376, "11": 20.9980833333, "12": 20.9956333333, "13": 20.99406, "14": 20.99145, "15": 20.98555, "16": 20.985664, "17": 20.983678, "18": 20.980401, "19": 20.979275, "20": 20.9783666667, "21": 20.976083, "22": 20.974273, "23": 20.9692, "24": 20.965004, "25": 20.9648}, "BusStopCode": {"0": 1916, "1": 1917, "2": 1931, "3": 1919, "4": 809, "5": 1920, "6": 469, "7": 470, "8": 223, "9": 224, "10": 366, "11": 706, "12": 2841, "13": 707, "14": 708, "15": 2910, "16": 1921, "17": 2844, "18": 798, "19": 799, "20": 1843, "21": 1844, "22": 1922, "23": 825, "24": 826, "25": 1923}, "FleetOver": {"0": "85", "1": "85", "2": "85", "3": "85", "4": "05,104,51,84,85", "5": "85", "6": "29,30,44,85", "7": "05,29,30,44,85", "8": "05,29,30,44,85", "9": "05,29,30,44,85", "10": "85", "11": "103,85", "12": "103,85", "13": "103,85", "14": "103,33,85", "15": "103,33,85", "16": "103,33,85", "17": "103,33,85", "18": "01,02,103,105,19,21A,22B,22C,27,33,39,85", "19": "01,02,103,105,106,19,21A,22B,22C,27,33,85", "20": "39,85", "21": "39,85", "22": "85", "23": "37,62,85", "24": "37,62,85", "25": "85"}, "Lng": {"0": 105.7974, "1": 105.792529, "2": 105.79241299999998, "3": 105.791766667, "4": 105.79066666700001, "5": 105.791233333, "6": 105.78975, "7": 105.7933, "8": 105.796879, "9": 105.79943600000001, "10": 105.79813899999999, "11": 105.79485, "12": 105.791283333, "13": 105.78901100000002, "14": 105.78433333299999, "15": 105.78028333299999, "16": 105.783974, "17": 105.78821299999998, "18": 105.7879, "19": 105.786454, "20": 105.787116667, "21": 105.788967, "22": 105.786695, "23": 105.780566667, "24": 105.775151, "25": 105.77193333299999}, "Name": {"0": "(A) C\u00f4ng vi\u00ean Ngh\u0129a \u0110\u00f4 - Tuy\u1ebfn 85", "1": "\u0110\u1ed1i di\u1ec7n t\u1eadp th\u1ec3 h\u1ecdc vi\u1ec7n T\u00e0i Ch\u00ednh - \u0111\u01b0\u1eddng D\u1ecbch V\u1ecdng", "2": "\u0110\u1ed1i di\u1ec7n nh\u00e0 s\u1ed1 5 N08A K\u0110T D\u1ecbch V\u1ecdng (c\u1ea1nh C\u00f4ng vi\u00ean C\u1ea7u Gi\u1ea5y)", "3": "\u0110\u1ed1i di\u1ec7n tr\u01b0\u1eddng M\u1ea7m non VietKids - K\u0110T D\u1ecbch V\u1ecdng", "4": "\u0110\u1ed1i di\u1ec7n tr\u01b0\u1eddng THCS Y\u00ean H\u00f2a - 282 Trung K\u00ednh", "5": "T\u1eadp th\u1ec3 27/7 Y\u00ean H\u00f2a (G\u1ea7n ng\u00f5 4 - T\u1ed5 43) - \u0111\u01b0\u1eddng M\u1ea1c Th\u00e1i T\u1ed5", "6": "Nh\u00e0 B6C - K\u0110T Nam Trung Y\u00ean", "7": "\u0110\u1ed1i di\u1ec7n tr\u01b0\u1eddng THPT Nguy\u1ec5n B\u1ec9nh Khi\u00eam - \u0111\u01b0\u1eddng Nguy\u1ec5n Ch\u00e1nh", "8": "\u0110\u1ed1i di\u1ec7n Tr\u01b0\u1eddng THPT chuy\u00ean H\u00e0 N\u1ed9i - Amsterdam (Ho\u00e0ng Minh Gi\u00e1m)", "9": "\u0110\u1ed1i di\u1ec7n Nh\u00e0 N2A K\u0110T Trung H\u00f2a Nh\u00e2n Ch\u00ednh - Ho\u00e0ng Minh Gi\u00e1m", "10": "\u0110i\u1ec3m x\u00e9n h\u00e8 \u0111\u1ed1i di\u1ec7n to\u00e0 nh\u00e0 JSC - L\u00ea V\u0103n L\u01b0\u01a1ng", "11": "\u0110\u1ed1i di\u1ec7n chung c\u01b0 HH2 B\u1eafc H\u00e0 - \u0111\u01b0\u1eddng T\u1ed1 H\u1eefu", "12": "\u0110\u1ed1i di\u1ec7n C\u00f4ng tr\u00ecnh c\u1ea3nh quan C\u00f4ng vi\u00ean H\u1ed3 Ph\u00f9ng Khoang", "13": "G\u1ea7n l\u1ed1i v\u00e0o tr\u01b0\u1eddng THPT Trung V\u0103n (Qua ng\u00e3 4 L\u01b0\u01a1ng Th\u1ebf Vinh - T\u1ed1 H\u1eefu)", "14": "Tr\u01b0\u1edbc ng\u00e3 4 Trung V\u0103n - T\u1ed1 H\u1eefu 100m", "15": "Qua c\u1ea7u M\u1ed7 Lao 100m", "16": "UBND ph\u01b0\u1eddng M\u1ed7 Lao - \u0111\u01b0\u1eddng Nguy\u1ec5n V\u0103n L\u1ed9c", "17": "Nh\u00e0 LK3C-6 B\u1eafc H\u00e0 - \u0111\u01b0\u1eddng Nguy\u1ec5n V\u0103n L\u1ed9c", "18": "H\u1ecdc vi\u1ec7n c\u00f4ng ngh\u1ec7 b\u01b0u ch\u00ednh vi\u1ec5n th\u00f4ng - Tr\u1ea7n Ph\u00fa (H\u00e0 \u0110\u00f4ng)", "19": "100 Tr\u1ea7n Ph\u00fa (H\u00e0 \u0110\u00f4ng)", "20": "\u0110\u1ed1i di\u1ec7n chung c\u01b0 Hesco \u2013 Nguy\u1ec5n Khuy\u1ebfn (H\u00e0 \u0110\u00f4ng)", "21": "\u0110\u1ed1i di\u1ec7n chung c\u01b0 New Skyline \u2013 Nguy\u1ec5n Khuy\u1ebfn (H\u00e0 \u0110\u00f4ng)", "22": "\u0110\u00ecnh V\u0103n Qu\u00e1n (\u0111\u1ed1i di\u1ec7n Tr\u1ea1m Y t\u1ebf) - \u0110\u01b0\u1eddng 19/5", "23": "Chi c\u1ee5c thu\u1ebf H\u00e0 N\u1ed9i - 48 T\u00f4 Hi\u1ec7u (H\u00e0 \u0110\u00f4ng)", "24": "\u0110\u1ed1i di\u1ec7n 29 T\u00f4 Hi\u1ec7u (H\u00e0 \u0110\u00f4ng)", "25": "(B) Khu \u0111\u00f4 th\u1ecb V\u0103n Ph\u00fa (M\u00ea Linh Plaza H\u00e0 \u0110\u00f4ng) - Tuy\u1ebfn 85"}}